symbol,review_status,requirement_status,documentation_status,layer,feature_group,checked,rationale,source_url,notes
CONFIG_104_QUAD_8,TODO,UNRESOLVED,,,,0,,,
CONFIG_21285_WATCHDOG,TODO,UNRESOLVED,,,,0,,,
CONFIG_3C515,TODO,UNRESOLVED,,,,0,,,
CONFIG_53C700_BE_BUS,TODO,UNRESOLVED,,,,0,,,
CONFIG_53C700_LE_ON_BE,TODO,UNRESOLVED,,,,0,,,
CONFIG_60XX_WDT,TODO,UNRESOLVED,,,,0,,,
CONFIG_64BIT,TODO,UNRESOLVED,,,,0,,,
CONFIG_6LOWPAN,TODO,UNRESOLVED,,,,0,,,
CONFIG_6LOWPAN_DEBUGFS,TODO,UNRESOLVED,,,,0,,,
CONFIG_6LOWPAN_GHC_EXT_HDR_DEST,TODO,UNRESOLVED,,,,0,,,
CONFIG_6LOWPAN_GHC_EXT_HDR_FRAG,TODO,UNRESOLVED,,,,0,,,
CONFIG_6LOWPAN_GHC_EXT_HDR_HOP,TODO,UNRESOLVED,,,,0,,,
CONFIG_6LOWPAN_GHC_EXT_HDR_ROUTE,TODO,UNRESOLVED,,,,0,,,
CONFIG_6LOWPAN_GHC_ICMPV6,TODO,UNRESOLVED,,,,0,,,
CONFIG_6LOWPAN_GHC_UDP,TODO,UNRESOLVED,,,,0,,,
CONFIG_6LOWPAN_NHC,TODO,UNRESOLVED,,,,0,,,
CONFIG_6LOWPAN_NHC_DEST,TODO,UNRESOLVED,,,,0,,,
CONFIG_6LOWPAN_NHC_FRAGMENT,TODO,UNRESOLVED,,,,0,,,
CONFIG_6LOWPAN_NHC_HOP,TODO,UNRESOLVED,,,,0,,,
CONFIG_6LOWPAN_NHC_IPV6,TODO,UNRESOLVED,,,,0,,,
CONFIG_6LOWPAN_NHC_MOBILITY,TODO,UNRESOLVED,,,,0,,,
CONFIG_6LOWPAN_NHC_ROUTING,TODO,UNRESOLVED,,,,0,,,
CONFIG_6LOWPAN_NHC_UDP,TODO,UNRESOLVED,,,,0,,,
CONFIG_6PACK,TODO,UNRESOLVED,,,,0,,,
CONFIG_8139CP,TODO,UNRESOLVED,,,,0,,,
CONFIG_8139TOO,TODO,UNRESOLVED,,,,0,,,
CONFIG_8139TOO_8129,TODO,UNRESOLVED,,,,0,,,
CONFIG_8139TOO_PIO,TODO,UNRESOLVED,,,,0,,,
CONFIG_8139TOO_TUNE_TWISTER,TODO,UNRESOLVED,,,,0,,,
CONFIG_8139_OLD_RX_RESET,TODO,UNRESOLVED,,,,0,,,
CONFIG_842_COMPRESS,TODO,UNRESOLVED,,,,0,,,
CONFIG_842_DECOMPRESS,TODO,UNRESOLVED,,,,0,,,
CONFIG_88PM886_GPADC,TODO,UNRESOLVED,,,,0,,,
CONFIG_8xxx_WDT,TODO,UNRESOLVED,,,,0,,,
CONFIG_977_WATCHDOG,TODO,UNRESOLVED,,,,0,,,
CONFIG_9P_FS,TODO,UNRESOLVED,,,,0,,,
CONFIG_9P_FSCACHE,TODO,UNRESOLVED,,,,0,,,
CONFIG_9P_FS_POSIX_ACL,TODO,UNRESOLVED,,,,0,,,
CONFIG_9P_FS_SECURITY,TODO,UNRESOLVED,,,,0,,,
CONFIG_A11Y_BRAILLE_CONSOLE,TODO,UNRESOLVED,,,,0,,,
CONFIG_A2065,TODO,UNRESOLVED,,,,0,,,
CONFIG_A2091_SCSI,TODO,UNRESOLVED,,,,0,,,
CONFIG_A3000_SCSI,TODO,UNRESOLVED,,,,0,,,
CONFIG_A64FX_DIAG,TODO,UNRESOLVED,,,,0,,,
CONFIG_AB8500_BM,TODO,UNRESOLVED,,,,0,,,
CONFIG_AB8500_CORE,TODO,UNRESOLVED,,,,0,,,
CONFIG_AB8500_GPADC,TODO,UNRESOLVED,,,,0,,,
CONFIG_AB8500_USB,TODO,UNRESOLVED,,,,0,,,
CONFIG_ABP060MG,TODO,UNRESOLVED,,,,0,,,
CONFIG_ABX500_CORE,TODO,UNRESOLVED,,,,0,,,
CONFIG_AC97_BUS,TODO,UNRESOLVED,,,,0,,,
CONFIG_AC97_BUS_COMPAT,TODO,UNRESOLVED,,,,0,,,
CONFIG_AC97_BUS_NEW,TODO,UNRESOLVED,,,,0,,,
CONFIG_ACCESSIBILITY,TODO,UNRESOLVED,,,,0,,,
CONFIG_ACENIC,TODO,UNRESOLVED,,,,0,,,
CONFIG_ACENIC_OMIT_TIGON_I,TODO,UNRESOLVED,,,,0,,,
CONFIG_ACERHDF,TODO,UNRESOLVED,,,,0,,,
CONFIG_ACER_WIRELESS,TODO,UNRESOLVED,,,,0,,,
CONFIG_ACER_WMI,TODO,UNRESOLVED,,,,0,,,
CONFIG_ACLINT_SSWI,TODO,UNRESOLVED,,,,0,,,
CONFIG_ACORN_PARTITION,TODO,UNRESOLVED,,,,0,,,
CONFIG_ACORN_PARTITION_ADFS,TODO,UNRESOLVED,,,,0,,,
CONFIG_ACORN_PARTITION_CUMANA,TODO,UNRESOLVED,,,,0,,,
CONFIG_ACORN_PARTITION_EESOX,TODO,UNRESOLVED,,,,0,,,
CONFIG_ACORN_PARTITION_ICS,TODO,UNRESOLVED,,,,0,,,
CONFIG_ACORN_PARTITION_POWERTEC,TODO,UNRESOLVED,,,,0,,,
CONFIG_ACORN_PARTITION_RISCIX,TODO,UNRESOLVED,,,,0,,,
CONFIG_ACPI,REVIEWED,UNRESOLVED,DOCUMENTED_PLATFORM,HYPERV,hyperv-platform-enumeration,1,K-HVCORE-DIAG-001 proved Hyper-V CPU entry but no VMBus probe. On x86 vmbus_platform_driver uses an ACPI match table and returned no root device when ACPI was absent; candidate logged no VMBus enumeration.,https://github.com/microsoft/WSL2-Linux-Kernel/blob/14794180686c2fb6307fbe359c359bec765249f3/drivers/hv/vmbus_drv.c,
CONFIG_ACPI_AC,REVIEWED,DEFERRED,DOCUMENTED_SCENARIO,OPTIONAL,held-parent-default,1,Held at K-HVCORE-001 value n to prevent unrelated defaults from widening K-HOSTCHAN-001.,https://github.com/microsoft/WSL2-Linux-Kernel/tree/14794180686c2fb6307fbe359c359bec765249f3,
CONFIG_ACPI_ADXL,TODO,UNRESOLVED,,,,0,,,
CONFIG_ACPI_AGDI,TODO,UNRESOLVED,,,,0,,,
CONFIG_ACPI_ALS,TODO,UNRESOLVED,,,,0,,,
CONFIG_ACPI_APEI,TODO,UNRESOLVED,,,,0,,,
CONFIG_ACPI_APEI_EINJ,TODO,UNRESOLVED,,,,0,,,
CONFIG_ACPI_APEI_EINJ_CXL,TODO,UNRESOLVED,,,,0,,,
CONFIG_ACPI_APEI_ERST_DEBUG,TODO,UNRESOLVED,,,,0,,,
CONFIG_ACPI_APEI_GHES,TODO,UNRESOLVED,,,,0,,,
CONFIG_ACPI_APEI_MEMORY_FAILURE,TODO,UNRESOLVED,,,,0,,,
CONFIG_ACPI_APEI_PCIEAER,TODO,UNRESOLVED,,,,0,,,
CONFIG_ACPI_APEI_SEA,TODO,UNRESOLVED,,,,0,,,
CONFIG_ACPI_APMT,TODO,UNRESOLVED,,,,0,,,
CONFIG_ACPI_BATTERY,REVIEWED,DEFERRED,DOCUMENTED_SCENARIO,OPTIONAL,held-parent-default,1,Held at K-HVCORE-001 value n to prevent unrelated defaults from widening K-HOSTCHAN-001.,https://github.com/microsoft/WSL2-Linux-Kernel/tree/14794180686c2fb6307fbe359c359bec765249f3,
CONFIG_ACPI_BGRT,TODO,UNRESOLVED,,,,0,,,
CONFIG_ACPI_BUTTON,REVIEWED,DEFERRED,DOCUMENTED_SCENARIO,OPTIONAL,held-parent-default,1,Held at K-HVCORE-001 value n to prevent unrelated defaults from widening K-HOSTCHAN-001.,https://github.com/microsoft/WSL2-Linux-Kernel/tree/14794180686c2fb6307fbe359c359bec765249f3,
CONFIG_ACPI_CCA_REQUIRED,TODO,UNRESOLVED,,,,0,,,
CONFIG_ACPI_CMPC,TODO,UNRESOLVED,,,,0,,,
CONFIG_ACPI_CONFIGFS,TODO,UNRESOLVED,,,,0,,,
CONFIG_ACPI_CONTAINER,TODO,UNRESOLVED,,,,0,,,
CONFIG_ACPI_CPPC_CPUFREQ,TODO,UNRESOLVED,,,,0,,,
CONFIG_ACPI_CPPC_CPUFREQ_FIE,TODO,UNRESOLVED,,,,0,,,
CONFIG_ACPI_CPPC_LIB,TODO,UNRESOLVED,,,,0,,,
CONFIG_ACPI_CPU_FREQ_PSS,REVIEWED,DEFERRED,DOCUMENTED_SCENARIO,OPTIONAL,held-parent-default,1,Held at K-HVCORE-001 value n to prevent unrelated defaults from widening K-HOSTCHAN-001.,https://github.com/microsoft/WSL2-Linux-Kernel/tree/14794180686c2fb6307fbe359c359bec765249f3,
CONFIG_ACPI_CUSTOM_DSDT,TODO,UNRESOLVED,,,,0,,,
CONFIG_ACPI_CUSTOM_DSDT_FILE,TODO,UNRESOLVED,,,,0,,,
CONFIG_ACPI_DEBUG,REVIEWED,DEFERRED,DOCUMENTED_SCENARIO,OPTIONAL,held-parent-default,1,Held at K-HVCORE-001 value n to prevent unrelated defaults from widening K-HOSTCHAN-001.,https://github.com/microsoft/WSL2-Linux-Kernel/tree/14794180686c2fb6307fbe359c359bec765249f3,
CONFIG_ACPI_DEBUGGER,TODO,UNRESOLVED,,,,0,,,
CONFIG_ACPI_DEBUGGER_USER,TODO,UNRESOLVED,,,,0,,,
CONFIG_ACPI_DOCK,TODO,UNRESOLVED,,,,0,,,
CONFIG_ACPI_DPTF,TODO,UNRESOLVED,,,,0,,,
CONFIG_ACPI_EC,REVIEWED,DEFERRED,DOCUMENTED_SCENARIO,OPTIONAL,held-parent-default,1,Held at K-HVCORE-001 value n to prevent unrelated defaults from widening K-HOSTCHAN-001.,https://github.com/microsoft/WSL2-Linux-Kernel/tree/14794180686c2fb6307fbe359c359bec765249f3,
CONFIG_ACPI_EC_DEBUGFS,TODO,UNRESOLVED,,,,0,,,
CONFIG_ACPI_EXTLOG,TODO,UNRESOLVED,,,,0,,,
CONFIG_ACPI_FAN,REVIEWED,DEFERRED,DOCUMENTED_SCENARIO,OPTIONAL,held-parent-default,1,Held at K-HVCORE-001 value n to prevent unrelated defaults from widening K-HOSTCHAN-001.,https://github.com/microsoft/WSL2-Linux-Kernel/tree/14794180686c2fb6307fbe359c359bec765249f3,
CONFIG_ACPI_FFH,TODO,UNRESOLVED,,,,0,,,
CONFIG_ACPI_FPDT,TODO,UNRESOLVED,,,,0,,,
CONFIG_ACPI_GENERIC_GSI,TODO,UNRESOLVED,,,,0,,,
CONFIG_ACPI_GTDT,TODO,UNRESOLVED,,,,0,,,
CONFIG_ACPI_HED,TODO,UNRESOLVED,,,,0,,,
CONFIG_ACPI_HMAT,TODO,UNRESOLVED,,,,0,,,
CONFIG_ACPI_HOTPLUG_CPU,TODO,UNRESOLVED,,,,0,,,
CONFIG_ACPI_HOTPLUG_IOAPIC,REVIEWED,TRANSITIVE,DOCUMENTED_PLATFORM,HYPERV,hyperv-platform-enumeration,1,Kconfig-enabled ACPI/platform closure in K-HOSTCHAN-001; not independently requested or claimed required.,https://github.com/microsoft/WSL2-Linux-Kernel/blob/14794180686c2fb6307fbe359c359bec765249f3/drivers/acpi/Kconfig,
CONFIG_ACPI_HOTPLUG_MEMORY,TODO,UNRESOLVED,,,,0,,,
CONFIG_ACPI_I2C_OPREGION,TODO,UNRESOLVED,,,,0,,,
CONFIG_ACPI_IORT,TODO,UNRESOLVED,,,,0,,,
CONFIG_ACPI_IPMI,TODO,UNRESOLVED,,,,0,,,
CONFIG_ACPI_LEGACY_TABLES_LOOKUP,REVIEWED,TRANSITIVE,DOCUMENTED_PLATFORM,HYPERV,hyperv-platform-enumeration,1,Kconfig-enabled ACPI/platform closure in K-HOSTCHAN-001; not independently requested or claimed required.,https://github.com/microsoft/WSL2-Linux-Kernel/blob/14794180686c2fb6307fbe359c359bec765249f3/drivers/acpi/Kconfig,
CONFIG_ACPI_LPIT,REVIEWED,TRANSITIVE,DOCUMENTED_PLATFORM,HYPERV,hyperv-platform-enumeration,1,Kconfig-enabled ACPI/platform closure in K-HOSTCHAN-001; not independently requested or claimed required.,https://github.com/microsoft/WSL2-Linux-Kernel/blob/14794180686c2fb6307fbe359c359bec765249f3/drivers/acpi/Kconfig,
CONFIG_ACPI_MADT_WAKEUP,TODO,UNRESOLVED,,,,0,,,
CONFIG_ACPI_MCFG,TODO,UNRESOLVED,,,,0,,,
CONFIG_ACPI_MDIO,TODO,UNRESOLVED,,,,0,,,
CONFIG_ACPI_MRRM,REVIEWED,TRANSITIVE,DOCUMENTED_PLATFORM,HYPERV,hyperv-platform-enumeration,1,Kconfig-enabled ACPI/platform closure in K-HOSTCHAN-001; not independently requested or claimed required.,https://github.com/microsoft/WSL2-Linux-Kernel/blob/14794180686c2fb6307fbe359c359bec765249f3/drivers/acpi/Kconfig,
CONFIG_ACPI_NFIT,TODO,UNRESOLVED,,,,0,,,
CONFIG_ACPI_NHLT,TODO,UNRESOLVED,,,,0,,,
CONFIG_ACPI_NUMA,TODO,UNRESOLVED,,,,0,,,
CONFIG_ACPI_PCC,TODO,UNRESOLVED,,,,0,,,
CONFIG_ACPI_PCI_SLOT,TODO,UNRESOLVED,,,,0,,,
CONFIG_ACPI_PFRUT,TODO,UNRESOLVED,,,,0,,,
CONFIG_ACPI_PLATFORM_PROFILE,TODO,UNRESOLVED,,,,0,,,
CONFIG_ACPI_PPTT,TODO,UNRESOLVED,,,,0,,,
CONFIG_ACPI_PRMT,TODO,UNRESOLVED,,,,0,,,
CONFIG_ACPI_PROCESSOR,REVIEWED,DEFERRED,DOCUMENTED_SCENARIO,OPTIONAL,held-parent-default,1,Held at K-HVCORE-001 value n to prevent unrelated defaults from widening K-HOSTCHAN-001.,https://github.com/microsoft/WSL2-Linux-Kernel/tree/14794180686c2fb6307fbe359c359bec765249f3,
CONFIG_ACPI_PROCESSOR_AGGREGATOR,TODO,UNRESOLVED,,,,0,,,
CONFIG_ACPI_PROCESSOR_CSTATE,TODO,UNRESOLVED,,,,0,,,
CONFIG_ACPI_PROCESSOR_IDLE,TODO,UNRESOLVED,,,,0,,,
CONFIG_ACPI_QUICKSTART,TODO,UNRESOLVED,,,,0,,,
CONFIG_ACPI_REDUCED_HARDWARE_ONLY,TODO,UNRESOLVED,,,,0,,,
CONFIG_ACPI_REV_OVERRIDE_POSSIBLE,REVIEWED,DEFERRED,DOCUMENTED_SCENARIO,OPTIONAL,held-parent-default,1,Held at K-HVCORE-001 value n to prevent unrelated defaults from widening K-HOSTCHAN-001.,https://github.com/microsoft/WSL2-Linux-Kernel/tree/14794180686c2fb6307fbe359c359bec765249f3,
CONFIG_ACPI_RIMT,TODO,UNRESOLVED,,,,0,,,
CONFIG_ACPI_SBS,TODO,UNRESOLVED,,,,0,,,
CONFIG_ACPI_SLEEP,TODO,UNRESOLVED,,,,0,,,
CONFIG_ACPI_SPCR_TABLE,REVIEWED,DEFERRED,DOCUMENTED_SCENARIO,OPTIONAL,held-parent-default,1,Held at K-HVCORE-001 value n to prevent unrelated defaults from widening K-HOSTCHAN-001.,https://github.com/microsoft/WSL2-Linux-Kernel/tree/14794180686c2fb6307fbe359c359bec765249f3,
CONFIG_ACPI_SYSTEM_POWER_STATES_SUPPORT,REVIEWED,TRANSITIVE,DOCUMENTED_PLATFORM,HYPERV,hyperv-platform-enumeration,1,Kconfig-enabled ACPI/platform closure in K-HOSTCHAN-001; not independently requested or claimed required.,https://github.com/microsoft/WSL2-Linux-Kernel/blob/14794180686c2fb6307fbe359c359bec765249f3/drivers/acpi/Kconfig,
CONFIG_ACPI_TABLE_LIB,TODO,UNRESOLVED,,,,0,,,
CONFIG_ACPI_TABLE_OVERRIDE_VIA_BUILTIN_INITRD,TODO,UNRESOLVED,,,,0,,,
CONFIG_ACPI_TABLE_UPGRADE,REVIEWED,DEFERRED,DOCUMENTED_SCENARIO,OPTIONAL,held-parent-default,1,Held at K-HVCORE-001 value n to prevent unrelated defaults from widening K-HOSTCHAN-001.,https://github.com/microsoft/WSL2-Linux-Kernel/tree/14794180686c2fb6307fbe359c359bec765249f3,
CONFIG_ACPI_TAD,TODO,UNRESOLVED,,,,0,,,
CONFIG_ACPI_THERMAL,REVIEWED,DEFERRED,DOCUMENTED_SCENARIO,OPTIONAL,held-parent-default,1,Held at K-HVCORE-001 value n to prevent unrelated defaults from widening K-HOSTCHAN-001.,https://github.com/microsoft/WSL2-Linux-Kernel/tree/14794180686c2fb6307fbe359c359bec765249f3,
CONFIG_ACPI_THERMAL_LIB,TODO,UNRESOLVED,,,,0,,,
CONFIG_ACPI_THERMAL_REL,TODO,UNRESOLVED,,,,0,,,
CONFIG_ACPI_TINY_POWER_BUTTON,TODO,UNRESOLVED,,,,0,,,
CONFIG_ACPI_TINY_POWER_BUTTON_SIGNAL,TODO,UNRESOLVED,,,,0,,,
CONFIG_ACPI_TOSHIBA,TODO,UNRESOLVED,,,,0,,,
CONFIG_ACPI_VIDEO,TODO,UNRESOLVED,,,,0,,,
CONFIG_ACPI_VIOT,TODO,UNRESOLVED,,,,0,,,
CONFIG_ACPI_WATCHDOG,TODO,UNRESOLVED,,,,0,,,
CONFIG_ACPI_WMI,TODO,UNRESOLVED,,,,0,,,
CONFIG_ACPI_WMI_LEGACY_DEVICE_NAMES,TODO,UNRESOLVED,,,,0,,,
CONFIG_ACQUIRE_WDT,TODO,UNRESOLVED,,,,0,,,
CONFIG_ACRN_GUEST,TODO,UNRESOLVED,,,,0,,,
CONFIG_ACRN_HSM,TODO,UNRESOLVED,,,,0,,,
CONFIG_AD2S1200,TODO,UNRESOLVED,,,,0,,,
CONFIG_AD2S1210,TODO,UNRESOLVED,,,,0,,,
CONFIG_AD2S90,TODO,UNRESOLVED,,,,0,,,
CONFIG_AD3530R,TODO,UNRESOLVED,,,,0,,,
CONFIG_AD3552R,TODO,UNRESOLVED,,,,0,,,
CONFIG_AD3552R_HS,TODO,UNRESOLVED,,,,0,,,
CONFIG_AD3552R_LIB,TODO,UNRESOLVED,,,,0,,,
CONFIG_AD4000,TODO,UNRESOLVED,,,,0,,,
CONFIG_AD4030,TODO,UNRESOLVED,,,,0,,,
CONFIG_AD4080,TODO,UNRESOLVED,,,,0,,,
CONFIG_AD4130,TODO,UNRESOLVED,,,,0,,,
CONFIG_AD4170_4,TODO,UNRESOLVED,,,,0,,,
CONFIG_AD4695,TODO,UNRESOLVED,,,,0,,,
CONFIG_AD4851,TODO,UNRESOLVED,,,,0,,,
CONFIG_AD5064,TODO,UNRESOLVED,,,,0,,,
CONFIG_AD5110,TODO,UNRESOLVED,,,,0,,,
CONFIG_AD525X_DPOT,TODO,UNRESOLVED,,,,0,,,
CONFIG_AD525X_DPOT_I2C,TODO,UNRESOLVED,,,,0,,,
CONFIG_AD525X_DPOT_SPI,TODO,UNRESOLVED,,,,0,,,
CONFIG_AD5272,TODO,UNRESOLVED,,,,0,,,
CONFIG_AD5360,TODO,UNRESOLVED,,,,0,,,
CONFIG_AD5380,TODO,UNRESOLVED,,,,0,,,
CONFIG_AD5421,TODO,UNRESOLVED,,,,0,,,
CONFIG_AD5446,TODO,UNRESOLVED,,,,0,,,
CONFIG_AD5449,TODO,UNRESOLVED,,,,0,,,
CONFIG_AD5504,TODO,UNRESOLVED,,,,0,,,
CONFIG_AD5592R,TODO,UNRESOLVED,,,,0,,,
CONFIG_AD5592R_BASE,TODO,UNRESOLVED,,,,0,,,
CONFIG_AD5593R,TODO,UNRESOLVED,,,,0,,,
CONFIG_AD5624R_SPI,TODO,UNRESOLVED,,,,0,,,
CONFIG_AD5686,TODO,UNRESOLVED,,,,0,,,
CONFIG_AD5686_SPI,TODO,UNRESOLVED,,,,0,,,
CONFIG_AD5696_I2C,TODO,UNRESOLVED,,,,0,,,
CONFIG_AD5755,TODO,UNRESOLVED,,,,0,,,
CONFIG_AD5758,TODO,UNRESOLVED,,,,0,,,
CONFIG_AD5761,TODO,UNRESOLVED,,,,0,,,
CONFIG_AD5764,TODO,UNRESOLVED,,,,0,,,
CONFIG_AD5766,TODO,UNRESOLVED,,,,0,,,
CONFIG_AD5770R,TODO,UNRESOLVED,,,,0,,,
CONFIG_AD5791,TODO,UNRESOLVED,,,,0,,,
CONFIG_AD5933,TODO,UNRESOLVED,,,,0,,,
CONFIG_AD7091R,TODO,UNRESOLVED,,,,0,,,
CONFIG_AD7091R5,TODO,UNRESOLVED,,,,0,,,
CONFIG_AD7091R8,TODO,UNRESOLVED,,,,0,,,
CONFIG_AD7124,TODO,UNRESOLVED,,,,0,,,
CONFIG_AD7150,TODO,UNRESOLVED,,,,0,,,
CONFIG_AD7173,TODO,UNRESOLVED,,,,0,,,
CONFIG_AD7191,TODO,UNRESOLVED,,,,0,,,
CONFIG_AD7192,TODO,UNRESOLVED,,,,0,,,
CONFIG_AD7266,TODO,UNRESOLVED,,,,0,,,
CONFIG_AD7280,TODO,UNRESOLVED,,,,0,,,
CONFIG_AD7291,TODO,UNRESOLVED,,,,0,,,
CONFIG_AD7292,TODO,UNRESOLVED,,,,0,,,
CONFIG_AD7293,TODO,UNRESOLVED,,,,0,,,
CONFIG_AD7298,TODO,UNRESOLVED,,,,0,,,
CONFIG_AD7303,TODO,UNRESOLVED,,,,0,,,
CONFIG_AD7380,TODO,UNRESOLVED,,,,0,,,
CONFIG_AD7405,TODO,UNRESOLVED,,,,0,,,
CONFIG_AD74115,TODO,UNRESOLVED,,,,0,,,
CONFIG_AD74413R,TODO,UNRESOLVED,,,,0,,,
CONFIG_AD7476,TODO,UNRESOLVED,,,,0,,,
CONFIG_AD7606,TODO,UNRESOLVED,,,,0,,,
CONFIG_AD7606_IFACE_PARALLEL,TODO,UNRESOLVED,,,,0,,,
CONFIG_AD7606_IFACE_SPI,TODO,UNRESOLVED,,,,0,,,
CONFIG_AD7625,TODO,UNRESOLVED,,,,0,,,
CONFIG_AD7746,TODO,UNRESOLVED,,,,0,,,
CONFIG_AD7766,TODO,UNRESOLVED,,,,0,,,
CONFIG_AD7768_1,TODO,UNRESOLVED,,,,0,,,
CONFIG_AD7779,TODO,UNRESOLVED,,,,0,,,
CONFIG_AD7780,TODO,UNRESOLVED,,,,0,,,
CONFIG_AD7791,TODO,UNRESOLVED,,,,0,,,
CONFIG_AD7793,TODO,UNRESOLVED,,,,0,,,
CONFIG_AD7816,TODO,UNRESOLVED,,,,0,,,
CONFIG_AD7887,TODO,UNRESOLVED,,,,0,,,
CONFIG_AD7923,TODO,UNRESOLVED,,,,0,,,
CONFIG_AD7944,TODO,UNRESOLVED,,,,0,,,
CONFIG_AD7949,TODO,UNRESOLVED,,,,0,,,
CONFIG_AD799X,TODO,UNRESOLVED,,,,0,,,
CONFIG_AD8366,TODO,UNRESOLVED,,,,0,,,
CONFIG_AD8460,TODO,UNRESOLVED,,,,0,,,
CONFIG_AD8801,TODO,UNRESOLVED,,,,0,,,
CONFIG_AD9467,TODO,UNRESOLVED,,,,0,,,
CONFIG_AD9523,TODO,UNRESOLVED,,,,0,,,
CONFIG_AD9739A,TODO,UNRESOLVED,,,,0,,,
CONFIG_AD9832,TODO,UNRESOLVED,,,,0,,,
CONFIG_AD9834,TODO,UNRESOLVED,,,,0,,,
CONFIG_ADA4250,TODO,UNRESOLVED,,,,0,,,
CONFIG_ADAPTEC_STARFIRE,TODO,UNRESOLVED,,,,0,,,
CONFIG_ADB,TODO,UNRESOLVED,,,,0,,,
CONFIG_ADB_CUDA,TODO,UNRESOLVED,,,,0,,,
CONFIG_ADB_IOP,TODO,UNRESOLVED,,,,0,,,
CONFIG_ADB_MACII,TODO,UNRESOLVED,,,,0,,,
CONFIG_ADB_MACIO,TODO,UNRESOLVED,,,,0,,,
CONFIG_ADB_PMU,TODO,UNRESOLVED,,,,0,,,
CONFIG_ADB_PMU_EVENT,TODO,UNRESOLVED,,,,0,,,
CONFIG_ADB_PMU_LED,TODO,UNRESOLVED,,,,0,,,
CONFIG_ADB_PMU_LED_DISK,TODO,UNRESOLVED,,,,0,,,
CONFIG_ADC_BATTERY_HELPER,TODO,UNRESOLVED,,,,0,,,
CONFIG_ADDRESS_MASKING,TODO,UNRESOLVED,,,,0,,,
CONFIG_ADE9000,TODO,UNRESOLVED,,,,0,,,
CONFIG_ADF4350,TODO,UNRESOLVED,,,,0,,,
CONFIG_ADF4371,TODO,UNRESOLVED,,,,0,,,
CONFIG_ADF4377,TODO,UNRESOLVED,,,,0,,,
CONFIG_ADFS_FS,TODO,UNRESOLVED,,,,0,,,
CONFIG_ADFS_FS_RW,TODO,UNRESOLVED,,,,0,,,
CONFIG_ADI,TODO,UNRESOLVED,,,,0,,,
CONFIG_ADIN1100_PHY,TODO,UNRESOLVED,,,,0,,,
CONFIG_ADIN1110,TODO,UNRESOLVED,,,,0,,,
CONFIG_ADIN_PHY,TODO,UNRESOLVED,,,,0,,,
CONFIG_ADIS16080,TODO,UNRESOLVED,,,,0,,,
CONFIG_ADIS16130,TODO,UNRESOLVED,,,,0,,,
CONFIG_ADIS16136,TODO,UNRESOLVED,,,,0,,,
CONFIG_ADIS16201,TODO,UNRESOLVED,,,,0,,,
CONFIG_ADIS16203,TODO,UNRESOLVED,,,,0,,,
CONFIG_ADIS16209,TODO,UNRESOLVED,,,,0,,,
CONFIG_ADIS16260,TODO,UNRESOLVED,,,,0,,,
CONFIG_ADIS16400,TODO,UNRESOLVED,,,,0,,,
CONFIG_ADIS16460,TODO,UNRESOLVED,,,,0,,,
CONFIG_ADIS16475,TODO,UNRESOLVED,,,,0,,,
CONFIG_ADIS16480,TODO,UNRESOLVED,,,,0,,,
CONFIG_ADIS16550,TODO,UNRESOLVED,,,,0,,,
CONFIG_ADI_AXI_ADC,TODO,UNRESOLVED,,,,0,,,
CONFIG_ADI_AXI_DAC,TODO,UNRESOLVED,,,,0,,,
CONFIG_ADI_I3C_MASTER,TODO,UNRESOLVED,,,,0,,,
CONFIG_ADJD_S311,TODO,UNRESOLVED,,,,0,,,
CONFIG_ADM8211,TODO,UNRESOLVED,,,,0,,,
CONFIG_ADMFM2000,TODO,UNRESOLVED,,,,0,,,
CONFIG_ADMV1013,TODO,UNRESOLVED,,,,0,,,
CONFIG_ADMV1014,TODO,UNRESOLVED,,,,0,,,
CONFIG_ADMV4420,TODO,UNRESOLVED,,,,0,,,
CONFIG_ADMV8818,TODO,UNRESOLVED,,,,0,,,
CONFIG_ADRF6780,TODO,UNRESOLVED,,,,0,,,
CONFIG_ADT7316,TODO,UNRESOLVED,,,,0,,,
CONFIG_ADT7316_I2C,TODO,UNRESOLVED,,,,0,,,
CONFIG_ADT7316_SPI,TODO,UNRESOLVED,,,,0,,,
CONFIG_ADUX1020,TODO,UNRESOLVED,,,,0,,,
CONFIG_ADVANTECH_EC_WDT,TODO,UNRESOLVED,,,,0,,,
CONFIG_ADVANTECH_WDT,TODO,UNRESOLVED,,,,0,,,
CONFIG_ADVISE_SYSCALLS,TODO,UNRESOLVED,,,,0,,,
CONFIG_ADV_SWBUTTON,TODO,UNRESOLVED,,,,0,,,
CONFIG_ADXL313,TODO,UNRESOLVED,,,,0,,,
CONFIG_ADXL313_I2C,TODO,UNRESOLVED,,,,0,,,
CONFIG_ADXL313_SPI,TODO,UNRESOLVED,,,,0,,,
CONFIG_ADXL345,TODO,UNRESOLVED,,,,0,,,
CONFIG_ADXL345_I2C,TODO,UNRESOLVED,,,,0,,,
CONFIG_ADXL345_SPI,TODO,UNRESOLVED,,,,0,,,
CONFIG_ADXL355,TODO,UNRESOLVED,,,,0,,,
CONFIG_ADXL355_I2C,TODO,UNRESOLVED,,,,0,,,
CONFIG_ADXL355_SPI,TODO,UNRESOLVED,,,,0,,,
CONFIG_ADXL367,TODO,UNRESOLVED,,,,0,,,
CONFIG_ADXL367_I2C,TODO,UNRESOLVED,,,,0,,,
CONFIG_ADXL367_SPI,TODO,UNRESOLVED,,,,0,,,
CONFIG_ADXL372,TODO,UNRESOLVED,,,,0,,,
CONFIG_ADXL372_I2C,TODO,UNRESOLVED,,,,0,,,
CONFIG_ADXL372_SPI,TODO,UNRESOLVED,,,,0,,,
CONFIG_ADXL380,TODO,UNRESOLVED,,,,0,,,
CONFIG_ADXL380_I2C,TODO,UNRESOLVED,,,,0,,,
CONFIG_ADXL380_SPI,TODO,UNRESOLVED,,,,0,,,
CONFIG_ADXRS290,TODO,UNRESOLVED,,,,0,,,
CONFIG_ADXRS450,TODO,UNRESOLVED,,,,0,,,
CONFIG_AD_SIGMA_DELTA,TODO,UNRESOLVED,,,,0,,,
CONFIG_AF8133J,TODO,UNRESOLVED,,,,0,,,
CONFIG_AFE4403,TODO,UNRESOLVED,,,,0,,,
CONFIG_AFE4404,TODO,UNRESOLVED,,,,0,,,
CONFIG_AFFS_FS,TODO,UNRESOLVED,,,,0,,,
CONFIG_AFIUCV,TODO,UNRESOLVED,,,,0,,,
CONFIG_AFS_DEBUG,TODO,UNRESOLVED,,,,0,,,
CONFIG_AFS_DEBUG_CURSOR,TODO,UNRESOLVED,,,,0,,,
CONFIG_AFS_FS,TODO,UNRESOLVED,,,,0,,,
CONFIG_AFS_FSCACHE,TODO,UNRESOLVED,,,,0,,,
CONFIG_AF_KCM,TODO,UNRESOLVED,,,,0,,,
CONFIG_AF_RXRPC,TODO,UNRESOLVED,,,,0,,,
CONFIG_AF_RXRPC_DEBUG,TODO,UNRESOLVED,,,,0,,,
CONFIG_AF_RXRPC_INJECT_LOSS,TODO,UNRESOLVED,,,,0,,,
CONFIG_AF_RXRPC_INJECT_RX_DELAY,TODO,UNRESOLVED,,,,0,,,
CONFIG_AF_RXRPC_IPV6,TODO,UNRESOLVED,,,,0,,,
CONFIG_AF_UNIX_OOB,TODO,UNRESOLVED,,,,0,,,
CONFIG_AG71XX,TODO,UNRESOLVED,,,,0,,,
CONFIG_AGP,TODO,UNRESOLVED,,,,0,,,
CONFIG_AGP_ALI,TODO,UNRESOLVED,,,,0,,,
CONFIG_AGP_ALPHA_CORE,TODO,UNRESOLVED,,,,0,,,
CONFIG_AGP_AMD,TODO,UNRESOLVED,,,,0,,,
CONFIG_AGP_AMD64,TODO,UNRESOLVED,,,,0,,,
CONFIG_AGP_ATI,TODO,UNRESOLVED,,,,0,,,
CONFIG_AGP_EFFICEON,TODO,UNRESOLVED,,,,0,,,
CONFIG_AGP_INTEL,TODO,UNRESOLVED,,,,0,,,
CONFIG_AGP_NVIDIA,TODO,UNRESOLVED,,,,0,,,
CONFIG_AGP_PARISC,TODO,UNRESOLVED,,,,0,,,
CONFIG_AGP_SIS,TODO,UNRESOLVED,,,,0,,,
CONFIG_AGP_SWORKS,TODO,UNRESOLVED,,,,0,,,
CONFIG_AGP_UNINORTH,TODO,UNRESOLVED,,,,0,,,
CONFIG_AGP_VIA,TODO,UNRESOLVED,,,,0,,,
CONFIG_AHCI_BRCM,TODO,UNRESOLVED,,,,0,,,
CONFIG_AHCI_CEVA,TODO,UNRESOLVED,,,,0,,,
CONFIG_AHCI_DA850,TODO,UNRESOLVED,,,,0,,,
CONFIG_AHCI_DM816,TODO,UNRESOLVED,,,,0,,,
CONFIG_AHCI_DWC,TODO,UNRESOLVED,,,,0,,,
CONFIG_AHCI_IMX,TODO,UNRESOLVED,,,,0,,,
CONFIG_AHCI_MTK,TODO,UNRESOLVED,,,,0,,,
CONFIG_AHCI_MVEBU,TODO,UNRESOLVED,,,,0,,,
CONFIG_AHCI_OCTEON,TODO,UNRESOLVED,,,,0,,,
CONFIG_AHCI_QORIQ,TODO,UNRESOLVED,,,,0,,,
CONFIG_AHCI_ST,TODO,UNRESOLVED,,,,0,,,
CONFIG_AHCI_SUNXI,TODO,UNRESOLVED,,,,0,,,
CONFIG_AHCI_TEGRA,TODO,UNRESOLVED,,,,0,,,
CONFIG_AHCI_XGENE,TODO,UNRESOLVED,,,,0,,,
CONFIG_AIC79XX_BUILD_FIRMWARE,TODO,UNRESOLVED,,,,0,,,
CONFIG_AIC79XX_CMDS_PER_DEVICE,TODO,UNRESOLVED,,,,0,,,
CONFIG_AIC79XX_DEBUG_ENABLE,TODO,UNRESOLVED,,,,0,,,
CONFIG_AIC79XX_DEBUG_MASK,TODO,UNRESOLVED,,,,0,,,
CONFIG_AIC79XX_REG_PRETTY_PRINT,TODO,UNRESOLVED,,,,0,,,
CONFIG_AIC79XX_RESET_DELAY_MS,TODO,UNRESOLVED,,,,0,,,
CONFIG_AIC7XXX_BUILD_FIRMWARE,TODO,UNRESOLVED,,,,0,,,
CONFIG_AIC7XXX_CMDS_PER_DEVICE,TODO,UNRESOLVED,,,,0,,,
CONFIG_AIC7XXX_DEBUG_ENABLE,TODO,UNRESOLVED,,,,0,,,
CONFIG_AIC7XXX_DEBUG_MASK,TODO,UNRESOLVED,,,,0,,,
CONFIG_AIC7XXX_REG_PRETTY_PRINT,TODO,UNRESOLVED,,,,0,,,
CONFIG_AIC7XXX_RESET_DELAY_MS,TODO,UNRESOLVED,,,,0,,,
CONFIG_AIC94XX_DEBUG,TODO,UNRESOLVED,,,,0,,,
CONFIG_AIO,TODO,UNRESOLVED,,,,0,,,
CONFIG_AIROHA_CPU_PM_DOMAIN,TODO,UNRESOLVED,,,,0,,,
CONFIG_AIROHA_THERMAL,TODO,UNRESOLVED,,,,0,,,
CONFIG_AIROHA_WATCHDOG,TODO,UNRESOLVED,,,,0,,,
CONFIG_AIR_EN8811H_PHY,TODO,UNRESOLVED,,,,0,,,
CONFIG_AIX_PARTITION,TODO,UNRESOLVED,,,,0,,,
CONFIG_AK09911,TODO,UNRESOLVED,,,,0,,,
CONFIG_AK8974,TODO,UNRESOLVED,,,,0,,,
CONFIG_AK8975,TODO,UNRESOLVED,,,,0,,,
CONFIG_AL3000A,TODO,UNRESOLVED,,,,0,,,
CONFIG_AL3010,TODO,UNRESOLVED,,,,0,,,
CONFIG_AL3320A,TODO,UNRESOLVED,,,,0,,,
CONFIG_ALIBABA_ENI_VDPA,TODO,UNRESOLVED,,,,0,,,
CONFIG_ALIBABA_UNCORE_DRW_PMU,TODO,UNRESOLVED,,,,0,,,
CONFIG_ALIENWARE_WMI,TODO,UNRESOLVED,,,,0,,,
CONFIG_ALIENWARE_WMI_LEGACY,TODO,UNRESOLVED,,,,0,,,
CONFIG_ALIENWARE_WMI_WMAX,TODO,UNRESOLVED,,,,0,,,
CONFIG_ALIM1535_WDT,TODO,UNRESOLVED,,,,0,,,
CONFIG_ALIM7101_WDT,TODO,UNRESOLVED,,,,0,,,
CONFIG_ALIX,TODO,UNRESOLVED,,,,0,,,
CONFIG_ALLOW_DEV_COREDUMP,TODO,UNRESOLVED,,,,0,,,
CONFIG_ALPINE_MSI,TODO,UNRESOLVED,,,,0,,,
CONFIG_ALS31300,TODO,UNRESOLVED,,,,0,,,
CONFIG_ALTERA_FREEZE_BRIDGE,TODO,UNRESOLVED,,,,0,,,
CONFIG_ALTERA_MBOX,TODO,UNRESOLVED,,,,0,,,
CONFIG_ALTERA_MSGDMA,TODO,UNRESOLVED,,,,0,,,
CONFIG_ALTERA_PR_IP_CORE,TODO,UNRESOLVED,,,,0,,,
CONFIG_ALTERA_PR_IP_CORE_PLAT,TODO,UNRESOLVED,,,,0,,,
CONFIG_ALTERA_STAPL,TODO,UNRESOLVED,,,,0,,,
CONFIG_ALTERA_TSE,TODO,UNRESOLVED,,,,0,,,
CONFIG_ALTERNATE_USER_ADDRESS_SPACE,TODO,UNRESOLVED,,,,0,,,
CONFIG_ALX,TODO,UNRESOLVED,,,,0,,,
CONFIG_AL_FIC,TODO,UNRESOLVED,,,,0,,,
CONFIG_AM2315,TODO,UNRESOLVED,,,,0,,,
CONFIG_AM335X_CONTROL_USB,TODO,UNRESOLVED,,,,0,,,
CONFIG_AM335X_PHY_USB,TODO,UNRESOLVED,,,,0,,,
CONFIG_AMBA_PL08X,TODO,UNRESOLVED,,,,0,,,
CONFIG_AMCC_PPC440SPE_ADMA,TODO,UNRESOLVED,,,,0,,,
CONFIG_AMCC_QT2025_PHY,TODO,UNRESOLVED,,,,0,,,
CONFIG_AMD8111_ETH,TODO,UNRESOLVED,,,,0,,,
CONFIG_AMDTEE,TODO,UNRESOLVED,,,,0,,,
CONFIG_AMD_3D_VCACHE,TODO,UNRESOLVED,,,,0,,,
CONFIG_AMD_AE4DMA,TODO,UNRESOLVED,,,,0,,,
CONFIG_AMD_ATL,TODO,UNRESOLVED,,,,0,,,
CONFIG_AMD_ATL_PRM,TODO,UNRESOLVED,,,,0,,,
CONFIG_AMD_HFI,TODO,UNRESOLVED,,,,0,,,
CONFIG_AMD_HSMP,TODO,UNRESOLVED,,,,0,,,
CONFIG_AMD_HSMP_ACPI,TODO,UNRESOLVED,,,,0,,,
CONFIG_AMD_HSMP_PLAT,TODO,UNRESOLVED,,,,0,,,
CONFIG_AMD_IOMMU,TODO,UNRESOLVED,,,,0,,,
CONFIG_AMD_IOMMU_DEBUGFS,TODO,UNRESOLVED,,,,0,,,
CONFIG_AMD_ISP_PLATFORM,TODO,UNRESOLVED,,,,0,,,
CONFIG_AMD_MEM_ENCRYPT,TODO,UNRESOLVED,,,,0,,,
CONFIG_AMD_MP2_STB,TODO,UNRESOLVED,,,,0,,,
CONFIG_AMD_NB,TODO,UNRESOLVED,,,,0,,,
CONFIG_AMD_NODE,TODO,UNRESOLVED,,,,0,,,
CONFIG_AMD_NUMA,TODO,UNRESOLVED,,,,0,,,
CONFIG_AMD_PHY,TODO,UNRESOLVED,,,,0,,,
CONFIG_AMD_PMC,TODO,UNRESOLVED,,,,0,,,
CONFIG_AMD_PMF,TODO,UNRESOLVED,,,,0,,,
CONFIG_AMD_PMF_DEBUG,TODO,UNRESOLVED,,,,0,,,
CONFIG_AMD_PTDMA,TODO,UNRESOLVED,,,,0,,,
CONFIG_AMD_QDMA,TODO,UNRESOLVED,,,,0,,,
CONFIG_AMD_SBRMI_HWMON,TODO,UNRESOLVED,,,,0,,,
CONFIG_AMD_SBRMI_I2C,TODO,UNRESOLVED,,,,0,,,
CONFIG_AMD_SECURE_AVIC,TODO,UNRESOLVED,,,,0,,,
CONFIG_AMD_SFH_HID,TODO,UNRESOLVED,,,,0,,,
CONFIG_AMD_WBRF,TODO,UNRESOLVED,,,,0,,,
CONFIG_AMD_XGBE,TODO,UNRESOLVED,,,,0,,,
CONFIG_AMD_XGBE_DCB,TODO,UNRESOLVED,,,,0,,,
CONFIG_AMD_XGBE_HAVE_ECC,TODO,UNRESOLVED,,,,0,,,
CONFIG_AMIGA_FLOPPY,TODO,UNRESOLVED,,,,0,,,
CONFIG_AMIGA_PARTITION,TODO,UNRESOLVED,,,,0,,,
CONFIG_AMIGA_Z2RAM,TODO,UNRESOLVED,,,,0,,,
CONFIG_AMILO_RFKILL,TODO,UNRESOLVED,,,,0,,,
CONFIG_AMLOGIC_THERMAL,TODO,UNRESOLVED,,,,0,,,
CONFIG_AMPERE_CORESIGHT_PMU_ARCH_SYSTEM_PMU,TODO,UNRESOLVED,,,,0,,,
CONFIG_AMT,TODO,UNRESOLVED,,,,0,,,
CONFIG_AMX3_PM,TODO,UNRESOLVED,,,,0,,,
CONFIG_ANDES_CUSTOM_PMU,TODO,UNRESOLVED,,,,0,,,
CONFIG_ANDROID_BINDERFS,TODO,UNRESOLVED,,,,0,,,
CONFIG_ANDROID_BINDER_ALLOC_KUNIT_TEST,TODO,UNRESOLVED,,,,0,,,
CONFIG_ANDROID_BINDER_DEVICES,TODO,UNRESOLVED,,,,0,,,
CONFIG_ANDROID_BINDER_IPC,TODO,UNRESOLVED,,,,0,,,
CONFIG_ANDROID_BINDER_IPC_RUST,TODO,UNRESOLVED,,,,0,,,
CONFIG_ANON_VMA_NAME,TODO,UNRESOLVED,,,,0,,,
CONFIG_ANSLCD,TODO,UNRESOLVED,,,,0,,,
CONFIG_AOSONG_AGS02MA,TODO,UNRESOLVED,,,,0,,,
CONFIG_APDS9160,TODO,UNRESOLVED,,,,0,,,
CONFIG_APDS9300,TODO,UNRESOLVED,,,,0,,,
CONFIG_APDS9306,TODO,UNRESOLVED,,,,0,,,
CONFIG_APDS9802ALS,TODO,UNRESOLVED,,,,0,,,
CONFIG_APDS9960,TODO,UNRESOLVED,,,,0,,,
CONFIG_APERTURE_HELPERS,TODO,UNRESOLVED,,,,0,,,
CONFIG_APM,TODO,UNRESOLVED,,,,0,,,
CONFIG_APM_ALLOW_INTS,TODO,UNRESOLVED,,,,0,,,
CONFIG_APM_CPU_IDLE,TODO,UNRESOLVED,,,,0,,,
CONFIG_APM_DISPLAY_BLANK,TODO,UNRESOLVED,,,,0,,,
CONFIG_APM_DO_ENABLE,TODO,UNRESOLVED,,,,0,,,
CONFIG_APM_EMULATION,TODO,UNRESOLVED,,,,0,,,
CONFIG_APM_IGNORE_USER_SUSPEND,TODO,UNRESOLVED,,,,0,,,
CONFIG_APM_POWER,TODO,UNRESOLVED,,,,0,,,
CONFIG_APNE,TODO,UNRESOLVED,,,,0,,,
CONFIG_APPLE_ADMAC,TODO,UNRESOLVED,,,,0,,,
CONFIG_APPLE_AIC,TODO,UNRESOLVED,,,,0,,,
CONFIG_APPLE_DART,TODO,UNRESOLVED,,,,0,,,
CONFIG_APPLE_GMUX,TODO,UNRESOLVED,,,,0,,,
CONFIG_APPLE_M1_CPU_PMU,TODO,UNRESOLVED,,,,0,,,
CONFIG_APPLE_MAILBOX,TODO,UNRESOLVED,,,,0,,,
CONFIG_APPLE_MFI_FASTCHARGE,TODO,UNRESOLVED,,,,0,,,
CONFIG_APPLE_PMGR_PWRSTATE,TODO,UNRESOLVED,,,,0,,,
CONFIG_APPLE_PROPERTIES,TODO,UNRESOLVED,,,,0,,,
CONFIG_APPLE_RTKIT,TODO,UNRESOLVED,,,,0,,,
CONFIG_APPLE_SART,TODO,UNRESOLVED,,,,0,,,
CONFIG_APPLE_WATCHDOG,TODO,UNRESOLVED,,,,0,,,
CONFIG_APPLICOM,TODO,UNRESOLVED,,,,0,,,
CONFIG_APQ_GCC_8084,TODO,UNRESOLVED,,,,0,,,
CONFIG_APQ_MMCC_8084,TODO,UNRESOLVED,,,,0,,,
CONFIG_AQTION,TODO,UNRESOLVED,,,,0,,,
CONFIG_AQUANTIA_PHY,TODO,UNRESOLVED,,,,0,,,
CONFIG_AR5523,TODO,UNRESOLVED,,,,0,,,
CONFIG_ARCH_32BIT_OFF_T,TODO,UNRESOLVED,,,,0,,,
CONFIG_ARCH_32BIT_USTAT_F_TINODE,TODO,UNRESOLVED,,,,0,,,
CONFIG_ARCH_BINFMT_ELF_EXTRA_PHDRS,TODO,UNRESOLVED,,,,0,,,
CONFIG_ARCH_BINFMT_ELF_STATE,TODO,UNRESOLVED,,,,0,,,
CONFIG_ARCH_CLOCKSOURCE_DATA,TODO,UNRESOLVED,,,,0,,,
CONFIG_ARCH_CLOCKSOURCE_INIT,TODO,UNRESOLVED,,,,0,,,
CONFIG_ARCH_CONFIGURES_CPU_MITIGATIONS,TODO,UNRESOLVED,,,,0,,,
CONFIG_ARCH_CORRECT_STACKTRACE_ON_KRETPROBE,TODO,UNRESOLVED,,,,0,,,
CONFIG_ARCH_CPUIDLE_HALTPOLL,TODO,UNRESOLVED,,,,0,,,
CONFIG_ARCH_DEFAULT_CRASH_DUMP,TODO,UNRESOLVED,,,,0,,,
CONFIG_ARCH_DEFER_KASAN,TODO,UNRESOLVED,,,,0,,,
CONFIG_ARCH_DISABLE_KASAN_INLINE,TODO,UNRESOLVED,,,,0,,,
CONFIG_ARCH_DMA_ADDR_T_64BIT,TODO,UNRESOLVED,,,,0,,,
CONFIG_ARCH_DMA_DEFAULT_COHERENT,TODO,UNRESOLVED,,,,0,,,
CONFIG_ARCH_EMEV2,TODO,UNRESOLVED,,,,0,,,
CONFIG_ARCH_ENABLE_HUGEPAGE_MIGRATION,TODO,UNRESOLVED,,,,0,,,
CONFIG_ARCH_ENABLE_MEMORY_HOTPLUG,TODO,UNRESOLVED,,,,0,,,
CONFIG_ARCH_ENABLE_MEMORY_HOTREMOVE,TODO,UNRESOLVED,,,,0,,,
CONFIG_ARCH_ENABLE_SPLIT_PMD_PTLOCK,TODO,UNRESOLVED,,,,0,,,
CONFIG_ARCH_ENABLE_THP_MIGRATION,TODO,UNRESOLVED,,,,0,,,
CONFIG_ARCH_FLATMEM_ENABLE,TODO,UNRESOLVED,,,,0,,,
CONFIG_ARCH_FORCE_MAX_ORDER,TODO,UNRESOLVED,,,,0,,,
CONFIG_ARCH_HAS_ACPI_TABLE_UPGRADE,REVIEWED,TRANSITIVE,DOCUMENTED_PLATFORM,HYPERV,hyperv-platform-enumeration,1,Kconfig-enabled ACPI/platform closure in K-HOSTCHAN-001; not independently requested or claimed required.,https://github.com/microsoft/WSL2-Linux-Kernel/blob/14794180686c2fb6307fbe359c359bec765249f3/drivers/acpi/Kconfig,
CONFIG_ARCH_HAS_ADD_PAGES,TODO,UNRESOLVED,,,,0,,,
CONFIG_ARCH_HAS_ASYNC_TX_FIND_CHANNEL,TODO,UNRESOLVED,,,,0,,,
CONFIG_ARCH_HAS_BINFMT_FLAT,TODO,UNRESOLVED,,,,0,,,
CONFIG_ARCH_HAS_CACHE_LINE_SIZE,TODO,UNRESOLVED,,,,0,,,
CONFIG_ARCH_HAS_CC_PLATFORM,TODO,UNRESOLVED,,,,0,,,
CONFIG_ARCH_HAS_COPY_MC,TODO,UNRESOLVED,,,,0,,,
CONFIG_ARCH_HAS_CPU_ATTACK_VECTORS,TODO,UNRESOLVED,,,,0,,,
CONFIG_ARCH_HAS_CPU_CACHE_ALIASING,TODO,UNRESOLVED,,,,0,,,
CONFIG_ARCH_HAS_CPU_CACHE_INVALIDATE_MEMREGION,TODO,UNRESOLVED,,,,0,,,
CONFIG_ARCH_HAS_CPU_FINALIZE_INIT,TODO,UNRESOLVED,,,,0,,,
CONFIG_ARCH_HAS_CPU_PASID,TODO,UNRESOLVED,,,,0,,,
CONFIG_ARCH_HAS_CPU_RELAX,TODO,UNRESOLVED,,,,0,,,
CONFIG_ARCH_HAS_CPU_RESCTRL,TODO,UNRESOLVED,,,,0,,,
CONFIG_ARCH_HAS_CURRENT_STACK_POINTER,TODO,UNRESOLVED,,,,0,,,
CONFIG_ARCH_HAS_DEBUG_VIRTUAL,TODO,UNRESOLVED,,,,0,,,
CONFIG_ARCH_HAS_DEBUG_VM_PGTABLE,TODO,UNRESOLVED,,,,0,,,
CONFIG_ARCH_HAS_DEBUG_WX,TODO,UNRESOLVED,,,,0,,,
CONFIG_ARCH_HAS_DEVMEM_IS_ALLOWED,TODO,UNRESOLVED,,,,0,,,
CONFIG_ARCH_HAS_DMA_ALLOC,TODO,UNRESOLVED,,,,0,,,
CONFIG_ARCH_HAS_DMA_CLEAR_UNCACHED,TODO,UNRESOLVED,,,,0,,,
CONFIG_ARCH_HAS_DMA_MAP_DIRECT,TODO,UNRESOLVED,,,,0,,,
CONFIG_ARCH_HAS_DMA_MARK_CLEAN,TODO,UNRESOLVED,,,,0,,,
CONFIG_ARCH_HAS_DMA_OPS,TODO,UNRESOLVED,,,,0,,,
CONFIG_ARCH_HAS_DMA_PREP_COHERENT,TODO,UNRESOLVED,,,,0,,,
CONFIG_ARCH_HAS_DMA_SET_MASK,TODO,UNRESOLVED,,,,0,,,
CONFIG_ARCH_HAS_DMA_SET_UNCACHED,TODO,UNRESOLVED,,,,0,,,
CONFIG_ARCH_HAS_DMA_WRITE_COMBINE,TODO,UNRESOLVED,,,,0,,,
CONFIG_ARCH_HAS_EARLY_DEBUG,TODO,UNRESOLVED,,,,0,,,
CONFIG_ARCH_HAS_ELFCORE_COMPAT,TODO,UNRESOLVED,,,,0,,,
CONFIG_ARCH_HAS_ELF_CORE_EFLAGS,TODO,UNRESOLVED,,,,0,,,
CONFIG_ARCH_HAS_ELF_RANDOMIZE,TODO,UNRESOLVED,,,,0,,,
CONFIG_ARCH_HAS_EXECMEM_ROX,TODO,UNRESOLVED,,,,0,,,
CONFIG_ARCH_HAS_FAST_MULTIPLIER,TODO,UNRESOLVED,,,,0,,,
CONFIG_ARCH_HAS_FORCE_DMA_UNENCRYPTED,TODO,UNRESOLVED,,,,0,,,
CONFIG_ARCH_HAS_FORTIFY_SOURCE,TODO,UNRESOLVED,,,,0,,,
CONFIG_ARCH_HAS_GCOV_PROFILE_ALL,TODO,UNRESOLVED,,,,0,,,
CONFIG_ARCH_HAS_GENERIC_CRASHKERNEL_RESERVATION,TODO,UNRESOLVED,,,,0,,,
CONFIG_ARCH_HAS_GIGANTIC_PAGE,TODO,UNRESOLVED,,,,0,,,
CONFIG_ARCH_HAS_HW_PTE_YOUNG,TODO,UNRESOLVED,,,,0,,,
CONFIG_ARCH_HAS_KCOV,TODO,UNRESOLVED,,,,0,,,
CONFIG_ARCH_HAS_KEEPINITRD,TODO,UNRESOLVED,,,,0,,,
CONFIG_ARCH_HAS_KERNEL_FPU_SUPPORT,TODO,UNRESOLVED,,,,0,,,
CONFIG_ARCH_HAS_MEMBARRIER_CALLBACKS,TODO,UNRESOLVED,,,,0,,,
CONFIG_ARCH_HAS_MEMBARRIER_SYNC_CORE,TODO,UNRESOLVED,,,,0,,,
CONFIG_ARCH_HAS_MEMREMAP_COMPAT_ALIGN,TODO,UNRESOLVED,,,,0,,,
CONFIG_ARCH_HAS_MEM_ENCRYPT,TODO,UNRESOLVED,,,,0,,,
CONFIG_ARCH_HAS_MMIOWB,TODO,UNRESOLVED,,,,0,,,
CONFIG_ARCH_HAS_NMI_SAFE_THIS_CPU_OPS,TODO,UNRESOLVED,,,,0,,,
CONFIG_ARCH_HAS_NONLEAF_PMD_YOUNG,TODO,UNRESOLVED,,,,0,,,
CONFIG_ARCH_HAS_NON_OVERLAPPING_ADDRESS_SPACE,TODO,UNRESOLVED,,,,0,,,
CONFIG_ARCH_HAS_PARANOID_L1D_FLUSH,TODO,UNRESOLVED,,,,0,,,
CONFIG_ARCH_HAS_PHYS_TO_DMA,TODO,UNRESOLVED,,,,0,,,
CONFIG_ARCH_HAS_PKEYS,TODO,UNRESOLVED,,,,0,,,
CONFIG_ARCH_HAS_PMEM_API,TODO,UNRESOLVED,,,,0,,,
CONFIG_ARCH_HAS_PREEMPT_LAZY,TODO,UNRESOLVED,,,,0,,,
CONFIG_ARCH_HAS_PREPARE_SYNC_CORE_CMD,TODO,UNRESOLVED,,,,0,,,
CONFIG_ARCH_HAS_PTDUMP,TODO,UNRESOLVED,,,,0,,,
CONFIG_ARCH_HAS_PTE_SPECIAL,TODO,UNRESOLVED,,,,0,,,
CONFIG_ARCH_HAS_RELR,TODO,UNRESOLVED,,,,0,,,
CONFIG_ARCH_HAS_RESET_CONTROLLER,TODO,UNRESOLVED,,,,0,,,
CONFIG_ARCH_HAS_SCALED_CPUTIME,TODO,UNRESOLVED,,,,0,,,
CONFIG_ARCH_HAS_SETUP_DMA_OPS,TODO,UNRESOLVED,,,,0,,,
CONFIG_ARCH_HAS_SET_DIRECT_MAP,TODO,UNRESOLVED,,,,0,,,
CONFIG_ARCH_HAS_SET_MEMORY,TODO,UNRESOLVED,,,,0,,,
CONFIG_ARCH_HAS_STRICT_KERNEL_RWX,TODO,UNRESOLVED,,,,0,,,
CONFIG_ARCH_HAS_STRICT_MODULE_RWX,TODO,UNRESOLVED,,,,0,,,
CONFIG_ARCH_HAS_STRNCPY_FROM_USER,TODO,UNRESOLVED,,,,0,,,
CONFIG_ARCH_HAS_STRNLEN_USER,TODO,UNRESOLVED,,,,0,,,
CONFIG_ARCH_HAS_SUBPAGE_FAULTS,TODO,UNRESOLVED,,,,0,,,
CONFIG_ARCH_HAS_SYNC_CORE_BEFORE_USERMODE,TODO,UNRESOLVED,,,,0,,,
CONFIG_ARCH_HAS_SYNC_DMA_FOR_CPU,TODO,UNRESOLVED,,,,0,,,
CONFIG_ARCH_HAS_SYNC_DMA_FOR_CPU_ALL,TODO,UNRESOLVED,,,,0,,,
CONFIG_ARCH_HAS_SYNC_DMA_FOR_DEVICE,TODO,UNRESOLVED,,,,0,,,
CONFIG_ARCH_HAS_SYSCALL_WRAPPER,TODO,UNRESOLVED,,,,0,,,
CONFIG_ARCH_HAS_TEARDOWN_DMA_OPS,TODO,UNRESOLVED,,,,0,,,
CONFIG_ARCH_HAS_TICK_BROADCAST,TODO,UNRESOLVED,,,,0,,,
CONFIG_ARCH_HAS_UACCESS_FLUSHCACHE,TODO,UNRESOLVED,,,,0,,,
CONFIG_ARCH_HAS_UBSAN,TODO,UNRESOLVED,,,,0,,,
CONFIG_ARCH_HAS_USER_SHADOW_STACK,TODO,UNRESOLVED,,,,0,,,
CONFIG_ARCH_HAS_VDSO_ARCH_DATA,TODO,UNRESOLVED,,,,0,,,
CONFIG_ARCH_HAS_VDSO_TIME_DATA,TODO,UNRESOLVED,,,,0,,,
CONFIG_ARCH_HAS_ZONE_DMA_SET,TODO,UNRESOLVED,,,,0,,,
CONFIG_ARCH_HAVE_ELF_PROT,TODO,UNRESOLVED,,,,0,,,
CONFIG_ARCH_HAVE_EXTRA_ELF_NOTES,TODO,UNRESOLVED,,,,0,,,
CONFIG_ARCH_HAVE_NMI_SAFE_CMPXCHG,TODO,UNRESOLVED,,,,0,,,
CONFIG_ARCH_HAVE_TRACE_MMIO_ACCESS,TODO,UNRESOLVED,,,,0,,,
CONFIG_ARCH_HIBERNATION_HEADER,TODO,UNRESOLVED,,,,0,,,
CONFIG_ARCH_HIBERNATION_POSSIBLE,TODO,UNRESOLVED,,,,0,,,
CONFIG_ARCH_INLINE_READ_LOCK,TODO,UNRESOLVED,,,,0,,,
CONFIG_ARCH_INLINE_READ_LOCK_BH,TODO,UNRESOLVED,,,,0,,,
CONFIG_ARCH_INLINE_READ_LOCK_IRQ,TODO,UNRESOLVED,,,,0,,,
CONFIG_ARCH_INLINE_READ_LOCK_IRQSAVE,TODO,UNRESOLVED,,,,0,,,
CONFIG_ARCH_INLINE_READ_TRYLOCK,TODO,UNRESOLVED,,,,0,,,
CONFIG_ARCH_INLINE_READ_UNLOCK,TODO,UNRESOLVED,,,,0,,,
CONFIG_ARCH_INLINE_READ_UNLOCK_BH,TODO,UNRESOLVED,,,,0,,,
CONFIG_ARCH_INLINE_READ_UNLOCK_IRQ,TODO,UNRESOLVED,,,,0,,,
CONFIG_ARCH_INLINE_READ_UNLOCK_IRQRESTORE,TODO,UNRESOLVED,,,,0,,,
CONFIG_ARCH_INLINE_SPIN_LOCK,TODO,UNRESOLVED,,,,0,,,
CONFIG_ARCH_INLINE_SPIN_LOCK_BH,TODO,UNRESOLVED,,,,0,,,
CONFIG_ARCH_INLINE_SPIN_LOCK_IRQ,TODO,UNRESOLVED,,,,0,,,
CONFIG_ARCH_INLINE_SPIN_LOCK_IRQSAVE,TODO,UNRESOLVED,,,,0,,,
CONFIG_ARCH_INLINE_SPIN_TRYLOCK,TODO,UNRESOLVED,,,,0,,,
CONFIG_ARCH_INLINE_SPIN_TRYLOCK_BH,TODO,UNRESOLVED,,,,0,,,
CONFIG_ARCH_INLINE_SPIN_UNLOCK,TODO,UNRESOLVED,,,,0,,,
CONFIG_ARCH_INLINE_SPIN_UNLOCK_BH,TODO,UNRESOLVED,,,,0,,,
CONFIG_ARCH_INLINE_SPIN_UNLOCK_IRQ,TODO,UNRESOLVED,,,,0,,,
CONFIG_ARCH_INLINE_SPIN_UNLOCK_IRQRESTORE,TODO,UNRESOLVED,,,,0,,,
CONFIG_ARCH_INLINE_WRITE_LOCK,TODO,UNRESOLVED,,,,0,,,
CONFIG_ARCH_INLINE_WRITE_LOCK_BH,TODO,UNRESOLVED,,,,0,,,
CONFIG_ARCH_INLINE_WRITE_LOCK_IRQ,TODO,UNRESOLVED,,,,0,,,
CONFIG_ARCH_INLINE_WRITE_LOCK_IRQSAVE,TODO,UNRESOLVED,,,,0,,,
CONFIG_ARCH_INLINE_WRITE_TRYLOCK,TODO,UNRESOLVED,,,,0,,,
CONFIG_ARCH_INLINE_WRITE_UNLOCK,TODO,UNRESOLVED,,,,0,,,
CONFIG_ARCH_INLINE_WRITE_UNLOCK_BH,TODO,UNRESOLVED,,,,0,,,
CONFIG_ARCH_INLINE_WRITE_UNLOCK_IRQ,TODO,UNRESOLVED,,,,0,,,
CONFIG_ARCH_INLINE_WRITE_UNLOCK_IRQRESTORE,TODO,UNRESOLVED,,,,0,,,
CONFIG_ARCH_KEEP_MEMBLOCK,TODO,UNRESOLVED,,,,0,,,
CONFIG_ARCH_MAY_HAVE_PC_FDC,TODO,UNRESOLVED,,,,0,,,
CONFIG_ARCH_MEMORY_PROBE,TODO,UNRESOLVED,,,,0,,,
CONFIG_ARCH_MHP_MEMMAP_ON_MEMORY_ENABLE,TODO,UNRESOLVED,,,,0,,,
CONFIG_ARCH_MIGHT_HAVE_ACPI_PDC,REVIEWED,TRANSITIVE,DOCUMENTED_PLATFORM,HYPERV,hyperv-platform-enumeration,1,Kconfig-enabled ACPI/platform closure in K-HOSTCHAN-001; not independently requested or claimed required.,https://github.com/microsoft/WSL2-Linux-Kernel/blob/14794180686c2fb6307fbe359c359bec765249f3/drivers/acpi/Kconfig,
CONFIG_ARCH_MIGHT_HAVE_PC_PARPORT,TODO,UNRESOLVED,,,,0,,,
CONFIG_ARCH_MIGHT_HAVE_PC_SERIO,TODO,UNRESOLVED,,,,0,,,
CONFIG_ARCH_MMAP_RND_BITS,TODO,UNRESOLVED,,,,0,,,
CONFIG_ARCH_MMAP_RND_BITS_DEFAULT,TODO,UNRESOLVED,,,,0,,,
CONFIG_ARCH_MMAP_RND_BITS_MAX,TODO,UNRESOLVED,,,,0,,,
CONFIG_ARCH_MMAP_RND_BITS_MIN,TODO,UNRESOLVED,,,,0,,,
CONFIG_ARCH_MMAP_RND_COMPAT_BITS,TODO,UNRESOLVED,,,,0,,,
CONFIG_ARCH_MMAP_RND_COMPAT_BITS_DEFAULT,TODO,UNRESOLVED,,,,0,,,
CONFIG_ARCH_MMAP_RND_COMPAT_BITS_MAX,TODO,UNRESOLVED,,,,0,,,
CONFIG_ARCH_MMAP_RND_COMPAT_BITS_MIN,TODO,UNRESOLVED,,,,0,,,
CONFIG_ARCH_MODULE_NEEDS_WEAK_PER_CPU,TODO,UNRESOLVED,,,,0,,,
CONFIG_ARCH_NEEDS_CPU_IDLE_COUPLED,TODO,UNRESOLVED,,,,0,,,
CONFIG_ARCH_NEEDS_DEFER_KASAN,TODO,UNRESOLVED,,,,0,,,
CONFIG_ARCH_NEED_CMPXCHG_1_EMU,TODO,UNRESOLVED,,,,0,,,
CONFIG_ARCH_NO_PREEMPT,TODO,UNRESOLVED,,,,0,,,
CONFIG_ARCH_NO_SG_CHAIN,TODO,UNRESOLVED,,,,0,,,
CONFIG_ARCH_NO_SWAP,TODO,UNRESOLVED,,,,0,,,
CONFIG_ARCH_OPTIONAL_KERNEL_RWX,TODO,UNRESOLVED,,,,0,,,
CONFIG_ARCH_OPTIONAL_KERNEL_RWX_DEFAULT,TODO,UNRESOLVED,,,,0,,,
CONFIG_ARCH_PKEY_BITS,TODO,UNRESOLVED,,,,0,,,
CONFIG_ARCH_PROC_KCORE_TEXT,TODO,UNRESOLVED,,,,0,,,
CONFIG_ARCH_R7S72100,TODO,UNRESOLVED,,,,0,,,
CONFIG_ARCH_R7S9210,TODO,UNRESOLVED,,,,0,,,
CONFIG_ARCH_R8A73A4,TODO,UNRESOLVED,,,,0,,,
CONFIG_ARCH_R8A7740,TODO,UNRESOLVED,,,,0,,,
CONFIG_ARCH_R8A7742,TODO,UNRESOLVED,,,,0,,,
CONFIG_ARCH_R8A7743,TODO,UNRESOLVED,,,,0,,,
CONFIG_ARCH_R8A7744,TODO,UNRESOLVED,,,,0,,,
CONFIG_ARCH_R8A7745,TODO,UNRESOLVED,,,,0,,,
CONFIG_ARCH_R8A77470,TODO,UNRESOLVED,,,,0,,,
CONFIG_ARCH_R8A774A1,TODO,UNRESOLVED,,,,0,,,
CONFIG_ARCH_R8A774B1,TODO,UNRESOLVED,,,,0,,,
CONFIG_ARCH_R8A774C0,TODO,UNRESOLVED,,,,0,,,
CONFIG_ARCH_R8A774E1,TODO,UNRESOLVED,,,,0,,,
CONFIG_ARCH_R8A7778,TODO,UNRESOLVED,,,,0,,,
CONFIG_ARCH_R8A7779,TODO,UNRESOLVED,,,,0,,,
CONFIG_ARCH_R8A7790,TODO,UNRESOLVED,,,,0,,,
CONFIG_ARCH_R8A7791,TODO,UNRESOLVED,,,,0,,,
CONFIG_ARCH_R8A7792,TODO,UNRESOLVED,,,,0,,,
CONFIG_ARCH_R8A7793,TODO,UNRESOLVED,,,,0,,,
CONFIG_ARCH_R8A7794,TODO,UNRESOLVED,,,,0,,,
CONFIG_ARCH_R8A77951,TODO,UNRESOLVED,,,,0,,,
CONFIG_ARCH_R8A77960,TODO,UNRESOLVED,,,,0,,,
CONFIG_ARCH_R8A77961,TODO,UNRESOLVED,,,,0,,,
CONFIG_ARCH_R8A77965,TODO,UNRESOLVED,,,,0,,,
CONFIG_ARCH_R8A77970,TODO,UNRESOLVED,,,,0,,,
CONFIG_ARCH_R8A77980,TODO,UNRESOLVED,,,,0,,,
CONFIG_ARCH_R8A77990,TODO,UNRESOLVED,,,,0,,,
CONFIG_ARCH_R8A77995,TODO,UNRESOLVED,,,,0,,,
CONFIG_ARCH_R8A779A0,TODO,UNRESOLVED,,,,0,,,
CONFIG_ARCH_R8A779F0,TODO,UNRESOLVED,,,,0,,,
CONFIG_ARCH_R8A779G0,TODO,UNRESOLVED,,,,0,,,
CONFIG_ARCH_R8A779H0,TODO,UNRESOLVED,,,,0,,,
CONFIG_ARCH_R8A78000,TODO,UNRESOLVED,,,,0,,,
CONFIG_ARCH_R9A06G032,TODO,UNRESOLVED,,,,0,,,
CONFIG_ARCH_R9A07G043,TODO,UNRESOLVED,,,,0,,,
CONFIG_ARCH_R9A07G044,TODO,UNRESOLVED,,,,0,,,
CONFIG_ARCH_R9A07G054,TODO,UNRESOLVED,,,,0,,,
CONFIG_ARCH_R9A08G045,TODO,UNRESOLVED,,,,0,,,
CONFIG_ARCH_R9A09G011,TODO,UNRESOLVED,,,,0,,,
CONFIG_ARCH_R9A09G047,TODO,UNRESOLVED,,,,0,,,
CONFIG_ARCH_R9A09G056,TODO,UNRESOLVED,,,,0,,,
CONFIG_ARCH_R9A09G057,TODO,UNRESOLVED,,,,0,,,
CONFIG_ARCH_R9A09G077,TODO,UNRESOLVED,,,,0,,,
CONFIG_ARCH_R9A09G087,TODO,UNRESOLVED,,,,0,,,
CONFIG_ARCH_RCAR_GEN1,TODO,UNRESOLVED,,,,0,,,
CONFIG_ARCH_RCAR_GEN2,TODO,UNRESOLVED,,,,0,,,
CONFIG_ARCH_RCAR_GEN3,TODO,UNRESOLVED,,,,0,,,
CONFIG_ARCH_RCAR_GEN4,TODO,UNRESOLVED,,,,0,,,
CONFIG_ARCH_RCAR_GEN5,TODO,UNRESOLVED,,,,0,,,
CONFIG_ARCH_RMOBILE,TODO,UNRESOLVED,,,,0,,,
CONFIG_ARCH_RZG2L,TODO,UNRESOLVED,,,,0,,,
CONFIG_ARCH_RZN1,TODO,UNRESOLVED,,,,0,,,
CONFIG_ARCH_SELECTS_KEXEC_FILE,TODO,UNRESOLVED,,,,0,,,
CONFIG_ARCH_SELECT_MEMORY_MODEL,TODO,UNRESOLVED,,,,0,,,
CONFIG_ARCH_SH73A0,TODO,UNRESOLVED,,,,0,,,
CONFIG_ARCH_SPARSEMEM_DEFAULT,TODO,UNRESOLVED,,,,0,,,
CONFIG_ARCH_SPARSEMEM_ENABLE,TODO,UNRESOLVED,,,,0,,,
CONFIG_ARCH_SPLIT_ARG64,TODO,UNRESOLVED,,,,0,,,
CONFIG_ARCH_STACKWALK,TODO,UNRESOLVED,,,,0,,,
CONFIG_ARCH_SUPPORTS_ACPI,TODO,UNRESOLVED,,,,0,,,
CONFIG_ARCH_SUPPORTS_ATOMIC_RMW,TODO,UNRESOLVED,,,,0,,,
CONFIG_ARCH_SUPPORTS_AUTOFDO_CLANG,TODO,UNRESOLVED,,,,0,,,
CONFIG_ARCH_SUPPORTS_CFI,TODO,UNRESOLVED,,,,0,,,
CONFIG_ARCH_SUPPORTS_CRASH_DUMP,TODO,UNRESOLVED,,,,0,,,
CONFIG_ARCH_SUPPORTS_CRASH_HOTPLUG,TODO,UNRESOLVED,,,,0,,,
CONFIG_ARCH_SUPPORTS_DEBUG_PAGEALLOC,TODO,UNRESOLVED,,,,0,,,
CONFIG_ARCH_SUPPORTS_HUGETLBFS,TODO,UNRESOLVED,,,,0,,,
CONFIG_ARCH_SUPPORTS_HUGE_PFNMAP,TODO,UNRESOLVED,,,,0,,,
CONFIG_ARCH_SUPPORTS_INT128,TODO,UNRESOLVED,,,,0,,,
CONFIG_ARCH_SUPPORTS_KEXEC,TODO,UNRESOLVED,,,,0,,,
CONFIG_ARCH_SUPPORTS_KEXEC_BZIMAGE_VERIFY_SIG,TODO,UNRESOLVED,,,,0,,,
CONFIG_ARCH_SUPPORTS_KEXEC_FILE,TODO,UNRESOLVED,,,,0,,,
CONFIG_ARCH_SUPPORTS_KEXEC_HANDOVER,TODO,UNRESOLVED,,,,0,,,
CONFIG_ARCH_SUPPORTS_KEXEC_JUMP,TODO,UNRESOLVED,,,,0,,,
CONFIG_ARCH_SUPPORTS_KEXEC_PURGATORY,TODO,UNRESOLVED,,,,0,,,
CONFIG_ARCH_SUPPORTS_KEXEC_SIG,TODO,UNRESOLVED,,,,0,,,
CONFIG_ARCH_SUPPORTS_KEXEC_SIG_FORCE,TODO,UNRESOLVED,,,,0,,,
CONFIG_ARCH_SUPPORTS_KMAP_LOCAL_FORCE_MAP,TODO,UNRESOLVED,,,,0,,,
CONFIG_ARCH_SUPPORTS_LTO_CLANG,TODO,UNRESOLVED,,,,0,,,
CONFIG_ARCH_SUPPORTS_LTO_CLANG_THIN,TODO,UNRESOLVED,,,,0,,,
CONFIG_ARCH_SUPPORTS_MEMORY_FAILURE,TODO,UNRESOLVED,,,,0,,,
CONFIG_ARCH_SUPPORTS_MSEAL_SYSTEM_MAPPINGS,TODO,UNRESOLVED,,,,0,,,
CONFIG_ARCH_SUPPORTS_NUMA_BALANCING,TODO,UNRESOLVED,,,,0,,,
CONFIG_ARCH_SUPPORTS_PAGE_TABLE_CHECK,TODO,UNRESOLVED,,,,0,,,
CONFIG_ARCH_SUPPORTS_PER_VMA_LOCK,TODO,UNRESOLVED,,,,0,,,
CONFIG_ARCH_SUPPORTS_PMD_PFNMAP,TODO,UNRESOLVED,,,,0,,,
CONFIG_ARCH_SUPPORTS_PROPELLER_CLANG,TODO,UNRESOLVED,,,,0,,,
CONFIG_ARCH_SUPPORTS_PT_RECLAIM,TODO,UNRESOLVED,,,,0,,,
CONFIG_ARCH_SUPPORTS_PUD_PFNMAP,TODO,UNRESOLVED,,,,0,,,
CONFIG_ARCH_SUPPORTS_RT,TODO,UNRESOLVED,,,,0,,,
CONFIG_ARCH_SUPPORTS_SCHED_CLUSTER,TODO,UNRESOLVED,,,,0,,,
CONFIG_ARCH_SUPPORTS_SCHED_MC,TODO,UNRESOLVED,,,,0,,,
CONFIG_ARCH_SUPPORTS_SCHED_SMT,TODO,UNRESOLVED,,,,0,,,
CONFIG_ARCH_SUPPORTS_SHADOW_CALL_STACK,TODO,UNRESOLVED,,,,0,,,
CONFIG_ARCH_SUPPORTS_UPROBES,TODO,UNRESOLVED,,,,0,,,
CONFIG_ARCH_SUSPEND_POSSIBLE,TODO,UNRESOLVED,,,,0,,,
CONFIG_ARCH_TEGRA_114_SOC,TODO,UNRESOLVED,,,,0,,,
CONFIG_ARCH_TEGRA_124_SOC,TODO,UNRESOLVED,,,,0,,,
CONFIG_ARCH_TEGRA_132_SOC,TODO,UNRESOLVED,,,,0,,,
CONFIG_ARCH_TEGRA_186_SOC,TODO,UNRESOLVED,,,,0,,,
CONFIG_ARCH_TEGRA_194_SOC,TODO,UNRESOLVED,,,,0,,,
CONFIG_ARCH_TEGRA_210_SOC,TODO,UNRESOLVED,,,,0,,,
CONFIG_ARCH_TEGRA_234_SOC,TODO,UNRESOLVED,,,,0,,,
CONFIG_ARCH_TEGRA_241_SOC,TODO,UNRESOLVED,,,,0,,,
CONFIG_ARCH_TEGRA_264_SOC,TODO,UNRESOLVED,,,,0,,,
CONFIG_ARCH_TEGRA_2x_SOC,TODO,UNRESOLVED,,,,0,,,
CONFIG_ARCH_TEGRA_3x_SOC,TODO,UNRESOLVED,,,,0,,,
CONFIG_ARCH_USES_CFI_GENERIC_LLVM_PASS,TODO,UNRESOLVED,,,,0,,,
CONFIG_ARCH_USES_CFI_TRAPS,TODO,UNRESOLVED,,,,0,,,
CONFIG_ARCH_USES_HIGH_VMA_FLAGS,TODO,UNRESOLVED,,,,0,,,
CONFIG_ARCH_USES_PG_ARCH_2,TODO,UNRESOLVED,,,,0,,,
CONFIG_ARCH_USES_PG_ARCH_3,TODO,UNRESOLVED,,,,0,,,
CONFIG_ARCH_USE_BUILTIN_BSWAP,TODO,UNRESOLVED,,,,0,,,
CONFIG_ARCH_USE_CMPXCHG_LOCKREF,TODO,UNRESOLVED,,,,0,,,
CONFIG_ARCH_USE_GNU_PROPERTY,TODO,UNRESOLVED,,,,0,,,
CONFIG_ARCH_USE_MEMREMAP_PROT,TODO,UNRESOLVED,,,,0,,,
CONFIG_ARCH_USE_MEMTEST,TODO,UNRESOLVED,,,,0,,,
CONFIG_ARCH_USE_QUEUED_RWLOCKS,TODO,UNRESOLVED,,,,0,,,
CONFIG_ARCH_USE_QUEUED_SPINLOCKS,TODO,UNRESOLVED,,,,0,,,
CONFIG_ARCH_USE_SYM_ANNOTATIONS,TODO,UNRESOLVED,,,,0,,,
CONFIG_ARCH_VMLINUX_NEEDS_RELOCS,TODO,UNRESOLVED,,,,0,,,
CONFIG_ARCH_WANTS_DYNAMIC_TASK_STRUCT,TODO,UNRESOLVED,,,,0,,,
CONFIG_ARCH_WANTS_EXECMEM_LATE,TODO,UNRESOLVED,,,,0,,,
CONFIG_ARCH_WANTS_MODULES_DATA_IN_VMALLOC,TODO,UNRESOLVED,,,,0,,,
CONFIG_ARCH_WANTS_NO_INSTR,TODO,UNRESOLVED,,,,0,,,
CONFIG_ARCH_WANTS_PRE_LINK_VMLINUX,TODO,UNRESOLVED,,,,0,,,
CONFIG_ARCH_WANTS_THP_SWAP,TODO,UNRESOLVED,,,,0,,,
CONFIG_ARCH_WANT_BATCHED_UNMAP_TLB_FLUSH,TODO,UNRESOLVED,,,,0,,,
CONFIG_ARCH_WANT_COMPAT_IPC_PARSE_VERSION,TODO,UNRESOLVED,,,,0,,,
CONFIG_ARCH_WANT_DEFAULT_BPF_JIT,TODO,UNRESOLVED,,,,0,,,
CONFIG_ARCH_WANT_DEFAULT_TOPDOWN_MMAP_LAYOUT,TODO,UNRESOLVED,,,,0,,,
CONFIG_ARCH_WANT_FRAME_POINTERS,TODO,UNRESOLVED,,,,0,,,
CONFIG_ARCH_WANT_GENERAL_HUGETLB,TODO,UNRESOLVED,,,,0,,,
CONFIG_ARCH_WANT_HUGETLB_VMEMMAP_PREINIT,TODO,UNRESOLVED,,,,0,,,
CONFIG_ARCH_WANT_HUGE_PMD_SHARE,TODO,UNRESOLVED,,,,0,,,
CONFIG_ARCH_WANT_IPC_PARSE_VERSION,TODO,UNRESOLVED,,,,0,,,
CONFIG_ARCH_WANT_IRQS_OFF_ACTIVATE_MM,TODO,UNRESOLVED,,,,0,,,
CONFIG_ARCH_WANT_KERNEL_PMD_MKWRITE,TODO,UNRESOLVED,,,,0,,,
CONFIG_ARCH_WANT_LD_ORPHAN_WARN,TODO,UNRESOLVED,,,,0,,,
CONFIG_ARCH_WANT_NUMA_VARIABLE_LOCALITY,TODO,UNRESOLVED,,,,0,,,
CONFIG_ARCH_WANT_OLD_COMPAT_IPC,TODO,UNRESOLVED,,,,0,,,
CONFIG_ARCH_WANT_OPTIMIZE_DAX_VMEMMAP,TODO,UNRESOLVED,,,,0,,,
CONFIG_ARCH_WANT_OPTIMIZE_HUGETLB_VMEMMAP,TODO,UNRESOLVED,,,,0,,,
CONFIG_ARCH_WANT_PMD_MKWRITE,TODO,UNRESOLVED,,,,0,,,
CONFIG_ARCH_WEAK_RELEASE_ACQUIRE,TODO,UNRESOLVED,,,,0,,,
CONFIG_ARCNET,TODO,UNRESOLVED,,,,0,,,
CONFIG_ARCNET_1051,TODO,UNRESOLVED,,,,0,,,
CONFIG_ARCNET_1201,TODO,UNRESOLVED,,,,0,,,
CONFIG_ARCNET_CAP,TODO,UNRESOLVED,,,,0,,,
CONFIG_ARCNET_COM20020,TODO,UNRESOLVED,,,,0,,,
CONFIG_ARCNET_COM20020_CS,TODO,UNRESOLVED,,,,0,,,
CONFIG_ARCNET_COM20020_ISA,TODO,UNRESOLVED,,,,0,,,
CONFIG_ARCNET_COM20020_PCI,TODO,UNRESOLVED,,,,0,,,
CONFIG_ARCNET_COM90xx,TODO,UNRESOLVED,,,,0,,,
CONFIG_ARCNET_COM90xxIO,TODO,UNRESOLVED,,,,0,,,
CONFIG_ARCNET_RAW,TODO,UNRESOLVED,,,,0,,,
CONFIG_ARCNET_RIM_I,TODO,UNRESOLVED,,,,0,,,
CONFIG_ARC_EMAC_CORE,TODO,UNRESOLVED,,,,0,,,
CONFIG_ARC_TIMERS,TODO,UNRESOLVED,,,,0,,,
CONFIG_ARC_TIMERS_64BIT,TODO,UNRESOLVED,,,,0,,,
CONFIG_ARIADNE,TODO,UNRESOLVED,,,,0,,,
CONFIG_ARM64_BRBE,TODO,UNRESOLVED,,,,0,,,
CONFIG_ARM64_ERRATUM_858921,TODO,UNRESOLVED,,,,0,,,
CONFIG_ARM64_PLATFORM_DEVICES,TODO,UNRESOLVED,,,,0,,,
CONFIG_ARMADA375_USBCLUSTER_PHY,TODO,UNRESOLVED,,,,0,,,
CONFIG_ARMADA_370_CLK,TODO,UNRESOLVED,,,,0,,,
CONFIG_ARMADA_370_XP_IRQ,TODO,UNRESOLVED,,,,0,,,
CONFIG_ARMADA_370_XP_TIMER,TODO,UNRESOLVED,,,,0,,,
CONFIG_ARMADA_375_CLK,TODO,UNRESOLVED,,,,0,,,
CONFIG_ARMADA_37XX_CLK,TODO,UNRESOLVED,,,,0,,,
CONFIG_ARMADA_37XX_RWTM_MBOX,TODO,UNRESOLVED,,,,0,,,
CONFIG_ARMADA_37XX_WATCHDOG,TODO,UNRESOLVED,,,,0,,,
CONFIG_ARMADA_38X_CLK,TODO,UNRESOLVED,,,,0,,,
CONFIG_ARMADA_39X_CLK,TODO,UNRESOLVED,,,,0,,,
CONFIG_ARMADA_AP806_SYSCON,TODO,UNRESOLVED,,,,0,,,
CONFIG_ARMADA_AP_CPU_CLK,TODO,UNRESOLVED,,,,0,,,
CONFIG_ARMADA_AP_CP_HELPER,TODO,UNRESOLVED,,,,0,,,
CONFIG_ARMADA_CP110_SYSCON,TODO,UNRESOLVED,,,,0,,,
CONFIG_ARMADA_THERMAL,TODO,UNRESOLVED,,,,0,,,
CONFIG_ARMADA_XP_CLK,TODO,UNRESOLVED,,,,0,,,
CONFIG_ARMV7M_SYSTICK,TODO,UNRESOLVED,,,,0,,,
CONFIG_ARM_AIROHA_SOC_CPUFREQ,TODO,UNRESOLVED,,,,0,,,
CONFIG_ARM_ALLWINNER_SUN50I_CPUFREQ_NVMEM,TODO,UNRESOLVED,,,,0,,,
CONFIG_ARM_AMBA,TODO,UNRESOLVED,,,,0,,,
CONFIG_ARM_APPLE_SOC_CPUFREQ,TODO,UNRESOLVED,,,,0,,,
CONFIG_ARM_ARCH_TIMER,TODO,UNRESOLVED,,,,0,,,
CONFIG_ARM_ARCH_TIMER_EVTSTREAM,TODO,UNRESOLVED,,,,0,,,
CONFIG_ARM_ARCH_TIMER_OOL_WORKAROUND,TODO,UNRESOLVED,,,,0,,,
CONFIG_ARM_ARMADA_37XX_CPUFREQ,TODO,UNRESOLVED,,,,0,,,
CONFIG_ARM_ARMADA_8K_CPUFREQ,TODO,UNRESOLVED,,,,0,,,
CONFIG_ARM_AT91_CPUIDLE,TODO,UNRESOLVED,,,,0,,,
CONFIG_ARM_BIG_LITTLE_CPUIDLE,TODO,UNRESOLVED,,,,0,,,
CONFIG_ARM_BRCMSTB_AVS_CPUFREQ,TODO,UNRESOLVED,,,,0,,,
CONFIG_ARM_CCA_GUEST,TODO,UNRESOLVED,,,,0,,,
CONFIG_ARM_CCI,TODO,UNRESOLVED,,,,0,,,
CONFIG_ARM_CCI400_COMMON,TODO,UNRESOLVED,,,,0,,,
CONFIG_ARM_CCI400_PMU,TODO,UNRESOLVED,,,,0,,,
CONFIG_ARM_CCI400_PORT_CTRL,TODO,UNRESOLVED,,,,0,,,
CONFIG_ARM_CCI5xx_PMU,TODO,UNRESOLVED,,,,0,,,
CONFIG_ARM_CCI_PMU,TODO,UNRESOLVED,,,,0,,,
CONFIG_ARM_CCN,TODO,UNRESOLVED,,,,0,,,
CONFIG_ARM_CHARLCD,TODO,UNRESOLVED,,,,0,,,
CONFIG_ARM_CLPS711X_CPUIDLE,TODO,UNRESOLVED,,,,0,,,
CONFIG_ARM_CMN,TODO,UNRESOLVED,,,,0,,,
CONFIG_ARM_CORESIGHT_PMU_ARCH_SYSTEM_PMU,TODO,UNRESOLVED,,,,0,,,
CONFIG_ARM_CPUIDLE,TODO,UNRESOLVED,,,,0,,,
CONFIG_ARM_DMA350,TODO,UNRESOLVED,,,,0,,,
CONFIG_ARM_DMC620_PMU,TODO,UNRESOLVED,,,,0,,,
CONFIG_ARM_DSU_PMU,TODO,UNRESOLVED,,,,0,,,
CONFIG_ARM_ETHER1,TODO,UNRESOLVED,,,,0,,,
CONFIG_ARM_ETHER3,TODO,UNRESOLVED,,,,0,,,
CONFIG_ARM_ETHERH,TODO,UNRESOLVED,,,,0,,,
CONFIG_ARM_EXYNOS_BUS_DEVFREQ,TODO,UNRESOLVED,,,,0,,,
CONFIG_ARM_EXYNOS_CPUIDLE,TODO,UNRESOLVED,,,,0,,,
CONFIG_ARM_FFA_SMCCC,TODO,UNRESOLVED,,,,0,,,
CONFIG_ARM_FFA_TRANSPORT,TODO,UNRESOLVED,,,,0,,,
CONFIG_ARM_GIC,TODO,UNRESOLVED,,,,0,,,
CONFIG_ARM_GIC_ITS_PARENT,TODO,UNRESOLVED,,,,0,,,
CONFIG_ARM_GIC_MAX_NR,TODO,UNRESOLVED,,,,0,,,
CONFIG_ARM_GIC_PM,TODO,UNRESOLVED,,,,0,,,
CONFIG_ARM_GIC_V2M,TODO,UNRESOLVED,,,,0,,,
CONFIG_ARM_GIC_V3,TODO,UNRESOLVED,,,,0,,,
CONFIG_ARM_GIC_V3_ITS,TODO,UNRESOLVED,,,,0,,,
CONFIG_ARM_GIC_V3_ITS_FSL_MC,TODO,UNRESOLVED,,,,0,,,
CONFIG_ARM_GIC_V5,TODO,UNRESOLVED,,,,0,,,
CONFIG_ARM_GLOBAL_TIMER,TODO,UNRESOLVED,,,,0,,,
CONFIG_ARM_GT_INITIAL_PRESCALER_VAL,TODO,UNRESOLVED,,,,0,,,
CONFIG_ARM_HIGHBANK_CPUFREQ,TODO,UNRESOLVED,,,,0,,,
CONFIG_ARM_HIGHBANK_CPUIDLE,TODO,UNRESOLVED,,,,0,,,
CONFIG_ARM_HISI_UNCORE_DEVFREQ,TODO,UNRESOLVED,,,,0,,,
CONFIG_ARM_IMX6Q_CPUFREQ,TODO,UNRESOLVED,,,,0,,,
CONFIG_ARM_IMX8M_DDRC_DEVFREQ,TODO,UNRESOLVED,,,,0,,,
CONFIG_ARM_IMX_BUS_DEVFREQ,TODO,UNRESOLVED,,,,0,,,
CONFIG_ARM_IMX_CPUFREQ_DT,TODO,UNRESOLVED,,,,0,,,
CONFIG_ARM_INTEGRATOR_LM,TODO,UNRESOLVED,,,,0,,,
CONFIG_ARM_KIRKWOOD_CPUFREQ,TODO,UNRESOLVED,,,,0,,,
CONFIG_ARM_KIRKWOOD_CPUIDLE,TODO,UNRESOLVED,,,,0,,,
CONFIG_ARM_MEDIATEK_CCI_DEVFREQ,TODO,UNRESOLVED,,,,0,,,
CONFIG_ARM_MEDIATEK_CPUFREQ,TODO,UNRESOLVED,,,,0,,,
CONFIG_ARM_MEDIATEK_CPUFREQ_HW,TODO,UNRESOLVED,,,,0,,,
CONFIG_ARM_MHU,TODO,UNRESOLVED,,,,0,,,
CONFIG_ARM_MHU_V2,TODO,UNRESOLVED,,,,0,,,
CONFIG_ARM_MHU_V3,TODO,UNRESOLVED,,,,0,,,
CONFIG_ARM_MOXART_ETHER,TODO,UNRESOLVED,,,,0,,,
CONFIG_ARM_MVEBU_V7_CPUIDLE,TODO,UNRESOLVED,,,,0,,,
CONFIG_ARM_NI,TODO,UNRESOLVED,,,,0,,,
CONFIG_ARM_NVIC,TODO,UNRESOLVED,,,,0,,,
CONFIG_ARM_OMAP2PLUS_CPUFREQ,TODO,UNRESOLVED,,,,0,,,
CONFIG_ARM_PKVM_GUEST,TODO,UNRESOLVED,,,,0,,,
CONFIG_ARM_PL172_MPMC,TODO,UNRESOLVED,,,,0,,,
CONFIG_ARM_PMU,TODO,UNRESOLVED,,,,0,,,
CONFIG_ARM_PMUV3,TODO,UNRESOLVED,,,,0,,,
CONFIG_ARM_PMU_ACPI,TODO,UNRESOLVED,,,,0,,,
CONFIG_ARM_PSCI_CHECKER,TODO,UNRESOLVED,,,,0,,,
CONFIG_ARM_PSCI_CPUIDLE,TODO,UNRESOLVED,,,,0,,,
CONFIG_ARM_PSCI_CPUIDLE_DOMAIN,TODO,UNRESOLVED,,,,0,,,
CONFIG_ARM_PSCI_FW,TODO,UNRESOLVED,,,,0,,,
CONFIG_ARM_PXA2xx_CPUFREQ,TODO,UNRESOLVED,,,,0,,,
CONFIG_ARM_QCOM_CPUFREQ_HW,TODO,UNRESOLVED,,,,0,,,
CONFIG_ARM_QCOM_CPUFREQ_NVMEM,TODO,UNRESOLVED,,,,0,,,
CONFIG_ARM_QCOM_SPM_CPUIDLE,TODO,UNRESOLVED,,,,0,,,
CONFIG_ARM_RASPBERRYPI_CPUFREQ,TODO,UNRESOLVED,,,,0,,,
CONFIG_ARM_RK3399_DMC_DEVFREQ,TODO,UNRESOLVED,,,,0,,,
CONFIG_ARM_S3C64XX_CPUFREQ,TODO,UNRESOLVED,,,,0,,,
CONFIG_ARM_S5PV210_CPUFREQ,TODO,UNRESOLVED,,,,0,,,
CONFIG_ARM_SA1110_CPUFREQ,TODO,UNRESOLVED,,,,0,,,
CONFIG_ARM_SBSA_WATCHDOG,TODO,UNRESOLVED,,,,0,,,
CONFIG_ARM_SCMI_CPUFREQ,TODO,UNRESOLVED,,,,0,,,
CONFIG_ARM_SCMI_DEBUG_COUNTERS,TODO,UNRESOLVED,,,,0,,,
CONFIG_ARM_SCMI_HAVE_MSG,TODO,UNRESOLVED,,,,0,,,
CONFIG_ARM_SCMI_HAVE_SHMEM,TODO,UNRESOLVED,,,,0,,,
CONFIG_ARM_SCMI_HAVE_TRANSPORT,TODO,UNRESOLVED,,,,0,,,
CONFIG_ARM_SCMI_NEED_DEBUGFS,TODO,UNRESOLVED,,,,0,,,
CONFIG_ARM_SCMI_PERF_DOMAIN,TODO,UNRESOLVED,,,,0,,,
CONFIG_ARM_SCMI_POWERCAP,TODO,UNRESOLVED,,,,0,,,
CONFIG_ARM_SCMI_POWER_CONTROL,TODO,UNRESOLVED,,,,0,,,
CONFIG_ARM_SCMI_POWER_DOMAIN,TODO,UNRESOLVED,,,,0,,,
CONFIG_ARM_SCMI_PROTOCOL,TODO,UNRESOLVED,,,,0,,,
CONFIG_ARM_SCMI_QUIRKS,TODO,UNRESOLVED,,,,0,,,
CONFIG_ARM_SCMI_RAW_MODE_SUPPORT,TODO,UNRESOLVED,,,,0,,,
CONFIG_ARM_SCMI_RAW_MODE_SUPPORT_COEX,TODO,UNRESOLVED,,,,0,,,
CONFIG_ARM_SCMI_TRANSPORT_MAILBOX,TODO,UNRESOLVED,,,,0,,,
CONFIG_ARM_SCMI_TRANSPORT_OPTEE,TODO,UNRESOLVED,,,,0,,,
CONFIG_ARM_SCMI_TRANSPORT_SMC,TODO,UNRESOLVED,,,,0,,,
CONFIG_ARM_SCMI_TRANSPORT_SMC_ATOMIC_ENABLE,TODO,UNRESOLVED,,,,0,,,
CONFIG_ARM_SCMI_TRANSPORT_VIRTIO,TODO,UNRESOLVED,,,,0,,,
CONFIG_ARM_SCMI_TRANSPORT_VIRTIO_ATOMIC_ENABLE,TODO,UNRESOLVED,,,,0,,,
CONFIG_ARM_SCMI_TRANSPORT_VIRTIO_VERSION1_COMPLIANCE,TODO,UNRESOLVED,,,,0,,,
CONFIG_ARM_SCPI_CPUFREQ,TODO,UNRESOLVED,,,,0,,,
CONFIG_ARM_SCPI_POWER_DOMAIN,TODO,UNRESOLVED,,,,0,,,
CONFIG_ARM_SCPI_PROTOCOL,TODO,UNRESOLVED,,,,0,,,
CONFIG_ARM_SDE_INTERFACE,TODO,UNRESOLVED,,,,0,,,
CONFIG_ARM_SMCCC_SOC_ID,TODO,UNRESOLVED,,,,0,,,
CONFIG_ARM_SMC_WATCHDOG,TODO,UNRESOLVED,,,,0,,,
CONFIG_ARM_SMMU,TODO,UNRESOLVED,,,,0,,,
CONFIG_ARM_SMMU_DISABLE_BYPASS_BY_DEFAULT,TODO,UNRESOLVED,,,,0,,,
CONFIG_ARM_SMMU_LEGACY_DT_BINDINGS,TODO,UNRESOLVED,,,,0,,,
CONFIG_ARM_SMMU_MMU_500_CPRE_ERRATA,TODO,UNRESOLVED,,,,0,,,
CONFIG_ARM_SMMU_QCOM,TODO,UNRESOLVED,,,,0,,,
CONFIG_ARM_SMMU_QCOM_DEBUG,TODO,UNRESOLVED,,,,0,,,
CONFIG_ARM_SMMU_V3,TODO,UNRESOLVED,,,,0,,,
CONFIG_ARM_SMMU_V3_IOMMUFD,TODO,UNRESOLVED,,,,0,,,
CONFIG_ARM_SMMU_V3_KUNIT_TEST,TODO,UNRESOLVED,,,,0,,,
CONFIG_ARM_SMMU_V3_PMU,TODO,UNRESOLVED,,,,0,,,
CONFIG_ARM_SMMU_V3_SVA,TODO,UNRESOLVED,,,,0,,,
CONFIG_ARM_SP805_WATCHDOG,TODO,UNRESOLVED,,,,0,,,
CONFIG_ARM_SPEAR_CPUFREQ,TODO,UNRESOLVED,,,,0,,,
CONFIG_ARM_SPE_PMU,TODO,UNRESOLVED,,,,0,,,
CONFIG_ARM_STI_CPUFREQ,TODO,UNRESOLVED,,,,0,,,
CONFIG_ARM_SUN8I_A33_MBUS_DEVFREQ,TODO,UNRESOLVED,,,,0,,,
CONFIG_ARM_TEGRA124_CPUFREQ,TODO,UNRESOLVED,,,,0,,,
CONFIG_ARM_TEGRA186_CPUFREQ,TODO,UNRESOLVED,,,,0,,,
CONFIG_ARM_TEGRA194_CPUFREQ,TODO,UNRESOLVED,,,,0,,,
CONFIG_ARM_TEGRA20_CPUFREQ,TODO,UNRESOLVED,,,,0,,,
CONFIG_ARM_TEGRA_CPUIDLE,TODO,UNRESOLVED,,,,0,,,
CONFIG_ARM_TEGRA_DEVFREQ,TODO,UNRESOLVED,,,,0,,,
CONFIG_ARM_TIMER_SP804,TODO,UNRESOLVED,,,,0,,,
CONFIG_ARM_TI_CPUFREQ,TODO,UNRESOLVED,,,,0,,,
CONFIG_ARM_TSTEE,TODO,UNRESOLVED,,,,0,,,
CONFIG_ARM_U8500_CPUIDLE,TODO,UNRESOLVED,,,,0,,,
CONFIG_ARM_V6_PMU,TODO,UNRESOLVED,,,,0,,,
CONFIG_ARM_V7_PMU,TODO,UNRESOLVED,,,,0,,,
CONFIG_ARM_VEXPRESS_SPC_CPUFREQ,TODO,UNRESOLVED,,,,0,,,
CONFIG_ARM_VIC,TODO,UNRESOLVED,,,,0,,,
CONFIG_ARM_VIC_NR,TODO,UNRESOLVED,,,,0,,,
CONFIG_ARM_XSCALE_PMU,TODO,UNRESOLVED,,,,0,,,
CONFIG_ARM_ZYNQ_CPUIDLE,TODO,UNRESOLVED,,,,0,,,
CONFIG_AS21XXX_PHY,TODO,UNRESOLVED,,,,0,,,
CONFIG_AS3935,TODO,UNRESOLVED,,,,0,,,
CONFIG_AS73211,TODO,UNRESOLVED,,,,0,,,
CONFIG_ASM9260_TIMER,TODO,UNRESOLVED,,,,0,,,
CONFIG_ASM9260_WATCHDOG,TODO,UNRESOLVED,,,,0,,,
CONFIG_ASM_MODVERSIONS,TODO,UNRESOLVED,,,,0,,,
CONFIG_ASN1,TODO,UNRESOLVED,,,,0,,,
CONFIG_ASN1_ENCODER,TODO,UNRESOLVED,,,,0,,,
CONFIG_ASPEED_ADC,TODO,UNRESOLVED,,,,0,,,
CONFIG_ASPEED_BT_IPMI_BMC,TODO,UNRESOLVED,,,,0,,,
CONFIG_ASPEED_KCS_IPMI_BMC,TODO,UNRESOLVED,,,,0,,,
CONFIG_ASPEED_LPC_CTRL,TODO,UNRESOLVED,,,,0,,,
CONFIG_ASPEED_LPC_SNOOP,TODO,UNRESOLVED,,,,0,,,
CONFIG_ASPEED_P2A_CTRL,TODO,UNRESOLVED,,,,0,,,
CONFIG_ASPEED_SOCINFO,TODO,UNRESOLVED,,,,0,,,
CONFIG_ASPEED_UART_ROUTING,TODO,UNRESOLVED,,,,0,,,
CONFIG_ASPEED_WATCHDOG,TODO,UNRESOLVED,,,,0,,,
CONFIG_ASSOCIATIVE_ARRAY,TODO,UNRESOLVED,,,,0,,,
CONFIG_AST2600_I3C_MASTER,TODO,UNRESOLVED,,,,0,,,
CONFIG_AST2700_MBOX,TODO,UNRESOLVED,,,,0,,,
CONFIG_ASUS_LAPTOP,TODO,UNRESOLVED,,,,0,,,
CONFIG_ASUS_NB_WMI,TODO,UNRESOLVED,,,,0,,,
CONFIG_ASUS_TF103C_DOCK,TODO,UNRESOLVED,,,,0,,,
CONFIG_ASUS_WIRELESS,TODO,UNRESOLVED,,,,0,,,
CONFIG_ASUS_WMI,TODO,UNRESOLVED,,,,0,,,
CONFIG_ASYMMETRIC_KEY_TYPE,TODO,UNRESOLVED,,,,0,,,
CONFIG_ASYMMETRIC_PUBLIC_KEY_SUBTYPE,TODO,UNRESOLVED,,,,0,,,
CONFIG_ASYNC_CORE,TODO,UNRESOLVED,,,,0,,,
CONFIG_ASYNC_KERNEL_PGTABLE_FREE,TODO,UNRESOLVED,,,,0,,,
CONFIG_ASYNC_MEMCPY,TODO,UNRESOLVED,,,,0,,,
CONFIG_ASYNC_PQ,TODO,UNRESOLVED,,,,0,,,
CONFIG_ASYNC_RAID6_RECOV,TODO,UNRESOLVED,,,,0,,,
CONFIG_ASYNC_RAID6_TEST,TODO,UNRESOLVED,,,,0,,,
CONFIG_ASYNC_TX_DISABLE_PQ_VAL_DMA,TODO,UNRESOLVED,,,,0,,,
CONFIG_ASYNC_TX_DISABLE_XOR_VAL_DMA,TODO,UNRESOLVED,,,,0,,,
CONFIG_ASYNC_TX_DMA,TODO,UNRESOLVED,,,,0,,,
CONFIG_ASYNC_TX_ENABLE_CHANNEL_SWITCH,TODO,UNRESOLVED,,,,0,,,
CONFIG_ASYNC_XOR,TODO,UNRESOLVED,,,,0,,,
CONFIG_AS_HAS_NON_CONST_ULEB128,TODO,UNRESOLVED,,,,0,,,
CONFIG_AS_IS_GNU,TODO,UNRESOLVED,,,,0,,,
CONFIG_AS_IS_LLVM,TODO,UNRESOLVED,,,,0,,,
CONFIG_AS_VERSION,TODO,UNRESOLVED,,,,0,,,
CONFIG_AS_WRUSS,TODO,UNRESOLVED,,,,0,,,
CONFIG_AT76C50X_USB,TODO,UNRESOLVED,,,,0,,,
CONFIG_AT803X_PHY,TODO,UNRESOLVED,,,,0,,,
CONFIG_AT91RM9200_WATCHDOG,TODO,UNRESOLVED,,,,0,,,
CONFIG_AT91SAM9X_WATCHDOG,TODO,UNRESOLVED,,,,0,,,
CONFIG_AT91_ADC,TODO,UNRESOLVED,,,,0,,,
CONFIG_AT91_SAMA5D2_ADC,TODO,UNRESOLVED,,,,0,,,
CONFIG_AT91_SOC_ID,TODO,UNRESOLVED,,,,0,,,
CONFIG_AT91_SOC_SFR,TODO,UNRESOLVED,,,,0,,,
CONFIG_ATA,TODO,UNRESOLVED,,,,0,,,
CONFIG_ATALK,TODO,UNRESOLVED,,,,0,,,
CONFIG_ATARILANCE,TODO,UNRESOLVED,,,,0,,,
CONFIG_ATARI_FLOPPY,TODO,UNRESOLVED,,,,0,,,
CONFIG_ATARI_PARTITION,TODO,UNRESOLVED,,,,0,,,
CONFIG_ATARI_SCSI,TODO,UNRESOLVED,,,,0,,,
CONFIG_ATA_ACPI,REVIEWED,DEFERRED,DOCUMENTED_SCENARIO,OPTIONAL,held-parent-default,1,Held at K-HVCORE-001 value n to prevent unrelated defaults from widening K-HOSTCHAN-001.,https://github.com/microsoft/WSL2-Linux-Kernel/tree/14794180686c2fb6307fbe359c359bec765249f3,
CONFIG_ATA_BMDMA,TODO,UNRESOLVED,,,,0,,,
CONFIG_ATA_FORCE,TODO,UNRESOLVED,,,,0,,,
CONFIG_ATA_GENERIC,TODO,UNRESOLVED,,,,0,,,
CONFIG_ATA_NONSTANDARD,TODO,UNRESOLVED,,,,0,,,
CONFIG_ATA_OVER_ETH,TODO,UNRESOLVED,,,,0,,,
CONFIG_ATA_PIIX,TODO,UNRESOLVED,,,,0,,,
CONFIG_ATA_SFF,TODO,UNRESOLVED,,,,0,,,
CONFIG_ATA_VERBOSE_ERROR,TODO,UNRESOLVED,,,,0,,,
CONFIG_ATH10K,TODO,UNRESOLVED,,,,0,,,
CONFIG_ATH10K_AHB,TODO,UNRESOLVED,,,,0,,,
CONFIG_ATH10K_CE,TODO,UNRESOLVED,,,,0,,,
CONFIG_ATH10K_DEBUG,TODO,UNRESOLVED,,,,0,,,
CONFIG_ATH10K_DEBUGFS,TODO,UNRESOLVED,,,,0,,,
CONFIG_ATH10K_DFS_CERTIFIED,TODO,UNRESOLVED,,,,0,,,
CONFIG_ATH10K_LEDS,TODO,UNRESOLVED,,,,0,,,
CONFIG_ATH10K_PCI,TODO,UNRESOLVED,,,,0,,,
CONFIG_ATH10K_SDIO,TODO,UNRESOLVED,,,,0,,,
CONFIG_ATH10K_SNOC,TODO,UNRESOLVED,,,,0,,,
CONFIG_ATH10K_SPECTRAL,TODO,UNRESOLVED,,,,0,,,
CONFIG_ATH10K_TRACING,TODO,UNRESOLVED,,,,0,,,
CONFIG_ATH10K_USB,TODO,UNRESOLVED,,,,0,,,
CONFIG_ATH11K,TODO,UNRESOLVED,,,,0,,,
CONFIG_ATH11K_AHB,TODO,UNRESOLVED,,,,0,,,
CONFIG_ATH11K_DEBUG,TODO,UNRESOLVED,,,,0,,,
CONFIG_ATH11K_DEBUGFS,TODO,UNRESOLVED,,,,0,,,
CONFIG_ATH11K_PCI,TODO,UNRESOLVED,,,,0,,,
CONFIG_ATH11K_SPECTRAL,TODO,UNRESOLVED,,,,0,,,
CONFIG_ATH11K_TRACING,TODO,UNRESOLVED,,,,0,,,
CONFIG_ATH12K,TODO,UNRESOLVED,,,,0,,,
CONFIG_ATH12K_AHB,TODO,UNRESOLVED,,,,0,,,
CONFIG_ATH12K_COREDUMP,TODO,UNRESOLVED,,,,0,,,
CONFIG_ATH12K_DEBUG,TODO,UNRESOLVED,,,,0,,,
CONFIG_ATH12K_DEBUGFS,TODO,UNRESOLVED,,,,0,,,
CONFIG_ATH12K_TRACING,TODO,UNRESOLVED,,,,0,,,
CONFIG_ATH5K,TODO,UNRESOLVED,,,,0,,,
CONFIG_ATH5K_AHB,TODO,UNRESOLVED,,,,0,,,
CONFIG_ATH5K_DEBUG,TODO,UNRESOLVED,,,,0,,,
CONFIG_ATH5K_PCI,TODO,UNRESOLVED,,,,0,,,
CONFIG_ATH5K_TEST_CHANNELS,TODO,UNRESOLVED,,,,0,,,
CONFIG_ATH5K_TRACER,TODO,UNRESOLVED,,,,0,,,
CONFIG_ATH6KL,TODO,UNRESOLVED,,,,0,,,
CONFIG_ATH6KL_DEBUG,TODO,UNRESOLVED,,,,0,,,
CONFIG_ATH6KL_REGDOMAIN,TODO,UNRESOLVED,,,,0,,,
CONFIG_ATH6KL_SDIO,TODO,UNRESOLVED,,,,0,,,
CONFIG_ATH6KL_TRACING,TODO,UNRESOLVED,,,,0,,,
CONFIG_ATH6KL_USB,TODO,UNRESOLVED,,,,0,,,
CONFIG_ATH79_WDT,TODO,UNRESOLVED,,,,0,,,
CONFIG_ATH9K,TODO,UNRESOLVED,,,,0,,,
CONFIG_ATH9K_AHB,TODO,UNRESOLVED,,,,0,,,
CONFIG_ATH9K_BTCOEX_SUPPORT,TODO,UNRESOLVED,,,,0,,,
CONFIG_ATH9K_CHANNEL_CONTEXT,TODO,UNRESOLVED,,,,0,,,
CONFIG_ATH9K_COMMON,TODO,UNRESOLVED,,,,0,,,
CONFIG_ATH9K_COMMON_DEBUG,TODO,UNRESOLVED,,,,0,,,
CONFIG_ATH9K_COMMON_SPECTRAL,TODO,UNRESOLVED,,,,0,,,
CONFIG_ATH9K_DEBUGFS,TODO,UNRESOLVED,,,,0,,,
CONFIG_ATH9K_DFS_CERTIFIED,TODO,UNRESOLVED,,,,0,,,
CONFIG_ATH9K_DFS_DEBUGFS,TODO,UNRESOLVED,,,,0,,,
CONFIG_ATH9K_DYNACK,TODO,UNRESOLVED,,,,0,,,
CONFIG_ATH9K_HTC,TODO,UNRESOLVED,,,,0,,,
CONFIG_ATH9K_HTC_DEBUGFS,TODO,UNRESOLVED,,,,0,,,
CONFIG_ATH9K_HW,TODO,UNRESOLVED,,,,0,,,
CONFIG_ATH9K_HWRNG,TODO,UNRESOLVED,,,,0,,,
CONFIG_ATH9K_PCI,TODO,UNRESOLVED,,,,0,,,
CONFIG_ATH9K_PCI_NO_EEPROM,TODO,UNRESOLVED,,,,0,,,
CONFIG_ATH9K_PCOEM,TODO,UNRESOLVED,,,,0,,,
CONFIG_ATH9K_RFKILL,TODO,UNRESOLVED,,,,0,,,
CONFIG_ATH9K_STATION_STATISTICS,TODO,UNRESOLVED,,,,0,,,
CONFIG_ATH9K_TX99,TODO,UNRESOLVED,,,,0,,,
CONFIG_ATH9K_WOW,TODO,UNRESOLVED,,,,0,,,
CONFIG_ATH_COMMON,TODO,UNRESOLVED,,,,0,,,
CONFIG_ATH_DEBUG,TODO,UNRESOLVED,,,,0,,,
CONFIG_ATH_REG_DYNAMIC_USER_CERT_TESTING,TODO,UNRESOLVED,,,,0,,,
CONFIG_ATH_REG_DYNAMIC_USER_REG_HINTS,TODO,UNRESOLVED,,,,0,,,
CONFIG_ATH_TRACEPOINTS,TODO,UNRESOLVED,,,,0,,,
CONFIG_ATL1,TODO,UNRESOLVED,,,,0,,,
CONFIG_ATL1C,TODO,UNRESOLVED,,,,0,,,
CONFIG_ATL1E,TODO,UNRESOLVED,,,,0,,,
CONFIG_ATL2,TODO,UNRESOLVED,,,,0,,,
CONFIG_ATLAS_EZO_SENSOR,TODO,UNRESOLVED,,,,0,,,
CONFIG_ATLAS_PH_SENSOR,TODO,UNRESOLVED,,,,0,,,
CONFIG_ATM,TODO,UNRESOLVED,,,,0,,,
CONFIG_ATMEL_AIC5_IRQ,TODO,UNRESOLVED,,,,0,,,
CONFIG_ATMEL_AIC_IRQ,TODO,UNRESOLVED,,,,0,,,
CONFIG_ATMEL_EBI,TODO,UNRESOLVED,,,,0,,,
CONFIG_ATMEL_PIT,TODO,UNRESOLVED,,,,0,,,
CONFIG_ATMEL_SSC,TODO,UNRESOLVED,,,,0,,,
CONFIG_ATMEL_ST,TODO,UNRESOLVED,,,,0,,,
CONFIG_ATMEL_TCB_CLKSRC,TODO,UNRESOLVED,,,,0,,,
CONFIG_ATM_BR2684,TODO,UNRESOLVED,,,,0,,,
CONFIG_ATM_BR2684_IPFILTER,TODO,UNRESOLVED,,,,0,,,
CONFIG_ATM_CLIP,TODO,UNRESOLVED,,,,0,,,
CONFIG_ATM_CLIP_NO_ICMP,TODO,UNRESOLVED,,,,0,,,
CONFIG_ATM_DRIVERS,TODO,UNRESOLVED,,,,0,,,
CONFIG_ATM_DUMMY,TODO,UNRESOLVED,,,,0,,,
CONFIG_ATM_ENI,TODO,UNRESOLVED,,,,0,,,
CONFIG_ATM_ENI_BURST_RX_16W,TODO,UNRESOLVED,,,,0,,,
CONFIG_ATM_ENI_BURST_RX_2W,TODO,UNRESOLVED,,,,0,,,
CONFIG_ATM_ENI_BURST_RX_4W,TODO,UNRESOLVED,,,,0,,,
CONFIG_ATM_ENI_BURST_RX_8W,TODO,UNRESOLVED,,,,0,,,
CONFIG_ATM_ENI_BURST_TX_16W,TODO,UNRESOLVED,,,,0,,,
CONFIG_ATM_ENI_BURST_TX_2W,TODO,UNRESOLVED,,,,0,,,
CONFIG_ATM_ENI_BURST_TX_4W,TODO,UNRESOLVED,,,,0,,,
CONFIG_ATM_ENI_BURST_TX_8W,TODO,UNRESOLVED,,,,0,,,
CONFIG_ATM_ENI_DEBUG,TODO,UNRESOLVED,,,,0,,,
CONFIG_ATM_ENI_TUNE_BURST,TODO,UNRESOLVED,,,,0,,,
CONFIG_ATM_FORE200E,TODO,UNRESOLVED,,,,0,,,
CONFIG_ATM_FORE200E_DEBUG,TODO,UNRESOLVED,,,,0,,,
CONFIG_ATM_FORE200E_TX_RETRY,TODO,UNRESOLVED,,,,0,,,
CONFIG_ATM_FORE200E_USE_TASKLET,TODO,UNRESOLVED,,,,0,,,
CONFIG_ATM_HE,TODO,UNRESOLVED,,,,0,,,
CONFIG_ATM_HE_USE_SUNI,TODO,UNRESOLVED,,,,0,,,
CONFIG_ATM_IA,TODO,UNRESOLVED,,,,0,,,
CONFIG_ATM_IA_DEBUG,TODO,UNRESOLVED,,,,0,,,
CONFIG_ATM_IDT77252,TODO,UNRESOLVED,,,,0,,,
CONFIG_ATM_IDT77252_DEBUG,TODO,UNRESOLVED,,,,0,,,
CONFIG_ATM_IDT77252_RCV_ALL,TODO,UNRESOLVED,,,,0,,,
CONFIG_ATM_IDT77252_USE_SUNI,TODO,UNRESOLVED,,,,0,,,
CONFIG_ATM_LANAI,TODO,UNRESOLVED,,,,0,,,
CONFIG_ATM_LANE,TODO,UNRESOLVED,,,,0,,,
CONFIG_ATM_MPOA,TODO,UNRESOLVED,,,,0,,,
CONFIG_ATM_NICSTAR,TODO,UNRESOLVED,,,,0,,,
CONFIG_ATM_NICSTAR_USE_IDT77105,TODO,UNRESOLVED,,,,0,,,
CONFIG_ATM_NICSTAR_USE_SUNI,TODO,UNRESOLVED,,,,0,,,
CONFIG_ATM_SOLOS,TODO,UNRESOLVED,,,,0,,,
CONFIG_ATM_TCP,TODO,UNRESOLVED,,,,0,,,
CONFIG_ATOMIC64_SELFTEST,TODO,UNRESOLVED,,,,0,,,
CONFIG_ATP,TODO,UNRESOLVED,,,,0,,,
CONFIG_AT_HDMAC,TODO,UNRESOLVED,,,,0,,,
CONFIG_AT_XDMAC,TODO,UNRESOLVED,,,,0,,,
CONFIG_AUDIT,TODO,UNRESOLVED,,,,0,,,
CONFIG_AUDITSYSCALL,TODO,UNRESOLVED,,,,0,,,
CONFIG_AUDIT_ARCH,TODO,UNRESOLVED,,,,0,,,
CONFIG_AUDIT_ARCH_COMPAT_GENERIC,TODO,UNRESOLVED,,,,0,,,
CONFIG_AUDIT_COMPAT_GENERIC,TODO,UNRESOLVED,,,,0,,,
CONFIG_AUDIT_GENERIC,TODO,UNRESOLVED,,,,0,,,
CONFIG_AUTOFDO_CLANG,TODO,UNRESOLVED,,,,0,,,
CONFIG_AUTOFS_FS,TODO,UNRESOLVED,,,,0,,,
CONFIG_AUTO_IRQ_AFFINITY,TODO,UNRESOLVED,,,,0,,,
CONFIG_AUXDISPLAY,TODO,UNRESOLVED,,,,0,,,
CONFIG_AUXILIARY_BUS,TODO,UNRESOLVED,,,,0,,,
CONFIG_AW96103,TODO,UNRESOLVED,,,,0,,,
CONFIG_AX25,TODO,UNRESOLVED,,,,0,,,
CONFIG_AX25_DAMA_MASTER,TODO,UNRESOLVED,,,,0,,,
CONFIG_AX25_DAMA_SLAVE,TODO,UNRESOLVED,,,,0,,,
CONFIG_AX45MP_L2_CACHE,TODO,UNRESOLVED,,,,0,,,
CONFIG_AX88796,TODO,UNRESOLVED,,,,0,,,
CONFIG_AX88796B_PHY,TODO,UNRESOLVED,,,,0,,,
CONFIG_AX88796B_RUST_PHY,TODO,UNRESOLVED,,,,0,,,
CONFIG_AX88796_93CX6,TODO,UNRESOLVED,,,,0,,,
CONFIG_AXI_DMAC,TODO,UNRESOLVED,,,,0,,,
CONFIG_AXP20X_ADC,TODO,UNRESOLVED,,,,0,,,
CONFIG_AXP20X_POWER,TODO,UNRESOLVED,,,,0,,,
CONFIG_AXP288_ADC,TODO,UNRESOLVED,,,,0,,,
CONFIG_AXP288_CHARGER,TODO,UNRESOLVED,,,,0,,,
CONFIG_AXP288_FUEL_GAUGE,TODO,UNRESOLVED,,,,0,,,
CONFIG_B43,TODO,UNRESOLVED,,,,0,,,
CONFIG_B43LEGACY,TODO,UNRESOLVED,,,,0,,,
CONFIG_B43LEGACY_DEBUG,TODO,UNRESOLVED,,,,0,,,
CONFIG_B43LEGACY_DMA,TODO,UNRESOLVED,,,,0,,,
CONFIG_B43LEGACY_DMA_AND_PIO_MODE,TODO,UNRESOLVED,,,,0,,,
CONFIG_B43LEGACY_DMA_MODE,TODO,UNRESOLVED,,,,0,,,
CONFIG_B43LEGACY_HWRNG,TODO,UNRESOLVED,,,,0,,,
CONFIG_B43LEGACY_LEDS,TODO,UNRESOLVED,,,,0,,,
CONFIG_B43LEGACY_PCICORE_AUTOSELECT,TODO,UNRESOLVED,,,,0,,,
CONFIG_B43LEGACY_PCI_AUTOSELECT,TODO,UNRESOLVED,,,,0,,,
CONFIG_B43LEGACY_PIO,TODO,UNRESOLVED,,,,0,,,
CONFIG_B43LEGACY_PIO_MODE,TODO,UNRESOLVED,,,,0,,,
CONFIG_B43_BCMA,TODO,UNRESOLVED,,,,0,,,
CONFIG_B43_BCMA_PIO,TODO,UNRESOLVED,,,,0,,,
CONFIG_B43_BUSES_BCMA,TODO,UNRESOLVED,,,,0,,,
CONFIG_B43_BUSES_BCMA_AND_SSB,TODO,UNRESOLVED,,,,0,,,
CONFIG_B43_BUSES_SSB,TODO,UNRESOLVED,,,,0,,,
CONFIG_B43_DEBUG,TODO,UNRESOLVED,,,,0,,,
CONFIG_B43_HWRNG,TODO,UNRESOLVED,,,,0,,,
CONFIG_B43_LEDS,TODO,UNRESOLVED,,,,0,,,
CONFIG_B43_PCICORE_AUTOSELECT,TODO,UNRESOLVED,,,,0,,,
CONFIG_B43_PCI_AUTOSELECT,TODO,UNRESOLVED,,,,0,,,
CONFIG_B43_PHY_AC,TODO,UNRESOLVED,,,,0,,,
CONFIG_B43_PHY_G,TODO,UNRESOLVED,,,,0,,,
CONFIG_B43_PHY_HT,TODO,UNRESOLVED,,,,0,,,
CONFIG_B43_PHY_LCN,TODO,UNRESOLVED,,,,0,,,
CONFIG_B43_PHY_LP,TODO,UNRESOLVED,,,,0,,,
CONFIG_B43_PHY_N,TODO,UNRESOLVED,,,,0,,,
CONFIG_B43_PIO,TODO,UNRESOLVED,,,,0,,,
CONFIG_B43_SDIO,TODO,UNRESOLVED,,,,0,,,
CONFIG_B43_SSB,TODO,UNRESOLVED,,,,0,,,
CONFIG_B44,TODO,UNRESOLVED,,,,0,,,
CONFIG_B44_PCI,TODO,UNRESOLVED,,,,0,,,
CONFIG_B44_PCICORE_AUTOSELECT,TODO,UNRESOLVED,,,,0,,,
CONFIG_B44_PCI_AUTOSELECT,TODO,UNRESOLVED,,,,0,,,
CONFIG_B53,TODO,UNRESOLVED,,,,0,,,
CONFIG_B53_MDIO_DRIVER,TODO,UNRESOLVED,,,,0,,,
CONFIG_B53_MMAP_DRIVER,TODO,UNRESOLVED,,,,0,,,
CONFIG_B53_SERDES,TODO,UNRESOLVED,,,,0,,,
CONFIG_B53_SPI_DRIVER,TODO,UNRESOLVED,,,,0,,,
CONFIG_B53_SRAB_DRIVER,TODO,UNRESOLVED,,,,0,,,
CONFIG_BACKLIGHT_88PM860X,TODO,UNRESOLVED,,,,0,,,
CONFIG_BACKLIGHT_AAT2870,TODO,UNRESOLVED,,,,0,,,
CONFIG_BACKLIGHT_ADP5520,TODO,UNRESOLVED,,,,0,,,
CONFIG_BACKLIGHT_ADP8860,TODO,UNRESOLVED,,,,0,,,
CONFIG_BACKLIGHT_ADP8870,TODO,UNRESOLVED,,,,0,,,
CONFIG_BACKLIGHT_APPLE,TODO,UNRESOLVED,,,,0,,,
CONFIG_BACKLIGHT_APPLE_DWI,TODO,UNRESOLVED,,,,0,,,
CONFIG_BACKLIGHT_ARCXCNN,TODO,UNRESOLVED,,,,0,,,
CONFIG_BACKLIGHT_AS3711,TODO,UNRESOLVED,,,,0,,,
CONFIG_BACKLIGHT_ATMEL_LCDC,TODO,UNRESOLVED,,,,0,,,
CONFIG_BACKLIGHT_BD6107,TODO,UNRESOLVED,,,,0,,,
CONFIG_BACKLIGHT_CLASS_DEVICE,TODO,UNRESOLVED,,,,0,,,
CONFIG_BACKLIGHT_DA903X,TODO,UNRESOLVED,,,,0,,,
CONFIG_BACKLIGHT_DA9052,TODO,UNRESOLVED,,,,0,,,
CONFIG_BACKLIGHT_EP93XX,TODO,UNRESOLVED,,,,0,,,
CONFIG_BACKLIGHT_GPIO,TODO,UNRESOLVED,,,,0,,,
CONFIG_BACKLIGHT_HP680,TODO,UNRESOLVED,,,,0,,,
CONFIG_BACKLIGHT_HP700,TODO,UNRESOLVED,,,,0,,,
CONFIG_BACKLIGHT_IPAQ_MICRO,TODO,UNRESOLVED,,,,0,,,
CONFIG_BACKLIGHT_KTD253,TODO,UNRESOLVED,,,,0,,,
CONFIG_BACKLIGHT_KTD2801,TODO,UNRESOLVED,,,,0,,,
CONFIG_BACKLIGHT_KTZ8866,TODO,UNRESOLVED,,,,0,,,
CONFIG_BACKLIGHT_LED,TODO,UNRESOLVED,,,,0,,,
CONFIG_BACKLIGHT_LM3509,TODO,UNRESOLVED,,,,0,,,
CONFIG_BACKLIGHT_LM3533,TODO,UNRESOLVED,,,,0,,,
CONFIG_BACKLIGHT_LM3630A,TODO,UNRESOLVED,,,,0,,,
CONFIG_BACKLIGHT_LM3639,TODO,UNRESOLVED,,,,0,,,
CONFIG_BACKLIGHT_LOCOMO,TODO,UNRESOLVED,,,,0,,,
CONFIG_BACKLIGHT_LP855X,TODO,UNRESOLVED,,,,0,,,
CONFIG_BACKLIGHT_LP8788,TODO,UNRESOLVED,,,,0,,,
CONFIG_BACKLIGHT_LV5207LP,TODO,UNRESOLVED,,,,0,,,
CONFIG_BACKLIGHT_MAX8925,TODO,UNRESOLVED,,,,0,,,
CONFIG_BACKLIGHT_MP3309C,TODO,UNRESOLVED,,,,0,,,
CONFIG_BACKLIGHT_MT6370,TODO,UNRESOLVED,,,,0,,,
CONFIG_BACKLIGHT_OMAP1,TODO,UNRESOLVED,,,,0,,,
CONFIG_BACKLIGHT_PANDORA,TODO,UNRESOLVED,,,,0,,,
CONFIG_BACKLIGHT_PWM,TODO,UNRESOLVED,,,,0,,,
CONFIG_BACKLIGHT_QCOM_WLED,TODO,UNRESOLVED,,,,0,,,
CONFIG_BACKLIGHT_RAVE_SP,TODO,UNRESOLVED,,,,0,,,
CONFIG_BACKLIGHT_RT4831,TODO,UNRESOLVED,,,,0,,,
CONFIG_BACKLIGHT_SAHARA,TODO,UNRESOLVED,,,,0,,,
CONFIG_BACKLIGHT_SKY81452,TODO,UNRESOLVED,,,,0,,,
CONFIG_BACKLIGHT_TPS65217,TODO,UNRESOLVED,,,,0,,,
CONFIG_BACKLIGHT_WM831X,TODO,UNRESOLVED,,,,0,,,
CONFIG_BACKTRACE_SELF_TEST,TODO,UNRESOLVED,,,,0,,,
CONFIG_BALLOON_COMPACTION,TODO,UNRESOLVED,,,,0,,,
CONFIG_BARCO_P50_GPIO,TODO,UNRESOLVED,,,,0,,,
CONFIG_BAREUDP,TODO,UNRESOLVED,,,,0,,,
CONFIG_BASE_SMALL,TODO,UNRESOLVED,,,,0,,,
CONFIG_BASIC_MODVERSIONS,TODO,UNRESOLVED,,,,0,,,
CONFIG_BATMAN_ADV,TODO,UNRESOLVED,,,,0,,,
CONFIG_BATMAN_ADV_BATMAN_V,TODO,UNRESOLVED,,,,0,,,
CONFIG_BATMAN_ADV_BLA,TODO,UNRESOLVED,,,,0,,,
CONFIG_BATMAN_ADV_DAT,TODO,UNRESOLVED,,,,0,,,
CONFIG_BATMAN_ADV_DEBUG,TODO,UNRESOLVED,,,,0,,,
CONFIG_BATMAN_ADV_MCAST,TODO,UNRESOLVED,,,,0,,,
CONFIG_BATMAN_ADV_TRACING,TODO,UNRESOLVED,,,,0,,,
CONFIG_BATTERY_88PM860X,TODO,UNRESOLVED,,,,0,,,
CONFIG_BATTERY_ACER_A500,TODO,UNRESOLVED,,,,0,,,
CONFIG_BATTERY_ACT8945A,TODO,UNRESOLVED,,,,0,,,
CONFIG_BATTERY_AXP20X,TODO,UNRESOLVED,,,,0,,,
CONFIG_BATTERY_BQ27XXX,TODO,UNRESOLVED,,,,0,,,
CONFIG_BATTERY_BQ27XXX_DT_UPDATES_NVM,TODO,UNRESOLVED,,,,0,,,
CONFIG_BATTERY_BQ27XXX_HDQ,TODO,UNRESOLVED,,,,0,,,
CONFIG_BATTERY_BQ27XXX_I2C,TODO,UNRESOLVED,,,,0,,,
CONFIG_BATTERY_CHAGALL,TODO,UNRESOLVED,,,,0,,,
CONFIG_BATTERY_COLLIE,TODO,UNRESOLVED,,,,0,,,
CONFIG_BATTERY_CPCAP,TODO,UNRESOLVED,,,,0,,,
CONFIG_BATTERY_CW2015,TODO,UNRESOLVED,,,,0,,,
CONFIG_BATTERY_DA9030,TODO,UNRESOLVED,,,,0,,,
CONFIG_BATTERY_DA9052,TODO,UNRESOLVED,,,,0,,,
CONFIG_BATTERY_DA9150,TODO,UNRESOLVED,,,,0,,,
CONFIG_BATTERY_DS2760,TODO,UNRESOLVED,,,,0,,,
CONFIG_BATTERY_DS2780,TODO,UNRESOLVED,,,,0,,,
CONFIG_BATTERY_DS2781,TODO,UNRESOLVED,,,,0,,,
CONFIG_BATTERY_DS2782,TODO,UNRESOLVED,,,,0,,,
CONFIG_BATTERY_GAUGE_LTC2941,TODO,UNRESOLVED,,,,0,,,
CONFIG_BATTERY_GOLDFISH,TODO,UNRESOLVED,,,,0,,,
CONFIG_BATTERY_HUAWEI_GAOKUN,TODO,UNRESOLVED,,,,0,,,
CONFIG_BATTERY_INGENIC,TODO,UNRESOLVED,,,,0,,,
CONFIG_BATTERY_INTEL_DC_TI,TODO,UNRESOLVED,,,,0,,,
CONFIG_BATTERY_IPAQ_MICRO,TODO,UNRESOLVED,,,,0,,,
CONFIG_BATTERY_LEGO_EV3,TODO,UNRESOLVED,,,,0,,,
CONFIG_BATTERY_LENOVO_YOGA_C630,TODO,UNRESOLVED,,,,0,,,
CONFIG_BATTERY_MAX17040,TODO,UNRESOLVED,,,,0,,,
CONFIG_BATTERY_MAX17042,TODO,UNRESOLVED,,,,0,,,
CONFIG_BATTERY_MAX1720X,TODO,UNRESOLVED,,,,0,,,
CONFIG_BATTERY_MAX1721X,TODO,UNRESOLVED,,,,0,,,
CONFIG_BATTERY_OLPC,TODO,UNRESOLVED,,,,0,,,
CONFIG_BATTERY_PM8916_BMS_VM,TODO,UNRESOLVED,,,,0,,,
CONFIG_BATTERY_PMU,TODO,UNRESOLVED,,,,0,,,
CONFIG_BATTERY_QCOM_BATTMGR,TODO,UNRESOLVED,,,,0,,,
CONFIG_BATTERY_RT5033,TODO,UNRESOLVED,,,,0,,,
CONFIG_BATTERY_RX51,TODO,UNRESOLVED,,,,0,,,
CONFIG_BATTERY_SAMSUNG_SDI,TODO,UNRESOLVED,,,,0,,,
CONFIG_BATTERY_SBS,TODO,UNRESOLVED,,,,0,,,
CONFIG_BATTERY_SURFACE,TODO,UNRESOLVED,,,,0,,,
CONFIG_BATTERY_TWL4030_MADC,TODO,UNRESOLVED,,,,0,,,
CONFIG_BATTERY_UG3105,TODO,UNRESOLVED,,,,0,,,
CONFIG_BATTERY_WM97XX,TODO,UNRESOLVED,,,,0,,,
CONFIG_BAYCOM_EPP,TODO,UNRESOLVED,,,,0,,,
CONFIG_BAYCOM_PAR,TODO,UNRESOLVED,,,,0,,,
CONFIG_BAYCOM_SER_FDX,TODO,UNRESOLVED,,,,0,,,
CONFIG_BAYCOM_SER_HDX,TODO,UNRESOLVED,,,,0,,,
CONFIG_BCACHE,TODO,UNRESOLVED,,,,0,,,
CONFIG_BCACHE_ASYNC_REGISTRATION,TODO,UNRESOLVED,,,,0,,,
CONFIG_BCACHE_DEBUG,TODO,UNRESOLVED,,,,0,,,
CONFIG_BCH,TODO,UNRESOLVED,,,,0,,,
CONFIG_BCH_CONST_M,TODO,UNRESOLVED,,,,0,,,
CONFIG_BCH_CONST_PARAMS,TODO,UNRESOLVED,,,,0,,,
CONFIG_BCH_CONST_T,TODO,UNRESOLVED,,,,0,,,
CONFIG_BCM2711_THERMAL,TODO,UNRESOLVED,,,,0,,,
CONFIG_BCM2712_MIP,TODO,UNRESOLVED,,,,0,,,
CONFIG_BCM2835_MBOX,TODO,UNRESOLVED,,,,0,,,
CONFIG_BCM2835_POWER,TODO,UNRESOLVED,,,,0,,,
CONFIG_BCM2835_THERMAL,TODO,UNRESOLVED,,,,0,,,
CONFIG_BCM2835_TIMER,TODO,UNRESOLVED,,,,0,,,
CONFIG_BCM2835_VCHIQ,TODO,UNRESOLVED,,,,0,,,
CONFIG_BCM2835_VCHIQ_MMAL,TODO,UNRESOLVED,,,,0,,,
CONFIG_BCM2835_WDT,TODO,UNRESOLVED,,,,0,,,
CONFIG_BCM47XX_NVRAM,TODO,UNRESOLVED,,,,0,,,
CONFIG_BCM47XX_SPROM,TODO,UNRESOLVED,,,,0,,,
CONFIG_BCM47XX_WDT,TODO,UNRESOLVED,,,,0,,,
CONFIG_BCM4908_ENET,TODO,UNRESOLVED,,,,0,,,
CONFIG_BCM54140_PHY,TODO,UNRESOLVED,,,,0,,,
CONFIG_BCM6345_L1_IRQ,TODO,UNRESOLVED,,,,0,,,
CONFIG_BCM63XX_ENET,TODO,UNRESOLVED,,,,0,,,
CONFIG_BCM63XX_PHY,TODO,UNRESOLVED,,,,0,,,
CONFIG_BCM63XX_POWER,TODO,UNRESOLVED,,,,0,,,
CONFIG_BCM7038_L1_IRQ,TODO,UNRESOLVED,,,,0,,,
CONFIG_BCM7038_WDT,TODO,UNRESOLVED,,,,0,,,
CONFIG_BCM7120_L2_IRQ,TODO,UNRESOLVED,,,,0,,,
CONFIG_BCM74110_MAILBOX,TODO,UNRESOLVED,,,,0,,,
CONFIG_BCM7XXX_PHY,TODO,UNRESOLVED,,,,0,,,
CONFIG_BCM84881_PHY,TODO,UNRESOLVED,,,,0,,,
CONFIG_BCM87XX_PHY,TODO,UNRESOLVED,,,,0,,,
CONFIG_BCMA,TODO,UNRESOLVED,,,,0,,,
CONFIG_BCMASP,TODO,UNRESOLVED,,,,0,,,
CONFIG_BCMA_BLOCKIO,TODO,UNRESOLVED,,,,0,,,
CONFIG_BCMA_DEBUG,TODO,UNRESOLVED,,,,0,,,
CONFIG_BCMA_DRIVER_GMAC_CMN,TODO,UNRESOLVED,,,,0,,,
CONFIG_BCMA_DRIVER_GPIO,TODO,UNRESOLVED,,,,0,,,
CONFIG_BCMA_DRIVER_MIPS,TODO,UNRESOLVED,,,,0,,,
CONFIG_BCMA_DRIVER_PCI,TODO,UNRESOLVED,,,,0,,,
CONFIG_BCMA_DRIVER_PCI_HOSTMODE,TODO,UNRESOLVED,,,,0,,,
CONFIG_BCMA_HOST_PCI,TODO,UNRESOLVED,,,,0,,,
CONFIG_BCMA_HOST_PCI_POSSIBLE,TODO,UNRESOLVED,,,,0,,,
CONFIG_BCMA_HOST_SOC,TODO,UNRESOLVED,,,,0,,,
CONFIG_BCMA_NFLASH,TODO,UNRESOLVED,,,,0,,,
CONFIG_BCMA_PFLASH,TODO,UNRESOLVED,,,,0,,,
CONFIG_BCMA_POSSIBLE,TODO,UNRESOLVED,,,,0,,,
CONFIG_BCMA_SFLASH,TODO,UNRESOLVED,,,,0,,,
CONFIG_BCMGENET,TODO,UNRESOLVED,,,,0,,,
CONFIG_BCM_CYGNUS_PHY,TODO,UNRESOLVED,,,,0,,,
CONFIG_BCM_FLEXRM_MBOX,TODO,UNRESOLVED,,,,0,,,
CONFIG_BCM_IPROC_ADC,TODO,UNRESOLVED,,,,0,,,
CONFIG_BCM_KONA_TIMER,TODO,UNRESOLVED,,,,0,,,
CONFIG_BCM_KONA_USB2_PHY,TODO,UNRESOLVED,,,,0,,,
CONFIG_BCM_KONA_WDT,TODO,UNRESOLVED,,,,0,,,
CONFIG_BCM_KONA_WDT_DEBUG,TODO,UNRESOLVED,,,,0,,,
CONFIG_BCM_NET_PHYLIB,TODO,UNRESOLVED,,,,0,,,
CONFIG_BCM_NET_PHYPTP,TODO,UNRESOLVED,,,,0,,,
CONFIG_BCM_NS_THERMAL,TODO,UNRESOLVED,,,,0,,,
CONFIG_BCM_PDC_MBOX,TODO,UNRESOLVED,,,,0,,,
CONFIG_BCM_PMB,TODO,UNRESOLVED,,,,0,,,
CONFIG_BCM_SBA_RAID,TODO,UNRESOLVED,,,,0,,,
CONFIG_BCM_SR_THERMAL,TODO,UNRESOLVED,,,,0,,,
CONFIG_BCM_VIDEOCORE,TODO,UNRESOLVED,,,,0,,,
CONFIG_BCM_VK,TODO,UNRESOLVED,,,,0,,,
CONFIG_BCM_VK_TTY,TODO,UNRESOLVED,,,,0,,,
CONFIG_BD79703,TODO,UNRESOLVED,,,,0,,,
CONFIG_BD957XMUF_WATCHDOG,TODO,UNRESOLVED,,,,0,,,
CONFIG_BD96801_WATCHDOG,TODO,UNRESOLVED,,,,0,,,
CONFIG_BE2ISCSI,REVIEWED,DEFERRED,DOCUMENTED_SCENARIO,OPTIONAL,held-storage-default,1,Exposed when SCSI_LOWLEVEL enabled for K-STORAGE-001; remained disabled and is unrelated to the evidence-selected Hyper-V storage path.,https://github.com/microsoft/WSL2-Linux-Kernel/tree/14794180686c2fb6307fbe359c359bec765249f3/drivers/scsi,
CONFIG_BE2NET,TODO,UNRESOLVED,,,,0,,,
CONFIG_BE2NET_BE2,TODO,UNRESOLVED,,,,0,,,
CONFIG_BE2NET_BE3,TODO,UNRESOLVED,,,,0,,,
CONFIG_BE2NET_HWMON,TODO,UNRESOLVED,,,,0,,,
CONFIG_BE2NET_LANCER,TODO,UNRESOLVED,,,,0,,,
CONFIG_BE2NET_SKYHAWK,TODO,UNRESOLVED,,,,0,,,
CONFIG_BEFS_DEBUG,TODO,UNRESOLVED,,,,0,,,
CONFIG_BEFS_FS,TODO,UNRESOLVED,,,,0,,,
CONFIG_BERLIN2_ADC,TODO,UNRESOLVED,,,,0,,,
CONFIG_BFQ_CGROUP_DEBUG,TODO,UNRESOLVED,,,,0,,,
CONFIG_BFQ_GROUP_IOSCHED,TODO,UNRESOLVED,,,,0,,,
CONFIG_BFS_FS,TODO,UNRESOLVED,,,,0,,,
CONFIG_BGMAC,TODO,UNRESOLVED,,,,0,,,
CONFIG_BGMAC_BCMA,TODO,UNRESOLVED,,,,0,,,
CONFIG_BGMAC_PLATFORM,TODO,UNRESOLVED,,,,0,,,
CONFIG_BH1745,TODO,UNRESOLVED,,,,0,,,
CONFIG_BH1750,TODO,UNRESOLVED,,,,0,,,
CONFIG_BH1780,TODO,UNRESOLVED,,,,0,,,
CONFIG_BHYVE_GUEST,TODO,UNRESOLVED,,,,0,,,
CONFIG_BIG_KEYS,TODO,UNRESOLVED,,,,0,,,
CONFIG_BINARY_PRINTF,TODO,UNRESOLVED,,,,0,,,
CONFIG_BINDGEN_VERSION_TEXT,TODO,UNRESOLVED,,,,0,,,
CONFIG_BINFMT_ELF,TODO,UNRESOLVED,,,,0,,,
CONFIG_BINFMT_ELF_FDPIC,TODO,UNRESOLVED,,,,0,,,
CONFIG_BINFMT_ELF_KUNIT_TEST,TODO,UNRESOLVED,,,,0,,,
CONFIG_BINFMT_FLAT,TODO,UNRESOLVED,,,,0,,,
CONFIG_BINFMT_FLAT_ARGVP_ENVP_ON_STACK,TODO,UNRESOLVED,,,,0,,,
CONFIG_BINFMT_FLAT_NO_DATA_START_OFFSET,TODO,UNRESOLVED,,,,0,,,
CONFIG_BINFMT_FLAT_OLD,TODO,UNRESOLVED,,,,0,,,
CONFIG_BINFMT_FLAT_OLD_ALWAYS_RAM,TODO,UNRESOLVED,,,,0,,,
CONFIG_BINFMT_MISC,TODO,UNRESOLVED,,,,0,,,
CONFIG_BINFMT_SCRIPT,TODO,UNRESOLVED,,,,0,,,
CONFIG_BINFMT_ZFLAT,TODO,UNRESOLVED,,,,0,,,
CONFIG_BITFIELD_KUNIT,TODO,UNRESOLVED,,,,0,,,
CONFIG_BITREVERSE,TODO,UNRESOLVED,,,,0,,,
CONFIG_BITS_TEST,TODO,UNRESOLVED,,,,0,,,
CONFIG_BLACKHOLE_DEV_KUNIT_TEST,TODO,UNRESOLVED,,,,0,,,
CONFIG_BLKDEV_UBLK_LEGACY_OPCODES,TODO,UNRESOLVED,,,,0,,,
CONFIG_BLK_CGROUP,TODO,UNRESOLVED,,,,0,,,
CONFIG_BLK_CGROUP_FC_APPID,TODO,UNRESOLVED,,,,0,,,
CONFIG_BLK_CGROUP_IOCOST,TODO,UNRESOLVED,,,,0,,,
CONFIG_BLK_CGROUP_IOLATENCY,TODO,UNRESOLVED,,,,0,,,
CONFIG_BLK_CGROUP_IOPRIO,TODO,UNRESOLVED,,,,0,,,
CONFIG_BLK_CGROUP_PUNT_BIO,TODO,UNRESOLVED,,,,0,,,
CONFIG_BLK_CGROUP_RWSTAT,TODO,UNRESOLVED,,,,0,,,
CONFIG_BLK_DEBUG_FS,TODO,UNRESOLVED,,,,0,,,
CONFIG_BLK_DEV,TODO,UNRESOLVED,,,,0,,,
CONFIG_BLK_DEV_3W_XXXX_RAID,REVIEWED,DEFERRED,DOCUMENTED_SCENARIO,OPTIONAL,held-storage-default,1,Exposed when SCSI_LOWLEVEL enabled for K-STORAGE-001; remained disabled and is unrelated to the evidence-selected Hyper-V storage path.,https://github.com/microsoft/WSL2-Linux-Kernel/tree/14794180686c2fb6307fbe359c359bec765249f3/drivers/scsi,
CONFIG_BLK_DEV_BSG,TODO,UNRESOLVED,,,,0,,,
CONFIG_BLK_DEV_BSGLIB,TODO,UNRESOLVED,,,,0,,,
CONFIG_BLK_DEV_BSG_COMMON,TODO,UNRESOLVED,,,,0,,,
CONFIG_BLK_DEV_COW_COMMON,TODO,UNRESOLVED,,,,0,,,
CONFIG_BLK_DEV_DM,TODO,UNRESOLVED,,,,0,,,
CONFIG_BLK_DEV_DM_BUILTIN,TODO,UNRESOLVED,,,,0,,,
CONFIG_BLK_DEV_DRBD,TODO,UNRESOLVED,,,,0,,,
CONFIG_BLK_DEV_FD,TODO,UNRESOLVED,,,,0,,,
CONFIG_BLK_DEV_FD_RAWCMD,TODO,UNRESOLVED,,,,0,,,
CONFIG_BLK_DEV_INITRD,TODO,UNRESOLVED,,,,0,,,
CONFIG_BLK_DEV_INTEGRITY,TODO,UNRESOLVED,,,,0,,,
CONFIG_BLK_DEV_IO_TRACE,TODO,UNRESOLVED,,,,0,,,
CONFIG_BLK_DEV_LOOP,TODO,UNRESOLVED,,,,0,,,
CONFIG_BLK_DEV_LOOP_MIN_COUNT,TODO,UNRESOLVED,,,,0,,,
CONFIG_BLK_DEV_MD,TODO,UNRESOLVED,,,,0,,,
CONFIG_BLK_DEV_NBD,TODO,UNRESOLVED,,,,0,,,
CONFIG_BLK_DEV_NULL_BLK,TODO,UNRESOLVED,,,,0,,,
CONFIG_BLK_DEV_NULL_BLK_FAULT_INJECTION,TODO,UNRESOLVED,,,,0,,,
CONFIG_BLK_DEV_NVME,TODO,UNRESOLVED,,,,0,,,
CONFIG_BLK_DEV_PCIESSD_MTIP32XX,TODO,UNRESOLVED,,,,0,,,
CONFIG_BLK_DEV_PMEM,TODO,UNRESOLVED,,,,0,,,
CONFIG_BLK_DEV_RAM,TODO,UNRESOLVED,,,,0,,,
CONFIG_BLK_DEV_RAM_COUNT,TODO,UNRESOLVED,,,,0,,,
CONFIG_BLK_DEV_RAM_SIZE,TODO,UNRESOLVED,,,,0,,,
CONFIG_BLK_DEV_RBD,TODO,UNRESOLVED,,,,0,,,
CONFIG_BLK_DEV_RNBD,TODO,UNRESOLVED,,,,0,,,
CONFIG_BLK_DEV_RNBD_CLIENT,TODO,UNRESOLVED,,,,0,,,
CONFIG_BLK_DEV_RNBD_SERVER,TODO,UNRESOLVED,,,,0,,,
CONFIG_BLK_DEV_RUST_NULL,TODO,UNRESOLVED,,,,0,,,
CONFIG_BLK_DEV_SD,TODO,UNRESOLVED,,,,0,,,
CONFIG_BLK_DEV_SR,TODO,UNRESOLVED,,,,0,,,
CONFIG_BLK_DEV_SWIM,TODO,UNRESOLVED,,,,0,,,
CONFIG_BLK_DEV_THROTTLING,TODO,UNRESOLVED,,,,0,,,
CONFIG_BLK_DEV_UBD,TODO,UNRESOLVED,,,,0,,,
CONFIG_BLK_DEV_UBD_SYNC,TODO,UNRESOLVED,,,,0,,,
CONFIG_BLK_DEV_UBLK,TODO,UNRESOLVED,,,,0,,,
CONFIG_BLK_DEV_WRITE_MOUNTED,TODO,UNRESOLVED,,,,0,,,
CONFIG_BLK_DEV_ZONED,TODO,UNRESOLVED,,,,0,,,
CONFIG_BLK_DEV_ZONED_LOOP,TODO,UNRESOLVED,,,,0,,,
CONFIG_BLK_ICQ,TODO,UNRESOLVED,,,,0,,,
CONFIG_BLK_INLINE_ENCRYPTION,TODO,UNRESOLVED,,,,0,,,
CONFIG_BLK_INLINE_ENCRYPTION_FALLBACK,TODO,UNRESOLVED,,,,0,,,
CONFIG_BLK_MQ_STACKING,TODO,UNRESOLVED,,,,0,,,
CONFIG_BLK_PM,TODO,UNRESOLVED,,,,0,,,
CONFIG_BLK_RQ_ALLOC_TIME,TODO,UNRESOLVED,,,,0,,,
CONFIG_BLK_SED_OPAL,TODO,UNRESOLVED,,,,0,,,
CONFIG_BLK_WBT,TODO,UNRESOLVED,,,,0,,,
CONFIG_BLK_WBT_MQ,TODO,UNRESOLVED,,,,0,,,
CONFIG_BLOCK,TODO,UNRESOLVED,,,,0,,,
CONFIG_BLOCK_HOLDER_DEPRECATED,TODO,UNRESOLVED,,,,0,,,
CONFIG_BLOCK_LEGACY_AUTOLOAD,TODO,UNRESOLVED,,,,0,,,
CONFIG_BMA180,TODO,UNRESOLVED,,,,0,,,
CONFIG_BMA220,TODO,UNRESOLVED,,,,0,,,
CONFIG_BMA400,TODO,UNRESOLVED,,,,0,,,
CONFIG_BMA400_I2C,TODO,UNRESOLVED,,,,0,,,
CONFIG_BMA400_SPI,TODO,UNRESOLVED,,,,0,,,
CONFIG_BMAC,TODO,UNRESOLVED,,,,0,,,
CONFIG_BMC150_ACCEL,TODO,UNRESOLVED,,,,0,,,
CONFIG_BMC150_ACCEL_I2C,TODO,UNRESOLVED,,,,0,,,
CONFIG_BMC150_ACCEL_SPI,TODO,UNRESOLVED,,,,0,,,
CONFIG_BMC150_MAGN,TODO,UNRESOLVED,,,,0,,,
CONFIG_BMC150_MAGN_I2C,TODO,UNRESOLVED,,,,0,,,
CONFIG_BMC150_MAGN_SPI,TODO,UNRESOLVED,,,,0,,,
CONFIG_BME680,TODO,UNRESOLVED,,,,0,,,
CONFIG_BME680_I2C,TODO,UNRESOLVED,,,,0,,,
CONFIG_BME680_SPI,TODO,UNRESOLVED,,,,0,,,
CONFIG_BMG160,TODO,UNRESOLVED,,,,0,,,
CONFIG_BMG160_I2C,TODO,UNRESOLVED,,,,0,,,
CONFIG_BMG160_SPI,TODO,UNRESOLVED,,,,0,,,
CONFIG_BMI088_ACCEL,TODO,UNRESOLVED,,,,0,,,
CONFIG_BMI088_ACCEL_I2C,TODO,UNRESOLVED,,,,0,,,
CONFIG_BMI088_ACCEL_SPI,TODO,UNRESOLVED,,,,0,,,
CONFIG_BMI160,TODO,UNRESOLVED,,,,0,,,
CONFIG_BMI160_I2C,TODO,UNRESOLVED,,,,0,,,
CONFIG_BMI160_SPI,TODO,UNRESOLVED,,,,0,,,
CONFIG_BMI270,TODO,UNRESOLVED,,,,0,,,
CONFIG_BMI270_I2C,TODO,UNRESOLVED,,,,0,,,
CONFIG_BMI270_SPI,TODO,UNRESOLVED,,,,0,,,
CONFIG_BMI323,TODO,UNRESOLVED,,,,0,,,
CONFIG_BMI323_I2C,TODO,UNRESOLVED,,,,0,,,
CONFIG_BMI323_SPI,TODO,UNRESOLVED,,,,0,,,
CONFIG_BMIPS_CPUFREQ,TODO,UNRESOLVED,,,,0,,,
CONFIG_BMP280,TODO,UNRESOLVED,,,,0,,,
CONFIG_BMP280_I2C,TODO,UNRESOLVED,,,,0,,,
CONFIG_BMP280_SPI,TODO,UNRESOLVED,,,,0,,,
CONFIG_BNA,TODO,UNRESOLVED,,,,0,,,
CONFIG_BNGE,TODO,UNRESOLVED,,,,0,,,
CONFIG_BNX2,TODO,UNRESOLVED,,,,0,,,
CONFIG_BNX2X,TODO,UNRESOLVED,,,,0,,,
CONFIG_BNX2X_SRIOV,TODO,UNRESOLVED,,,,0,,,
CONFIG_BNXT,TODO,UNRESOLVED,,,,0,,,
CONFIG_BNXT_DCB,TODO,UNRESOLVED,,,,0,,,
CONFIG_BNXT_FLOWER_OFFLOAD,TODO,UNRESOLVED,,,,0,,,
CONFIG_BNXT_HWMON,TODO,UNRESOLVED,,,,0,,,
CONFIG_BNXT_SRIOV,TODO,UNRESOLVED,,,,0,,,
CONFIG_BOARD_TPCI200,TODO,UNRESOLVED,,,,0,,,
CONFIG_BONDING,TODO,UNRESOLVED,,,,0,,,
CONFIG_BOOKE_WDT,TODO,UNRESOLVED,,,,0,,,
CONFIG_BOOKE_WDT_DEFAULT_TIMEOUT,TODO,UNRESOLVED,,,,0,,,
CONFIG_BOOTPARAM_HARDLOCKUP_PANIC,TODO,UNRESOLVED,,,,0,,,
CONFIG_BOOTPARAM_HUNG_TASK_PANIC,TODO,UNRESOLVED,,,,0,,,
CONFIG_BOOTPARAM_SOFTLOCKUP_PANIC,TODO,UNRESOLVED,,,,0,,,
CONFIG_BOOTTIME_TRACING,TODO,UNRESOLVED,,,,0,,,
CONFIG_BOOT_CONFIG,TODO,UNRESOLVED,,,,0,,,
CONFIG_BOOT_CONFIG_EMBED,TODO,UNRESOLVED,,,,0,,,
CONFIG_BOOT_CONFIG_EMBED_FILE,TODO,UNRESOLVED,,,,0,,,
CONFIG_BOOT_CONFIG_FORCE,TODO,UNRESOLVED,,,,0,,,
CONFIG_BOOT_PRINTK_DELAY,TODO,UNRESOLVED,,,,0,,,
CONFIG_BOOT_VESA_SUPPORT,TODO,UNRESOLVED,,,,0,,,
CONFIG_BOSCH_BNO055,TODO,UNRESOLVED,,,,0,,,
CONFIG_BOSCH_BNO055_I2C,TODO,UNRESOLVED,,,,0,,,
CONFIG_BOSCH_BNO055_SERIAL,TODO,UNRESOLVED,,,,0,,,
CONFIG_BOUNCE,TODO,UNRESOLVED,,,,0,,,
CONFIG_BPF,TODO,UNRESOLVED,,,,0,,,
CONFIG_BPF_ARCH_SPINLOCK,TODO,UNRESOLVED,,,,0,,,
CONFIG_BPF_EVENTS,TODO,UNRESOLVED,,,,0,,,
CONFIG_BPF_JIT,TODO,UNRESOLVED,,,,0,,,
CONFIG_BPF_JIT_ALWAYS_ON,TODO,UNRESOLVED,,,,0,,,
CONFIG_BPF_JIT_DEFAULT_ON,TODO,UNRESOLVED,,,,0,,,
CONFIG_BPF_KPROBE_OVERRIDE,TODO,UNRESOLVED,,,,0,,,
CONFIG_BPF_LIRC_MODE2,TODO,UNRESOLVED,,,,0,,,
CONFIG_BPF_LSM,TODO,UNRESOLVED,,,,0,,,
CONFIG_BPF_PRELOAD,TODO,UNRESOLVED,,,,0,,,
CONFIG_BPF_PRELOAD_UMD,TODO,UNRESOLVED,,,,0,,,
CONFIG_BPF_STREAM_PARSER,TODO,UNRESOLVED,,,,0,,,
CONFIG_BPF_SYSCALL,TODO,UNRESOLVED,,,,0,,,
CONFIG_BPF_UNPRIV_DEFAULT_OFF,TODO,UNRESOLVED,,,,0,,,
CONFIG_BPQETHER,TODO,UNRESOLVED,,,,0,,,
CONFIG_BQL,TODO,UNRESOLVED,,,,0,,,
CONFIG_BRANCH_PROFILE_NONE,TODO,UNRESOLVED,,,,0,,,
CONFIG_BRANCH_TRACER,TODO,UNRESOLVED,,,,0,,,
CONFIG_BRCMDBG,TODO,UNRESOLVED,,,,0,,,
CONFIG_BRCMFMAC,TODO,UNRESOLVED,,,,0,,,
CONFIG_BRCMFMAC_PCIE,TODO,UNRESOLVED,,,,0,,,
CONFIG_BRCMFMAC_PROTO_BCDC,TODO,UNRESOLVED,,,,0,,,
CONFIG_BRCMFMAC_PROTO_MSGBUF,TODO,UNRESOLVED,,,,0,,,
CONFIG_BRCMFMAC_SDIO,TODO,UNRESOLVED,,,,0,,,
CONFIG_BRCMFMAC_USB,TODO,UNRESOLVED,,,,0,,,
CONFIG_BRCMSMAC,TODO,UNRESOLVED,,,,0,,,
CONFIG_BRCMSMAC_LEDS,TODO,UNRESOLVED,,,,0,,,
CONFIG_BRCMSTB_DPFE,TODO,UNRESOLVED,,,,0,,,
CONFIG_BRCMSTB_GISB_ARB,TODO,UNRESOLVED,,,,0,,,
CONFIG_BRCMSTB_L2_IRQ,TODO,UNRESOLVED,,,,0,,,
CONFIG_BRCMSTB_MEMC,TODO,UNRESOLVED,,,,0,,,
CONFIG_BRCMSTB_PM,TODO,UNRESOLVED,,,,0,,,
CONFIG_BRCMSTB_THERMAL,TODO,UNRESOLVED,,,,0,,,
CONFIG_BRCMUTIL,TODO,UNRESOLVED,,,,0,,,
CONFIG_BRCM_TRACING,TODO,UNRESOLVED,,,,0,,,
CONFIG_BRCM_USB_PINMAP,TODO,UNRESOLVED,,,,0,,,
CONFIG_BRIDGE,TODO,UNRESOLVED,,,,0,,,
CONFIG_BRIDGE_CFM,TODO,UNRESOLVED,,,,0,,,
CONFIG_BRIDGE_EBT_802_3,TODO,UNRESOLVED,,,,0,,,
CONFIG_BRIDGE_EBT_AMONG,TODO,UNRESOLVED,,,,0,,,
CONFIG_BRIDGE_EBT_ARP,TODO,UNRESOLVED,,,,0,,,
CONFIG_BRIDGE_EBT_ARPREPLY,TODO,UNRESOLVED,,,,0,,,
CONFIG_BRIDGE_EBT_BROUTE,TODO,UNRESOLVED,,,,0,,,
CONFIG_BRIDGE_EBT_DNAT,TODO,UNRESOLVED,,,,0,,,
CONFIG_BRIDGE_EBT_IP,TODO,UNRESOLVED,,,,0,,,
CONFIG_BRIDGE_EBT_IP6,TODO,UNRESOLVED,,,,0,,,
CONFIG_BRIDGE_EBT_LIMIT,TODO,UNRESOLVED,,,,0,,,
CONFIG_BRIDGE_EBT_LOG,TODO,UNRESOLVED,,,,0,,,
CONFIG_BRIDGE_EBT_MARK,TODO,UNRESOLVED,,,,0,,,
CONFIG_BRIDGE_EBT_MARK_T,TODO,UNRESOLVED,,,,0,,,
CONFIG_BRIDGE_EBT_NFLOG,TODO,UNRESOLVED,,,,0,,,
CONFIG_BRIDGE_EBT_PKTTYPE,TODO,UNRESOLVED,,,,0,,,
CONFIG_BRIDGE_EBT_REDIRECT,TODO,UNRESOLVED,,,,0,,,
CONFIG_BRIDGE_EBT_SNAT,TODO,UNRESOLVED,,,,0,,,
CONFIG_BRIDGE_EBT_STP,TODO,UNRESOLVED,,,,0,,,
CONFIG_BRIDGE_EBT_T_FILTER,TODO,UNRESOLVED,,,,0,,,
CONFIG_BRIDGE_EBT_T_NAT,TODO,UNRESOLVED,,,,0,,,
CONFIG_BRIDGE_EBT_VLAN,TODO,UNRESOLVED,,,,0,,,
CONFIG_BRIDGE_IGMP_SNOOPING,TODO,UNRESOLVED,,,,0,,,
CONFIG_BRIDGE_MRP,TODO,UNRESOLVED,,,,0,,,
CONFIG_BRIDGE_NETFILTER,TODO,UNRESOLVED,,,,0,,,
CONFIG_BRIDGE_NF_EBTABLES,TODO,UNRESOLVED,,,,0,,,
CONFIG_BRIDGE_NF_EBTABLES_LEGACY,TODO,UNRESOLVED,,,,0,,,
CONFIG_BRIDGE_VLAN_FILTERING,TODO,UNRESOLVED,,,,0,,,
CONFIG_BROADCAST_TLB_FLUSH,TODO,UNRESOLVED,,,,0,,,
CONFIG_BROADCOM_PHY,TODO,UNRESOLVED,,,,0,,,
CONFIG_BROKEN,TODO,UNRESOLVED,,,,0,,,
CONFIG_BROKEN_ON_SMP,TODO,UNRESOLVED,,,,0,,,
CONFIG_BSD_DISKLABEL,TODO,UNRESOLVED,,,,0,,,
CONFIG_BSD_PROCESS_ACCT,TODO,UNRESOLVED,,,,0,,,
CONFIG_BSD_PROCESS_ACCT_V3,TODO,UNRESOLVED,,,,0,,,
CONFIG_BT,TODO,UNRESOLVED,,,,0,,,
CONFIG_BT1_APB,TODO,UNRESOLVED,,,,0,,,
CONFIG_BT1_AXI,TODO,UNRESOLVED,,,,0,,,
CONFIG_BT1_L2_CTL,TODO,UNRESOLVED,,,,0,,,
CONFIG_BTREE,TODO,UNRESOLVED,,,,0,,,
CONFIG_BTRFS_ASSERT,TODO,UNRESOLVED,,,,0,,,
CONFIG_BTRFS_DEBUG,TODO,UNRESOLVED,,,,0,,,
CONFIG_BTRFS_EXPERIMENTAL,TODO,UNRESOLVED,,,,0,,,
CONFIG_BTRFS_FS,TODO,UNRESOLVED,,,,0,,,
CONFIG_BTRFS_FS_POSIX_ACL,TODO,UNRESOLVED,,,,0,,,
CONFIG_BTRFS_FS_RUN_SANITY_TESTS,TODO,UNRESOLVED,,,,0,,,
CONFIG_BTT,TODO,UNRESOLVED,,,,0,,,
CONFIG_BT_6LOWPAN,TODO,UNRESOLVED,,,,0,,,
CONFIG_BT_AOSPEXT,TODO,UNRESOLVED,,,,0,,,
CONFIG_BT_ATH3K,TODO,UNRESOLVED,,,,0,,,
CONFIG_BT_BCM,TODO,UNRESOLVED,,,,0,,,
CONFIG_BT_BNEP,TODO,UNRESOLVED,,,,0,,,
CONFIG_BT_BNEP_MC_FILTER,TODO,UNRESOLVED,,,,0,,,
CONFIG_BT_BNEP_PROTO_FILTER,TODO,UNRESOLVED,,,,0,,,
CONFIG_BT_BREDR,TODO,UNRESOLVED,,,,0,,,
CONFIG_BT_CMTP,TODO,UNRESOLVED,,,,0,,,
CONFIG_BT_DEBUGFS,TODO,UNRESOLVED,,,,0,,,
CONFIG_BT_FEATURE_DEBUG,TODO,UNRESOLVED,,,,0,,,
CONFIG_BT_HCIBCM203X,TODO,UNRESOLVED,,,,0,,,
CONFIG_BT_HCIBCM4377,TODO,UNRESOLVED,,,,0,,,
CONFIG_BT_HCIBFUSB,TODO,UNRESOLVED,,,,0,,,
CONFIG_BT_HCIBLUECARD,TODO,UNRESOLVED,,,,0,,,
CONFIG_BT_HCIBPA10X,TODO,UNRESOLVED,,,,0,,,
CONFIG_BT_HCIBT3C,TODO,UNRESOLVED,,,,0,,,
CONFIG_BT_HCIBTSDIO,TODO,UNRESOLVED,,,,0,,,
CONFIG_BT_HCIBTUSB,TODO,UNRESOLVED,,,,0,,,
CONFIG_BT_HCIBTUSB_AUTOSUSPEND,TODO,UNRESOLVED,,,,0,,,
CONFIG_BT_HCIBTUSB_BCM,TODO,UNRESOLVED,,,,0,,,
CONFIG_BT_HCIBTUSB_MTK,TODO,UNRESOLVED,,,,0,,,
CONFIG_BT_HCIBTUSB_POLL_SYNC,TODO,UNRESOLVED,,,,0,,,
CONFIG_BT_HCIBTUSB_RTL,TODO,UNRESOLVED,,,,0,,,
CONFIG_BT_HCIDTL1,TODO,UNRESOLVED,,,,0,,,
CONFIG_BT_HCIRSI,TODO,UNRESOLVED,,,,0,,,
CONFIG_BT_HCIUART,TODO,UNRESOLVED,,,,0,,,
CONFIG_BT_HCIUART_3WIRE,TODO,UNRESOLVED,,,,0,,,
CONFIG_BT_HCIUART_AG6XX,TODO,UNRESOLVED,,,,0,,,
CONFIG_BT_HCIUART_AML,TODO,UNRESOLVED,,,,0,,,
CONFIG_BT_HCIUART_ATH3K,TODO,UNRESOLVED,,,,0,,,
CONFIG_BT_HCIUART_BCM,TODO,UNRESOLVED,,,,0,,,
CONFIG_BT_HCIUART_BCSP,TODO,UNRESOLVED,,,,0,,,
CONFIG_BT_HCIUART_H4,TODO,UNRESOLVED,,,,0,,,
CONFIG_BT_HCIUART_INTEL,TODO,UNRESOLVED,,,,0,,,
CONFIG_BT_HCIUART_LL,TODO,UNRESOLVED,,,,0,,,
CONFIG_BT_HCIUART_MRVL,TODO,UNRESOLVED,,,,0,,,
CONFIG_BT_HCIUART_NOKIA,TODO,UNRESOLVED,,,,0,,,
CONFIG_BT_HCIUART_QCA,TODO,UNRESOLVED,,,,0,,,
CONFIG_BT_HCIUART_RTL,TODO,UNRESOLVED,,,,0,,,
CONFIG_BT_HCIUART_SERDEV,TODO,UNRESOLVED,,,,0,,,
CONFIG_BT_HCIVHCI,TODO,UNRESOLVED,,,,0,,,
CONFIG_BT_HIDP,TODO,UNRESOLVED,,,,0,,,
CONFIG_BT_INTEL,TODO,UNRESOLVED,,,,0,,,
CONFIG_BT_INTEL_PCIE,TODO,UNRESOLVED,,,,0,,,
CONFIG_BT_LE,TODO,UNRESOLVED,,,,0,,,
CONFIG_BT_LEDS,TODO,UNRESOLVED,,,,0,,,
CONFIG_BT_LE_L2CAP_ECRED,TODO,UNRESOLVED,,,,0,,,
CONFIG_BT_MRVL,TODO,UNRESOLVED,,,,0,,,
CONFIG_BT_MRVL_SDIO,TODO,UNRESOLVED,,,,0,,,
CONFIG_BT_MSFTEXT,TODO,UNRESOLVED,,,,0,,,
CONFIG_BT_MTK,TODO,UNRESOLVED,,,,0,,,
CONFIG_BT_MTKSDIO,TODO,UNRESOLVED,,,,0,,,
CONFIG_BT_MTKUART,TODO,UNRESOLVED,,,,0,,,
CONFIG_BT_NXPUART,TODO,UNRESOLVED,,,,0,,,
CONFIG_BT_QCA,TODO,UNRESOLVED,,,,0,,,
CONFIG_BT_QCOMSMD,TODO,UNRESOLVED,,,,0,,,
CONFIG_BT_RFCOMM,TODO,UNRESOLVED,,,,0,,,
CONFIG_BT_RFCOMM_TTY,TODO,UNRESOLVED,,,,0,,,
CONFIG_BT_RTL,TODO,UNRESOLVED,,,,0,,,
CONFIG_BT_SELFTEST,TODO,UNRESOLVED,,,,0,,,
CONFIG_BT_SELFTEST_ECDH,TODO,UNRESOLVED,,,,0,,,
CONFIG_BT_SELFTEST_SMP,TODO,UNRESOLVED,,,,0,,,
CONFIG_BT_VIRTIO,TODO,UNRESOLVED,,,,0,,,
CONFIG_BUFFER_HEAD,TODO,UNRESOLVED,,,,0,,,
CONFIG_BUG,TODO,UNRESOLVED,,,,0,,,
CONFIG_BUG_ON_DATA_CORRUPTION,TODO,UNRESOLVED,,,,0,,,
CONFIG_BUILDTIME_MCOUNT_SORT,TODO,UNRESOLVED,,,,0,,,
CONFIG_BUILDTIME_TABLE_SORT,TODO,UNRESOLVED,,,,0,,,
CONFIG_BUILD_SALT,TODO,UNRESOLVED,,,,0,,,
CONFIG_BUILTIN_DTB_ALL,TODO,UNRESOLVED,,,,0,,,
CONFIG_BUILTIN_MODULE_RANGES,TODO,UNRESOLVED,,,,0,,,
CONFIG_BVME6000_NET,TODO,UNRESOLVED,,,,0,,,
CONFIG_BVME6000_SCSI,TODO,UNRESOLVED,,,,0,,,
CONFIG_BXT_WC_PMIC_OPREGION,TODO,UNRESOLVED,,,,0,,,
CONFIG_BYTCRC_PMIC_OPREGION,TODO,UNRESOLVED,,,,0,,,
CONFIG_C101,TODO,UNRESOLVED,,,,0,,,
CONFIG_C2PORT,TODO,UNRESOLVED,,,,0,,,
CONFIG_C2PORT_DURAMAR_2150,TODO,UNRESOLVED,,,,0,,,
CONFIG_CACHEFILES,TODO,UNRESOLVED,,,,0,,,
CONFIG_CACHEFILES_DEBUG,TODO,UNRESOLVED,,,,0,,,
CONFIG_CACHEFILES_ERROR_INJECTION,TODO,UNRESOLVED,,,,0,,,
CONFIG_CACHEFILES_ONDEMAND,TODO,UNRESOLVED,,,,0,,,
CONFIG_CACHESTAT_SYSCALL,TODO,UNRESOLVED,,,,0,,,
CONFIG_CADENCE_TTC_TIMER,TODO,UNRESOLVED,,,,0,,,
CONFIG_CADENCE_WATCHDOG,TODO,UNRESOLVED,,,,0,,,
CONFIG_CAIF,TODO,UNRESOLVED,,,,0,,,
CONFIG_CAIF_DEBUG,TODO,UNRESOLVED,,,,0,,,
CONFIG_CAIF_DRIVERS,TODO,UNRESOLVED,,,,0,,,
CONFIG_CAIF_NETDEV,TODO,UNRESOLVED,,,,0,,,
CONFIG_CAIF_TTY,TODO,UNRESOLVED,,,,0,,,
CONFIG_CAIF_USB,TODO,UNRESOLVED,,,,0,,,
CONFIG_CAIF_VIRTIO,TODO,UNRESOLVED,,,,0,,,
CONFIG_CALL_PADDING,TODO,UNRESOLVED,,,,0,,,
CONFIG_CALL_THUNKS,TODO,UNRESOLVED,,,,0,,,
CONFIG_CALL_THUNKS_DEBUG,TODO,UNRESOLVED,,,,0,,,
CONFIG_CAN,TODO,UNRESOLVED,,,,0,,,
CONFIG_CAN_8DEV_USB,TODO,UNRESOLVED,,,,0,,,
CONFIG_CAN_AT91,TODO,UNRESOLVED,,,,0,,,
CONFIG_CAN_BCM,TODO,UNRESOLVED,,,,0,,,
CONFIG_CAN_BXCAN,TODO,UNRESOLVED,,,,0,,,
CONFIG_CAN_CALC_BITTIMING,TODO,UNRESOLVED,,,,0,,,
CONFIG_CAN_CAN327,TODO,UNRESOLVED,,,,0,,,
CONFIG_CAN_CC770,TODO,UNRESOLVED,,,,0,,,
CONFIG_CAN_CC770_ISA,TODO,UNRESOLVED,,,,0,,,
CONFIG_CAN_CC770_PLATFORM,TODO,UNRESOLVED,,,,0,,,
CONFIG_CAN_CTUCANFD,TODO,UNRESOLVED,,,,0,,,
CONFIG_CAN_CTUCANFD_PCI,TODO,UNRESOLVED,,,,0,,,
CONFIG_CAN_CTUCANFD_PLATFORM,TODO,UNRESOLVED,,,,0,,,
CONFIG_CAN_C_CAN,TODO,UNRESOLVED,,,,0,,,
CONFIG_CAN_C_CAN_PCI,TODO,UNRESOLVED,,,,0,,,
CONFIG_CAN_C_CAN_PLATFORM,TODO,UNRESOLVED,,,,0,,,
CONFIG_CAN_DEBUG_DEVICES,TODO,UNRESOLVED,,,,0,,,
CONFIG_CAN_DEV,TODO,UNRESOLVED,,,,0,,,
CONFIG_CAN_EMS_PCI,TODO,UNRESOLVED,,,,0,,,
CONFIG_CAN_EMS_PCMCIA,TODO,UNRESOLVED,,,,0,,,
CONFIG_CAN_EMS_USB,TODO,UNRESOLVED,,,,0,,,
CONFIG_CAN_ESD_402_PCI,TODO,UNRESOLVED,,,,0,,,
CONFIG_CAN_ESD_USB,TODO,UNRESOLVED,,,,0,,,
CONFIG_CAN_ETAS_ES58X,TODO,UNRESOLVED,,,,0,,,
CONFIG_CAN_F81601,TODO,UNRESOLVED,,,,0,,,
CONFIG_CAN_F81604,TODO,UNRESOLVED,,,,0,,,
CONFIG_CAN_FLEXCAN,TODO,UNRESOLVED,,,,0,,,
CONFIG_CAN_GRCAN,TODO,UNRESOLVED,,,,0,,,
CONFIG_CAN_GS_USB,TODO,UNRESOLVED,,,,0,,,
CONFIG_CAN_GW,TODO,UNRESOLVED,,,,0,,,
CONFIG_CAN_HI311X,TODO,UNRESOLVED,,,,0,,,
CONFIG_CAN_IFI_CANFD,TODO,UNRESOLVED,,,,0,,,
CONFIG_CAN_ISOTP,TODO,UNRESOLVED,,,,0,,,
CONFIG_CAN_J1939,TODO,UNRESOLVED,,,,0,,,
CONFIG_CAN_JANZ_ICAN3,TODO,UNRESOLVED,,,,0,,,
CONFIG_CAN_KVASER_PCI,TODO,UNRESOLVED,,,,0,,,
CONFIG_CAN_KVASER_PCIEFD,TODO,UNRESOLVED,,,,0,,,
CONFIG_CAN_KVASER_USB,TODO,UNRESOLVED,,,,0,,,
CONFIG_CAN_MCBA_USB,TODO,UNRESOLVED,,,,0,,,
CONFIG_CAN_MCP251X,TODO,UNRESOLVED,,,,0,,,
CONFIG_CAN_MCP251XFD,TODO,UNRESOLVED,,,,0,,,
CONFIG_CAN_MCP251XFD_SANITY,TODO,UNRESOLVED,,,,0,,,
CONFIG_CAN_MPC5XXX,TODO,UNRESOLVED,,,,0,,,
CONFIG_CAN_MSCAN,TODO,UNRESOLVED,,,,0,,,
CONFIG_CAN_M_CAN,TODO,UNRESOLVED,,,,0,,,
CONFIG_CAN_M_CAN_PCI,TODO,UNRESOLVED,,,,0,,,
CONFIG_CAN_M_CAN_PLATFORM,TODO,UNRESOLVED,,,,0,,,
CONFIG_CAN_M_CAN_TCAN4X5X,TODO,UNRESOLVED,,,,0,,,
CONFIG_CAN_NCT6694,TODO,UNRESOLVED,,,,0,,,
CONFIG_CAN_NETLINK,TODO,UNRESOLVED,,,,0,,,
CONFIG_CAN_PEAK_PCI,TODO,UNRESOLVED,,,,0,,,
CONFIG_CAN_PEAK_PCIEC,TODO,UNRESOLVED,,,,0,,,
CONFIG_CAN_PEAK_PCIEFD,TODO,UNRESOLVED,,,,0,,,
CONFIG_CAN_PEAK_PCMCIA,TODO,UNRESOLVED,,,,0,,,
CONFIG_CAN_PEAK_USB,TODO,UNRESOLVED,,,,0,,,
CONFIG_CAN_PLX_PCI,TODO,UNRESOLVED,,,,0,,,
CONFIG_CAN_RAW,TODO,UNRESOLVED,,,,0,,,
CONFIG_CAN_RCAR,TODO,UNRESOLVED,,,,0,,,
CONFIG_CAN_RCAR_CANFD,TODO,UNRESOLVED,,,,0,,,
CONFIG_CAN_ROCKCHIP_CANFD,TODO,UNRESOLVED,,,,0,,,
CONFIG_CAN_RX_OFFLOAD,TODO,UNRESOLVED,,,,0,,,
CONFIG_CAN_SJA1000,TODO,UNRESOLVED,,,,0,,,
CONFIG_CAN_SJA1000_ISA,TODO,UNRESOLVED,,,,0,,,
CONFIG_CAN_SJA1000_PLATFORM,TODO,UNRESOLVED,,,,0,,,
CONFIG_CAN_SLCAN,TODO,UNRESOLVED,,,,0,,,
CONFIG_CAN_SOFTING,TODO,UNRESOLVED,,,,0,,,
CONFIG_CAN_SOFTING_CS,TODO,UNRESOLVED,,,,0,,,
CONFIG_CAN_SUN4I,TODO,UNRESOLVED,,,,0,,,
CONFIG_CAN_TI_HECC,TODO,UNRESOLVED,,,,0,,,
CONFIG_CAN_TSCAN1,TODO,UNRESOLVED,,,,0,,,
CONFIG_CAN_UCAN,TODO,UNRESOLVED,,,,0,,,
CONFIG_CAN_VCAN,TODO,UNRESOLVED,,,,0,,,
CONFIG_CAN_VXCAN,TODO,UNRESOLVED,,,,0,,,
CONFIG_CAN_XILINXCAN,TODO,UNRESOLVED,,,,0,,,
CONFIG_CAPI_TRACE,TODO,UNRESOLVED,,,,0,,,
CONFIG_CARDBUS,TODO,UNRESOLVED,,,,0,,,
CONFIG_CARL9170,TODO,UNRESOLVED,,,,0,,,
CONFIG_CARL9170_DEBUGFS,TODO,UNRESOLVED,,,,0,,,
CONFIG_CARL9170_HWRNG,TODO,UNRESOLVED,,,,0,,,
CONFIG_CARL9170_LEDS,TODO,UNRESOLVED,,,,0,,,
CONFIG_CARL9170_WPC,TODO,UNRESOLVED,,,,0,,,
CONFIG_CARMINE_DRAM_CUSTOM,TODO,UNRESOLVED,,,,0,,,
CONFIG_CASSINI,TODO,UNRESOLVED,,,,0,,,
CONFIG_CAVIUM_CPT,TODO,UNRESOLVED,,,,0,,,
CONFIG_CAVIUM_PTP,TODO,UNRESOLVED,,,,0,,,
CONFIG_CB710_CORE,TODO,UNRESOLVED,,,,0,,,
CONFIG_CB710_DEBUG,TODO,UNRESOLVED,,,,0,,,
CONFIG_CB710_DEBUG_ASSUMPTIONS,TODO,UNRESOLVED,,,,0,,,
CONFIG_CC10001_ADC,TODO,UNRESOLVED,,,,0,,,
CONFIG_CCS811,TODO,UNRESOLVED,,,,0,,,
CONFIG_CCWGROUP,TODO,UNRESOLVED,,,,0,,,
CONFIG_CCW_CONSOLE,TODO,UNRESOLVED,,,,0,,,
CONFIG_CC_CAN_LINK,TODO,UNRESOLVED,,,,0,,,
CONFIG_CC_HAS_ASM_GOTO_OUTPUT,TODO,UNRESOLVED,,,,0,,,
CONFIG_CC_HAS_ASM_GOTO_TIED_OUTPUT,TODO,UNRESOLVED,,,,0,,,
CONFIG_CC_HAS_ASM_INLINE,TODO,UNRESOLVED,,,,0,,,
CONFIG_CC_HAS_ASSUME,TODO,UNRESOLVED,,,,0,,,
CONFIG_CC_HAS_AUTO_VAR_INIT_PATTERN,TODO,UNRESOLVED,,,,0,,,
CONFIG_CC_HAS_AUTO_VAR_INIT_ZERO,TODO,UNRESOLVED,,,,0,,,
CONFIG_CC_HAS_AUTO_VAR_INIT_ZERO_BARE,TODO,UNRESOLVED,,,,0,,,
CONFIG_CC_HAS_AUTO_VAR_INIT_ZERO_ENABLER,TODO,UNRESOLVED,,,,0,,,
CONFIG_CC_HAS_COUNTED_BY,TODO,UNRESOLVED,,,,0,,,
CONFIG_CC_HAS_ENTRY_PADDING,TODO,UNRESOLVED,,,,0,,,
CONFIG_CC_HAS_IBT,TODO,UNRESOLVED,,,,0,,,
CONFIG_CC_HAS_INT128,TODO,UNRESOLVED,,,,0,,,
CONFIG_CC_HAS_KASAN_GENERIC,TODO,UNRESOLVED,,,,0,,,
CONFIG_CC_HAS_KASAN_MEMINTRINSIC_PREFIX,TODO,UNRESOLVED,,,,0,,,
CONFIG_CC_HAS_KASAN_SW_TAGS,TODO,UNRESOLVED,,,,0,,,
CONFIG_CC_HAS_KCFI_ARITY,TODO,UNRESOLVED,,,,0,,,
CONFIG_CC_HAS_MARCH_NATIVE,TODO,UNRESOLVED,,,,0,,,
CONFIG_CC_HAS_MIN_FUNCTION_ALIGNMENT,TODO,UNRESOLVED,,,,0,,,
CONFIG_CC_HAS_MULTIDIMENSIONAL_NONSTRING,TODO,UNRESOLVED,,,,0,,,
CONFIG_CC_HAS_NAMED_AS,TODO,UNRESOLVED,,,,0,,,
CONFIG_CC_HAS_NAMED_AS_FIXED_SANITIZERS,TODO,UNRESOLVED,,,,0,,,
CONFIG_CC_HAS_NO_PROFILE_FN_ATTR,TODO,UNRESOLVED,,,,0,,,
CONFIG_CC_HAS_RANDSTRUCT,TODO,UNRESOLVED,,,,0,,,
CONFIG_CC_HAS_RETURN_THUNK,TODO,UNRESOLVED,,,,0,,,
CONFIG_CC_HAS_SANCOV_STACK_DEPTH_CALLBACK,TODO,UNRESOLVED,,,,0,,,
CONFIG_CC_HAS_SANE_FUNCTION_ALIGNMENT,TODO,UNRESOLVED,,,,0,,,
CONFIG_CC_HAS_SLS,TODO,UNRESOLVED,,,,0,,,
CONFIG_CC_HAS_TSAN_COMPOUND_READ_BEFORE_WRITE,TODO,UNRESOLVED,,,,0,,,
CONFIG_CC_HAS_UBSAN_ARRAY_BOUNDS,TODO,UNRESOLVED,,,,0,,,
CONFIG_CC_HAS_UBSAN_BOUNDS_STRICT,TODO,UNRESOLVED,,,,0,,,
CONFIG_CC_HAS_WORKING_NOSANITIZE_ADDRESS,TODO,UNRESOLVED,,,,0,,,
CONFIG_CC_HAS_ZERO_CALL_USED_REGS,TODO,UNRESOLVED,,,,0,,,
CONFIG_CC_IMPLICIT_FALLTHROUGH,TODO,UNRESOLVED,,,,0,,,
CONFIG_CC_IS_CLANG,TODO,UNRESOLVED,,,,0,,,
CONFIG_CC_IS_GCC,TODO,UNRESOLVED,,,,0,,,
CONFIG_CC_NO_ARRAY_BOUNDS,TODO,UNRESOLVED,,,,0,,,
CONFIG_CC_NO_STRINGOP_OVERFLOW,TODO,UNRESOLVED,,,,0,,,
CONFIG_CC_OPTIMIZE_FOR_PERFORMANCE,TODO,UNRESOLVED,,,,0,,,
CONFIG_CC_OPTIMIZE_FOR_SIZE,TODO,UNRESOLVED,,,,0,,,
CONFIG_CC_STRINGOP_OVERFLOW,TODO,UNRESOLVED,,,,0,,,
CONFIG_CC_VERSION_TEXT,TODO,UNRESOLVED,,,,0,,,
CONFIG_CDNS_I3C_MASTER,TODO,UNRESOLVED,,,,0,,,
CONFIG_CDROM,TODO,UNRESOLVED,,,,0,,,
CONFIG_CDX_BUS,TODO,UNRESOLVED,,,,0,,,
CONFIG_CDX_CONTROLLER,TODO,UNRESOLVED,,,,0,,,
CONFIG_CEC_CH7322,TODO,UNRESOLVED,,,,0,,,
CONFIG_CEC_CORE,TODO,UNRESOLVED,,,,0,,,
CONFIG_CEC_CROS_EC,TODO,UNRESOLVED,,,,0,,,
CONFIG_CEC_GPIO,TODO,UNRESOLVED,,,,0,,,
CONFIG_CEC_MESON_AO,TODO,UNRESOLVED,,,,0,,,
CONFIG_CEC_MESON_G12A_AO,TODO,UNRESOLVED,,,,0,,,
CONFIG_CEC_NOTIFIER,TODO,UNRESOLVED,,,,0,,,
CONFIG_CEC_NXP_TDA9950,TODO,UNRESOLVED,,,,0,,,
CONFIG_CEC_PIN,TODO,UNRESOLVED,,,,0,,,
CONFIG_CEC_PIN_ERROR_INJ,TODO,UNRESOLVED,,,,0,,,
CONFIG_CEC_SAMSUNG_S5P,TODO,UNRESOLVED,,,,0,,,
CONFIG_CEC_SECO,TODO,UNRESOLVED,,,,0,,,
CONFIG_CEC_SECO_RC,TODO,UNRESOLVED,,,,0,,,
CONFIG_CEC_STI,TODO,UNRESOLVED,,,,0,,,
CONFIG_CEC_STM32,TODO,UNRESOLVED,,,,0,,,
CONFIG_CEC_TEGRA,TODO,UNRESOLVED,,,,0,,,
CONFIG_CEPH_FS,TODO,UNRESOLVED,,,,0,,,
CONFIG_CEPH_FSCACHE,TODO,UNRESOLVED,,,,0,,,
CONFIG_CEPH_FS_POSIX_ACL,TODO,UNRESOLVED,,,,0,,,
CONFIG_CEPH_FS_SECURITY_LABEL,TODO,UNRESOLVED,,,,0,,,
CONFIG_CEPH_LIB,TODO,UNRESOLVED,,,,0,,,
CONFIG_CEPH_LIB_PRETTYDEBUG,TODO,UNRESOLVED,,,,0,,,
CONFIG_CEPH_LIB_USE_DNS_RESOLVER,TODO,UNRESOLVED,,,,0,,,
CONFIG_CFAG12864B,TODO,UNRESOLVED,,,,0,,,
CONFIG_CFAG12864B_RATE,TODO,UNRESOLVED,,,,0,,,
CONFIG_CFG80211,TODO,UNRESOLVED,,,,0,,,
CONFIG_CFG80211_CERTIFICATION_ONUS,TODO,UNRESOLVED,,,,0,,,
CONFIG_CFG80211_CRDA_SUPPORT,TODO,UNRESOLVED,,,,0,,,
CONFIG_CFG80211_DEBUGFS,TODO,UNRESOLVED,,,,0,,,
CONFIG_CFG80211_DEFAULT_PS,TODO,UNRESOLVED,,,,0,,,
CONFIG_CFG80211_DEVELOPER_WARNINGS,TODO,UNRESOLVED,,,,0,,,
CONFIG_CFG80211_EXTRA_REGDB_KEYDIR,TODO,UNRESOLVED,,,,0,,,
CONFIG_CFG80211_KUNIT_TEST,TODO,UNRESOLVED,,,,0,,,
CONFIG_CFG80211_REG_CELLULAR_HINTS,TODO,UNRESOLVED,,,,0,,,
CONFIG_CFG80211_REG_RELAX_NO_IR,TODO,UNRESOLVED,,,,0,,,
CONFIG_CFG80211_REQUIRE_SIGNED_REGDB,TODO,UNRESOLVED,,,,0,,,
CONFIG_CFG80211_USE_KERNEL_REGDB_KEYS,TODO,UNRESOLVED,,,,0,,,
CONFIG_CFG80211_WEXT,TODO,UNRESOLVED,,,,0,,,
CONFIG_CFI,TODO,UNRESOLVED,,,,0,,,
CONFIG_CFI_AUTO_DEFAULT,TODO,UNRESOLVED,,,,0,,,
CONFIG_CFI_CLANG,TODO,UNRESOLVED,,,,0,,,
CONFIG_CFI_ICALL_NORMALIZE_INTEGERS,TODO,UNRESOLVED,,,,0,,,
CONFIG_CFI_PERMISSIVE,TODO,UNRESOLVED,,,,0,,,
CONFIG_CFS_BANDWIDTH,TODO,UNRESOLVED,,,,0,,,
CONFIG_CGBC_WDT,TODO,UNRESOLVED,,,,0,,,
CONFIG_CGROUPS,REVIEWED,DEFERRED,DOCUMENTED_PLATFORM,WSL_CONTROL,stock-init-policy,1,"Stock mini_init unconditionally attempts a cgroup2 mount, but ignores UtilMount's return. K-HOSTCHAN-001 continued after the logged failure; cgroups are therefore not the observed terminal blocker and are excluded from the selected reduced control plane unless later command-dispatch evidence requires them.",https://github.com/microsoft/WSL/blob/68f601bba8eac1df20a0bbd403c6c87c92369ade/src/linux/init/main.cpp#L4123,
CONFIG_CGROUP_BPF,TODO,UNRESOLVED,,,,0,,,
CONFIG_CGROUP_CPUACCT,TODO,UNRESOLVED,,,,0,,,
CONFIG_CGROUP_DEBUG,TODO,UNRESOLVED,,,,0,,,
CONFIG_CGROUP_DEVICE,TODO,UNRESOLVED,,,,0,,,
CONFIG_CGROUP_DMEM,TODO,UNRESOLVED,,,,0,,,
CONFIG_CGROUP_FAVOR_DYNMODS,TODO,UNRESOLVED,,,,0,,,
CONFIG_CGROUP_FREEZER,TODO,UNRESOLVED,,,,0,,,
CONFIG_CGROUP_HUGETLB,TODO,UNRESOLVED,,,,0,,,
CONFIG_CGROUP_MISC,TODO,UNRESOLVED,,,,0,,,
CONFIG_CGROUP_NET_CLASSID,TODO,UNRESOLVED,,,,0,,,
CONFIG_CGROUP_NET_PRIO,TODO,UNRESOLVED,,,,0,,,
CONFIG_CGROUP_PERF,TODO,UNRESOLVED,,,,0,,,
CONFIG_CGROUP_PIDS,TODO,UNRESOLVED,,,,0,,,
CONFIG_CGROUP_RDMA,TODO,UNRESOLVED,,,,0,,,
CONFIG_CGROUP_SCHED,TODO,UNRESOLVED,,,,0,,,
CONFIG_CGROUP_WRITEBACK,TODO,UNRESOLVED,,,,0,,,
CONFIG_CHARGER_88PM860X,TODO,UNRESOLVED,,,,0,,,
CONFIG_CHARGER_ADP5061,TODO,UNRESOLVED,,,,0,,,
CONFIG_CHARGER_AXP20X,TODO,UNRESOLVED,,,,0,,,
CONFIG_CHARGER_BD99954,TODO,UNRESOLVED,,,,0,,,
CONFIG_CHARGER_BQ2415X,TODO,UNRESOLVED,,,,0,,,
CONFIG_CHARGER_BQ24190,TODO,UNRESOLVED,,,,0,,,
CONFIG_CHARGER_BQ24257,TODO,UNRESOLVED,,,,0,,,
CONFIG_CHARGER_BQ24735,TODO,UNRESOLVED,,,,0,,,
CONFIG_CHARGER_BQ2515X,TODO,UNRESOLVED,,,,0,,,
CONFIG_CHARGER_BQ256XX,TODO,UNRESOLVED,,,,0,,,
CONFIG_CHARGER_BQ257XX,TODO,UNRESOLVED,,,,0,,,
CONFIG_CHARGER_BQ25890,TODO,UNRESOLVED,,,,0,,,
CONFIG_CHARGER_BQ25980,TODO,UNRESOLVED,,,,0,,,
CONFIG_CHARGER_CPCAP,TODO,UNRESOLVED,,,,0,,,
CONFIG_CHARGER_CROS_CONTROL,TODO,UNRESOLVED,,,,0,,,
CONFIG_CHARGER_CROS_PCHG,TODO,UNRESOLVED,,,,0,,,
CONFIG_CHARGER_CROS_USBPD,TODO,UNRESOLVED,,,,0,,,
CONFIG_CHARGER_DA9150,TODO,UNRESOLVED,,,,0,,,
CONFIG_CHARGER_DETECTOR_MAX14656,TODO,UNRESOLVED,,,,0,,,
CONFIG_CHARGER_GPIO,TODO,UNRESOLVED,,,,0,,,
CONFIG_CHARGER_ISP1704,TODO,UNRESOLVED,,,,0,,,
CONFIG_CHARGER_LP8727,TODO,UNRESOLVED,,,,0,,,
CONFIG_CHARGER_LP8788,TODO,UNRESOLVED,,,,0,,,
CONFIG_CHARGER_LT3651,TODO,UNRESOLVED,,,,0,,,
CONFIG_CHARGER_LTC4162L,TODO,UNRESOLVED,,,,0,,,
CONFIG_CHARGER_MANAGER,TODO,UNRESOLVED,,,,0,,,
CONFIG_CHARGER_MAX14577,TODO,UNRESOLVED,,,,0,,,
CONFIG_CHARGER_MAX77650,TODO,UNRESOLVED,,,,0,,,
CONFIG_CHARGER_MAX77693,TODO,UNRESOLVED,,,,0,,,
CONFIG_CHARGER_MAX77705,TODO,UNRESOLVED,,,,0,,,
CONFIG_CHARGER_MAX77976,TODO,UNRESOLVED,,,,0,,,
CONFIG_CHARGER_MAX8903,TODO,UNRESOLVED,,,,0,,,
CONFIG_CHARGER_MAX8971,TODO,UNRESOLVED,,,,0,,,
CONFIG_CHARGER_MAX8997,TODO,UNRESOLVED,,,,0,,,
CONFIG_CHARGER_MAX8998,TODO,UNRESOLVED,,,,0,,,
CONFIG_CHARGER_MP2629,TODO,UNRESOLVED,,,,0,,,
CONFIG_CHARGER_MT6360,TODO,UNRESOLVED,,,,0,,,
CONFIG_CHARGER_MT6370,TODO,UNRESOLVED,,,,0,,,
CONFIG_CHARGER_PM8916_LBC,TODO,UNRESOLVED,,,,0,,,
CONFIG_CHARGER_QCOM_SMB2,TODO,UNRESOLVED,,,,0,,,
CONFIG_CHARGER_QCOM_SMBB,TODO,UNRESOLVED,,,,0,,,
CONFIG_CHARGER_RK817,TODO,UNRESOLVED,,,,0,,,
CONFIG_CHARGER_RT5033,TODO,UNRESOLVED,,,,0,,,
CONFIG_CHARGER_RT9455,TODO,UNRESOLVED,,,,0,,,
CONFIG_CHARGER_RT9467,TODO,UNRESOLVED,,,,0,,,
CONFIG_CHARGER_RT9471,TODO,UNRESOLVED,,,,0,,,
CONFIG_CHARGER_SBS,TODO,UNRESOLVED,,,,0,,,
CONFIG_CHARGER_SC2731,TODO,UNRESOLVED,,,,0,,,
CONFIG_CHARGER_SMB347,TODO,UNRESOLVED,,,,0,,,
CONFIG_CHARGER_SURFACE,TODO,UNRESOLVED,,,,0,,,
CONFIG_CHARGER_TPS65090,TODO,UNRESOLVED,,,,0,,,
CONFIG_CHARGER_TPS65217,TODO,UNRESOLVED,,,,0,,,
CONFIG_CHARGER_TWL4030,TODO,UNRESOLVED,,,,0,,,
CONFIG_CHARGER_TWL6030,TODO,UNRESOLVED,,,,0,,,
CONFIG_CHARGER_UCS1002,TODO,UNRESOLVED,,,,0,,,
CONFIG_CHARGER_WILCO,TODO,UNRESOLVED,,,,0,,,
CONFIG_CHARLCD,TODO,UNRESOLVED,,,,0,,,
CONFIG_CHARLCD_BL_FLASH,TODO,UNRESOLVED,,,,0,,,
CONFIG_CHARLCD_BL_OFF,TODO,UNRESOLVED,,,,0,,,
CONFIG_CHARLCD_BL_ON,TODO,UNRESOLVED,,,,0,,,
CONFIG_CHECKPOINT_RESTORE,TODO,UNRESOLVED,,,,0,,,
CONFIG_CHECKSUM_KUNIT,TODO,UNRESOLVED,,,,0,,,
CONFIG_CHECK_SIGNATURE,TODO,UNRESOLVED,,,,0,,,
CONFIG_CHELSIO_INLINE_CRYPTO,TODO,UNRESOLVED,,,,0,,,
CONFIG_CHELSIO_IPSEC_INLINE,TODO,UNRESOLVED,,,,0,,,
CONFIG_CHELSIO_LIB,TODO,UNRESOLVED,,,,0,,,
CONFIG_CHELSIO_T1,TODO,UNRESOLVED,,,,0,,,
CONFIG_CHELSIO_T1_1G,TODO,UNRESOLVED,,,,0,,,
CONFIG_CHELSIO_T3,TODO,UNRESOLVED,,,,0,,,
CONFIG_CHELSIO_T4,TODO,UNRESOLVED,,,,0,,,
CONFIG_CHELSIO_T4VF,TODO,UNRESOLVED,,,,0,,,
CONFIG_CHELSIO_T4_DCB,TODO,UNRESOLVED,,,,0,,,
CONFIG_CHELSIO_T4_FCOE,TODO,UNRESOLVED,,,,0,,,
CONFIG_CHELSIO_TLS_DEVICE,TODO,UNRESOLVED,,,,0,,,
CONFIG_CHROMEOS_ACPI,TODO,UNRESOLVED,,,,0,,,
CONFIG_CHROMEOS_LAPTOP,TODO,UNRESOLVED,,,,0,,,
CONFIG_CHROMEOS_OF_HW_PROBER,TODO,UNRESOLVED,,,,0,,,
CONFIG_CHROMEOS_PRIVACY_SCREEN,TODO,UNRESOLVED,,,,0,,,
CONFIG_CHROMEOS_PSTORE,TODO,UNRESOLVED,,,,0,,,
CONFIG_CHROMEOS_TBMC,TODO,UNRESOLVED,,,,0,,,
CONFIG_CHROME_PLATFORMS,TODO,UNRESOLVED,,,,0,,,
CONFIG_CHR_DEV_SCH,TODO,UNRESOLVED,,,,0,,,
CONFIG_CHR_DEV_SG,TODO,UNRESOLVED,,,,0,,,
CONFIG_CHR_DEV_ST,TODO,UNRESOLVED,,,,0,,,
CONFIG_CHTCRC_PMIC_OPREGION,TODO,UNRESOLVED,,,,0,,,
CONFIG_CHT_DC_TI_PMIC_OPREGION,TODO,UNRESOLVED,,,,0,,,
CONFIG_CHT_WC_PMIC_OPREGION,TODO,UNRESOLVED,,,,0,,,
CONFIG_CICADA_PHY,TODO,UNRESOLVED,,,,0,,,
CONFIG_CIFS,TODO,UNRESOLVED,,,,0,,,
CONFIG_CIFS_ALLOW_INSECURE_LEGACY,TODO,UNRESOLVED,,,,0,,,
CONFIG_CIFS_COMPRESSION,TODO,UNRESOLVED,,,,0,,,
CONFIG_CIFS_DEBUG,TODO,UNRESOLVED,,,,0,,,
CONFIG_CIFS_DEBUG2,TODO,UNRESOLVED,,,,0,,,
CONFIG_CIFS_DEBUG_DUMP_KEYS,TODO,UNRESOLVED,,,,0,,,
CONFIG_CIFS_DFS_UPCALL,TODO,UNRESOLVED,,,,0,,,
CONFIG_CIFS_FSCACHE,TODO,UNRESOLVED,,,,0,,,
CONFIG_CIFS_NFSD_EXPORT,TODO,UNRESOLVED,,,,0,,,
CONFIG_CIFS_POSIX,TODO,UNRESOLVED,,,,0,,,
CONFIG_CIFS_ROOT,TODO,UNRESOLVED,,,,0,,,
CONFIG_CIFS_SMB_DIRECT,TODO,UNRESOLVED,,,,0,,,
CONFIG_CIFS_STATS2,TODO,UNRESOLVED,,,,0,,,
CONFIG_CIFS_SWN_UPCALL,TODO,UNRESOLVED,,,,0,,,
CONFIG_CIFS_UPCALL,TODO,UNRESOLVED,,,,0,,,
CONFIG_CIFS_XATTR,TODO,UNRESOLVED,,,,0,,,
CONFIG_CIO_DAC,TODO,UNRESOLVED,,,,0,,,
CONFIG_CIX_MBOX,TODO,UNRESOLVED,,,,0,,,
CONFIG_CLANG_VERSION,TODO,UNRESOLVED,,,,0,,,
CONFIG_CLINT_TIMER,TODO,UNRESOLVED,,,,0,,,
CONFIG_CLKBLD_I8253,TODO,UNRESOLVED,,,,0,,,
CONFIG_CLKEVT_I8253,TODO,UNRESOLVED,,,,0,,,
CONFIG_CLKSRC_ARM_GLOBAL_TIMER_SCHED_CLOCK,TODO,UNRESOLVED,,,,0,,,
CONFIG_CLKSRC_DBX500_PRCMU,TODO,UNRESOLVED,,,,0,,,
CONFIG_CLKSRC_EXYNOS_MCT,TODO,UNRESOLVED,,,,0,,,
CONFIG_CLKSRC_I8253,TODO,UNRESOLVED,,,,0,,,
CONFIG_CLKSRC_IMX_GPT,TODO,UNRESOLVED,,,,0,,,
CONFIG_CLKSRC_IMX_TPM,TODO,UNRESOLVED,,,,0,,,
CONFIG_CLKSRC_JCORE_PIT,TODO,UNRESOLVED,,,,0,,,
CONFIG_CLKSRC_LOONGSON1_PWM,TODO,UNRESOLVED,,,,0,,,
CONFIG_CLKSRC_LPC32XX,TODO,UNRESOLVED,,,,0,,,
CONFIG_CLKSRC_MIPS_GIC,TODO,UNRESOLVED,,,,0,,,
CONFIG_CLKSRC_MMIO,TODO,UNRESOLVED,,,,0,,,
CONFIG_CLKSRC_MPS2,TODO,UNRESOLVED,,,,0,,,
CONFIG_CLKSRC_NOMADIK_MTU,TODO,UNRESOLVED,,,,0,,,
CONFIG_CLKSRC_PISTACHIO,TODO,UNRESOLVED,,,,0,,,
CONFIG_CLKSRC_PXA,TODO,UNRESOLVED,,,,0,,,
CONFIG_CLKSRC_QCOM,TODO,UNRESOLVED,,,,0,,,
CONFIG_CLKSRC_SAMSUNG_PWM,TODO,UNRESOLVED,,,,0,,,
CONFIG_CLKSRC_STM32,TODO,UNRESOLVED,,,,0,,,
CONFIG_CLKSRC_STM32_LP,TODO,UNRESOLVED,,,,0,,,
CONFIG_CLKSRC_ST_LPC,TODO,UNRESOLVED,,,,0,,,
CONFIG_CLKSRC_TI_32K,TODO,UNRESOLVED,,,,0,,,
CONFIG_CLKSRC_VERSATILE,TODO,UNRESOLVED,,,,0,,,
CONFIG_CLK_ACTIONS,TODO,UNRESOLVED,,,,0,,,
CONFIG_CLK_ANALOGBITS_WRPLL_CLN28HPC,TODO,UNRESOLVED,,,,0,,,
CONFIG_CLK_BAIKAL_T1,TODO,UNRESOLVED,,,,0,,,
CONFIG_CLK_BCM2711_DVP,TODO,UNRESOLVED,,,,0,,,
CONFIG_CLK_BCM2835,TODO,UNRESOLVED,,,,0,,,
CONFIG_CLK_BCM63268_TIMER,TODO,UNRESOLVED,,,,0,,,
CONFIG_CLK_BCM_63XX,TODO,UNRESOLVED,,,,0,,,
CONFIG_CLK_BCM_63XX_GATE,TODO,UNRESOLVED,,,,0,,,
CONFIG_CLK_BCM_CYGNUS,TODO,UNRESOLVED,,,,0,,,
CONFIG_CLK_BCM_HR2,TODO,UNRESOLVED,,,,0,,,
CONFIG_CLK_BCM_KONA,TODO,UNRESOLVED,,,,0,,,
CONFIG_CLK_BCM_NS2,TODO,UNRESOLVED,,,,0,,,
CONFIG_CLK_BCM_NSP,TODO,UNRESOLVED,,,,0,,,
CONFIG_CLK_BCM_SR,TODO,UNRESOLVED,,,,0,,,
CONFIG_CLK_BT1_CCU_DIV,TODO,UNRESOLVED,,,,0,,,
CONFIG_CLK_BT1_CCU_PLL,TODO,UNRESOLVED,,,,0,,,
CONFIG_CLK_BT1_CCU_RST,TODO,UNRESOLVED,,,,0,,,
CONFIG_CLK_EMEV2,TODO,UNRESOLVED,,,,0,,,
CONFIG_CLK_FD_KUNIT_TEST,TODO,UNRESOLVED,,,,0,,,
CONFIG_CLK_FIXED_RATE_KUNIT_TEST,TODO,UNRESOLVED,,,,0,,,
CONFIG_CLK_GATE_KUNIT_TEST,TODO,UNRESOLVED,,,,0,,,
CONFIG_CLK_GFM_LPASS_SM8250,TODO,UNRESOLVED,,,,0,,,
CONFIG_CLK_GLYMUR_DISPCC,TODO,UNRESOLVED,,,,0,,,
CONFIG_CLK_GLYMUR_GCC,TODO,UNRESOLVED,,,,0,,,
CONFIG_CLK_GLYMUR_TCSRCC,TODO,UNRESOLVED,,,,0,,,
CONFIG_CLK_HSDK,TODO,UNRESOLVED,,,,0,,,
CONFIG_CLK_ICST,TODO,UNRESOLVED,,,,0,,,
CONFIG_CLK_IMX1,TODO,UNRESOLVED,,,,0,,,
CONFIG_CLK_IMX25,TODO,UNRESOLVED,,,,0,,,
CONFIG_CLK_IMX27,TODO,UNRESOLVED,,,,0,,,
CONFIG_CLK_IMX31,TODO,UNRESOLVED,,,,0,,,
CONFIG_CLK_IMX35,TODO,UNRESOLVED,,,,0,,,
CONFIG_CLK_IMX5,TODO,UNRESOLVED,,,,0,,,
CONFIG_CLK_IMX6Q,TODO,UNRESOLVED,,,,0,,,
CONFIG_CLK_IMX6SL,TODO,UNRESOLVED,,,,0,,,
CONFIG_CLK_IMX6SLL,TODO,UNRESOLVED,,,,0,,,
CONFIG_CLK_IMX6SX,TODO,UNRESOLVED,,,,0,,,
CONFIG_CLK_IMX6UL,TODO,UNRESOLVED,,,,0,,,
CONFIG_CLK_IMX7D,TODO,UNRESOLVED,,,,0,,,
CONFIG_CLK_IMX7ULP,TODO,UNRESOLVED,,,,0,,,
CONFIG_CLK_IMX8MM,TODO,UNRESOLVED,,,,0,,,
CONFIG_CLK_IMX8MN,TODO,UNRESOLVED,,,,0,,,
CONFIG_CLK_IMX8MP,TODO,UNRESOLVED,,,,0,,,
CONFIG_CLK_IMX8MQ,TODO,UNRESOLVED,,,,0,,,
CONFIG_CLK_IMX8QXP,TODO,UNRESOLVED,,,,0,,,
CONFIG_CLK_IMX8ULP,TODO,UNRESOLVED,,,,0,,,
CONFIG_CLK_IMX93,TODO,UNRESOLVED,,,,0,,,
CONFIG_CLK_IMX95_BLK_CTL,TODO,UNRESOLVED,,,,0,,,
CONFIG_CLK_IMXRT1050,TODO,UNRESOLVED,,,,0,,,
CONFIG_CLK_INTEL_SOCFPGA,TODO,UNRESOLVED,,,,0,,,
CONFIG_CLK_INTEL_SOCFPGA32,TODO,UNRESOLVED,,,,0,,,
CONFIG_CLK_INTEL_SOCFPGA64,TODO,UNRESOLVED,,,,0,,,
CONFIG_CLK_KUNIT_TEST,TODO,UNRESOLVED,,,,0,,,
CONFIG_CLK_LGM_CGU,TODO,UNRESOLVED,,,,0,,,
CONFIG_CLK_LS1028A_PLLDIG,TODO,UNRESOLVED,,,,0,,,
CONFIG_CLK_MA35D1,TODO,UNRESOLVED,,,,0,,,
CONFIG_CLK_MT7621,TODO,UNRESOLVED,,,,0,,,
CONFIG_CLK_MTMIPS,TODO,UNRESOLVED,,,,0,,,
CONFIG_CLK_OWL_S500,TODO,UNRESOLVED,,,,0,,,
CONFIG_CLK_OWL_S700,TODO,UNRESOLVED,,,,0,,,
CONFIG_CLK_OWL_S900,TODO,UNRESOLVED,,,,0,,,
CONFIG_CLK_PX30,TODO,UNRESOLVED,,,,0,,,
CONFIG_CLK_QCM2290_GPUCC,TODO,UNRESOLVED,,,,0,,,
CONFIG_CLK_QORIQ,TODO,UNRESOLVED,,,,0,,,
CONFIG_CLK_R7S9210,TODO,UNRESOLVED,,,,0,,,
CONFIG_CLK_R8A73A4,TODO,UNRESOLVED,,,,0,,,
CONFIG_CLK_R8A7740,TODO,UNRESOLVED,,,,0,,,
CONFIG_CLK_R8A7742,TODO,UNRESOLVED,,,,0,,,
CONFIG_CLK_R8A7743,TODO,UNRESOLVED,,,,0,,,
CONFIG_CLK_R8A7745,TODO,UNRESOLVED,,,,0,,,
CONFIG_CLK_R8A77470,TODO,UNRESOLVED,,,,0,,,
CONFIG_CLK_R8A774A1,TODO,UNRESOLVED,,,,0,,,
CONFIG_CLK_R8A774B1,TODO,UNRESOLVED,,,,0,,,
CONFIG_CLK_R8A774C0,TODO,UNRESOLVED,,,,0,,,
CONFIG_CLK_R8A774E1,TODO,UNRESOLVED,,,,0,,,
CONFIG_CLK_R8A7778,TODO,UNRESOLVED,,,,0,,,
CONFIG_CLK_R8A7779,TODO,UNRESOLVED,,,,0,,,
CONFIG_CLK_R8A7790,TODO,UNRESOLVED,,,,0,,,
CONFIG_CLK_R8A7791,TODO,UNRESOLVED,,,,0,,,
CONFIG_CLK_R8A7792,TODO,UNRESOLVED,,,,0,,,
CONFIG_CLK_R8A7794,TODO,UNRESOLVED,,,,0,,,
CONFIG_CLK_R8A7795,TODO,UNRESOLVED,,,,0,,,
CONFIG_CLK_R8A77960,TODO,UNRESOLVED,,,,0,,,
CONFIG_CLK_R8A77961,TODO,UNRESOLVED,,,,0,,,
CONFIG_CLK_R8A77965,TODO,UNRESOLVED,,,,0,,,
CONFIG_CLK_R8A77970,TODO,UNRESOLVED,,,,0,,,
CONFIG_CLK_R8A77980,TODO,UNRESOLVED,,,,0,,,
CONFIG_CLK_R8A77990,TODO,UNRESOLVED,,,,0,,,
CONFIG_CLK_R8A77995,TODO,UNRESOLVED,,,,0,,,
CONFIG_CLK_R8A779A0,TODO,UNRESOLVED,,,,0,,,
CONFIG_CLK_R8A779F0,TODO,UNRESOLVED,,,,0,,,
CONFIG_CLK_R8A779G0,TODO,UNRESOLVED,,,,0,,,
CONFIG_CLK_R8A779H0,TODO,UNRESOLVED,,,,0,,,
CONFIG_CLK_R9A06G032,TODO,UNRESOLVED,,,,0,,,
CONFIG_CLK_R9A07G043,TODO,UNRESOLVED,,,,0,,,
CONFIG_CLK_R9A07G044,TODO,UNRESOLVED,,,,0,,,
CONFIG_CLK_R9A07G054,TODO,UNRESOLVED,,,,0,,,
CONFIG_CLK_R9A08G045,TODO,UNRESOLVED,,,,0,,,
CONFIG_CLK_R9A09G011,TODO,UNRESOLVED,,,,0,,,
CONFIG_CLK_R9A09G047,TODO,UNRESOLVED,,,,0,,,
CONFIG_CLK_R9A09G056,TODO,UNRESOLVED,,,,0,,,
CONFIG_CLK_R9A09G057,TODO,UNRESOLVED,,,,0,,,
CONFIG_CLK_R9A09G077,TODO,UNRESOLVED,,,,0,,,
CONFIG_CLK_R9A09G087,TODO,UNRESOLVED,,,,0,,,
CONFIG_CLK_RASPBERRYPI,TODO,UNRESOLVED,,,,0,,,
CONFIG_CLK_RCAR_CPG_LIB,TODO,UNRESOLVED,,,,0,,,
CONFIG_CLK_RCAR_GEN2_CPG,TODO,UNRESOLVED,,,,0,,,
CONFIG_CLK_RCAR_GEN3_CPG,TODO,UNRESOLVED,,,,0,,,
CONFIG_CLK_RCAR_GEN4_CPG,TODO,UNRESOLVED,,,,0,,,
CONFIG_CLK_RCAR_USB2_CLOCK_SEL,TODO,UNRESOLVED,,,,0,,,
CONFIG_CLK_RENESAS,TODO,UNRESOLVED,,,,0,,,
CONFIG_CLK_RENESAS_CPG_MSSR,TODO,UNRESOLVED,,,,0,,,
CONFIG_CLK_RENESAS_CPG_MSTP,TODO,UNRESOLVED,,,,0,,,
CONFIG_CLK_RENESAS_DIV6,TODO,UNRESOLVED,,,,0,,,
CONFIG_CLK_RENESAS_VBATTB,TODO,UNRESOLVED,,,,0,,,
CONFIG_CLK_RK3036,TODO,UNRESOLVED,,,,0,,,
CONFIG_CLK_RK312X,TODO,UNRESOLVED,,,,0,,,
CONFIG_CLK_RK3188,TODO,UNRESOLVED,,,,0,,,
CONFIG_CLK_RK322X,TODO,UNRESOLVED,,,,0,,,
CONFIG_CLK_RK3288,TODO,UNRESOLVED,,,,0,,,
CONFIG_CLK_RK3308,TODO,UNRESOLVED,,,,0,,,
CONFIG_CLK_RK3328,TODO,UNRESOLVED,,,,0,,,
CONFIG_CLK_RK3368,TODO,UNRESOLVED,,,,0,,,
CONFIG_CLK_RK3399,TODO,UNRESOLVED,,,,0,,,
CONFIG_CLK_RK3528,TODO,UNRESOLVED,,,,0,,,
CONFIG_CLK_RK3562,TODO,UNRESOLVED,,,,0,,,
CONFIG_CLK_RK3568,TODO,UNRESOLVED,,,,0,,,
CONFIG_CLK_RK3576,TODO,UNRESOLVED,,,,0,,,
CONFIG_CLK_RK3588,TODO,UNRESOLVED,,,,0,,,
CONFIG_CLK_RV110X,TODO,UNRESOLVED,,,,0,,,
CONFIG_CLK_RV1126,TODO,UNRESOLVED,,,,0,,,
CONFIG_CLK_RZA1,TODO,UNRESOLVED,,,,0,,,
CONFIG_CLK_RZG2L,TODO,UNRESOLVED,,,,0,,,
CONFIG_CLK_RZV2H,TODO,UNRESOLVED,,,,0,,,
CONFIG_CLK_SH73A0,TODO,UNRESOLVED,,,,0,,,
CONFIG_CLK_SIFIVE,TODO,UNRESOLVED,,,,0,,,
CONFIG_CLK_SIFIVE_PRCI,TODO,UNRESOLVED,,,,0,,,
CONFIG_CLK_SOPHGO_CV1800,TODO,UNRESOLVED,,,,0,,,
CONFIG_CLK_SOPHGO_SG2042_CLKGEN,TODO,UNRESOLVED,,,,0,,,
CONFIG_CLK_SOPHGO_SG2042_PLL,TODO,UNRESOLVED,,,,0,,,
CONFIG_CLK_SOPHGO_SG2042_RPGATE,TODO,UNRESOLVED,,,,0,,,
CONFIG_CLK_SOPHGO_SG2044,TODO,UNRESOLVED,,,,0,,,
CONFIG_CLK_SOPHGO_SG2044_PLL,TODO,UNRESOLVED,,,,0,,,
CONFIG_CLK_SP810,TODO,UNRESOLVED,,,,0,,,
CONFIG_CLK_STARFIVE_JH7100,TODO,UNRESOLVED,,,,0,,,
CONFIG_CLK_STARFIVE_JH7100_AUDIO,TODO,UNRESOLVED,,,,0,,,
CONFIG_CLK_STARFIVE_JH7110_AON,TODO,UNRESOLVED,,,,0,,,
CONFIG_CLK_STARFIVE_JH7110_ISP,TODO,UNRESOLVED,,,,0,,,
CONFIG_CLK_STARFIVE_JH7110_PLL,TODO,UNRESOLVED,,,,0,,,
CONFIG_CLK_STARFIVE_JH7110_STG,TODO,UNRESOLVED,,,,0,,,
CONFIG_CLK_STARFIVE_JH7110_SYS,TODO,UNRESOLVED,,,,0,,,
CONFIG_CLK_STARFIVE_JH7110_VOUT,TODO,UNRESOLVED,,,,0,,,
CONFIG_CLK_STARFIVE_JH71X0,TODO,UNRESOLVED,,,,0,,,
CONFIG_CLK_SUNXI,TODO,UNRESOLVED,,,,0,,,
CONFIG_CLK_SUNXI_CLOCKS,TODO,UNRESOLVED,,,,0,,,
CONFIG_CLK_SUNXI_PRCM_SUN6I,TODO,UNRESOLVED,,,,0,,,
CONFIG_CLK_SUNXI_PRCM_SUN8I,TODO,UNRESOLVED,,,,0,,,
CONFIG_CLK_SUNXI_PRCM_SUN9I,TODO,UNRESOLVED,,,,0,,,
CONFIG_CLK_TEGRA_BPMP,TODO,UNRESOLVED,,,,0,,,
CONFIG_CLK_THEAD_TH1520_AP,TODO,UNRESOLVED,,,,0,,,
CONFIG_CLK_TWL,TODO,UNRESOLVED,,,,0,,,
CONFIG_CLK_TWL6040,TODO,UNRESOLVED,,,,0,,,
CONFIG_CLK_UNIPHIER,TODO,UNRESOLVED,,,,0,,,
CONFIG_CLK_VEXPRESS_OSC,TODO,UNRESOLVED,,,,0,,,
CONFIG_CLK_VF610,TODO,UNRESOLVED,,,,0,,,
CONFIG_CLK_X1E80100_CAMCC,TODO,UNRESOLVED,,,,0,,,
CONFIG_CLK_X1E80100_DISPCC,TODO,UNRESOLVED,,,,0,,,
CONFIG_CLK_X1E80100_GCC,TODO,UNRESOLVED,,,,0,,,
CONFIG_CLK_X1E80100_GPUCC,TODO,UNRESOLVED,,,,0,,,
CONFIG_CLK_X1E80100_TCSRCC,TODO,UNRESOLVED,,,,0,,,
CONFIG_CLK_X1P42100_GPUCC,TODO,UNRESOLVED,,,,0,,,
CONFIG_CLOCKSOURCE_WATCHDOG,TODO,UNRESOLVED,,,,0,,,
CONFIG_CLOCKSOURCE_WATCHDOG_MAX_SKEW_US,TODO,UNRESOLVED,,,,0,,,
CONFIG_CLONE_BACKWARDS,TODO,UNRESOLVED,,,,0,,,
CONFIG_CLONE_BACKWARDS2,TODO,UNRESOLVED,,,,0,,,
CONFIG_CLONE_BACKWARDS3,TODO,UNRESOLVED,,,,0,,,
CONFIG_CLOSURES,TODO,UNRESOLVED,,,,0,,,
CONFIG_CLPS711X_IRQCHIP,TODO,UNRESOLVED,,,,0,,,
CONFIG_CLPS711X_TIMER,TODO,UNRESOLVED,,,,0,,,
CONFIG_CLS_U32_MARK,TODO,UNRESOLVED,,,,0,,,
CONFIG_CLS_U32_PERF,TODO,UNRESOLVED,,,,0,,,
CONFIG_CLZ_TAB,TODO,UNRESOLVED,,,,0,,,
CONFIG_CM32181,TODO,UNRESOLVED,,,,0,,,
CONFIG_CM3232,TODO,UNRESOLVED,,,,0,,,
CONFIG_CM3323,TODO,UNRESOLVED,,,,0,,,
CONFIG_CM3605,TODO,UNRESOLVED,,,,0,,,
CONFIG_CM36651,TODO,UNRESOLVED,,,,0,,,
CONFIG_CMA,TODO,UNRESOLVED,,,,0,,,
CONFIG_CMA_ALIGNMENT,TODO,UNRESOLVED,,,,0,,,
CONFIG_CMA_AREAS,TODO,UNRESOLVED,,,,0,,,
CONFIG_CMA_DEBUGFS,TODO,UNRESOLVED,,,,0,,,
CONFIG_CMA_SIZE_MBYTES,TODO,UNRESOLVED,,,,0,,,
CONFIG_CMA_SIZE_PERCENTAGE,TODO,UNRESOLVED,,,,0,,,
CONFIG_CMA_SIZE_SEL_MAX,TODO,UNRESOLVED,,,,0,,,
CONFIG_CMA_SIZE_SEL_MBYTES,TODO,UNRESOLVED,,,,0,,,
CONFIG_CMA_SIZE_SEL_MIN,TODO,UNRESOLVED,,,,0,,,
CONFIG_CMA_SIZE_SEL_PERCENTAGE,TODO,UNRESOLVED,,,,0,,,
CONFIG_CMA_SYSFS,TODO,UNRESOLVED,,,,0,,,
CONFIG_CMDLINE,TODO,UNRESOLVED,,,,0,,,
CONFIG_CMDLINE_BOOL,TODO,UNRESOLVED,,,,0,,,
CONFIG_CMDLINE_KUNIT_TEST,TODO,UNRESOLVED,,,,0,,,
CONFIG_CMDLINE_OVERRIDE,TODO,UNRESOLVED,,,,0,,,
CONFIG_CMDLINE_PARTITION,TODO,UNRESOLVED,,,,0,,,
CONFIG_CMT_SPEECH,TODO,UNRESOLVED,,,,0,,,
CONFIG_CNIC,TODO,UNRESOLVED,,,,0,,,
CONFIG_CODA_FS,TODO,UNRESOLVED,,,,0,,,
CONFIG_CODE_TAGGING,TODO,UNRESOLVED,,,,0,,,
CONFIG_COMEDI,TODO,UNRESOLVED,,,,0,,,
CONFIG_COMEDI_8254,TODO,UNRESOLVED,,,,0,,,
CONFIG_COMEDI_8255,TODO,UNRESOLVED,,,,0,,,
CONFIG_COMEDI_8255_PCI,TODO,UNRESOLVED,,,,0,,,
CONFIG_COMEDI_8255_SA,TODO,UNRESOLVED,,,,0,,,
CONFIG_COMEDI_ADDI_APCI_1032,TODO,UNRESOLVED,,,,0,,,
CONFIG_COMEDI_ADDI_APCI_1500,TODO,UNRESOLVED,,,,0,,,
CONFIG_COMEDI_ADDI_APCI_1516,TODO,UNRESOLVED,,,,0,,,
CONFIG_COMEDI_ADDI_APCI_1564,TODO,UNRESOLVED,,,,0,,,
CONFIG_COMEDI_ADDI_APCI_16XX,TODO,UNRESOLVED,,,,0,,,
CONFIG_COMEDI_ADDI_APCI_2032,TODO,UNRESOLVED,,,,0,,,
CONFIG_COMEDI_ADDI_APCI_2200,TODO,UNRESOLVED,,,,0,,,
CONFIG_COMEDI_ADDI_APCI_3120,TODO,UNRESOLVED,,,,0,,,
CONFIG_COMEDI_ADDI_APCI_3501,TODO,UNRESOLVED,,,,0,,,
CONFIG_COMEDI_ADDI_APCI_3XXX,TODO,UNRESOLVED,,,,0,,,
CONFIG_COMEDI_ADDI_WATCHDOG,TODO,UNRESOLVED,,,,0,,,
CONFIG_COMEDI_ADL_PCI6208,TODO,UNRESOLVED,,,,0,,,
CONFIG_COMEDI_ADL_PCI7250,TODO,UNRESOLVED,,,,0,,,
CONFIG_COMEDI_ADL_PCI7X3X,TODO,UNRESOLVED,,,,0,,,
CONFIG_COMEDI_ADL_PCI8164,TODO,UNRESOLVED,,,,0,,,
CONFIG_COMEDI_ADL_PCI9111,TODO,UNRESOLVED,,,,0,,,
CONFIG_COMEDI_ADL_PCI9118,TODO,UNRESOLVED,,,,0,,,
CONFIG_COMEDI_ADQ12B,TODO,UNRESOLVED,,,,0,,,
CONFIG_COMEDI_ADV_PCI1710,TODO,UNRESOLVED,,,,0,,,
CONFIG_COMEDI_ADV_PCI1720,TODO,UNRESOLVED,,,,0,,,
CONFIG_COMEDI_ADV_PCI1723,TODO,UNRESOLVED,,,,0,,,
CONFIG_COMEDI_ADV_PCI1724,TODO,UNRESOLVED,,,,0,,,
CONFIG_COMEDI_ADV_PCI1760,TODO,UNRESOLVED,,,,0,,,
CONFIG_COMEDI_ADV_PCI_DIO,TODO,UNRESOLVED,,,,0,,,
CONFIG_COMEDI_AIO_AIO12_8,TODO,UNRESOLVED,,,,0,,,
CONFIG_COMEDI_AIO_IIRO_16,TODO,UNRESOLVED,,,,0,,,
CONFIG_COMEDI_AMPLC_DIO200,TODO,UNRESOLVED,,,,0,,,
CONFIG_COMEDI_AMPLC_DIO200_ISA,TODO,UNRESOLVED,,,,0,,,
CONFIG_COMEDI_AMPLC_DIO200_PCI,TODO,UNRESOLVED,,,,0,,,
CONFIG_COMEDI_AMPLC_PC236,TODO,UNRESOLVED,,,,0,,,
CONFIG_COMEDI_AMPLC_PC236_ISA,TODO,UNRESOLVED,,,,0,,,
CONFIG_COMEDI_AMPLC_PC236_PCI,TODO,UNRESOLVED,,,,0,,,
CONFIG_COMEDI_AMPLC_PC263_ISA,TODO,UNRESOLVED,,,,0,,,
CONFIG_COMEDI_AMPLC_PC263_PCI,TODO,UNRESOLVED,,,,0,,,
CONFIG_COMEDI_AMPLC_PCI224,TODO,UNRESOLVED,,,,0,,,
CONFIG_COMEDI_AMPLC_PCI230,TODO,UNRESOLVED,,,,0,,,
CONFIG_COMEDI_BOND,TODO,UNRESOLVED,,,,0,,,
CONFIG_COMEDI_C6XDIGIO,TODO,UNRESOLVED,,,,0,,,
CONFIG_COMEDI_CB_DAS16_CS,TODO,UNRESOLVED,,,,0,,,
CONFIG_COMEDI_CB_PCIDAS,TODO,UNRESOLVED,,,,0,,,
CONFIG_COMEDI_CB_PCIDAS64,TODO,UNRESOLVED,,,,0,,,
CONFIG_COMEDI_CB_PCIDDA,TODO,UNRESOLVED,,,,0,,,
CONFIG_COMEDI_CB_PCIMDAS,TODO,UNRESOLVED,,,,0,,,
CONFIG_COMEDI_CB_PCIMDDA,TODO,UNRESOLVED,,,,0,,,
CONFIG_COMEDI_CONTEC_PCI_DIO,TODO,UNRESOLVED,,,,0,,,
CONFIG_COMEDI_DAC02,TODO,UNRESOLVED,,,,0,,,
CONFIG_COMEDI_DAQBOARD2000,TODO,UNRESOLVED,,,,0,,,
CONFIG_COMEDI_DAS08,TODO,UNRESOLVED,,,,0,,,
CONFIG_COMEDI_DAS08_CS,TODO,UNRESOLVED,,,,0,,,
CONFIG_COMEDI_DAS08_ISA,TODO,UNRESOLVED,,,,0,,,
CONFIG_COMEDI_DAS08_PCI,TODO,UNRESOLVED,,,,0,,,
CONFIG_COMEDI_DAS16,TODO,UNRESOLVED,,,,0,,,
CONFIG_COMEDI_DAS16M1,TODO,UNRESOLVED,,,,0,,,
CONFIG_COMEDI_DAS1800,TODO,UNRESOLVED,,,,0,,,
CONFIG_COMEDI_DAS6402,TODO,UNRESOLVED,,,,0,,,
CONFIG_COMEDI_DAS800,TODO,UNRESOLVED,,,,0,,,
CONFIG_COMEDI_DEBUG,TODO,UNRESOLVED,,,,0,,,
CONFIG_COMEDI_DEFAULT_BUF_MAXSIZE_KB,TODO,UNRESOLVED,,,,0,,,
CONFIG_COMEDI_DEFAULT_BUF_SIZE_KB,TODO,UNRESOLVED,,,,0,,,
CONFIG_COMEDI_DMM32AT,TODO,UNRESOLVED,,,,0,,,
CONFIG_COMEDI_DT2801,TODO,UNRESOLVED,,,,0,,,
CONFIG_COMEDI_DT2811,TODO,UNRESOLVED,,,,0,,,
CONFIG_COMEDI_DT2814,TODO,UNRESOLVED,,,,0,,,
CONFIG_COMEDI_DT2815,TODO,UNRESOLVED,,,,0,,,
CONFIG_COMEDI_DT2817,TODO,UNRESOLVED,,,,0,,,
CONFIG_COMEDI_DT282X,TODO,UNRESOLVED,,,,0,,,
CONFIG_COMEDI_DT3000,TODO,UNRESOLVED,,,,0,,,
CONFIG_COMEDI_DT9812,TODO,UNRESOLVED,,,,0,,,
CONFIG_COMEDI_DYNA_PCI10XX,TODO,UNRESOLVED,,,,0,,,
CONFIG_COMEDI_FL512,TODO,UNRESOLVED,,,,0,,,
CONFIG_COMEDI_GSC_HPDI,TODO,UNRESOLVED,,,,0,,,
CONFIG_COMEDI_ICP_MULTI,TODO,UNRESOLVED,,,,0,,,
CONFIG_COMEDI_II_PCI20KC,TODO,UNRESOLVED,,,,0,,,
CONFIG_COMEDI_ISADMA,TODO,UNRESOLVED,,,,0,,,
CONFIG_COMEDI_ISA_DRIVERS,TODO,UNRESOLVED,,,,0,,,
CONFIG_COMEDI_JR3_PCI,TODO,UNRESOLVED,,,,0,,,
CONFIG_COMEDI_KCOMEDILIB,TODO,UNRESOLVED,,,,0,,,
CONFIG_COMEDI_KE_COUNTER,TODO,UNRESOLVED,,,,0,,,
CONFIG_COMEDI_ME4000,TODO,UNRESOLVED,,,,0,,,
CONFIG_COMEDI_ME_DAQ,TODO,UNRESOLVED,,,,0,,,
CONFIG_COMEDI_MF6X4,TODO,UNRESOLVED,,,,0,,,
CONFIG_COMEDI_MISC_DRIVERS,TODO,UNRESOLVED,,,,0,,,
CONFIG_COMEDI_MITE,TODO,UNRESOLVED,,,,0,,,
CONFIG_COMEDI_MPC624,TODO,UNRESOLVED,,,,0,,,
CONFIG_COMEDI_MULTIQ3,TODO,UNRESOLVED,,,,0,,,
CONFIG_COMEDI_NI_6527,TODO,UNRESOLVED,,,,0,,,
CONFIG_COMEDI_NI_65XX,TODO,UNRESOLVED,,,,0,,,
CONFIG_COMEDI_NI_660X,TODO,UNRESOLVED,,,,0,,,
CONFIG_COMEDI_NI_670X,TODO,UNRESOLVED,,,,0,,,
CONFIG_COMEDI_NI_ATMIO,TODO,UNRESOLVED,,,,0,,,
CONFIG_COMEDI_NI_ATMIO16D,TODO,UNRESOLVED,,,,0,,,
CONFIG_COMEDI_NI_AT_A2150,TODO,UNRESOLVED,,,,0,,,
CONFIG_COMEDI_NI_AT_AO,TODO,UNRESOLVED,,,,0,,,
CONFIG_COMEDI_NI_DAQ_700_CS,TODO,UNRESOLVED,,,,0,,,
CONFIG_COMEDI_NI_DAQ_DIO24_CS,TODO,UNRESOLVED,,,,0,,,
CONFIG_COMEDI_NI_LABPC,TODO,UNRESOLVED,,,,0,,,
CONFIG_COMEDI_NI_LABPC_CS,TODO,UNRESOLVED,,,,0,,,
CONFIG_COMEDI_NI_LABPC_ISA,TODO,UNRESOLVED,,,,0,,,
CONFIG_COMEDI_NI_LABPC_ISADMA,TODO,UNRESOLVED,,,,0,,,
CONFIG_COMEDI_NI_LABPC_PCI,TODO,UNRESOLVED,,,,0,,,
CONFIG_COMEDI_NI_MIO_CS,TODO,UNRESOLVED,,,,0,,,
CONFIG_COMEDI_NI_PCIDIO,TODO,UNRESOLVED,,,,0,,,
CONFIG_COMEDI_NI_PCIMIO,TODO,UNRESOLVED,,,,0,,,
CONFIG_COMEDI_NI_ROUTING,TODO,UNRESOLVED,,,,0,,,
CONFIG_COMEDI_NI_TIO,TODO,UNRESOLVED,,,,0,,,
CONFIG_COMEDI_NI_TIOCMD,TODO,UNRESOLVED,,,,0,,,
CONFIG_COMEDI_NI_USB6501,TODO,UNRESOLVED,,,,0,,,
CONFIG_COMEDI_PARPORT,TODO,UNRESOLVED,,,,0,,,
CONFIG_COMEDI_PCI_DRIVERS,TODO,UNRESOLVED,,,,0,,,
CONFIG_COMEDI_PCL711,TODO,UNRESOLVED,,,,0,,,
CONFIG_COMEDI_PCL724,TODO,UNRESOLVED,,,,0,,,
CONFIG_COMEDI_PCL726,TODO,UNRESOLVED,,,,0,,,
CONFIG_COMEDI_PCL730,TODO,UNRESOLVED,,,,0,,,
CONFIG_COMEDI_PCL812,TODO,UNRESOLVED,,,,0,,,
CONFIG_COMEDI_PCL816,TODO,UNRESOLVED,,,,0,,,
CONFIG_COMEDI_PCL818,TODO,UNRESOLVED,,,,0,,,
CONFIG_COMEDI_PCM3724,TODO,UNRESOLVED,,,,0,,,
CONFIG_COMEDI_PCMAD,TODO,UNRESOLVED,,,,0,,,
CONFIG_COMEDI_PCMCIA_DRIVERS,TODO,UNRESOLVED,,,,0,,,
CONFIG_COMEDI_PCMDA12,TODO,UNRESOLVED,,,,0,,,
CONFIG_COMEDI_PCMMIO,TODO,UNRESOLVED,,,,0,,,
CONFIG_COMEDI_PCMUIO,TODO,UNRESOLVED,,,,0,,,
CONFIG_COMEDI_QUATECH_DAQP_CS,TODO,UNRESOLVED,,,,0,,,
CONFIG_COMEDI_RTD520,TODO,UNRESOLVED,,,,0,,,
CONFIG_COMEDI_RTI800,TODO,UNRESOLVED,,,,0,,,
CONFIG_COMEDI_RTI802,TODO,UNRESOLVED,,,,0,,,
CONFIG_COMEDI_S526,TODO,UNRESOLVED,,,,0,,,
CONFIG_COMEDI_S626,TODO,UNRESOLVED,,,,0,,,
CONFIG_COMEDI_SSV_DNP,TODO,UNRESOLVED,,,,0,,,
CONFIG_COMEDI_TEST,TODO,UNRESOLVED,,,,0,,,
CONFIG_COMEDI_TESTS,TODO,UNRESOLVED,,,,0,,,
CONFIG_COMEDI_TESTS_EXAMPLE,TODO,UNRESOLVED,,,,0,,,
CONFIG_COMEDI_TESTS_NI_ROUTES,TODO,UNRESOLVED,,,,0,,,
CONFIG_COMEDI_USBDUX,TODO,UNRESOLVED,,,,0,,,
CONFIG_COMEDI_USBDUXFAST,TODO,UNRESOLVED,,,,0,,,
CONFIG_COMEDI_USBDUXSIGMA,TODO,UNRESOLVED,,,,0,,,
CONFIG_COMEDI_USB_DRIVERS,TODO,UNRESOLVED,,,,0,,,
CONFIG_COMEDI_VMK80XX,TODO,UNRESOLVED,,,,0,,,
CONFIG_COMMON_CLK,TODO,UNRESOLVED,,,,0,,,
CONFIG_COMMON_CLK_A1_PERIPHERALS,TODO,UNRESOLVED,,,,0,,,
CONFIG_COMMON_CLK_A1_PLL,TODO,UNRESOLVED,,,,0,,,
CONFIG_COMMON_CLK_APPLE_NCO,TODO,UNRESOLVED,,,,0,,,
CONFIG_COMMON_CLK_ASPEED,TODO,UNRESOLVED,,,,0,,,
CONFIG_COMMON_CLK_AXG,TODO,UNRESOLVED,,,,0,,,
CONFIG_COMMON_CLK_AXG_AUDIO,TODO,UNRESOLVED,,,,0,,,
CONFIG_COMMON_CLK_AXI_CLKGEN,TODO,UNRESOLVED,,,,0,,,
CONFIG_COMMON_CLK_BD718XX,TODO,UNRESOLVED,,,,0,,,
CONFIG_COMMON_CLK_BM1880,TODO,UNRESOLVED,,,,0,,,
CONFIG_COMMON_CLK_BOSTON,TODO,UNRESOLVED,,,,0,,,
CONFIG_COMMON_CLK_C3_PERIPHERALS,TODO,UNRESOLVED,,,,0,,,
CONFIG_COMMON_CLK_C3_PLL,TODO,UNRESOLVED,,,,0,,,
CONFIG_COMMON_CLK_CDCE706,TODO,UNRESOLVED,,,,0,,,
CONFIG_COMMON_CLK_CDCE925,TODO,UNRESOLVED,,,,0,,,
CONFIG_COMMON_CLK_CS2000_CP,TODO,UNRESOLVED,,,,0,,,
CONFIG_COMMON_CLK_EN7523,TODO,UNRESOLVED,,,,0,,,
CONFIG_COMMON_CLK_EP93XX,TODO,UNRESOLVED,,,,0,,,
CONFIG_COMMON_CLK_EYEQ,TODO,UNRESOLVED,,,,0,,,
CONFIG_COMMON_CLK_FIXED_MMIO,TODO,UNRESOLVED,,,,0,,,
CONFIG_COMMON_CLK_FSL_FLEXSPI,TODO,UNRESOLVED,,,,0,,,
CONFIG_COMMON_CLK_FSL_SAI,TODO,UNRESOLVED,,,,0,,,
CONFIG_COMMON_CLK_G12A,TODO,UNRESOLVED,,,,0,,,
CONFIG_COMMON_CLK_GEMINI,TODO,UNRESOLVED,,,,0,,,
CONFIG_COMMON_CLK_GXBB,TODO,UNRESOLVED,,,,0,,,
CONFIG_COMMON_CLK_HI3516CV300,TODO,UNRESOLVED,,,,0,,,
CONFIG_COMMON_CLK_HI3519,TODO,UNRESOLVED,,,,0,,,
CONFIG_COMMON_CLK_HI3559A,TODO,UNRESOLVED,,,,0,,,
CONFIG_COMMON_CLK_HI3660,TODO,UNRESOLVED,,,,0,,,
CONFIG_COMMON_CLK_HI3670,TODO,UNRESOLVED,,,,0,,,
CONFIG_COMMON_CLK_HI3798CV200,TODO,UNRESOLVED,,,,0,,,
CONFIG_COMMON_CLK_HI6220,TODO,UNRESOLVED,,,,0,,,
CONFIG_COMMON_CLK_HI655X,TODO,UNRESOLVED,,,,0,,,
CONFIG_COMMON_CLK_IPROC,TODO,UNRESOLVED,,,,0,,,
CONFIG_COMMON_CLK_K210,TODO,UNRESOLVED,,,,0,,,
CONFIG_COMMON_CLK_KEYSTONE,TODO,UNRESOLVED,,,,0,,,
CONFIG_COMMON_CLK_LAN966X,TODO,UNRESOLVED,,,,0,,,
CONFIG_COMMON_CLK_LOCHNAGAR,TODO,UNRESOLVED,,,,0,,,
CONFIG_COMMON_CLK_LOONGSON2,TODO,UNRESOLVED,,,,0,,,
CONFIG_COMMON_CLK_MAX77686,TODO,UNRESOLVED,,,,0,,,
CONFIG_COMMON_CLK_MAX9485,TODO,UNRESOLVED,,,,0,,,
CONFIG_COMMON_CLK_MEDIATEK,TODO,UNRESOLVED,,,,0,,,
CONFIG_COMMON_CLK_MEDIATEK_FHCTL,TODO,UNRESOLVED,,,,0,,,
CONFIG_COMMON_CLK_MESON8B,TODO,UNRESOLVED,,,,0,,,
CONFIG_COMMON_CLK_MESON_AO_CLKC,TODO,UNRESOLVED,,,,0,,,
CONFIG_COMMON_CLK_MESON_CLKC_UTILS,TODO,UNRESOLVED,,,,0,,,
CONFIG_COMMON_CLK_MESON_CPU_DYNDIV,TODO,UNRESOLVED,,,,0,,,
CONFIG_COMMON_CLK_MESON_DUALDIV,TODO,UNRESOLVED,,,,0,,,
CONFIG_COMMON_CLK_MESON_MPLL,TODO,UNRESOLVED,,,,0,,,
CONFIG_COMMON_CLK_MESON_PHASE,TODO,UNRESOLVED,,,,0,,,
CONFIG_COMMON_CLK_MESON_PLL,TODO,UNRESOLVED,,,,0,,,
CONFIG_COMMON_CLK_MESON_REGMAP,TODO,UNRESOLVED,,,,0,,,
CONFIG_COMMON_CLK_MESON_SCLK_DIV,TODO,UNRESOLVED,,,,0,,,
CONFIG_COMMON_CLK_MESON_VCLK,TODO,UNRESOLVED,,,,0,,,
CONFIG_COMMON_CLK_MESON_VID_PLL_DIV,TODO,UNRESOLVED,,,,0,,,
CONFIG_COMMON_CLK_MMP2,TODO,UNRESOLVED,,,,0,,,
CONFIG_COMMON_CLK_MMP2_AUDIO,TODO,UNRESOLVED,,,,0,,,
CONFIG_COMMON_CLK_MT2701,TODO,UNRESOLVED,,,,0,,,
CONFIG_COMMON_CLK_MT2701_AUDSYS,TODO,UNRESOLVED,,,,0,,,
CONFIG_COMMON_CLK_MT2701_BDPSYS,TODO,UNRESOLVED,,,,0,,,
CONFIG_COMMON_CLK_MT2701_ETHSYS,TODO,UNRESOLVED,,,,0,,,
CONFIG_COMMON_CLK_MT2701_G3DSYS,TODO,UNRESOLVED,,,,0,,,
CONFIG_COMMON_CLK_MT2701_HIFSYS,TODO,UNRESOLVED,,,,0,,,
CONFIG_COMMON_CLK_MT2701_IMGSYS,TODO,UNRESOLVED,,,,0,,,
CONFIG_COMMON_CLK_MT2701_MMSYS,TODO,UNRESOLVED,,,,0,,,
CONFIG_COMMON_CLK_MT2701_VDECSYS,TODO,UNRESOLVED,,,,0,,,
CONFIG_COMMON_CLK_MT2712,TODO,UNRESOLVED,,,,0,,,
CONFIG_COMMON_CLK_MT2712_BDPSYS,TODO,UNRESOLVED,,,,0,,,
CONFIG_COMMON_CLK_MT2712_IMGSYS,TODO,UNRESOLVED,,,,0,,,
CONFIG_COMMON_CLK_MT2712_JPGDECSYS,TODO,UNRESOLVED,,,,0,,,
CONFIG_COMMON_CLK_MT2712_MFGCFG,TODO,UNRESOLVED,,,,0,,,
CONFIG_COMMON_CLK_MT2712_MMSYS,TODO,UNRESOLVED,,,,0,,,
CONFIG_COMMON_CLK_MT2712_VDECSYS,TODO,UNRESOLVED,,,,0,,,
CONFIG_COMMON_CLK_MT2712_VENCSYS,TODO,UNRESOLVED,,,,0,,,
CONFIG_COMMON_CLK_MT6735,TODO,UNRESOLVED,,,,0,,,
CONFIG_COMMON_CLK_MT6735_IMGSYS,TODO,UNRESOLVED,,,,0,,,
CONFIG_COMMON_CLK_MT6735_MFGCFG,TODO,UNRESOLVED,,,,0,,,
CONFIG_COMMON_CLK_MT6735_VDECSYS,TODO,UNRESOLVED,,,,0,,,
CONFIG_COMMON_CLK_MT6735_VENCSYS,TODO,UNRESOLVED,,,,0,,,
CONFIG_COMMON_CLK_MT6765,TODO,UNRESOLVED,,,,0,,,
CONFIG_COMMON_CLK_MT6765_AUDIOSYS,TODO,UNRESOLVED,,,,0,,,
CONFIG_COMMON_CLK_MT6765_CAMSYS,TODO,UNRESOLVED,,,,0,,,
CONFIG_COMMON_CLK_MT6765_GCESYS,TODO,UNRESOLVED,,,,0,,,
CONFIG_COMMON_CLK_MT6765_IMGSYS,TODO,UNRESOLVED,,,,0,,,
CONFIG_COMMON_CLK_MT6765_MFGSYS,TODO,UNRESOLVED,,,,0,,,
CONFIG_COMMON_CLK_MT6765_MIPI0ASYS,TODO,UNRESOLVED,,,,0,,,
CONFIG_COMMON_CLK_MT6765_MIPI0BSYS,TODO,UNRESOLVED,,,,0,,,
CONFIG_COMMON_CLK_MT6765_MIPI1ASYS,TODO,UNRESOLVED,,,,0,,,
CONFIG_COMMON_CLK_MT6765_MIPI1BSYS,TODO,UNRESOLVED,,,,0,,,
CONFIG_COMMON_CLK_MT6765_MIPI2ASYS,TODO,UNRESOLVED,,,,0,,,
CONFIG_COMMON_CLK_MT6765_MIPI2BSYS,TODO,UNRESOLVED,,,,0,,,
CONFIG_COMMON_CLK_MT6765_MMSYS,TODO,UNRESOLVED,,,,0,,,
CONFIG_COMMON_CLK_MT6765_VCODECSYS,TODO,UNRESOLVED,,,,0,,,
CONFIG_COMMON_CLK_MT6779,TODO,UNRESOLVED,,,,0,,,
CONFIG_COMMON_CLK_MT6779_AUDSYS,TODO,UNRESOLVED,,,,0,,,
CONFIG_COMMON_CLK_MT6779_CAMSYS,TODO,UNRESOLVED,,,,0,,,
CONFIG_COMMON_CLK_MT6779_IMGSYS,TODO,UNRESOLVED,,,,0,,,
CONFIG_COMMON_CLK_MT6779_IPESYS,TODO,UNRESOLVED,,,,0,,,
CONFIG_COMMON_CLK_MT6779_MFGCFG,TODO,UNRESOLVED,,,,0,,,
CONFIG_COMMON_CLK_MT6779_MMSYS,TODO,UNRESOLVED,,,,0,,,
CONFIG_COMMON_CLK_MT6779_VDECSYS,TODO,UNRESOLVED,,,,0,,,
CONFIG_COMMON_CLK_MT6779_VENCSYS,TODO,UNRESOLVED,,,,0,,,
CONFIG_COMMON_CLK_MT6795,TODO,UNRESOLVED,,,,0,,,
CONFIG_COMMON_CLK_MT6795_MFGCFG,TODO,UNRESOLVED,,,,0,,,
CONFIG_COMMON_CLK_MT6795_MMSYS,TODO,UNRESOLVED,,,,0,,,
CONFIG_COMMON_CLK_MT6795_VDECSYS,TODO,UNRESOLVED,,,,0,,,
CONFIG_COMMON_CLK_MT6795_VENCSYS,TODO,UNRESOLVED,,,,0,,,
CONFIG_COMMON_CLK_MT6797,TODO,UNRESOLVED,,,,0,,,
CONFIG_COMMON_CLK_MT6797_IMGSYS,TODO,UNRESOLVED,,,,0,,,
CONFIG_COMMON_CLK_MT6797_MMSYS,TODO,UNRESOLVED,,,,0,,,
CONFIG_COMMON_CLK_MT6797_VDECSYS,TODO,UNRESOLVED,,,,0,,,
CONFIG_COMMON_CLK_MT6797_VENCSYS,TODO,UNRESOLVED,,,,0,,,
CONFIG_COMMON_CLK_MT7622,TODO,UNRESOLVED,,,,0,,,
CONFIG_COMMON_CLK_MT7622_AUDSYS,TODO,UNRESOLVED,,,,0,,,
CONFIG_COMMON_CLK_MT7622_ETHSYS,TODO,UNRESOLVED,,,,0,,,
CONFIG_COMMON_CLK_MT7622_HIFSYS,TODO,UNRESOLVED,,,,0,,,
CONFIG_COMMON_CLK_MT7629,TODO,UNRESOLVED,,,,0,,,
CONFIG_COMMON_CLK_MT7629_ETHSYS,TODO,UNRESOLVED,,,,0,,,
CONFIG_COMMON_CLK_MT7629_HIFSYS,TODO,UNRESOLVED,,,,0,,,
CONFIG_COMMON_CLK_MT7981,TODO,UNRESOLVED,,,,0,,,
CONFIG_COMMON_CLK_MT7981_ETHSYS,TODO,UNRESOLVED,,,,0,,,
CONFIG_COMMON_CLK_MT7986,TODO,UNRESOLVED,,,,0,,,
CONFIG_COMMON_CLK_MT7986_ETHSYS,TODO,UNRESOLVED,,,,0,,,
CONFIG_COMMON_CLK_MT7988,TODO,UNRESOLVED,,,,0,,,
CONFIG_COMMON_CLK_MT8135,TODO,UNRESOLVED,,,,0,,,
CONFIG_COMMON_CLK_MT8167,TODO,UNRESOLVED,,,,0,,,
CONFIG_COMMON_CLK_MT8167_AUDSYS,TODO,UNRESOLVED,,,,0,,,
CONFIG_COMMON_CLK_MT8167_IMGSYS,TODO,UNRESOLVED,,,,0,,,
CONFIG_COMMON_CLK_MT8167_MFGCFG,TODO,UNRESOLVED,,,,0,,,
CONFIG_COMMON_CLK_MT8167_MMSYS,TODO,UNRESOLVED,,,,0,,,
CONFIG_COMMON_CLK_MT8167_VDECSYS,TODO,UNRESOLVED,,,,0,,,
CONFIG_COMMON_CLK_MT8173,TODO,UNRESOLVED,,,,0,,,
CONFIG_COMMON_CLK_MT8173_IMGSYS,TODO,UNRESOLVED,,,,0,,,
CONFIG_COMMON_CLK_MT8173_MMSYS,TODO,UNRESOLVED,,,,0,,,
CONFIG_COMMON_CLK_MT8173_VDECSYS,TODO,UNRESOLVED,,,,0,,,
CONFIG_COMMON_CLK_MT8173_VENCSYS,TODO,UNRESOLVED,,,,0,,,
CONFIG_COMMON_CLK_MT8183,TODO,UNRESOLVED,,,,0,,,
CONFIG_COMMON_CLK_MT8183_AUDIOSYS,TODO,UNRESOLVED,,,,0,,,
CONFIG_COMMON_CLK_MT8183_CAMSYS,TODO,UNRESOLVED,,,,0,,,
CONFIG_COMMON_CLK_MT8183_IMGSYS,TODO,UNRESOLVED,,,,0,,,
CONFIG_COMMON_CLK_MT8183_IPU_ADL,TODO,UNRESOLVED,,,,0,,,
CONFIG_COMMON_CLK_MT8183_IPU_CONN,TODO,UNRESOLVED,,,,0,,,
CONFIG_COMMON_CLK_MT8183_IPU_CORE0,TODO,UNRESOLVED,,,,0,,,
CONFIG_COMMON_CLK_MT8183_IPU_CORE1,TODO,UNRESOLVED,,,,0,,,
CONFIG_COMMON_CLK_MT8183_MFGCFG,TODO,UNRESOLVED,,,,0,,,
CONFIG_COMMON_CLK_MT8183_MMSYS,TODO,UNRESOLVED,,,,0,,,
CONFIG_COMMON_CLK_MT8183_VDECSYS,TODO,UNRESOLVED,,,,0,,,
CONFIG_COMMON_CLK_MT8183_VENCSYS,TODO,UNRESOLVED,,,,0,,,
CONFIG_COMMON_CLK_MT8186,TODO,UNRESOLVED,,,,0,,,
CONFIG_COMMON_CLK_MT8186_CAMSYS,TODO,UNRESOLVED,,,,0,,,
CONFIG_COMMON_CLK_MT8186_IMGSYS,TODO,UNRESOLVED,,,,0,,,
CONFIG_COMMON_CLK_MT8186_IMP_IIC_WRAP,TODO,UNRESOLVED,,,,0,,,
CONFIG_COMMON_CLK_MT8186_IPESYS,TODO,UNRESOLVED,,,,0,,,
CONFIG_COMMON_CLK_MT8186_MCUSYS,TODO,UNRESOLVED,,,,0,,,
CONFIG_COMMON_CLK_MT8186_MDPSYS,TODO,UNRESOLVED,,,,0,,,
CONFIG_COMMON_CLK_MT8186_MFGCFG,TODO,UNRESOLVED,,,,0,,,
CONFIG_COMMON_CLK_MT8186_MMSYS,TODO,UNRESOLVED,,,,0,,,
CONFIG_COMMON_CLK_MT8186_VDECSYS,TODO,UNRESOLVED,,,,0,,,
CONFIG_COMMON_CLK_MT8186_VENCSYS,TODO,UNRESOLVED,,,,0,,,
CONFIG_COMMON_CLK_MT8186_WPESYS,TODO,UNRESOLVED,,,,0,,,
CONFIG_COMMON_CLK_MT8188,TODO,UNRESOLVED,,,,0,,,
CONFIG_COMMON_CLK_MT8188_ADSP_AUDIO26M,TODO,UNRESOLVED,,,,0,,,
CONFIG_COMMON_CLK_MT8188_CAMSYS,TODO,UNRESOLVED,,,,0,,,
CONFIG_COMMON_CLK_MT8188_IMGSYS,TODO,UNRESOLVED,,,,0,,,
CONFIG_COMMON_CLK_MT8188_IMP_IIC_WRAP,TODO,UNRESOLVED,,,,0,,,
CONFIG_COMMON_CLK_MT8188_IPESYS,TODO,UNRESOLVED,,,,0,,,
CONFIG_COMMON_CLK_MT8188_MFGCFG,TODO,UNRESOLVED,,,,0,,,
CONFIG_COMMON_CLK_MT8188_VDECSYS,TODO,UNRESOLVED,,,,0,,,
CONFIG_COMMON_CLK_MT8188_VDOSYS,TODO,UNRESOLVED,,,,0,,,
CONFIG_COMMON_CLK_MT8188_VENCSYS,TODO,UNRESOLVED,,,,0,,,
CONFIG_COMMON_CLK_MT8188_VPPSYS,TODO,UNRESOLVED,,,,0,,,
CONFIG_COMMON_CLK_MT8188_WPESYS,TODO,UNRESOLVED,,,,0,,,
CONFIG_COMMON_CLK_MT8192,TODO,UNRESOLVED,,,,0,,,
CONFIG_COMMON_CLK_MT8192_AUDSYS,TODO,UNRESOLVED,,,,0,,,
CONFIG_COMMON_CLK_MT8192_CAMSYS,TODO,UNRESOLVED,,,,0,,,
CONFIG_COMMON_CLK_MT8192_IMGSYS,TODO,UNRESOLVED,,,,0,,,
CONFIG_COMMON_CLK_MT8192_IMP_IIC_WRAP,TODO,UNRESOLVED,,,,0,,,
CONFIG_COMMON_CLK_MT8192_IPESYS,TODO,UNRESOLVED,,,,0,,,
CONFIG_COMMON_CLK_MT8192_MDPSYS,TODO,UNRESOLVED,,,,0,,,
CONFIG_COMMON_CLK_MT8192_MFGCFG,TODO,UNRESOLVED,,,,0,,,
CONFIG_COMMON_CLK_MT8192_MMSYS,TODO,UNRESOLVED,,,,0,,,
CONFIG_COMMON_CLK_MT8192_MSDC,TODO,UNRESOLVED,,,,0,,,
CONFIG_COMMON_CLK_MT8192_SCP_ADSP,TODO,UNRESOLVED,,,,0,,,
CONFIG_COMMON_CLK_MT8192_VDECSYS,TODO,UNRESOLVED,,,,0,,,
CONFIG_COMMON_CLK_MT8192_VENCSYS,TODO,UNRESOLVED,,,,0,,,
CONFIG_COMMON_CLK_MT8195,TODO,UNRESOLVED,,,,0,,,
CONFIG_COMMON_CLK_MT8195_APUSYS,TODO,UNRESOLVED,,,,0,,,
CONFIG_COMMON_CLK_MT8195_CAMSYS,TODO,UNRESOLVED,,,,0,,,
CONFIG_COMMON_CLK_MT8195_IMGSYS,TODO,UNRESOLVED,,,,0,,,
CONFIG_COMMON_CLK_MT8195_IMP_IIC_WRAP,TODO,UNRESOLVED,,,,0,,,
CONFIG_COMMON_CLK_MT8195_IPESYS,TODO,UNRESOLVED,,,,0,,,
CONFIG_COMMON_CLK_MT8195_MFGCFG,TODO,UNRESOLVED,,,,0,,,
CONFIG_COMMON_CLK_MT8195_SCP_ADSP,TODO,UNRESOLVED,,,,0,,,
CONFIG_COMMON_CLK_MT8195_VDECSYS,TODO,UNRESOLVED,,,,0,,,
CONFIG_COMMON_CLK_MT8195_VDOSYS,TODO,UNRESOLVED,,,,0,,,
CONFIG_COMMON_CLK_MT8195_VENCSYS,TODO,UNRESOLVED,,,,0,,,
CONFIG_COMMON_CLK_MT8195_VPPSYS,TODO,UNRESOLVED,,,,0,,,
CONFIG_COMMON_CLK_MT8195_WPESYS,TODO,UNRESOLVED,,,,0,,,
CONFIG_COMMON_CLK_MT8196,TODO,UNRESOLVED,,,,0,,,
CONFIG_COMMON_CLK_MT8196_IMP_IIC_WRAP,TODO,UNRESOLVED,,,,0,,,
CONFIG_COMMON_CLK_MT8196_MCUSYS,TODO,UNRESOLVED,,,,0,,,
CONFIG_COMMON_CLK_MT8196_MDPSYS,TODO,UNRESOLVED,,,,0,,,
CONFIG_COMMON_CLK_MT8196_MFGCFG,TODO,UNRESOLVED,,,,0,,,
CONFIG_COMMON_CLK_MT8196_MMSYS,TODO,UNRESOLVED,,,,0,,,
CONFIG_COMMON_CLK_MT8196_PEXTPSYS,TODO,UNRESOLVED,,,,0,,,
CONFIG_COMMON_CLK_MT8196_UFSSYS,TODO,UNRESOLVED,,,,0,,,
CONFIG_COMMON_CLK_MT8196_VDECSYS,TODO,UNRESOLVED,,,,0,,,
CONFIG_COMMON_CLK_MT8196_VENCSYS,TODO,UNRESOLVED,,,,0,,,
CONFIG_COMMON_CLK_MT8365,TODO,UNRESOLVED,,,,0,,,
CONFIG_COMMON_CLK_MT8365_APU,TODO,UNRESOLVED,,,,0,,,
CONFIG_COMMON_CLK_MT8365_CAM,TODO,UNRESOLVED,,,,0,,,
CONFIG_COMMON_CLK_MT8365_MFG,TODO,UNRESOLVED,,,,0,,,
CONFIG_COMMON_CLK_MT8365_MMSYS,TODO,UNRESOLVED,,,,0,,,
CONFIG_COMMON_CLK_MT8365_VDEC,TODO,UNRESOLVED,,,,0,,,
CONFIG_COMMON_CLK_MT8365_VENC,TODO,UNRESOLVED,,,,0,,,
CONFIG_COMMON_CLK_MT8516,TODO,UNRESOLVED,,,,0,,,
CONFIG_COMMON_CLK_MT8516_AUDSYS,TODO,UNRESOLVED,,,,0,,,
CONFIG_COMMON_CLK_NPCM8XX,TODO,UNRESOLVED,,,,0,,,
CONFIG_COMMON_CLK_NUVOTON,TODO,UNRESOLVED,,,,0,,,
CONFIG_COMMON_CLK_NXP,TODO,UNRESOLVED,,,,0,,,
CONFIG_COMMON_CLK_PALMAS,TODO,UNRESOLVED,,,,0,,,
CONFIG_COMMON_CLK_PIC32,TODO,UNRESOLVED,,,,0,,,
CONFIG_COMMON_CLK_PISTACHIO,TODO,UNRESOLVED,,,,0,,,
CONFIG_COMMON_CLK_PWM,TODO,UNRESOLVED,,,,0,,,
CONFIG_COMMON_CLK_PXA,TODO,UNRESOLVED,,,,0,,,
CONFIG_COMMON_CLK_PXA1908,TODO,UNRESOLVED,,,,0,,,
CONFIG_COMMON_CLK_QCOM,TODO,UNRESOLVED,,,,0,,,
CONFIG_COMMON_CLK_RK808,TODO,UNRESOLVED,,,,0,,,
CONFIG_COMMON_CLK_ROCKCHIP,TODO,UNRESOLVED,,,,0,,,
CONFIG_COMMON_CLK_RP1,TODO,UNRESOLVED,,,,0,,,
CONFIG_COMMON_CLK_RPMI,TODO,UNRESOLVED,,,,0,,,
CONFIG_COMMON_CLK_RS9_PCIE,TODO,UNRESOLVED,,,,0,,,
CONFIG_COMMON_CLK_S2MPS11,TODO,UNRESOLVED,,,,0,,,
CONFIG_COMMON_CLK_S4_PERIPHERALS,TODO,UNRESOLVED,,,,0,,,
CONFIG_COMMON_CLK_S4_PLL,TODO,UNRESOLVED,,,,0,,,
CONFIG_COMMON_CLK_SAMSUNG,TODO,UNRESOLVED,,,,0,,,
CONFIG_COMMON_CLK_SCMI,TODO,UNRESOLVED,,,,0,,,
CONFIG_COMMON_CLK_SCPI,TODO,UNRESOLVED,,,,0,,,
CONFIG_COMMON_CLK_SI514,TODO,UNRESOLVED,,,,0,,,
CONFIG_COMMON_CLK_SI521XX,TODO,UNRESOLVED,,,,0,,,
CONFIG_COMMON_CLK_SI5341,TODO,UNRESOLVED,,,,0,,,
CONFIG_COMMON_CLK_SI5351,TODO,UNRESOLVED,,,,0,,,
CONFIG_COMMON_CLK_SI544,TODO,UNRESOLVED,,,,0,,,
CONFIG_COMMON_CLK_SI570,TODO,UNRESOLVED,,,,0,,,
CONFIG_COMMON_CLK_SP7021,TODO,UNRESOLVED,,,,0,,,
CONFIG_COMMON_CLK_STM32F,TODO,UNRESOLVED,,,,0,,,
CONFIG_COMMON_CLK_STM32H7,TODO,UNRESOLVED,,,,0,,,
CONFIG_COMMON_CLK_STM32MP,TODO,UNRESOLVED,,,,0,,,
CONFIG_COMMON_CLK_STM32MP135,TODO,UNRESOLVED,,,,0,,,
CONFIG_COMMON_CLK_STM32MP157,TODO,UNRESOLVED,,,,0,,,
CONFIG_COMMON_CLK_STM32MP215,TODO,UNRESOLVED,,,,0,,,
CONFIG_COMMON_CLK_STM32MP257,TODO,UNRESOLVED,,,,0,,,
CONFIG_COMMON_CLK_TI_ADPLL,TODO,UNRESOLVED,,,,0,,,
CONFIG_COMMON_CLK_TPS68470,TODO,UNRESOLVED,,,,0,,,
CONFIG_COMMON_CLK_VC3,TODO,UNRESOLVED,,,,0,,,
CONFIG_COMMON_CLK_VC5,TODO,UNRESOLVED,,,,0,,,
CONFIG_COMMON_CLK_VC7,TODO,UNRESOLVED,,,,0,,,
CONFIG_COMMON_CLK_VISCONTI,TODO,UNRESOLVED,,,,0,,,
CONFIG_COMMON_CLK_WM831X,TODO,UNRESOLVED,,,,0,,,
CONFIG_COMMON_CLK_XGENE,TODO,UNRESOLVED,,,,0,,,
CONFIG_COMMON_CLK_XLNX_CLKWZRD,TODO,UNRESOLVED,,,,0,,,
CONFIG_COMMON_CLK_ZYNQMP,TODO,UNRESOLVED,,,,0,,,
CONFIG_COMMON_RESET_HI3660,TODO,UNRESOLVED,,,,0,,,
CONFIG_COMMON_RESET_HI6220,TODO,UNRESOLVED,,,,0,,,
CONFIG_COMPACTION,TODO,UNRESOLVED,,,,0,,,
CONFIG_COMPACT_UNEVICTABLE_DEFAULT,TODO,UNRESOLVED,,,,0,,,
CONFIG_COMPAL_LAPTOP,TODO,UNRESOLVED,,,,0,,,
CONFIG_COMPAT,TODO,UNRESOLVED,,,,0,,,
CONFIG_COMPAT_32,TODO,UNRESOLVED,,,,0,,,
CONFIG_COMPAT_32BIT_TIME,TODO,UNRESOLVED,,,,0,,,
CONFIG_COMPAT_BINFMT_ELF,TODO,UNRESOLVED,,,,0,,,
CONFIG_COMPAT_BRK,TODO,UNRESOLVED,,,,0,,,
CONFIG_COMPAT_FOR_U64_ALIGNMENT,TODO,UNRESOLVED,,,,0,,,
CONFIG_COMPAT_NETLINK_MESSAGES,TODO,UNRESOLVED,,,,0,,,
CONFIG_COMPAT_OLD_SIGACTION,TODO,UNRESOLVED,,,,0,,,
CONFIG_COMPAT_VDSO,TODO,UNRESOLVED,,,,0,,,
CONFIG_COMPILE_TEST,TODO,UNRESOLVED,,,,0,,,
CONFIG_CONFIGFS_FS,TODO,UNRESOLVED,,,,0,,,
CONFIG_CONNECTOR,TODO,UNRESOLVED,,,,0,,,
CONFIG_CONSOLE_LOGLEVEL_DEFAULT,TODO,UNRESOLVED,,,,0,,,
CONFIG_CONSOLE_LOGLEVEL_QUIET,TODO,UNRESOLVED,,,,0,,,
CONFIG_CONSOLE_POLL,TODO,UNRESOLVED,,,,0,,,
CONFIG_CONSOLE_TRANSLATIONS,TODO,UNRESOLVED,,,,0,,,
CONFIG_CONSTRUCTORS,TODO,UNRESOLVED,,,,0,,,
CONFIG_CONTEXT_SWITCH_TRACER,TODO,UNRESOLVED,,,,0,,,
CONFIG_CONTEXT_TRACKING,TODO,UNRESOLVED,,,,0,,,
CONFIG_CONTEXT_TRACKING_IDLE,TODO,UNRESOLVED,,,,0,,,
CONFIG_CONTEXT_TRACKING_USER,TODO,UNRESOLVED,,,,0,,,
CONFIG_CONTEXT_TRACKING_USER_FORCE,TODO,UNRESOLVED,,,,0,,,
CONFIG_CONTIG_ALLOC,TODO,UNRESOLVED,,,,0,,,
CONFIG_CORDIC,TODO,UNRESOLVED,,,,0,,,
CONFIG_COREDUMP,TODO,UNRESOLVED,,,,0,,,
CONFIG_CORE_DUMP_DEFAULT_ELF_HEADERS,TODO,UNRESOLVED,,,,0,,,
CONFIG_CORTINA_PHY,TODO,UNRESOLVED,,,,0,,,
CONFIG_COUNTER,TODO,UNRESOLVED,,,,0,,,
CONFIG_CPA_DEBUG,TODO,UNRESOLVED,,,,0,,,
CONFIG_CPCAP_ADC,TODO,UNRESOLVED,,,,0,,,
CONFIG_CPM_QMC,TODO,UNRESOLVED,,,,0,,,
CONFIG_CPM_TSA,TODO,UNRESOLVED,,,,0,,,
CONFIG_CPUFREQ_ARCH_CUR_FREQ,TODO,UNRESOLVED,,,,0,,,
CONFIG_CPUFREQ_DT,TODO,UNRESOLVED,,,,0,,,
CONFIG_CPUFREQ_DT_PLATDEV,TODO,UNRESOLVED,,,,0,,,
CONFIG_CPUFREQ_DT_RUST,TODO,UNRESOLVED,,,,0,,,
CONFIG_CPUFREQ_VIRT,TODO,UNRESOLVED,,,,0,,,
CONFIG_CPUMASK_KUNIT_TEST,TODO,UNRESOLVED,,,,0,,,
CONFIG_CPUMASK_OFFSTACK,TODO,UNRESOLVED,,,,0,,,
CONFIG_CPUSETS,TODO,UNRESOLVED,,,,0,,,
CONFIG_CPUSETS_V1,TODO,UNRESOLVED,,,,0,,,
CONFIG_CPU_FREQ,TODO,UNRESOLVED,,,,0,,,
CONFIG_CPU_FREQ_DEFAULT_GOV_CONSERVATIVE,TODO,UNRESOLVED,,,,0,,,
CONFIG_CPU_FREQ_DEFAULT_GOV_ONDEMAND,TODO,UNRESOLVED,,,,0,,,
CONFIG_CPU_FREQ_DEFAULT_GOV_PERFORMANCE,TODO,UNRESOLVED,,,,0,,,
CONFIG_CPU_FREQ_DEFAULT_GOV_POWERSAVE,TODO,UNRESOLVED,,,,0,,,
CONFIG_CPU_FREQ_DEFAULT_GOV_SCHEDUTIL,TODO,UNRESOLVED,,,,0,,,
CONFIG_CPU_FREQ_DEFAULT_GOV_USERSPACE,TODO,UNRESOLVED,,,,0,,,
CONFIG_CPU_FREQ_GOV_ATTR_SET,TODO,UNRESOLVED,,,,0,,,
CONFIG_CPU_FREQ_GOV_COMMON,TODO,UNRESOLVED,,,,0,,,
CONFIG_CPU_FREQ_GOV_CONSERVATIVE,TODO,UNRESOLVED,,,,0,,,
CONFIG_CPU_FREQ_GOV_ONDEMAND,TODO,UNRESOLVED,,,,0,,,
CONFIG_CPU_FREQ_GOV_PERFORMANCE,TODO,UNRESOLVED,,,,0,,,
CONFIG_CPU_FREQ_GOV_POWERSAVE,TODO,UNRESOLVED,,,,0,,,
CONFIG_CPU_FREQ_GOV_SCHEDUTIL,TODO,UNRESOLVED,,,,0,,,
CONFIG_CPU_FREQ_GOV_USERSPACE,TODO,UNRESOLVED,,,,0,,,
CONFIG_CPU_FREQ_PMAC,TODO,UNRESOLVED,,,,0,,,
CONFIG_CPU_FREQ_PMAC64,TODO,UNRESOLVED,,,,0,,,
CONFIG_CPU_FREQ_STAT,TODO,UNRESOLVED,,,,0,,,
CONFIG_CPU_FREQ_THERMAL,TODO,UNRESOLVED,,,,0,,,
CONFIG_CPU_HOTPLUG_STATE_CONTROL,TODO,UNRESOLVED,,,,0,,,
CONFIG_CPU_HWMON,TODO,UNRESOLVED,,,,0,,,
CONFIG_CPU_IDLE,REVIEWED,DEFERRED,DOCUMENTED_SCENARIO,OPTIONAL,held-parent-default,1,Held at K-HVCORE-001 value n to prevent unrelated defaults from widening K-HOSTCHAN-001.,https://github.com/microsoft/WSL2-Linux-Kernel/tree/14794180686c2fb6307fbe359c359bec765249f3,
CONFIG_CPU_IDLE_GOV_HALTPOLL,TODO,UNRESOLVED,,,,0,,,
CONFIG_CPU_IDLE_GOV_LADDER,TODO,UNRESOLVED,,,,0,,,
CONFIG_CPU_IDLE_GOV_MENU,TODO,UNRESOLVED,,,,0,,,
CONFIG_CPU_IDLE_GOV_TEO,TODO,UNRESOLVED,,,,0,,,
CONFIG_CPU_IDLE_MULTIPLE_DRIVERS,TODO,UNRESOLVED,,,,0,,,
CONFIG_CPU_IDLE_THERMAL,TODO,UNRESOLVED,,,,0,,,
CONFIG_CPU_ISOLATION,TODO,UNRESOLVED,,,,0,,,
CONFIG_CPU_MITIGATIONS,TODO,UNRESOLVED,,,,0,,,
CONFIG_CPU_NO_EFFICIENT_FFS,TODO,UNRESOLVED,,,,0,,,
CONFIG_CPU_PM,TODO,UNRESOLVED,,,,0,,,
CONFIG_CPU_RMAP,TODO,UNRESOLVED,,,,0,,,
CONFIG_CPU_SUP_AMD,TODO,UNRESOLVED,,,,0,,,
CONFIG_CPU_SUP_CENTAUR,TODO,UNRESOLVED,,,,0,,,
CONFIG_CPU_SUP_CYRIX_32,TODO,UNRESOLVED,,,,0,,,
CONFIG_CPU_SUP_HYGON,TODO,UNRESOLVED,,,,0,,,
CONFIG_CPU_SUP_INTEL,TODO,UNRESOLVED,,,,0,,,
CONFIG_CPU_SUP_TRANSMETA_32,TODO,UNRESOLVED,,,,0,,,
CONFIG_CPU_SUP_UMC_32,TODO,UNRESOLVED,,,,0,,,
CONFIG_CPU_SUP_VORTEX_32,TODO,UNRESOLVED,,,,0,,,
CONFIG_CPU_SUP_ZHAOXIN,TODO,UNRESOLVED,,,,0,,,
CONFIG_CPU_THERMAL,TODO,UNRESOLVED,,,,0,,,
CONFIG_CRAMFS,TODO,UNRESOLVED,,,,0,,,
CONFIG_CRAMFS_BLOCKDEV,TODO,UNRESOLVED,,,,0,,,
CONFIG_CRAMFS_MTD,TODO,UNRESOLVED,,,,0,,,
CONFIG_CRASH_DM_CRYPT,TODO,UNRESOLVED,,,,0,,,
CONFIG_CRASH_DM_CRYPT_CONFIGS,TODO,UNRESOLVED,,,,0,,,
CONFIG_CRASH_DUMP,TODO,UNRESOLVED,,,,0,,,
CONFIG_CRASH_DUMP_KUNIT_TEST,TODO,UNRESOLVED,,,,0,,,
CONFIG_CRASH_HOTPLUG,TODO,UNRESOLVED,,,,0,,,
CONFIG_CRASH_MAX_MEMORY_RANGES,TODO,UNRESOLVED,,,,0,,,
CONFIG_CRASH_RESERVE,TODO,UNRESOLVED,,,,0,,,
CONFIG_CRC16,TODO,UNRESOLVED,,,,0,,,
CONFIG_CRC32,TODO,UNRESOLVED,,,,0,,,
CONFIG_CRC32_ARCH,TODO,UNRESOLVED,,,,0,,,
CONFIG_CRC4,TODO,UNRESOLVED,,,,0,,,
CONFIG_CRC64,TODO,UNRESOLVED,,,,0,,,
CONFIG_CRC64_ARCH,TODO,UNRESOLVED,,,,0,,,
CONFIG_CRC7,TODO,UNRESOLVED,,,,0,,,
CONFIG_CRC8,TODO,UNRESOLVED,,,,0,,,
CONFIG_CRC_BENCHMARK,TODO,UNRESOLVED,,,,0,,,
CONFIG_CRC_CCITT,TODO,UNRESOLVED,,,,0,,,
CONFIG_CRC_ENABLE_ALL_FOR_KUNIT,TODO,UNRESOLVED,,,,0,,,
CONFIG_CRC_ITU_T,TODO,UNRESOLVED,,,,0,,,
CONFIG_CRC_KUNIT_TEST,TODO,UNRESOLVED,,,,0,,,
CONFIG_CRC_OPTIMIZATIONS,TODO,UNRESOLVED,,,,0,,,
CONFIG_CRC_T10DIF,TODO,UNRESOLVED,,,,0,,,
CONFIG_CRC_T10DIF_ARCH,TODO,UNRESOLVED,,,,0,,,
CONFIG_CROSS_MEMORY_ATTACH,TODO,UNRESOLVED,,,,0,,,
CONFIG_CROS_EC,TODO,UNRESOLVED,,,,0,,,
CONFIG_CROS_EC_CHARDEV,TODO,UNRESOLVED,,,,0,,,
CONFIG_CROS_EC_DEBUGFS,TODO,UNRESOLVED,,,,0,,,
CONFIG_CROS_EC_I2C,TODO,UNRESOLVED,,,,0,,,
CONFIG_CROS_EC_ISHTP,TODO,UNRESOLVED,,,,0,,,
CONFIG_CROS_EC_LIGHTBAR,TODO,UNRESOLVED,,,,0,,,
CONFIG_CROS_EC_LPC,TODO,UNRESOLVED,,,,0,,,
CONFIG_CROS_EC_MKBP_PROXIMITY,TODO,UNRESOLVED,,,,0,,,
CONFIG_CROS_EC_PROTO,TODO,UNRESOLVED,,,,0,,,
CONFIG_CROS_EC_RPMSG,TODO,UNRESOLVED,,,,0,,,
CONFIG_CROS_EC_SENSORHUB,TODO,UNRESOLVED,,,,0,,,
CONFIG_CROS_EC_SPI,TODO,UNRESOLVED,,,,0,,,
CONFIG_CROS_EC_SYSFS,TODO,UNRESOLVED,,,,0,,,
CONFIG_CROS_EC_TYPEC,TODO,UNRESOLVED,,,,0,,,
CONFIG_CROS_EC_TYPEC_ALTMODES,TODO,UNRESOLVED,,,,0,,,
CONFIG_CROS_EC_UART,TODO,UNRESOLVED,,,,0,,,
CONFIG_CROS_EC_UCSI,TODO,UNRESOLVED,,,,0,,,
CONFIG_CROS_EC_VBC,TODO,UNRESOLVED,,,,0,,,
CONFIG_CROS_EC_WATCHDOG,TODO,UNRESOLVED,,,,0,,,
CONFIG_CROS_HPS_I2C,TODO,UNRESOLVED,,,,0,,,
CONFIG_CROS_KBD_LED_BACKLIGHT,TODO,UNRESOLVED,,,,0,,,
CONFIG_CROS_KUNIT_EC_PROTO_TEST,TODO,UNRESOLVED,,,,0,,,
CONFIG_CROS_TYPEC_SWITCH,TODO,UNRESOLVED,,,,0,,,
CONFIG_CROS_USBPD_LOGGER,TODO,UNRESOLVED,,,,0,,,
CONFIG_CROS_USBPD_NOTIFY,TODO,UNRESOLVED,,,,0,,,
CONFIG_CRYPTO,TODO,UNRESOLVED,,,,0,,,
CONFIG_CRYPTO_842,TODO,UNRESOLVED,,,,0,,,
CONFIG_CRYPTO_ACOMP,TODO,UNRESOLVED,,,,0,,,
CONFIG_CRYPTO_ACOMP2,TODO,UNRESOLVED,,,,0,,,
CONFIG_CRYPTO_ADIANTUM,TODO,UNRESOLVED,,,,0,,,
CONFIG_CRYPTO_AEAD,TODO,UNRESOLVED,,,,0,,,
CONFIG_CRYPTO_AEAD2,TODO,UNRESOLVED,,,,0,,,
CONFIG_CRYPTO_AEGIS128,TODO,UNRESOLVED,,,,0,,,
CONFIG_CRYPTO_AEGIS128_AESNI_SSE2,TODO,UNRESOLVED,,,,0,,,
CONFIG_CRYPTO_AEGIS128_SIMD,TODO,UNRESOLVED,,,,0,,,
CONFIG_CRYPTO_AES,TODO,UNRESOLVED,,,,0,,,
CONFIG_CRYPTO_AES_ARM,TODO,UNRESOLVED,,,,0,,,
CONFIG_CRYPTO_AES_ARM64,TODO,UNRESOLVED,,,,0,,,
CONFIG_CRYPTO_AES_ARM64_BS,TODO,UNRESOLVED,,,,0,,,
CONFIG_CRYPTO_AES_ARM64_CE,TODO,UNRESOLVED,,,,0,,,
CONFIG_CRYPTO_AES_ARM64_CE_BLK,TODO,UNRESOLVED,,,,0,,,
CONFIG_CRYPTO_AES_ARM64_CE_CCM,TODO,UNRESOLVED,,,,0,,,
CONFIG_CRYPTO_AES_ARM64_NEON_BLK,TODO,UNRESOLVED,,,,0,,,
CONFIG_CRYPTO_AES_ARM_BS,TODO,UNRESOLVED,,,,0,,,
CONFIG_CRYPTO_AES_ARM_CE,TODO,UNRESOLVED,,,,0,,,
CONFIG_CRYPTO_AES_GCM_P10,TODO,UNRESOLVED,,,,0,,,
CONFIG_CRYPTO_AES_NI_INTEL,TODO,UNRESOLVED,,,,0,,,
CONFIG_CRYPTO_AES_PPC_SPE,TODO,UNRESOLVED,,,,0,,,
CONFIG_CRYPTO_AES_RISCV64,TODO,UNRESOLVED,,,,0,,,
CONFIG_CRYPTO_AES_S390,TODO,UNRESOLVED,,,,0,,,
CONFIG_CRYPTO_AES_SPARC64,TODO,UNRESOLVED,,,,0,,,
CONFIG_CRYPTO_AES_TI,TODO,UNRESOLVED,,,,0,,,
CONFIG_CRYPTO_AKCIPHER,TODO,UNRESOLVED,,,,0,,,
CONFIG_CRYPTO_AKCIPHER2,TODO,UNRESOLVED,,,,0,,,
CONFIG_CRYPTO_ALGAPI,TODO,UNRESOLVED,,,,0,,,
CONFIG_CRYPTO_ALGAPI2,TODO,UNRESOLVED,,,,0,,,
CONFIG_CRYPTO_ANSI_CPRNG,TODO,UNRESOLVED,,,,0,,,
CONFIG_CRYPTO_ANUBIS,TODO,UNRESOLVED,,,,0,,,
CONFIG_CRYPTO_ARC4,TODO,UNRESOLVED,,,,0,,,
CONFIG_CRYPTO_ARIA,TODO,UNRESOLVED,,,,0,,,
CONFIG_CRYPTO_ARIA_AESNI_AVX2_X86_64,TODO,UNRESOLVED,,,,0,,,
CONFIG_CRYPTO_ARIA_AESNI_AVX_X86_64,TODO,UNRESOLVED,,,,0,,,
CONFIG_CRYPTO_ARIA_GFNI_AVX512_X86_64,TODO,UNRESOLVED,,,,0,,,
CONFIG_CRYPTO_AUTHENC,TODO,UNRESOLVED,,,,0,,,
CONFIG_CRYPTO_BENCHMARK,TODO,UNRESOLVED,,,,0,,,
CONFIG_CRYPTO_BLAKE2B,TODO,UNRESOLVED,,,,0,,,
CONFIG_CRYPTO_BLAKE2B_NEON,TODO,UNRESOLVED,,,,0,,,
CONFIG_CRYPTO_BLOWFISH,TODO,UNRESOLVED,,,,0,,,
CONFIG_CRYPTO_BLOWFISH_COMMON,TODO,UNRESOLVED,,,,0,,,
CONFIG_CRYPTO_BLOWFISH_X86_64,TODO,UNRESOLVED,,,,0,,,
CONFIG_CRYPTO_CAMELLIA,TODO,UNRESOLVED,,,,0,,,
CONFIG_CRYPTO_CAMELLIA_AESNI_AVX2_X86_64,TODO,UNRESOLVED,,,,0,,,
CONFIG_CRYPTO_CAMELLIA_AESNI_AVX_X86_64,TODO,UNRESOLVED,,,,0,,,
CONFIG_CRYPTO_CAMELLIA_SPARC64,TODO,UNRESOLVED,,,,0,,,
CONFIG_CRYPTO_CAMELLIA_X86_64,TODO,UNRESOLVED,,,,0,,,
CONFIG_CRYPTO_CAST5,TODO,UNRESOLVED,,,,0,,,
CONFIG_CRYPTO_CAST5_AVX_X86_64,TODO,UNRESOLVED,,,,0,,,
CONFIG_CRYPTO_CAST6,TODO,UNRESOLVED,,,,0,,,
CONFIG_CRYPTO_CAST6_AVX_X86_64,TODO,UNRESOLVED,,,,0,,,
CONFIG_CRYPTO_CAST_COMMON,TODO,UNRESOLVED,,,,0,,,
CONFIG_CRYPTO_CBC,TODO,UNRESOLVED,,,,0,,,
CONFIG_CRYPTO_CCM,TODO,UNRESOLVED,,,,0,,,
CONFIG_CRYPTO_CHACHA20,TODO,UNRESOLVED,,,,0,,,
CONFIG_CRYPTO_CHACHA20POLY1305,TODO,UNRESOLVED,,,,0,,,
CONFIG_CRYPTO_CMAC,TODO,UNRESOLVED,,,,0,,,
CONFIG_CRYPTO_CRC32,TODO,UNRESOLVED,,,,0,,,
CONFIG_CRYPTO_CRC32C,TODO,UNRESOLVED,,,,0,,,
CONFIG_CRYPTO_CRYPTD,TODO,UNRESOLVED,,,,0,,,
CONFIG_CRYPTO_CTR,TODO,UNRESOLVED,,,,0,,,
CONFIG_CRYPTO_CTS,TODO,UNRESOLVED,,,,0,,,
CONFIG_CRYPTO_DEFLATE,TODO,UNRESOLVED,,,,0,,,
CONFIG_CRYPTO_DES,TODO,UNRESOLVED,,,,0,,,
CONFIG_CRYPTO_DES3_EDE_X86_64,TODO,UNRESOLVED,,,,0,,,
CONFIG_CRYPTO_DES_S390,TODO,UNRESOLVED,,,,0,,,
CONFIG_CRYPTO_DES_SPARC64,TODO,UNRESOLVED,,,,0,,,
CONFIG_CRYPTO_DEV_ALLWINNER,TODO,UNRESOLVED,,,,0,,,
CONFIG_CRYPTO_DEV_AMLOGIC_GXL,TODO,UNRESOLVED,,,,0,,,
CONFIG_CRYPTO_DEV_AMLOGIC_GXL_DEBUG,TODO,UNRESOLVED,,,,0,,,
CONFIG_CRYPTO_DEV_ARTPEC6,TODO,UNRESOLVED,,,,0,,,
CONFIG_CRYPTO_DEV_ASPEED,TODO,UNRESOLVED,,,,0,,,
CONFIG_CRYPTO_DEV_ASPEED_ACRY,TODO,UNRESOLVED,,,,0,,,
CONFIG_CRYPTO_DEV_ASPEED_DEBUG,TODO,UNRESOLVED,,,,0,,,
CONFIG_CRYPTO_DEV_ASPEED_HACE_CRYPTO,TODO,UNRESOLVED,,,,0,,,
CONFIG_CRYPTO_DEV_ASPEED_HACE_HASH,TODO,UNRESOLVED,,,,0,,,
CONFIG_CRYPTO_DEV_ATMEL_AES,TODO,UNRESOLVED,,,,0,,,
CONFIG_CRYPTO_DEV_ATMEL_AUTHENC,TODO,UNRESOLVED,,,,0,,,
CONFIG_CRYPTO_DEV_ATMEL_ECC,TODO,UNRESOLVED,,,,0,,,
CONFIG_CRYPTO_DEV_ATMEL_I2C,TODO,UNRESOLVED,,,,0,,,
CONFIG_CRYPTO_DEV_ATMEL_SHA,TODO,UNRESOLVED,,,,0,,,
CONFIG_CRYPTO_DEV_ATMEL_SHA204A,TODO,UNRESOLVED,,,,0,,,
CONFIG_CRYPTO_DEV_ATMEL_TDES,TODO,UNRESOLVED,,,,0,,,
CONFIG_CRYPTO_DEV_BCM_SPU,TODO,UNRESOLVED,,,,0,,,
CONFIG_CRYPTO_DEV_CCP,TODO,UNRESOLVED,,,,0,,,
CONFIG_CRYPTO_DEV_CCP_CRYPTO,TODO,UNRESOLVED,,,,0,,,
CONFIG_CRYPTO_DEV_CCP_DD,TODO,UNRESOLVED,,,,0,,,
CONFIG_CRYPTO_DEV_CCP_DEBUGFS,TODO,UNRESOLVED,,,,0,,,
CONFIG_CRYPTO_DEV_CCREE,TODO,UNRESOLVED,,,,0,,,
CONFIG_CRYPTO_DEV_CHELSIO,TODO,UNRESOLVED,,,,0,,,
CONFIG_CRYPTO_DEV_CHELSIO_TLS,TODO,UNRESOLVED,,,,0,,,
CONFIG_CRYPTO_DEV_CPT,TODO,UNRESOLVED,,,,0,,,
CONFIG_CRYPTO_DEV_EIP93,TODO,UNRESOLVED,,,,0,,,
CONFIG_CRYPTO_DEV_EXYNOS_HASH,TODO,UNRESOLVED,,,,0,,,
CONFIG_CRYPTO_DEV_EXYNOS_RNG,TODO,UNRESOLVED,,,,0,,,
CONFIG_CRYPTO_DEV_FSL_CAAM,TODO,UNRESOLVED,,,,0,,,
CONFIG_CRYPTO_DEV_FSL_CAAM_AHASH_API,TODO,UNRESOLVED,,,,0,,,
CONFIG_CRYPTO_DEV_FSL_CAAM_AHASH_API_DESC,TODO,UNRESOLVED,,,,0,,,
CONFIG_CRYPTO_DEV_FSL_CAAM_BLOB_GEN,TODO,UNRESOLVED,,,,0,,,
CONFIG_CRYPTO_DEV_FSL_CAAM_COMMON,TODO,UNRESOLVED,,,,0,,,
CONFIG_CRYPTO_DEV_FSL_CAAM_CRYPTO_API,TODO,UNRESOLVED,,,,0,,,
CONFIG_CRYPTO_DEV_FSL_CAAM_CRYPTO_API_DESC,TODO,UNRESOLVED,,,,0,,,
CONFIG_CRYPTO_DEV_FSL_CAAM_CRYPTO_API_QI,TODO,UNRESOLVED,,,,0,,,
CONFIG_CRYPTO_DEV_FSL_CAAM_DEBUG,TODO,UNRESOLVED,,,,0,,,
CONFIG_CRYPTO_DEV_FSL_CAAM_INTC,TODO,UNRESOLVED,,,,0,,,
CONFIG_CRYPTO_DEV_FSL_CAAM_INTC_COUNT_THLD,TODO,UNRESOLVED,,,,0,,,
CONFIG_CRYPTO_DEV_FSL_CAAM_INTC_TIME_THLD,TODO,UNRESOLVED,,,,0,,,
CONFIG_CRYPTO_DEV_FSL_CAAM_JR,TODO,UNRESOLVED,,,,0,,,
CONFIG_CRYPTO_DEV_FSL_CAAM_PKC_API,TODO,UNRESOLVED,,,,0,,,
CONFIG_CRYPTO_DEV_FSL_CAAM_PRNG_API,TODO,UNRESOLVED,,,,0,,,
CONFIG_CRYPTO_DEV_FSL_CAAM_RINGSIZE,TODO,UNRESOLVED,,,,0,,,
CONFIG_CRYPTO_DEV_FSL_CAAM_RNG_API,TODO,UNRESOLVED,,,,0,,,
CONFIG_CRYPTO_DEV_FSL_CAAM_RNG_TEST,TODO,UNRESOLVED,,,,0,,,
CONFIG_CRYPTO_DEV_FSL_DPAA2_CAAM,TODO,UNRESOLVED,,,,0,,,
CONFIG_CRYPTO_DEV_GEODE,TODO,UNRESOLVED,,,,0,,,
CONFIG_CRYPTO_DEV_HIFN_795X,TODO,UNRESOLVED,,,,0,,,
CONFIG_CRYPTO_DEV_HIFN_795X_RNG,TODO,UNRESOLVED,,,,0,,,
CONFIG_CRYPTO_DEV_HISI_HPRE,TODO,UNRESOLVED,,,,0,,,
CONFIG_CRYPTO_DEV_HISI_QM,TODO,UNRESOLVED,,,,0,,,
CONFIG_CRYPTO_DEV_HISI_SEC,TODO,UNRESOLVED,,,,0,,,
CONFIG_CRYPTO_DEV_HISI_SEC2,TODO,UNRESOLVED,,,,0,,,
CONFIG_CRYPTO_DEV_HISI_TRNG,TODO,UNRESOLVED,,,,0,,,
CONFIG_CRYPTO_DEV_HISI_ZIP,TODO,UNRESOLVED,,,,0,,,
CONFIG_CRYPTO_DEV_IAA_CRYPTO,TODO,UNRESOLVED,,,,0,,,
CONFIG_CRYPTO_DEV_IAA_CRYPTO_STATS,TODO,UNRESOLVED,,,,0,,,
CONFIG_CRYPTO_DEV_IMGTEC_HASH,TODO,UNRESOLVED,,,,0,,,
CONFIG_CRYPTO_DEV_IXP4XX,TODO,UNRESOLVED,,,,0,,,
CONFIG_CRYPTO_DEV_JH7110,TODO,UNRESOLVED,,,,0,,,
CONFIG_CRYPTO_DEV_KEEMBAY_OCS_AES_SM4,TODO,UNRESOLVED,,,,0,,,
CONFIG_CRYPTO_DEV_KEEMBAY_OCS_AES_SM4_CTS,TODO,UNRESOLVED,,,,0,,,
CONFIG_CRYPTO_DEV_KEEMBAY_OCS_AES_SM4_ECB,TODO,UNRESOLVED,,,,0,,,
CONFIG_CRYPTO_DEV_KEEMBAY_OCS_ECC,TODO,UNRESOLVED,,,,0,,,
CONFIG_CRYPTO_DEV_KEEMBAY_OCS_HCU,TODO,UNRESOLVED,,,,0,,,
CONFIG_CRYPTO_DEV_KEEMBAY_OCS_HCU_HMAC_SHA224,TODO,UNRESOLVED,,,,0,,,
CONFIG_CRYPTO_DEV_MARVELL,TODO,UNRESOLVED,,,,0,,,
CONFIG_CRYPTO_DEV_MARVELL_CESA,TODO,UNRESOLVED,,,,0,,,
CONFIG_CRYPTO_DEV_MXS_DCP,TODO,UNRESOLVED,,,,0,,,
CONFIG_CRYPTO_DEV_NITROX,TODO,UNRESOLVED,,,,0,,,
CONFIG_CRYPTO_DEV_NITROX_CNN55XX,TODO,UNRESOLVED,,,,0,,,
CONFIG_CRYPTO_DEV_NX,TODO,UNRESOLVED,,,,0,,,
CONFIG_CRYPTO_DEV_NX_COMPRESS,TODO,UNRESOLVED,,,,0,,,
CONFIG_CRYPTO_DEV_NX_COMPRESS_POWERNV,TODO,UNRESOLVED,,,,0,,,
CONFIG_CRYPTO_DEV_NX_COMPRESS_PSERIES,TODO,UNRESOLVED,,,,0,,,
CONFIG_CRYPTO_DEV_NX_ENCRYPT,TODO,UNRESOLVED,,,,0,,,
CONFIG_CRYPTO_DEV_OCTEONTX2_CPT,TODO,UNRESOLVED,,,,0,,,
CONFIG_CRYPTO_DEV_OCTEONTX_CPT,TODO,UNRESOLVED,,,,0,,,
CONFIG_CRYPTO_DEV_OMAP,TODO,UNRESOLVED,,,,0,,,
CONFIG_CRYPTO_DEV_OMAP_AES,TODO,UNRESOLVED,,,,0,,,
CONFIG_CRYPTO_DEV_OMAP_DES,TODO,UNRESOLVED,,,,0,,,
CONFIG_CRYPTO_DEV_OMAP_SHAM,TODO,UNRESOLVED,,,,0,,,
CONFIG_CRYPTO_DEV_PADLOCK,TODO,UNRESOLVED,,,,0,,,
CONFIG_CRYPTO_DEV_PADLOCK_AES,TODO,UNRESOLVED,,,,0,,,
CONFIG_CRYPTO_DEV_PADLOCK_SHA,TODO,UNRESOLVED,,,,0,,,
CONFIG_CRYPTO_DEV_PPC4XX,TODO,UNRESOLVED,,,,0,,,
CONFIG_CRYPTO_DEV_QAT,TODO,UNRESOLVED,,,,0,,,
CONFIG_CRYPTO_DEV_QAT_420XX,TODO,UNRESOLVED,,,,0,,,
CONFIG_CRYPTO_DEV_QAT_4XXX,TODO,UNRESOLVED,,,,0,,,
CONFIG_CRYPTO_DEV_QAT_6XXX,TODO,UNRESOLVED,,,,0,,,
CONFIG_CRYPTO_DEV_QAT_C3XXX,TODO,UNRESOLVED,,,,0,,,
CONFIG_CRYPTO_DEV_QAT_C3XXXVF,TODO,UNRESOLVED,,,,0,,,
CONFIG_CRYPTO_DEV_QAT_C62X,TODO,UNRESOLVED,,,,0,,,
CONFIG_CRYPTO_DEV_QAT_C62XVF,TODO,UNRESOLVED,,,,0,,,
CONFIG_CRYPTO_DEV_QAT_DH895xCC,TODO,UNRESOLVED,,,,0,,,
CONFIG_CRYPTO_DEV_QAT_DH895xCCVF,TODO,UNRESOLVED,,,,0,,,
CONFIG_CRYPTO_DEV_QAT_ERROR_INJECTION,TODO,UNRESOLVED,,,,0,,,
CONFIG_CRYPTO_DEV_QCE,TODO,UNRESOLVED,,,,0,,,
CONFIG_CRYPTO_DEV_QCE_AEAD,TODO,UNRESOLVED,,,,0,,,
CONFIG_CRYPTO_DEV_QCE_ENABLE_AEAD,TODO,UNRESOLVED,,,,0,,,
CONFIG_CRYPTO_DEV_QCE_ENABLE_ALL,TODO,UNRESOLVED,,,,0,,,
CONFIG_CRYPTO_DEV_QCE_ENABLE_SHA,TODO,UNRESOLVED,,,,0,,,
CONFIG_CRYPTO_DEV_QCE_ENABLE_SKCIPHER,TODO,UNRESOLVED,,,,0,,,
CONFIG_CRYPTO_DEV_QCE_SHA,TODO,UNRESOLVED,,,,0,,,
CONFIG_CRYPTO_DEV_QCE_SKCIPHER,TODO,UNRESOLVED,,,,0,,,
CONFIG_CRYPTO_DEV_QCE_SW_MAX_LEN,TODO,UNRESOLVED,,,,0,,,
CONFIG_CRYPTO_DEV_QCOM_RNG,TODO,UNRESOLVED,,,,0,,,
CONFIG_CRYPTO_DEV_ROCKCHIP,TODO,UNRESOLVED,,,,0,,,
CONFIG_CRYPTO_DEV_ROCKCHIP_DEBUG,TODO,UNRESOLVED,,,,0,,,
CONFIG_CRYPTO_DEV_S5P,TODO,UNRESOLVED,,,,0,,,
CONFIG_CRYPTO_DEV_SA2UL,TODO,UNRESOLVED,,,,0,,,
CONFIG_CRYPTO_DEV_SAFEXCEL,TODO,UNRESOLVED,,,,0,,,
CONFIG_CRYPTO_DEV_SAHARA,TODO,UNRESOLVED,,,,0,,,
CONFIG_CRYPTO_DEV_SL3516,TODO,UNRESOLVED,,,,0,,,
CONFIG_CRYPTO_DEV_SL3516_DEBUG,TODO,UNRESOLVED,,,,0,,,
CONFIG_CRYPTO_DEV_SP_CCP,TODO,UNRESOLVED,,,,0,,,
CONFIG_CRYPTO_DEV_SP_PSP,TODO,UNRESOLVED,,,,0,,,
CONFIG_CRYPTO_DEV_STM32_CRYP,TODO,UNRESOLVED,,,,0,,,
CONFIG_CRYPTO_DEV_STM32_HASH,TODO,UNRESOLVED,,,,0,,,
CONFIG_CRYPTO_DEV_SUN4I_SS,TODO,UNRESOLVED,,,,0,,,
CONFIG_CRYPTO_DEV_SUN4I_SS_DEBUG,TODO,UNRESOLVED,,,,0,,,
CONFIG_CRYPTO_DEV_SUN8I_CE,TODO,UNRESOLVED,,,,0,,,
CONFIG_CRYPTO_DEV_SUN8I_CE_DEBUG,TODO,UNRESOLVED,,,,0,,,
CONFIG_CRYPTO_DEV_SUN8I_CE_HASH,TODO,UNRESOLVED,,,,0,,,
CONFIG_CRYPTO_DEV_SUN8I_CE_PRNG,TODO,UNRESOLVED,,,,0,,,
CONFIG_CRYPTO_DEV_SUN8I_CE_TRNG,TODO,UNRESOLVED,,,,0,,,
CONFIG_CRYPTO_DEV_SUN8I_SS,TODO,UNRESOLVED,,,,0,,,
CONFIG_CRYPTO_DEV_SUN8I_SS_DEBUG,TODO,UNRESOLVED,,,,0,,,
CONFIG_CRYPTO_DEV_SUN8I_SS_HASH,TODO,UNRESOLVED,,,,0,,,
CONFIG_CRYPTO_DEV_SUN8I_SS_PRNG,TODO,UNRESOLVED,,,,0,,,
CONFIG_CRYPTO_DEV_TALITOS,TODO,UNRESOLVED,,,,0,,,
CONFIG_CRYPTO_DEV_TALITOS1,TODO,UNRESOLVED,,,,0,,,
CONFIG_CRYPTO_DEV_TALITOS2,TODO,UNRESOLVED,,,,0,,,
CONFIG_CRYPTO_DEV_TEGRA,TODO,UNRESOLVED,,,,0,,,
CONFIG_CRYPTO_DEV_TI_DTHEV2,TODO,UNRESOLVED,,,,0,,,
CONFIG_CRYPTO_DEV_VIRTIO,TODO,UNRESOLVED,,,,0,,,
CONFIG_CRYPTO_DEV_VMX,TODO,UNRESOLVED,,,,0,,,
CONFIG_CRYPTO_DEV_VMX_ENCRYPT,TODO,UNRESOLVED,,,,0,,,
CONFIG_CRYPTO_DEV_XILINX_TRNG,TODO,UNRESOLVED,,,,0,,,
CONFIG_CRYPTO_DEV_ZYNQMP_AES,TODO,UNRESOLVED,,,,0,,,
CONFIG_CRYPTO_DEV_ZYNQMP_SHA3,TODO,UNRESOLVED,,,,0,,,
CONFIG_CRYPTO_DH,TODO,UNRESOLVED,,,,0,,,
CONFIG_CRYPTO_DH_RFC7919_GROUPS,TODO,UNRESOLVED,,,,0,,,
CONFIG_CRYPTO_DRBG,TODO,UNRESOLVED,,,,0,,,
CONFIG_CRYPTO_DRBG_CTR,TODO,UNRESOLVED,,,,0,,,
CONFIG_CRYPTO_DRBG_HASH,TODO,UNRESOLVED,,,,0,,,
CONFIG_CRYPTO_DRBG_HMAC,TODO,UNRESOLVED,,,,0,,,
CONFIG_CRYPTO_DRBG_MENU,TODO,UNRESOLVED,,,,0,,,
CONFIG_CRYPTO_ECB,TODO,UNRESOLVED,,,,0,,,
CONFIG_CRYPTO_ECC,TODO,UNRESOLVED,,,,0,,,
CONFIG_CRYPTO_ECDH,TODO,UNRESOLVED,,,,0,,,
CONFIG_CRYPTO_ECDSA,TODO,UNRESOLVED,,,,0,,,
CONFIG_CRYPTO_ECHAINIV,TODO,UNRESOLVED,,,,0,,,
CONFIG_CRYPTO_ECRDSA,TODO,UNRESOLVED,,,,0,,,
CONFIG_CRYPTO_ENGINE,TODO,UNRESOLVED,,,,0,,,
CONFIG_CRYPTO_ESSIV,TODO,UNRESOLVED,,,,0,,,
CONFIG_CRYPTO_FCRYPT,TODO,UNRESOLVED,,,,0,,,
CONFIG_CRYPTO_FIPS,TODO,UNRESOLVED,,,,0,,,
CONFIG_CRYPTO_FIPS_CUSTOM_VERSION,TODO,UNRESOLVED,,,,0,,,
CONFIG_CRYPTO_FIPS_NAME,TODO,UNRESOLVED,,,,0,,,
CONFIG_CRYPTO_FIPS_VERSION,TODO,UNRESOLVED,,,,0,,,
CONFIG_CRYPTO_GCM,TODO,UNRESOLVED,,,,0,,,
CONFIG_CRYPTO_GENIV,TODO,UNRESOLVED,,,,0,,,
CONFIG_CRYPTO_GHASH,TODO,UNRESOLVED,,,,0,,,
CONFIG_CRYPTO_GHASH_ARM64_CE,TODO,UNRESOLVED,,,,0,,,
CONFIG_CRYPTO_GHASH_ARM_CE,TODO,UNRESOLVED,,,,0,,,
CONFIG_CRYPTO_GHASH_CLMUL_NI_INTEL,TODO,UNRESOLVED,,,,0,,,
CONFIG_CRYPTO_GHASH_RISCV64,TODO,UNRESOLVED,,,,0,,,
CONFIG_CRYPTO_GHASH_S390,TODO,UNRESOLVED,,,,0,,,
CONFIG_CRYPTO_HASH,TODO,UNRESOLVED,,,,0,,,
CONFIG_CRYPTO_HASH2,TODO,UNRESOLVED,,,,0,,,
CONFIG_CRYPTO_HASH_INFO,TODO,UNRESOLVED,,,,0,,,
CONFIG_CRYPTO_HCTR2,TODO,UNRESOLVED,,,,0,,,
CONFIG_CRYPTO_HKDF,TODO,UNRESOLVED,,,,0,,,
CONFIG_CRYPTO_HMAC,TODO,UNRESOLVED,,,,0,,,
CONFIG_CRYPTO_HMAC_S390,TODO,UNRESOLVED,,,,0,,,
CONFIG_CRYPTO_HW,TODO,UNRESOLVED,,,,0,,,
CONFIG_CRYPTO_JITTERENTROPY,TODO,UNRESOLVED,,,,0,,,
CONFIG_CRYPTO_JITTERENTROPY_MEMORY_BLOCKS,TODO,UNRESOLVED,,,,0,,,
CONFIG_CRYPTO_JITTERENTROPY_MEMORY_BLOCKSIZE,TODO,UNRESOLVED,,,,0,,,
CONFIG_CRYPTO_JITTERENTROPY_MEMSIZE_1024,TODO,UNRESOLVED,,,,0,,,
CONFIG_CRYPTO_JITTERENTROPY_MEMSIZE_128,TODO,UNRESOLVED,,,,0,,,
CONFIG_CRYPTO_JITTERENTROPY_MEMSIZE_2,TODO,UNRESOLVED,,,,0,,,
CONFIG_CRYPTO_JITTERENTROPY_MEMSIZE_8192,TODO,UNRESOLVED,,,,0,,,
CONFIG_CRYPTO_JITTERENTROPY_OSR,TODO,UNRESOLVED,,,,0,,,
CONFIG_CRYPTO_JITTERENTROPY_TESTINTERFACE,TODO,UNRESOLVED,,,,0,,,
CONFIG_CRYPTO_KDF800108_CTR,TODO,UNRESOLVED,,,,0,,,
CONFIG_CRYPTO_KHAZAD,TODO,UNRESOLVED,,,,0,,,
CONFIG_CRYPTO_KPP,TODO,UNRESOLVED,,,,0,,,
CONFIG_CRYPTO_KPP2,TODO,UNRESOLVED,,,,0,,,
CONFIG_CRYPTO_KRB5,TODO,UNRESOLVED,,,,0,,,
CONFIG_CRYPTO_KRB5ENC,TODO,UNRESOLVED,,,,0,,,
CONFIG_CRYPTO_KRB5_SELFTESTS,TODO,UNRESOLVED,,,,0,,,
CONFIG_CRYPTO_LIB_AES,TODO,UNRESOLVED,,,,0,,,
CONFIG_CRYPTO_LIB_AESCFB,TODO,UNRESOLVED,,,,0,,,
CONFIG_CRYPTO_LIB_AESGCM,TODO,UNRESOLVED,,,,0,,,
CONFIG_CRYPTO_LIB_ARC4,TODO,UNRESOLVED,,,,0,,,
CONFIG_CRYPTO_LIB_BENCHMARK,TODO,UNRESOLVED,,,,0,,,
CONFIG_CRYPTO_LIB_BENCHMARK_VISIBLE,TODO,UNRESOLVED,,,,0,,,
CONFIG_CRYPTO_LIB_BLAKE2S_ARCH,TODO,UNRESOLVED,,,,0,,,
CONFIG_CRYPTO_LIB_BLAKE2S_KUNIT_TEST,TODO,UNRESOLVED,,,,0,,,
CONFIG_CRYPTO_LIB_CHACHA,TODO,UNRESOLVED,,,,0,,,
CONFIG_CRYPTO_LIB_CHACHA20POLY1305,TODO,UNRESOLVED,,,,0,,,
CONFIG_CRYPTO_LIB_CHACHA_ARCH,TODO,UNRESOLVED,,,,0,,,
CONFIG_CRYPTO_LIB_CURVE25519,TODO,UNRESOLVED,,,,0,,,
CONFIG_CRYPTO_LIB_CURVE25519_ARCH,TODO,UNRESOLVED,,,,0,,,
CONFIG_CRYPTO_LIB_CURVE25519_GENERIC,TODO,UNRESOLVED,,,,0,,,
CONFIG_CRYPTO_LIB_CURVE25519_KUNIT_TEST,TODO,UNRESOLVED,,,,0,,,
CONFIG_CRYPTO_LIB_DES,TODO,UNRESOLVED,,,,0,,,
CONFIG_CRYPTO_LIB_ENABLE_ALL_FOR_KUNIT,TODO,UNRESOLVED,,,,0,,,
CONFIG_CRYPTO_LIB_GF128MUL,TODO,UNRESOLVED,,,,0,,,
CONFIG_CRYPTO_LIB_MD5,TODO,UNRESOLVED,,,,0,,,
CONFIG_CRYPTO_LIB_MD5_ARCH,TODO,UNRESOLVED,,,,0,,,
CONFIG_CRYPTO_LIB_MD5_KUNIT_TEST,TODO,UNRESOLVED,,,,0,,,
CONFIG_CRYPTO_LIB_POLY1305,TODO,UNRESOLVED,,,,0,,,
CONFIG_CRYPTO_LIB_POLY1305_ARCH,TODO,UNRESOLVED,,,,0,,,
CONFIG_CRYPTO_LIB_POLY1305_GENERIC,TODO,UNRESOLVED,,,,0,,,
CONFIG_CRYPTO_LIB_POLY1305_KUNIT_TEST,TODO,UNRESOLVED,,,,0,,,
CONFIG_CRYPTO_LIB_POLY1305_RSIZE,TODO,UNRESOLVED,,,,0,,,
CONFIG_CRYPTO_LIB_SHA1,TODO,UNRESOLVED,,,,0,,,
CONFIG_CRYPTO_LIB_SHA1_ARCH,TODO,UNRESOLVED,,,,0,,,
CONFIG_CRYPTO_LIB_SHA1_KUNIT_TEST,TODO,UNRESOLVED,,,,0,,,
CONFIG_CRYPTO_LIB_SHA256,TODO,UNRESOLVED,,,,0,,,
CONFIG_CRYPTO_LIB_SHA256_ARCH,TODO,UNRESOLVED,,,,0,,,
CONFIG_CRYPTO_LIB_SHA256_KUNIT_TEST,TODO,UNRESOLVED,,,,0,,,
CONFIG_CRYPTO_LIB_SHA512,TODO,UNRESOLVED,,,,0,,,
CONFIG_CRYPTO_LIB_SHA512_ARCH,TODO,UNRESOLVED,,,,0,,,
CONFIG_CRYPTO_LIB_SHA512_KUNIT_TEST,TODO,UNRESOLVED,,,,0,,,
CONFIG_CRYPTO_LIB_SM3,TODO,UNRESOLVED,,,,0,,,
CONFIG_CRYPTO_LIB_UTILS,TODO,UNRESOLVED,,,,0,,,
CONFIG_CRYPTO_LRW,TODO,UNRESOLVED,,,,0,,,
CONFIG_CRYPTO_LZ4,TODO,UNRESOLVED,,,,0,,,
CONFIG_CRYPTO_LZ4HC,TODO,UNRESOLVED,,,,0,,,
CONFIG_CRYPTO_LZO,TODO,UNRESOLVED,,,,0,,,
CONFIG_CRYPTO_MANAGER,TODO,UNRESOLVED,,,,0,,,
CONFIG_CRYPTO_MANAGER2,TODO,UNRESOLVED,,,,0,,,
CONFIG_CRYPTO_MD4,TODO,UNRESOLVED,,,,0,,,
CONFIG_CRYPTO_MD5,TODO,UNRESOLVED,,,,0,,,
CONFIG_CRYPTO_MICHAEL_MIC,TODO,UNRESOLVED,,,,0,,,
CONFIG_CRYPTO_NHPOLY1305,TODO,UNRESOLVED,,,,0,,,
CONFIG_CRYPTO_NHPOLY1305_AVX2,TODO,UNRESOLVED,,,,0,,,
CONFIG_CRYPTO_NHPOLY1305_NEON,TODO,UNRESOLVED,,,,0,,,
CONFIG_CRYPTO_NHPOLY1305_SSE2,TODO,UNRESOLVED,,,,0,,,
CONFIG_CRYPTO_NULL,TODO,UNRESOLVED,,,,0,,,
CONFIG_CRYPTO_PAES_S390,TODO,UNRESOLVED,,,,0,,,
CONFIG_CRYPTO_PCBC,TODO,UNRESOLVED,,,,0,,,
CONFIG_CRYPTO_PCRYPT,TODO,UNRESOLVED,,,,0,,,
CONFIG_CRYPTO_PHMAC_S390,TODO,UNRESOLVED,,,,0,,,
CONFIG_CRYPTO_POLYVAL,TODO,UNRESOLVED,,,,0,,,
CONFIG_CRYPTO_POLYVAL_ARM64_CE,TODO,UNRESOLVED,,,,0,,,
CONFIG_CRYPTO_POLYVAL_CLMUL_NI,TODO,UNRESOLVED,,,,0,,,
CONFIG_CRYPTO_RMD160,TODO,UNRESOLVED,,,,0,,,
CONFIG_CRYPTO_RNG,TODO,UNRESOLVED,,,,0,,,
CONFIG_CRYPTO_RNG2,TODO,UNRESOLVED,,,,0,,,
CONFIG_CRYPTO_RNG_DEFAULT,TODO,UNRESOLVED,,,,0,,,
CONFIG_CRYPTO_RSA,TODO,UNRESOLVED,,,,0,,,
CONFIG_CRYPTO_SEED,TODO,UNRESOLVED,,,,0,,,
CONFIG_CRYPTO_SELFTESTS,TODO,UNRESOLVED,,,,0,,,
CONFIG_CRYPTO_SELFTESTS_FULL,TODO,UNRESOLVED,,,,0,,,
CONFIG_CRYPTO_SEQIV,TODO,UNRESOLVED,,,,0,,,
CONFIG_CRYPTO_SERPENT,TODO,UNRESOLVED,,,,0,,,
CONFIG_CRYPTO_SERPENT_AVX2_X86_64,TODO,UNRESOLVED,,,,0,,,
CONFIG_CRYPTO_SERPENT_AVX_X86_64,TODO,UNRESOLVED,,,,0,,,
CONFIG_CRYPTO_SERPENT_SSE2_586,TODO,UNRESOLVED,,,,0,,,
CONFIG_CRYPTO_SERPENT_SSE2_X86_64,TODO,UNRESOLVED,,,,0,,,
CONFIG_CRYPTO_SHA1,TODO,UNRESOLVED,,,,0,,,
CONFIG_CRYPTO_SHA256,TODO,UNRESOLVED,,,,0,,,
CONFIG_CRYPTO_SHA3,TODO,UNRESOLVED,,,,0,,,
CONFIG_CRYPTO_SHA3_256_S390,TODO,UNRESOLVED,,,,0,,,
CONFIG_CRYPTO_SHA3_512_S390,TODO,UNRESOLVED,,,,0,,,
CONFIG_CRYPTO_SHA3_ARM64,TODO,UNRESOLVED,,,,0,,,
CONFIG_CRYPTO_SHA512,TODO,UNRESOLVED,,,,0,,,
CONFIG_CRYPTO_SIG,TODO,UNRESOLVED,,,,0,,,
CONFIG_CRYPTO_SIG2,TODO,UNRESOLVED,,,,0,,,
CONFIG_CRYPTO_SIMD,TODO,UNRESOLVED,,,,0,,,
CONFIG_CRYPTO_SKCIPHER,TODO,UNRESOLVED,,,,0,,,
CONFIG_CRYPTO_SKCIPHER2,TODO,UNRESOLVED,,,,0,,,
CONFIG_CRYPTO_SM3_ARM64_CE,TODO,UNRESOLVED,,,,0,,,
CONFIG_CRYPTO_SM3_AVX_X86_64,TODO,UNRESOLVED,,,,0,,,
CONFIG_CRYPTO_SM3_GENERIC,TODO,UNRESOLVED,,,,0,,,
CONFIG_CRYPTO_SM3_NEON,TODO,UNRESOLVED,,,,0,,,
CONFIG_CRYPTO_SM3_RISCV64,TODO,UNRESOLVED,,,,0,,,
CONFIG_CRYPTO_SM4,TODO,UNRESOLVED,,,,0,,,
CONFIG_CRYPTO_SM4_AESNI_AVX2_X86_64,TODO,UNRESOLVED,,,,0,,,
CONFIG_CRYPTO_SM4_AESNI_AVX_X86_64,TODO,UNRESOLVED,,,,0,,,
CONFIG_CRYPTO_SM4_ARM64_CE,TODO,UNRESOLVED,,,,0,,,
CONFIG_CRYPTO_SM4_ARM64_CE_BLK,TODO,UNRESOLVED,,,,0,,,
CONFIG_CRYPTO_SM4_ARM64_CE_CCM,TODO,UNRESOLVED,,,,0,,,
CONFIG_CRYPTO_SM4_ARM64_CE_GCM,TODO,UNRESOLVED,,,,0,,,
CONFIG_CRYPTO_SM4_ARM64_NEON_BLK,TODO,UNRESOLVED,,,,0,,,
CONFIG_CRYPTO_SM4_GENERIC,TODO,UNRESOLVED,,,,0,,,
CONFIG_CRYPTO_SM4_RISCV64,TODO,UNRESOLVED,,,,0,,,
CONFIG_CRYPTO_STREEBOG,TODO,UNRESOLVED,,,,0,,,
CONFIG_CRYPTO_TEA,TODO,UNRESOLVED,,,,0,,,
CONFIG_CRYPTO_TWOFISH,TODO,UNRESOLVED,,,,0,,,
CONFIG_CRYPTO_TWOFISH_586,TODO,UNRESOLVED,,,,0,,,
CONFIG_CRYPTO_TWOFISH_AVX_X86_64,TODO,UNRESOLVED,,,,0,,,
CONFIG_CRYPTO_TWOFISH_COMMON,TODO,UNRESOLVED,,,,0,,,
CONFIG_CRYPTO_TWOFISH_X86_64,TODO,UNRESOLVED,,,,0,,,
CONFIG_CRYPTO_TWOFISH_X86_64_3WAY,TODO,UNRESOLVED,,,,0,,,
CONFIG_CRYPTO_USER,TODO,UNRESOLVED,,,,0,,,
CONFIG_CRYPTO_USER_API,TODO,UNRESOLVED,,,,0,,,
CONFIG_CRYPTO_USER_API_AEAD,TODO,UNRESOLVED,,,,0,,,
CONFIG_CRYPTO_USER_API_ENABLE_OBSOLETE,TODO,UNRESOLVED,,,,0,,,
CONFIG_CRYPTO_USER_API_HASH,TODO,UNRESOLVED,,,,0,,,
CONFIG_CRYPTO_USER_API_RNG,TODO,UNRESOLVED,,,,0,,,
CONFIG_CRYPTO_USER_API_RNG_CAVP,TODO,UNRESOLVED,,,,0,,,
CONFIG_CRYPTO_USER_API_SKCIPHER,TODO,UNRESOLVED,,,,0,,,
CONFIG_CRYPTO_WP512,TODO,UNRESOLVED,,,,0,,,
CONFIG_CRYPTO_XCBC,TODO,UNRESOLVED,,,,0,,,
CONFIG_CRYPTO_XCTR,TODO,UNRESOLVED,,,,0,,,
CONFIG_CRYPTO_XTS,TODO,UNRESOLVED,,,,0,,,
CONFIG_CRYPTO_XXHASH,TODO,UNRESOLVED,,,,0,,,
CONFIG_CRYPTO_ZSTD,TODO,UNRESOLVED,,,,0,,,
CONFIG_CS5535_CLOCK_EVENT_SRC,TODO,UNRESOLVED,,,,0,,,
CONFIG_CS5535_MFGPT,TODO,UNRESOLVED,,,,0,,,
CONFIG_CS5535_MFGPT_DEFAULT_IRQ,TODO,UNRESOLVED,,,,0,,,
CONFIG_CS89x0,TODO,UNRESOLVED,,,,0,,,
CONFIG_CS89x0_ISA,TODO,UNRESOLVED,,,,0,,,
CONFIG_CS89x0_PLATFORM,TODO,UNRESOLVED,,,,0,,,
CONFIG_CSD_LOCK_WAIT_DEBUG,TODO,UNRESOLVED,,,,0,,,
CONFIG_CSD_LOCK_WAIT_DEBUG_DEFAULT,TODO,UNRESOLVED,,,,0,,,
CONFIG_CSKY_APB_INTC,TODO,UNRESOLVED,,,,0,,,
CONFIG_CSKY_MPINTC,TODO,UNRESOLVED,,,,0,,,
CONFIG_CSKY_MP_TIMER,TODO,UNRESOLVED,,,,0,,,
CONFIG_CTCM,TODO,UNRESOLVED,,,,0,,,
CONFIG_CUSE,TODO,UNRESOLVED,,,,0,,,
CONFIG_CV1800_MBOX,TODO,UNRESOLVED,,,,0,,,
CONFIG_CW1200,TODO,UNRESOLVED,,,,0,,,
CONFIG_CW1200_WLAN_SDIO,TODO,UNRESOLVED,,,,0,,,
CONFIG_CW1200_WLAN_SPI,TODO,UNRESOLVED,,,,0,,,
CONFIG_CXD2880_SPI_DRV,TODO,UNRESOLVED,,,,0,,,
CONFIG_CXL_ACPI,TODO,UNRESOLVED,,,,0,,,
CONFIG_CXL_BUS,TODO,UNRESOLVED,,,,0,,,
CONFIG_CXL_EDAC_ECS,TODO,UNRESOLVED,,,,0,,,
CONFIG_CXL_EDAC_MEM_FEATURES,TODO,UNRESOLVED,,,,0,,,
CONFIG_CXL_EDAC_MEM_REPAIR,TODO,UNRESOLVED,,,,0,,,
CONFIG_CXL_EDAC_SCRUB,TODO,UNRESOLVED,,,,0,,,
CONFIG_CXL_FEATURES,TODO,UNRESOLVED,,,,0,,,
CONFIG_CXL_MCE,TODO,UNRESOLVED,,,,0,,,
CONFIG_CXL_MEM,TODO,UNRESOLVED,,,,0,,,
CONFIG_CXL_MEM_RAW_COMMANDS,TODO,UNRESOLVED,,,,0,,,
CONFIG_CXL_PCI,TODO,UNRESOLVED,,,,0,,,
CONFIG_CXL_PMEM,TODO,UNRESOLVED,,,,0,,,
CONFIG_CXL_PMU,TODO,UNRESOLVED,,,,0,,,
CONFIG_CXL_PORT,TODO,UNRESOLVED,,,,0,,,
CONFIG_CXL_REGION,TODO,UNRESOLVED,,,,0,,,
CONFIG_CXL_REGION_INVALIDATION_TEST,TODO,UNRESOLVED,,,,0,,,
CONFIG_CXL_SUSPEND,TODO,UNRESOLVED,,,,0,,,
CONFIG_CX_ECAT,TODO,UNRESOLVED,,,,0,,,
CONFIG_CYPRESS_FIRMWARE,TODO,UNRESOLVED,,,,0,,,
CONFIG_CZNIC_PLATFORMS,TODO,UNRESOLVED,,,,0,,,
CONFIG_D3323AA,TODO,UNRESOLVED,,,,0,,,
CONFIG_DA280,TODO,UNRESOLVED,,,,0,,,
CONFIG_DA311,TODO,UNRESOLVED,,,,0,,,
CONFIG_DA8XX_DDRCTL,TODO,UNRESOLVED,,,,0,,,
CONFIG_DA8XX_MSTPRI,TODO,UNRESOLVED,,,,0,,,
CONFIG_DA8XX_REMOTEPROC,TODO,UNRESOLVED,,,,0,,,
CONFIG_DA9052_WATCHDOG,TODO,UNRESOLVED,,,,0,,,
CONFIG_DA9055_WATCHDOG,TODO,UNRESOLVED,,,,0,,,
CONFIG_DA9062_THERMAL,TODO,UNRESOLVED,,,,0,,,
CONFIG_DA9062_WATCHDOG,TODO,UNRESOLVED,,,,0,,,
CONFIG_DA9063_WATCHDOG,TODO,UNRESOLVED,,,,0,,,
CONFIG_DA9150_GPADC,TODO,UNRESOLVED,,,,0,,,
CONFIG_DAMON,TODO,UNRESOLVED,,,,0,,,
CONFIG_DAMON_KUNIT_TEST,TODO,UNRESOLVED,,,,0,,,
CONFIG_DAMON_LRU_SORT,TODO,UNRESOLVED,,,,0,,,
CONFIG_DAMON_PADDR,TODO,UNRESOLVED,,,,0,,,
CONFIG_DAMON_RECLAIM,TODO,UNRESOLVED,,,,0,,,
CONFIG_DAMON_STAT,TODO,UNRESOLVED,,,,0,,,
CONFIG_DAMON_STAT_ENABLED_DEFAULT,TODO,UNRESOLVED,,,,0,,,
CONFIG_DAMON_SYSFS,TODO,UNRESOLVED,,,,0,,,
CONFIG_DAMON_SYSFS_KUNIT_TEST,TODO,UNRESOLVED,,,,0,,,
CONFIG_DAMON_VADDR,TODO,UNRESOLVED,,,,0,,,
CONFIG_DAMON_VADDR_KUNIT_TEST,TODO,UNRESOLVED,,,,0,,,
CONFIG_DASD,TODO,UNRESOLVED,,,,0,,,
CONFIG_DASD_DIAG,TODO,UNRESOLVED,,,,0,,,
CONFIG_DASD_ECKD,TODO,UNRESOLVED,,,,0,,,
CONFIG_DASD_EER,TODO,UNRESOLVED,,,,0,,,
CONFIG_DASD_FBA,TODO,UNRESOLVED,,,,0,,,
CONFIG_DASD_PROFILE,TODO,UNRESOLVED,,,,0,,,
CONFIG_DASHARO_ACPI,TODO,UNRESOLVED,,,,0,,,
CONFIG_DAVICOM_PHY,TODO,UNRESOLVED,,,,0,,,
CONFIG_DAVINCI_CP_INTC,TODO,UNRESOLVED,,,,0,,,
CONFIG_DAVINCI_TIMER,TODO,UNRESOLVED,,,,0,,,
CONFIG_DAVINCI_WATCHDOG,TODO,UNRESOLVED,,,,0,,,
CONFIG_DAX,TODO,UNRESOLVED,,,,0,,,
CONFIG_DA_MON_EVENTS_ID,TODO,UNRESOLVED,,,,0,,,
CONFIG_DA_MON_EVENTS_IMPLICIT,TODO,UNRESOLVED,,,,0,,,
CONFIG_DB500_WATCHDOG,TODO,UNRESOLVED,,,,0,,,
CONFIG_DB8500_THERMAL,TODO,UNRESOLVED,,,,0,,,
CONFIG_DCA,TODO,UNRESOLVED,,,,0,,,
CONFIG_DCACHE_WORD_ACCESS,TODO,UNRESOLVED,,,,0,,,
CONFIG_DCB,TODO,UNRESOLVED,,,,0,,,
CONFIG_DCDBAS,TODO,UNRESOLVED,,,,0,,,
CONFIG_DCSSBLK,TODO,UNRESOLVED,,,,0,,,
CONFIG_DDR,TODO,UNRESOLVED,,,,0,,,
CONFIG_DE2104X,TODO,UNRESOLVED,,,,0,,,
CONFIG_DE2104X_DSL,TODO,UNRESOLVED,,,,0,,,
CONFIG_DEBUG_ATOMIC_SLEEP,TODO,UNRESOLVED,,,,0,,,
CONFIG_DEBUG_BOOT_PARAMS,TODO,UNRESOLVED,,,,0,,,
CONFIG_DEBUG_BUGVERBOSE,TODO,UNRESOLVED,,,,0,,,
CONFIG_DEBUG_CGROUP_REF,TODO,UNRESOLVED,,,,0,,,
CONFIG_DEBUG_CLOSURES,TODO,UNRESOLVED,,,,0,,,
CONFIG_DEBUG_DEVRES,TODO,UNRESOLVED,,,,0,,,
CONFIG_DEBUG_DRIVER,TODO,UNRESOLVED,,,,0,,,
CONFIG_DEBUG_ENTRY,TODO,UNRESOLVED,,,,0,,,
CONFIG_DEBUG_FORCE_FUNCTION_ALIGN_64B,TODO,UNRESOLVED,,,,0,,,
CONFIG_DEBUG_FORCE_WEAK_PER_CPU,TODO,UNRESOLVED,,,,0,,,
CONFIG_DEBUG_FS,TODO,UNRESOLVED,,,,0,,,
CONFIG_DEBUG_FS_ALLOW_ALL,TODO,UNRESOLVED,,,,0,,,
CONFIG_DEBUG_FS_ALLOW_NONE,TODO,UNRESOLVED,,,,0,,,
CONFIG_DEBUG_FS_DISALLOW_MOUNT,TODO,UNRESOLVED,,,,0,,,
CONFIG_DEBUG_GPIO,TODO,UNRESOLVED,,,,0,,,
CONFIG_DEBUG_HIGHMEM,TODO,UNRESOLVED,,,,0,,,
CONFIG_DEBUG_IMR_SELFTEST,TODO,UNRESOLVED,,,,0,,,
CONFIG_DEBUG_INFO,TODO,UNRESOLVED,,,,0,,,
CONFIG_DEBUG_INFO_BTF,TODO,UNRESOLVED,,,,0,,,
CONFIG_DEBUG_INFO_BTF_MODULES,TODO,UNRESOLVED,,,,0,,,
CONFIG_DEBUG_INFO_COMPRESSED_NONE,TODO,UNRESOLVED,,,,0,,,
CONFIG_DEBUG_INFO_COMPRESSED_ZLIB,TODO,UNRESOLVED,,,,0,,,
CONFIG_DEBUG_INFO_COMPRESSED_ZSTD,TODO,UNRESOLVED,,,,0,,,
CONFIG_DEBUG_INFO_DWARF4,TODO,UNRESOLVED,,,,0,,,
CONFIG_DEBUG_INFO_DWARF5,TODO,UNRESOLVED,,,,0,,,
CONFIG_DEBUG_INFO_DWARF_TOOLCHAIN_DEFAULT,TODO,UNRESOLVED,,,,0,,,
CONFIG_DEBUG_INFO_NONE,TODO,UNRESOLVED,,,,0,,,
CONFIG_DEBUG_INFO_REDUCED,TODO,UNRESOLVED,,,,0,,,
CONFIG_DEBUG_INFO_SPLIT,TODO,UNRESOLVED,,,,0,,,
CONFIG_DEBUG_IRQFLAGS,TODO,UNRESOLVED,,,,0,,,
CONFIG_DEBUG_KERNEL,TODO,UNRESOLVED,,,,0,,,
CONFIG_DEBUG_KERNEL_DC,TODO,UNRESOLVED,,,,0,,,
CONFIG_DEBUG_KMAP_LOCAL,TODO,UNRESOLVED,,,,0,,,
CONFIG_DEBUG_KMAP_LOCAL_FORCE_MAP,TODO,UNRESOLVED,,,,0,,,
CONFIG_DEBUG_KMEMLEAK,TODO,UNRESOLVED,,,,0,,,
CONFIG_DEBUG_KMEMLEAK_AUTO_SCAN,TODO,UNRESOLVED,,,,0,,,
CONFIG_DEBUG_KMEMLEAK_DEFAULT_OFF,TODO,UNRESOLVED,,,,0,,,
CONFIG_DEBUG_KMEMLEAK_MEM_POOL_SIZE,TODO,UNRESOLVED,,,,0,,,
CONFIG_DEBUG_KOBJECT,TODO,UNRESOLVED,,,,0,,,
CONFIG_DEBUG_KOBJECT_RELEASE,TODO,UNRESOLVED,,,,0,,,
CONFIG_DEBUG_LIST,TODO,UNRESOLVED,,,,0,,,
CONFIG_DEBUG_LOCKDEP,TODO,UNRESOLVED,,,,0,,,
CONFIG_DEBUG_LOCKING_API_SELFTESTS,TODO,UNRESOLVED,,,,0,,,
CONFIG_DEBUG_LOCK_ALLOC,TODO,UNRESOLVED,,,,0,,,
CONFIG_DEBUG_MAPLE_TREE,TODO,UNRESOLVED,,,,0,,,
CONFIG_DEBUG_MEMORY_INIT,TODO,UNRESOLVED,,,,0,,,
CONFIG_DEBUG_MISC,TODO,UNRESOLVED,,,,0,,,
CONFIG_DEBUG_MUTEXES,TODO,UNRESOLVED,,,,0,,,
CONFIG_DEBUG_NET,TODO,UNRESOLVED,,,,0,,,
CONFIG_DEBUG_NET_SMALL_RTNL,TODO,UNRESOLVED,,,,0,,,
CONFIG_DEBUG_NMI_SELFTEST,TODO,UNRESOLVED,,,,0,,,
CONFIG_DEBUG_NOMMU_REGIONS,TODO,UNRESOLVED,,,,0,,,
CONFIG_DEBUG_NOTIFIERS,TODO,UNRESOLVED,,,,0,,,
CONFIG_DEBUG_OBJECTS,TODO,UNRESOLVED,,,,0,,,
CONFIG_DEBUG_OBJECTS_ENABLE_DEFAULT,TODO,UNRESOLVED,,,,0,,,
CONFIG_DEBUG_OBJECTS_FREE,TODO,UNRESOLVED,,,,0,,,
CONFIG_DEBUG_OBJECTS_PERCPU_COUNTER,TODO,UNRESOLVED,,,,0,,,
CONFIG_DEBUG_OBJECTS_RCU_HEAD,TODO,UNRESOLVED,,,,0,,,
CONFIG_DEBUG_OBJECTS_SELFTEST,TODO,UNRESOLVED,,,,0,,,
CONFIG_DEBUG_OBJECTS_TIMERS,TODO,UNRESOLVED,,,,0,,,
CONFIG_DEBUG_OBJECTS_WORK,TODO,UNRESOLVED,,,,0,,,
CONFIG_DEBUG_PAGEALLOC,TODO,UNRESOLVED,,,,0,,,
CONFIG_DEBUG_PAGEALLOC_ENABLE_DEFAULT,TODO,UNRESOLVED,,,,0,,,
CONFIG_DEBUG_PAGE_REF,TODO,UNRESOLVED,,,,0,,,
CONFIG_DEBUG_PERF_USE_VMALLOC,TODO,UNRESOLVED,,,,0,,,
CONFIG_DEBUG_PER_CPU_MAPS,TODO,UNRESOLVED,,,,0,,,
CONFIG_DEBUG_PINCTRL,TODO,UNRESOLVED,,,,0,,,
CONFIG_DEBUG_PLIST,TODO,UNRESOLVED,,,,0,,,
CONFIG_DEBUG_PREEMPT,TODO,UNRESOLVED,,,,0,,,
CONFIG_DEBUG_RODATA_TEST,TODO,UNRESOLVED,,,,0,,,
CONFIG_DEBUG_RSEQ,TODO,UNRESOLVED,,,,0,,,
CONFIG_DEBUG_RT_MUTEXES,TODO,UNRESOLVED,,,,0,,,
CONFIG_DEBUG_RWSEMS,TODO,UNRESOLVED,,,,0,,,
CONFIG_DEBUG_SECTION_MISMATCH,TODO,UNRESOLVED,,,,0,,,
CONFIG_DEBUG_SG,TODO,UNRESOLVED,,,,0,,,
CONFIG_DEBUG_SHIRQ,TODO,UNRESOLVED,,,,0,,,
CONFIG_DEBUG_SPINLOCK,TODO,UNRESOLVED,,,,0,,,
CONFIG_DEBUG_STACKOVERFLOW,TODO,UNRESOLVED,,,,0,,,
CONFIG_DEBUG_STACK_USAGE,TODO,UNRESOLVED,,,,0,,,
CONFIG_DEBUG_TEST_DRIVER_REMOVE,TODO,UNRESOLVED,,,,0,,,
CONFIG_DEBUG_TLBFLUSH,TODO,UNRESOLVED,,,,0,,,
CONFIG_DEBUG_VFS,TODO,UNRESOLVED,,,,0,,,
CONFIG_DEBUG_VIRTUAL,TODO,UNRESOLVED,,,,0,,,
CONFIG_DEBUG_VM,TODO,UNRESOLVED,,,,0,,,
CONFIG_DEBUG_VM_IRQSOFF,TODO,UNRESOLVED,,,,0,,,
CONFIG_DEBUG_VM_MAPLE_TREE,TODO,UNRESOLVED,,,,0,,,
CONFIG_DEBUG_VM_PGFLAGS,TODO,UNRESOLVED,,,,0,,,
CONFIG_DEBUG_VM_PGTABLE,TODO,UNRESOLVED,,,,0,,,
CONFIG_DEBUG_VM_RB,TODO,UNRESOLVED,,,,0,,,
CONFIG_DEBUG_VM_SHOOT_LAZIES,TODO,UNRESOLVED,,,,0,,,
CONFIG_DEBUG_WQ_FORCE_RR_CPU,TODO,UNRESOLVED,,,,0,,,
CONFIG_DEBUG_WW_MUTEX_SLOWPATH,TODO,UNRESOLVED,,,,0,,,
CONFIG_DEBUG_WX,TODO,UNRESOLVED,,,,0,,,
CONFIG_DECLANCE,TODO,UNRESOLVED,,,,0,,,
CONFIG_DECOMPRESS_BZIP2,TODO,UNRESOLVED,,,,0,,,
CONFIG_DECOMPRESS_GZIP,TODO,UNRESOLVED,,,,0,,,
CONFIG_DECOMPRESS_LZ4,TODO,UNRESOLVED,,,,0,,,
CONFIG_DECOMPRESS_LZMA,TODO,UNRESOLVED,,,,0,,,
CONFIG_DECOMPRESS_LZO,TODO,UNRESOLVED,,,,0,,,
CONFIG_DECOMPRESS_XZ,TODO,UNRESOLVED,,,,0,,,
CONFIG_DECOMPRESS_ZSTD,TODO,UNRESOLVED,,,,0,,,
CONFIG_DEFAULT_BBR,TODO,UNRESOLVED,,,,0,,,
CONFIG_DEFAULT_BIC,TODO,UNRESOLVED,,,,0,,,
CONFIG_DEFAULT_CDG,TODO,UNRESOLVED,,,,0,,,
CONFIG_DEFAULT_CODEL,TODO,UNRESOLVED,,,,0,,,
CONFIG_DEFAULT_CUBIC,TODO,UNRESOLVED,,,,0,,,
CONFIG_DEFAULT_DCTCP,TODO,UNRESOLVED,,,,0,,,
CONFIG_DEFAULT_FQ,TODO,UNRESOLVED,,,,0,,,
CONFIG_DEFAULT_FQ_CODEL,TODO,UNRESOLVED,,,,0,,,
CONFIG_DEFAULT_FQ_PIE,TODO,UNRESOLVED,,,,0,,,
CONFIG_DEFAULT_HOSTNAME,TODO,UNRESOLVED,,,,0,,,
CONFIG_DEFAULT_HTCP,TODO,UNRESOLVED,,,,0,,,
CONFIG_DEFAULT_HUNG_TASK_TIMEOUT,TODO,UNRESOLVED,,,,0,,,
CONFIG_DEFAULT_HYBLA,TODO,UNRESOLVED,,,,0,,,
CONFIG_DEFAULT_INIT,TODO,UNRESOLVED,,,,0,,,
CONFIG_DEFAULT_MMAP_MIN_ADDR,TODO,UNRESOLVED,,,,0,,,
CONFIG_DEFAULT_NET_SCH,TODO,UNRESOLVED,,,,0,,,
CONFIG_DEFAULT_PFIFO_FAST,TODO,UNRESOLVED,,,,0,,,
CONFIG_DEFAULT_RENO,TODO,UNRESOLVED,,,,0,,,
CONFIG_DEFAULT_SECURITY_APPARMOR,TODO,UNRESOLVED,,,,0,,,
CONFIG_DEFAULT_SECURITY_DAC,TODO,UNRESOLVED,,,,0,,,
CONFIG_DEFAULT_SECURITY_SELINUX,TODO,UNRESOLVED,,,,0,,,
CONFIG_DEFAULT_SECURITY_SMACK,TODO,UNRESOLVED,,,,0,,,
CONFIG_DEFAULT_SECURITY_TOMOYO,TODO,UNRESOLVED,,,,0,,,
CONFIG_DEFAULT_SFQ,TODO,UNRESOLVED,,,,0,,,
CONFIG_DEFAULT_TCP_CONG,TODO,UNRESOLVED,,,,0,,,
CONFIG_DEFAULT_VEGAS,TODO,UNRESOLVED,,,,0,,,
CONFIG_DEFAULT_VENO,TODO,UNRESOLVED,,,,0,,,
CONFIG_DEFAULT_WESTWOOD,TODO,UNRESOLVED,,,,0,,,
CONFIG_DEFERRED_STRUCT_PAGE_INIT,TODO,UNRESOLVED,,,,0,,,
CONFIG_DEFXX,TODO,UNRESOLVED,,,,0,,,
CONFIG_DEFZA,TODO,UNRESOLVED,,,,0,,,
CONFIG_DELL_LAPTOP,TODO,UNRESOLVED,,,,0,,,
CONFIG_DELL_PC,TODO,UNRESOLVED,,,,0,,,
CONFIG_DELL_RBTN,TODO,UNRESOLVED,,,,0,,,
CONFIG_DELL_RBU,TODO,UNRESOLVED,,,,0,,,
CONFIG_DELL_SMBIOS,TODO,UNRESOLVED,,,,0,,,
CONFIG_DELL_SMBIOS_SMM,TODO,UNRESOLVED,,,,0,,,
CONFIG_DELL_SMBIOS_WMI,TODO,UNRESOLVED,,,,0,,,
CONFIG_DELL_SMO8800,TODO,UNRESOLVED,,,,0,,,
CONFIG_DELL_UART_BACKLIGHT,TODO,UNRESOLVED,,,,0,,,
CONFIG_DELL_WMI,TODO,UNRESOLVED,,,,0,,,
CONFIG_DELL_WMI_AIO,TODO,UNRESOLVED,,,,0,,,
CONFIG_DELL_WMI_DDV,TODO,UNRESOLVED,,,,0,,,
CONFIG_DELL_WMI_DESCRIPTOR,TODO,UNRESOLVED,,,,0,,,
CONFIG_DELL_WMI_LED,TODO,UNRESOLVED,,,,0,,,
CONFIG_DELL_WMI_PRIVACY,TODO,UNRESOLVED,,,,0,,,
CONFIG_DELL_WMI_SYSMAN,TODO,UNRESOLVED,,,,0,,,
CONFIG_DEPRECATED_IRQ_CPU_ONOFFLINE,TODO,UNRESOLVED,,,,0,,,
CONFIG_DETECT_HUNG_TASK,TODO,UNRESOLVED,,,,0,,,
CONFIG_DETECT_HUNG_TASK_BLOCKER,TODO,UNRESOLVED,,,,0,,,
CONFIG_DEVFREQ_EVENT_EXYNOS_NOCP,TODO,UNRESOLVED,,,,0,,,
CONFIG_DEVFREQ_EVENT_EXYNOS_PPMU,TODO,UNRESOLVED,,,,0,,,
CONFIG_DEVFREQ_EVENT_ROCKCHIP_DFI,TODO,UNRESOLVED,,,,0,,,
CONFIG_DEVFREQ_GOV_PASSIVE,TODO,UNRESOLVED,,,,0,,,
CONFIG_DEVFREQ_GOV_PERFORMANCE,TODO,UNRESOLVED,,,,0,,,
CONFIG_DEVFREQ_GOV_POWERSAVE,TODO,UNRESOLVED,,,,0,,,
CONFIG_DEVFREQ_GOV_SIMPLE_ONDEMAND,TODO,UNRESOLVED,,,,0,,,
CONFIG_DEVFREQ_GOV_USERSPACE,TODO,UNRESOLVED,,,,0,,,
CONFIG_DEVFREQ_THERMAL,TODO,UNRESOLVED,,,,0,,,
CONFIG_DEVICE_MIGRATION,TODO,UNRESOLVED,,,,0,,,
CONFIG_DEVICE_PRIVATE,TODO,UNRESOLVED,,,,0,,,
CONFIG_DEVMEM,TODO,UNRESOLVED,,,,0,,,
CONFIG_DEVPORT,TODO,UNRESOLVED,,,,0,,,
CONFIG_DEVTMPFS,TODO,UNRESOLVED,,,,0,,,
CONFIG_DEVTMPFS_MOUNT,TODO,UNRESOLVED,,,,0,,,
CONFIG_DEVTMPFS_SAFE,TODO,UNRESOLVED,,,,0,,,
CONFIG_DEV_COREDUMP,TODO,UNRESOLVED,,,,0,,,
CONFIG_DEV_DAX,TODO,UNRESOLVED,,,,0,,,
CONFIG_DEV_DAX_CXL,TODO,UNRESOLVED,,,,0,,,
CONFIG_DEV_DAX_HMEM,TODO,UNRESOLVED,,,,0,,,
CONFIG_DEV_DAX_HMEM_DEVICES,TODO,UNRESOLVED,,,,0,,,
CONFIG_DEV_DAX_KMEM,TODO,UNRESOLVED,,,,0,,,
CONFIG_DEV_DAX_PMEM,TODO,UNRESOLVED,,,,0,,,
CONFIG_DEV_SYNC_PROBE,TODO,UNRESOLVED,,,,0,,,
CONFIG_DHT11,TODO,UNRESOLVED,,,,0,,,
CONFIG_DIAG288_WATCHDOG,TODO,UNRESOLVED,,,,0,,,
CONFIG_DIBS,TODO,UNRESOLVED,,,,0,,,
CONFIG_DIBS_LO,TODO,UNRESOLVED,,,,0,,,
CONFIG_DIGICOLOR_TIMER,TODO,UNRESOLVED,,,,0,,,
CONFIG_DIGICOLOR_WATCHDOG,TODO,UNRESOLVED,,,,0,,,
CONFIG_DIMLIB,TODO,UNRESOLVED,,,,0,,,
CONFIG_DL2K,TODO,UNRESOLVED,,,,0,,,
CONFIG_DLHL60D,TODO,UNRESOLVED,,,,0,,,
CONFIG_DLM,TODO,UNRESOLVED,,,,0,,,
CONFIG_DLM_DEBUG,TODO,UNRESOLVED,,,,0,,,
CONFIG_DLN2_ADC,TODO,UNRESOLVED,,,,0,,,
CONFIG_DM9000,TODO,UNRESOLVED,,,,0,,,
CONFIG_DM9000_FORCE_SIMPLE_PHY_POLL,TODO,UNRESOLVED,,,,0,,,
CONFIG_DM9051,TODO,UNRESOLVED,,,,0,,,
CONFIG_DM9102,TODO,UNRESOLVED,,,,0,,,
CONFIG_DMABUF_DEBUG,TODO,UNRESOLVED,,,,0,,,
CONFIG_DMABUF_HEAPS,TODO,UNRESOLVED,,,,0,,,
CONFIG_DMABUF_HEAPS_CMA,TODO,UNRESOLVED,,,,0,,,
CONFIG_DMABUF_HEAPS_CMA_LEGACY,TODO,UNRESOLVED,,,,0,,,
CONFIG_DMABUF_HEAPS_SYSTEM,TODO,UNRESOLVED,,,,0,,,
CONFIG_DMABUF_MOVE_NOTIFY,TODO,UNRESOLVED,,,,0,,,
CONFIG_DMABUF_SELFTESTS,TODO,UNRESOLVED,,,,0,,,
CONFIG_DMABUF_SYSFS_STATS,TODO,UNRESOLVED,,,,0,,,
CONFIG_DMADEVICES,TODO,UNRESOLVED,,,,0,,,
CONFIG_DMADEVICES_DEBUG,TODO,UNRESOLVED,,,,0,,,
CONFIG_DMADEVICES_VDEBUG,TODO,UNRESOLVED,,,,0,,,
CONFIG_DMAPOOL_TEST,TODO,UNRESOLVED,,,,0,,,
CONFIG_DMARD06,TODO,UNRESOLVED,,,,0,,,
CONFIG_DMARD09,TODO,UNRESOLVED,,,,0,,,
CONFIG_DMARD10,TODO,UNRESOLVED,,,,0,,,
CONFIG_DMAR_DEBUG,TODO,UNRESOLVED,,,,0,,,
CONFIG_DMAR_PERF,TODO,UNRESOLVED,,,,0,,,
CONFIG_DMAR_TABLE,TODO,UNRESOLVED,,,,0,,,
CONFIG_DMASOUND,TODO,UNRESOLVED,,,,0,,,
CONFIG_DMASOUND_ATARI,TODO,UNRESOLVED,,,,0,,,
CONFIG_DMASOUND_PAULA,TODO,UNRESOLVED,,,,0,,,
CONFIG_DMASOUND_Q40,TODO,UNRESOLVED,,,,0,,,
CONFIG_DMATEST,TODO,UNRESOLVED,,,,0,,,
CONFIG_DMA_ACPI,TODO,UNRESOLVED,,,,0,,,
CONFIG_DMA_API_DEBUG,TODO,UNRESOLVED,,,,0,,,
CONFIG_DMA_BCM2835,TODO,UNRESOLVED,,,,0,,,
CONFIG_DMA_BOUNCE_UNALIGNED_KMALLOC,TODO,UNRESOLVED,,,,0,,,
CONFIG_DMA_CMA,TODO,UNRESOLVED,,,,0,,,
CONFIG_DMA_COHERENT_POOL,TODO,UNRESOLVED,,,,0,,,
CONFIG_DMA_DECLARE_COHERENT,TODO,UNRESOLVED,,,,0,,,
CONFIG_DMA_DIRECT_REMAP,TODO,UNRESOLVED,,,,0,,,
CONFIG_DMA_ENGINE,TODO,UNRESOLVED,,,,0,,,
CONFIG_DMA_ENGINE_RAID,TODO,UNRESOLVED,,,,0,,,
CONFIG_DMA_FENCE_TRACE,TODO,UNRESOLVED,,,,0,,,
CONFIG_DMA_GLOBAL_POOL,TODO,UNRESOLVED,,,,0,,,
CONFIG_DMA_JZ4780,TODO,UNRESOLVED,,,,0,,,
CONFIG_DMA_MAP_BENCHMARK,TODO,UNRESOLVED,,,,0,,,
CONFIG_DMA_NEED_SYNC,TODO,UNRESOLVED,,,,0,,,
CONFIG_DMA_NONCOHERENT_MMAP,TODO,UNRESOLVED,,,,0,,,
CONFIG_DMA_NUMA_CMA,TODO,UNRESOLVED,,,,0,,,
CONFIG_DMA_OF,TODO,UNRESOLVED,,,,0,,,
CONFIG_DMA_OMAP,TODO,UNRESOLVED,,,,0,,,
CONFIG_DMA_OPS_BYPASS,TODO,UNRESOLVED,,,,0,,,
CONFIG_DMA_OPS_HELPERS,TODO,UNRESOLVED,,,,0,,,
CONFIG_DMA_RESTRICTED_POOL,TODO,UNRESOLVED,,,,0,,,
CONFIG_DMA_SA11X0,TODO,UNRESOLVED,,,,0,,,
CONFIG_DMA_SHARED_BUFFER,TODO,UNRESOLVED,,,,0,,,
CONFIG_DMA_SUN4I,TODO,UNRESOLVED,,,,0,,,
CONFIG_DMA_SUN6I,TODO,UNRESOLVED,,,,0,,,
CONFIG_DMA_VIRTUAL_CHANNELS,TODO,UNRESOLVED,,,,0,,,
CONFIG_DMI,TODO,UNRESOLVED,,,,0,,,
CONFIG_DMIID,TODO,UNRESOLVED,,,,0,,,
CONFIG_DMI_SCAN_MACHINE_NON_EFI_FALLBACK,TODO,UNRESOLVED,,,,0,,,
CONFIG_DMI_SYSFS,TODO,UNRESOLVED,,,,0,,,
CONFIG_DM_AUDIT,TODO,UNRESOLVED,,,,0,,,
CONFIG_DM_BIO_PRISON,TODO,UNRESOLVED,,,,0,,,
CONFIG_DM_BUFIO,TODO,UNRESOLVED,,,,0,,,
CONFIG_DM_CACHE,TODO,UNRESOLVED,,,,0,,,
CONFIG_DM_CACHE_SMQ,TODO,UNRESOLVED,,,,0,,,
CONFIG_DM_CLONE,TODO,UNRESOLVED,,,,0,,,
CONFIG_DM_CRYPT,TODO,UNRESOLVED,,,,0,,,
CONFIG_DM_DEBUG,TODO,UNRESOLVED,,,,0,,,
CONFIG_DM_DEBUG_BLOCK_MANAGER_LOCKING,TODO,UNRESOLVED,,,,0,,,
CONFIG_DM_DEBUG_BLOCK_STACK_TRACING,TODO,UNRESOLVED,,,,0,,,
CONFIG_DM_DELAY,TODO,UNRESOLVED,,,,0,,,
CONFIG_DM_DUST,TODO,UNRESOLVED,,,,0,,,
CONFIG_DM_EBS,TODO,UNRESOLVED,,,,0,,,
CONFIG_DM_ERA,TODO,UNRESOLVED,,,,0,,,
CONFIG_DM_FLAKEY,TODO,UNRESOLVED,,,,0,,,
CONFIG_DM_INIT,TODO,UNRESOLVED,,,,0,,,
CONFIG_DM_INTEGRITY,TODO,UNRESOLVED,,,,0,,,
CONFIG_DM_KUNIT_TEST,TODO,UNRESOLVED,,,,0,,,
CONFIG_DM_LOG_USERSPACE,TODO,UNRESOLVED,,,,0,,,
CONFIG_DM_LOG_WRITES,TODO,UNRESOLVED,,,,0,,,
CONFIG_DM_MIRROR,TODO,UNRESOLVED,,,,0,,,
CONFIG_DM_MULTIPATH,TODO,UNRESOLVED,,,,0,,,
CONFIG_DM_MULTIPATH_HST,TODO,UNRESOLVED,,,,0,,,
CONFIG_DM_MULTIPATH_IOA,TODO,UNRESOLVED,,,,0,,,
CONFIG_DM_MULTIPATH_QL,TODO,UNRESOLVED,,,,0,,,
CONFIG_DM_MULTIPATH_ST,TODO,UNRESOLVED,,,,0,,,
CONFIG_DM_PCACHE,TODO,UNRESOLVED,,,,0,,,
CONFIG_DM_PERSISTENT_DATA,TODO,UNRESOLVED,,,,0,,,
CONFIG_DM_RAID,TODO,UNRESOLVED,,,,0,,,
CONFIG_DM_SNAPSHOT,TODO,UNRESOLVED,,,,0,,,
CONFIG_DM_SWITCH,TODO,UNRESOLVED,,,,0,,,
CONFIG_DM_THIN_PROVISIONING,TODO,UNRESOLVED,,,,0,,,
CONFIG_DM_UEVENT,TODO,UNRESOLVED,,,,0,,,
CONFIG_DM_UNSTRIPED,TODO,UNRESOLVED,,,,0,,,
CONFIG_DM_VDO,TODO,UNRESOLVED,,,,0,,,
CONFIG_DM_VERITY,TODO,UNRESOLVED,,,,0,,,
CONFIG_DM_VERITY_FEC,TODO,UNRESOLVED,,,,0,,,
CONFIG_DM_VERITY_VERIFY_ROOTHASH_SIG,TODO,UNRESOLVED,,,,0,,,
CONFIG_DM_VERITY_VERIFY_ROOTHASH_SIG_PLATFORM_KEYRING,TODO,UNRESOLVED,,,,0,,,
CONFIG_DM_VERITY_VERIFY_ROOTHASH_SIG_SECONDARY_KEYRING,TODO,UNRESOLVED,,,,0,,,
CONFIG_DM_WRITECACHE,TODO,UNRESOLVED,,,,0,,,
CONFIG_DM_ZERO,TODO,UNRESOLVED,,,,0,,,
CONFIG_DM_ZONED,TODO,UNRESOLVED,,,,0,,,
CONFIG_DNET,TODO,UNRESOLVED,,,,0,,,
CONFIG_DNOTIFY,TODO,UNRESOLVED,,,,0,,,
CONFIG_DNS_RESOLVER,TODO,UNRESOLVED,,,,0,,,
CONFIG_DOVE_CLK,TODO,UNRESOLVED,,,,0,,,
CONFIG_DOVE_THERMAL,TODO,UNRESOLVED,,,,0,,,
CONFIG_DP83640_PHY,TODO,UNRESOLVED,,,,0,,,
CONFIG_DP83822_PHY,TODO,UNRESOLVED,,,,0,,,
CONFIG_DP83848_PHY,TODO,UNRESOLVED,,,,0,,,
CONFIG_DP83867_PHY,TODO,UNRESOLVED,,,,0,,,
CONFIG_DP83869_PHY,TODO,UNRESOLVED,,,,0,,,
CONFIG_DP83TC811_PHY,TODO,UNRESOLVED,,,,0,,,
CONFIG_DP83TD510_PHY,TODO,UNRESOLVED,,,,0,,,
CONFIG_DP83TG720_PHY,TODO,UNRESOLVED,,,,0,,,
CONFIG_DPAA2_CONSOLE,TODO,UNRESOLVED,,,,0,,,
CONFIG_DPAA_ERRATUM_A050385,TODO,UNRESOLVED,,,,0,,,
CONFIG_DPLL,TODO,UNRESOLVED,,,,0,,,
CONFIG_DPM_WATCHDOG,TODO,UNRESOLVED,,,,0,,,
CONFIG_DPM_WATCHDOG_TIMEOUT,TODO,UNRESOLVED,,,,0,,,
CONFIG_DPM_WATCHDOG_WARNING_TIMEOUT,TODO,UNRESOLVED,,,,0,,,
CONFIG_DPOT_DAC,TODO,UNRESOLVED,,,,0,,,
CONFIG_DPS310,TODO,UNRESOLVED,,,,0,,,
CONFIG_DPTF_PCH_FIVR,TODO,UNRESOLVED,,,,0,,,
CONFIG_DPTF_POWER,TODO,UNRESOLVED,,,,0,,,
CONFIG_DQL,TODO,UNRESOLVED,,,,0,,,
CONFIG_DRA752_THERMAL,TODO,UNRESOLVED,,,,0,,,
CONFIG_DRAGONRISE_FF,TODO,UNRESOLVED,,,,0,,,
CONFIG_DRBD_FAULT_INJECTION,TODO,UNRESOLVED,,,,0,,,
CONFIG_DRIVER_PE_KUNIT_TEST,TODO,UNRESOLVED,,,,0,,,
CONFIG_DRM,TODO,UNRESOLVED,,,,0,,,
CONFIG_DRM_ACCEL,TODO,UNRESOLVED,,,,0,,,
CONFIG_DRM_ACCEL_AMDXDNA,TODO,UNRESOLVED,,,,0,,,
CONFIG_DRM_ACCEL_HABANALABS,TODO,UNRESOLVED,,,,0,,,
CONFIG_DRM_ACCEL_IVPU,TODO,UNRESOLVED,,,,0,,,
CONFIG_DRM_ACCEL_IVPU_DEBUG,TODO,UNRESOLVED,,,,0,,,
CONFIG_DRM_ACCEL_QAIC,TODO,UNRESOLVED,,,,0,,,
CONFIG_DRM_ACCEL_ROCKET,TODO,UNRESOLVED,,,,0,,,
CONFIG_DRM_ADP,TODO,UNRESOLVED,,,,0,,,
CONFIG_DRM_AMDGPU,TODO,UNRESOLVED,,,,0,,,
CONFIG_DRM_AMDGPU_CIK,TODO,UNRESOLVED,,,,0,,,
CONFIG_DRM_AMDGPU_SI,TODO,UNRESOLVED,,,,0,,,
CONFIG_DRM_AMDGPU_USERPTR,TODO,UNRESOLVED,,,,0,,,
CONFIG_DRM_AMDGPU_WERROR,TODO,UNRESOLVED,,,,0,,,
CONFIG_DRM_AMD_ACP,TODO,UNRESOLVED,,,,0,,,
CONFIG_DRM_AMD_DC,TODO,UNRESOLVED,,,,0,,,
CONFIG_DRM_AMD_DC_FP,TODO,UNRESOLVED,,,,0,,,
CONFIG_DRM_AMD_DC_SI,TODO,UNRESOLVED,,,,0,,,
CONFIG_DRM_AMD_ISP,TODO,UNRESOLVED,,,,0,,,
CONFIG_DRM_AMD_SECURE_DISPLAY,TODO,UNRESOLVED,,,,0,,,
CONFIG_DRM_ANALOGIX_ANX6345,TODO,UNRESOLVED,,,,0,,,
CONFIG_DRM_ANALOGIX_ANX7625,TODO,UNRESOLVED,,,,0,,,
CONFIG_DRM_ANALOGIX_ANX78XX,TODO,UNRESOLVED,,,,0,,,
CONFIG_DRM_ANALOGIX_DP,TODO,UNRESOLVED,,,,0,,,
CONFIG_DRM_APPLETBDRM,TODO,UNRESOLVED,,,,0,,,
CONFIG_DRM_ARCPGU,TODO,UNRESOLVED,,,,0,,,
CONFIG_DRM_ARMADA,TODO,UNRESOLVED,,,,0,,,
CONFIG_DRM_ASPEED_GFX,TODO,UNRESOLVED,,,,0,,,
CONFIG_DRM_AST,TODO,UNRESOLVED,,,,0,,,
CONFIG_DRM_ATMEL_HLCDC,TODO,UNRESOLVED,,,,0,,,
CONFIG_DRM_AUX_BRIDGE,TODO,UNRESOLVED,,,,0,,,
CONFIG_DRM_AUX_HPD_BRIDGE,TODO,UNRESOLVED,,,,0,,,
CONFIG_DRM_BOCHS,TODO,UNRESOLVED,,,,0,,,
CONFIG_DRM_BRIDGE,TODO,UNRESOLVED,,,,0,,,
CONFIG_DRM_BRIDGE_CONNECTOR,TODO,UNRESOLVED,,,,0,,,
CONFIG_DRM_BUDDY,TODO,UNRESOLVED,,,,0,,,
CONFIG_DRM_CDNS_DSI,TODO,UNRESOLVED,,,,0,,,
CONFIG_DRM_CDNS_DSI_J721E,TODO,UNRESOLVED,,,,0,,,
CONFIG_DRM_CDNS_MHDP8546,TODO,UNRESOLVED,,,,0,,,
CONFIG_DRM_CDNS_MHDP8546_J721E,TODO,UNRESOLVED,,,,0,,,
CONFIG_DRM_CHIPONE_ICN6211,TODO,UNRESOLVED,,,,0,,,
CONFIG_DRM_CHRONTEL_CH7033,TODO,UNRESOLVED,,,,0,,,
CONFIG_DRM_CIRRUS_QEMU,TODO,UNRESOLVED,,,,0,,,
CONFIG_DRM_CLIENT,TODO,UNRESOLVED,,,,0,,,
CONFIG_DRM_CLIENT_DEFAULT,TODO,UNRESOLVED,,,,0,,,
CONFIG_DRM_CLIENT_DEFAULT_FBDEV,TODO,UNRESOLVED,,,,0,,,
CONFIG_DRM_CLIENT_DEFAULT_LOG,TODO,UNRESOLVED,,,,0,,,
CONFIG_DRM_CLIENT_LIB,TODO,UNRESOLVED,,,,0,,,
CONFIG_DRM_CLIENT_LOG,TODO,UNRESOLVED,,,,0,,,
CONFIG_DRM_CLIENT_SELECTION,TODO,UNRESOLVED,,,,0,,,
CONFIG_DRM_CLIENT_SETUP,TODO,UNRESOLVED,,,,0,,,
CONFIG_DRM_CROS_EC_ANX7688,TODO,UNRESOLVED,,,,0,,,
CONFIG_DRM_DEBUG_DP_MST_TOPOLOGY_REFS,TODO,UNRESOLVED,,,,0,,,
CONFIG_DRM_DEBUG_MM,TODO,UNRESOLVED,,,,0,,,
CONFIG_DRM_DEBUG_MODESET_LOCK,TODO,UNRESOLVED,,,,0,,,
CONFIG_DRM_DISPLAY_CONNECTOR,TODO,UNRESOLVED,,,,0,,,
CONFIG_DRM_DISPLAY_DP_AUX_BUS,TODO,UNRESOLVED,,,,0,,,
CONFIG_DRM_DISPLAY_DP_AUX_CEC,TODO,UNRESOLVED,,,,0,,,
CONFIG_DRM_DISPLAY_DP_AUX_CHARDEV,TODO,UNRESOLVED,,,,0,,,
CONFIG_DRM_DISPLAY_DP_HELPER,TODO,UNRESOLVED,,,,0,,,
CONFIG_DRM_DISPLAY_DP_TUNNEL,TODO,UNRESOLVED,,,,0,,,
CONFIG_DRM_DISPLAY_DP_TUNNEL_STATE_DEBUG,TODO,UNRESOLVED,,,,0,,,
CONFIG_DRM_DISPLAY_DSC_HELPER,TODO,UNRESOLVED,,,,0,,,
CONFIG_DRM_DISPLAY_HDCP_HELPER,TODO,UNRESOLVED,,,,0,,,
CONFIG_DRM_DISPLAY_HDMI_AUDIO_HELPER,TODO,UNRESOLVED,,,,0,,,
CONFIG_DRM_DISPLAY_HDMI_CEC_HELPER,TODO,UNRESOLVED,,,,0,,,
CONFIG_DRM_DISPLAY_HDMI_CEC_NOTIFIER_HELPER,TODO,UNRESOLVED,,,,0,,,
CONFIG_DRM_DISPLAY_HDMI_HELPER,TODO,UNRESOLVED,,,,0,,,
CONFIG_DRM_DISPLAY_HDMI_STATE_HELPER,TODO,UNRESOLVED,,,,0,,,
CONFIG_DRM_DISPLAY_HELPER,TODO,UNRESOLVED,,,,0,,,
CONFIG_DRM_DRAW,TODO,UNRESOLVED,,,,0,,,
CONFIG_DRM_DW_DP,TODO,UNRESOLVED,,,,0,,,
CONFIG_DRM_DW_HDMI,TODO,UNRESOLVED,,,,0,,,
CONFIG_DRM_DW_HDMI_AHB_AUDIO,TODO,UNRESOLVED,,,,0,,,
CONFIG_DRM_DW_HDMI_CEC,TODO,UNRESOLVED,,,,0,,,
CONFIG_DRM_DW_HDMI_GP_AUDIO,TODO,UNRESOLVED,,,,0,,,
CONFIG_DRM_DW_HDMI_I2S_AUDIO,TODO,UNRESOLVED,,,,0,,,
CONFIG_DRM_DW_HDMI_QP,TODO,UNRESOLVED,,,,0,,,
CONFIG_DRM_DW_MIPI_DSI,TODO,UNRESOLVED,,,,0,,,
CONFIG_DRM_DW_MIPI_DSI2,TODO,UNRESOLVED,,,,0,,,
CONFIG_DRM_EFIDRM,TODO,UNRESOLVED,,,,0,,,
CONFIG_DRM_ETNAVIV,TODO,UNRESOLVED,,,,0,,,
CONFIG_DRM_ETNAVIV_THERMAL,TODO,UNRESOLVED,,,,0,,,
CONFIG_DRM_EXEC,TODO,UNRESOLVED,,,,0,,,
CONFIG_DRM_EXPORT_FOR_TESTS,TODO,UNRESOLVED,,,,0,,,
CONFIG_DRM_EXYNOS,TODO,UNRESOLVED,,,,0,,,
CONFIG_DRM_EXYNOS5433_DECON,TODO,UNRESOLVED,,,,0,,,
CONFIG_DRM_EXYNOS7_DECON,TODO,UNRESOLVED,,,,0,,,
CONFIG_DRM_EXYNOS_DP,TODO,UNRESOLVED,,,,0,,,
CONFIG_DRM_EXYNOS_DPI,TODO,UNRESOLVED,,,,0,,,
CONFIG_DRM_EXYNOS_DSI,TODO,UNRESOLVED,,,,0,,,
CONFIG_DRM_EXYNOS_FIMC,TODO,UNRESOLVED,,,,0,,,
CONFIG_DRM_EXYNOS_FIMD,TODO,UNRESOLVED,,,,0,,,
CONFIG_DRM_EXYNOS_G2D,TODO,UNRESOLVED,,,,0,,,
CONFIG_DRM_EXYNOS_GSC,TODO,UNRESOLVED,,,,0,,,
CONFIG_DRM_EXYNOS_HDMI,TODO,UNRESOLVED,,,,0,,,
CONFIG_DRM_EXYNOS_IPP,TODO,UNRESOLVED,,,,0,,,
CONFIG_DRM_EXYNOS_MIC,TODO,UNRESOLVED,,,,0,,,
CONFIG_DRM_EXYNOS_MIXER,TODO,UNRESOLVED,,,,0,,,
CONFIG_DRM_EXYNOS_ROTATOR,TODO,UNRESOLVED,,,,0,,,
CONFIG_DRM_EXYNOS_SCALER,TODO,UNRESOLVED,,,,0,,,
CONFIG_DRM_EXYNOS_VIDI,TODO,UNRESOLVED,,,,0,,,
CONFIG_DRM_FBDEV_EMULATION,TODO,UNRESOLVED,,,,0,,,
CONFIG_DRM_FBDEV_LEAK_PHYS_SMEM,TODO,UNRESOLVED,,,,0,,,
CONFIG_DRM_FBDEV_OVERALLOC,TODO,UNRESOLVED,,,,0,,,
CONFIG_DRM_FSL_DCU,TODO,UNRESOLVED,,,,0,,,
CONFIG_DRM_FSL_LDB,TODO,UNRESOLVED,,,,0,,,
CONFIG_DRM_GEM_DMA_HELPER,TODO,UNRESOLVED,,,,0,,,
CONFIG_DRM_GEM_SHMEM_HELPER,TODO,UNRESOLVED,,,,0,,,
CONFIG_DRM_GM12U320,TODO,UNRESOLVED,,,,0,,,
CONFIG_DRM_GMA500,TODO,UNRESOLVED,,,,0,,,
CONFIG_DRM_GPUSVM,TODO,UNRESOLVED,,,,0,,,
CONFIG_DRM_GPUVM,TODO,UNRESOLVED,,,,0,,,
CONFIG_DRM_GUD,TODO,UNRESOLVED,,,,0,,,
CONFIG_DRM_HDLCD,TODO,UNRESOLVED,,,,0,,,
CONFIG_DRM_HDLCD_SHOW_UNDERRUN,TODO,UNRESOLVED,,,,0,,,
CONFIG_DRM_HEADER_TEST,TODO,UNRESOLVED,,,,0,,,
CONFIG_DRM_HISI_HIBMC,TODO,UNRESOLVED,,,,0,,,
CONFIG_DRM_HISI_KIRIN,TODO,UNRESOLVED,,,,0,,,
CONFIG_DRM_HYPERV,TODO,UNRESOLVED,,,,0,,,
CONFIG_DRM_I2C_ADV7511,TODO,UNRESOLVED,,,,0,,,
CONFIG_DRM_I2C_ADV7511_AUDIO,TODO,UNRESOLVED,,,,0,,,
CONFIG_DRM_I2C_ADV7511_CEC,TODO,UNRESOLVED,,,,0,,,
CONFIG_DRM_I2C_NXP_TDA998X,TODO,UNRESOLVED,,,,0,,,
CONFIG_DRM_I915,TODO,UNRESOLVED,,,,0,,,
CONFIG_DRM_I915_CAPTURE_ERROR,TODO,UNRESOLVED,,,,0,,,
CONFIG_DRM_I915_COMPRESS_ERROR,TODO,UNRESOLVED,,,,0,,,
CONFIG_DRM_I915_DEBUG,TODO,UNRESOLVED,,,,0,,,
CONFIG_DRM_I915_DEBUG_GEM,TODO,UNRESOLVED,,,,0,,,
CONFIG_DRM_I915_DEBUG_GEM_ONCE,TODO,UNRESOLVED,,,,0,,,
CONFIG_DRM_I915_DEBUG_GUC,TODO,UNRESOLVED,,,,0,,,
CONFIG_DRM_I915_DEBUG_MMIO,TODO,UNRESOLVED,,,,0,,,
CONFIG_DRM_I915_DEBUG_RUNTIME_PM,TODO,UNRESOLVED,,,,0,,,
CONFIG_DRM_I915_DEBUG_VBLANK_EVADE,TODO,UNRESOLVED,,,,0,,,
CONFIG_DRM_I915_DEBUG_WAKEREF,TODO,UNRESOLVED,,,,0,,,
CONFIG_DRM_I915_DP_TUNNEL,TODO,UNRESOLVED,,,,0,,,
CONFIG_DRM_I915_ERRLOG_GEM,TODO,UNRESOLVED,,,,0,,,
CONFIG_DRM_I915_FENCE_TIMEOUT,TODO,UNRESOLVED,,,,0,,,
CONFIG_DRM_I915_FORCE_PROBE,TODO,UNRESOLVED,,,,0,,,
CONFIG_DRM_I915_GVT,TODO,UNRESOLVED,,,,0,,,
CONFIG_DRM_I915_GVT_KVMGT,TODO,UNRESOLVED,,,,0,,,
CONFIG_DRM_I915_HEARTBEAT_INTERVAL,TODO,UNRESOLVED,,,,0,,,
CONFIG_DRM_I915_LOW_LEVEL_TRACEPOINTS,TODO,UNRESOLVED,,,,0,,,
CONFIG_DRM_I915_MAX_REQUEST_BUSYWAIT,TODO,UNRESOLVED,,,,0,,,
CONFIG_DRM_I915_PREEMPT_TIMEOUT,TODO,UNRESOLVED,,,,0,,,
CONFIG_DRM_I915_PREEMPT_TIMEOUT_COMPUTE,TODO,UNRESOLVED,,,,0,,,
CONFIG_DRM_I915_PXP,TODO,UNRESOLVED,,,,0,,,
CONFIG_DRM_I915_REPLAY_GPU_HANGS_API,TODO,UNRESOLVED,,,,0,,,
CONFIG_DRM_I915_REQUEST_TIMEOUT,TODO,UNRESOLVED,,,,0,,,
CONFIG_DRM_I915_SELFTEST,TODO,UNRESOLVED,,,,0,,,
CONFIG_DRM_I915_SELFTEST_BROKEN,TODO,UNRESOLVED,,,,0,,,
CONFIG_DRM_I915_STOP_TIMEOUT,TODO,UNRESOLVED,,,,0,,,
CONFIG_DRM_I915_SW_FENCE_CHECK_DAG,TODO,UNRESOLVED,,,,0,,,
CONFIG_DRM_I915_SW_FENCE_DEBUG_OBJECTS,TODO,UNRESOLVED,,,,0,,,
CONFIG_DRM_I915_TIMESLICE_DURATION,TODO,UNRESOLVED,,,,0,,,
CONFIG_DRM_I915_TRACE_GEM,TODO,UNRESOLVED,,,,0,,,
CONFIG_DRM_I915_TRACE_GTT,TODO,UNRESOLVED,,,,0,,,
CONFIG_DRM_I915_USERFAULT_AUTOSUSPEND,TODO,UNRESOLVED,,,,0,,,
CONFIG_DRM_I915_USERPTR,TODO,UNRESOLVED,,,,0,,,
CONFIG_DRM_I915_WERROR,TODO,UNRESOLVED,,,,0,,,
CONFIG_DRM_IMX,TODO,UNRESOLVED,,,,0,,,
CONFIG_DRM_IMX8MP_DW_HDMI_BRIDGE,TODO,UNRESOLVED,,,,0,,,
CONFIG_DRM_IMX8MP_HDMI_PVI,TODO,UNRESOLVED,,,,0,,,
CONFIG_DRM_IMX8QM_LDB,TODO,UNRESOLVED,,,,0,,,
CONFIG_DRM_IMX8QXP_LDB,TODO,UNRESOLVED,,,,0,,,
CONFIG_DRM_IMX8QXP_PIXEL_COMBINER,TODO,UNRESOLVED,,,,0,,,
CONFIG_DRM_IMX8QXP_PIXEL_LINK,TODO,UNRESOLVED,,,,0,,,
CONFIG_DRM_IMX8QXP_PIXEL_LINK_TO_DPI,TODO,UNRESOLVED,,,,0,,,
CONFIG_DRM_IMX8_DC,TODO,UNRESOLVED,,,,0,,,
CONFIG_DRM_IMX93_MIPI_DSI,TODO,UNRESOLVED,,,,0,,,
CONFIG_DRM_IMX_DCSS,TODO,UNRESOLVED,,,,0,,,
CONFIG_DRM_IMX_HDMI,TODO,UNRESOLVED,,,,0,,,
CONFIG_DRM_IMX_LCDC,TODO,UNRESOLVED,,,,0,,,
CONFIG_DRM_IMX_LCDIF,TODO,UNRESOLVED,,,,0,,,
CONFIG_DRM_IMX_LDB,TODO,UNRESOLVED,,,,0,,,
CONFIG_DRM_IMX_LDB_HELPER,TODO,UNRESOLVED,,,,0,,,
CONFIG_DRM_IMX_LEGACY_BRIDGE,TODO,UNRESOLVED,,,,0,,,
CONFIG_DRM_IMX_PARALLEL_DISPLAY,TODO,UNRESOLVED,,,,0,,,
CONFIG_DRM_IMX_TVE,TODO,UNRESOLVED,,,,0,,,
CONFIG_DRM_INGENIC,TODO,UNRESOLVED,,,,0,,,
CONFIG_DRM_INGENIC_DW_HDMI,TODO,UNRESOLVED,,,,0,,,
CONFIG_DRM_INGENIC_IPU,TODO,UNRESOLVED,,,,0,,,
CONFIG_DRM_ITE_IT6263,TODO,UNRESOLVED,,,,0,,,
CONFIG_DRM_ITE_IT6505,TODO,UNRESOLVED,,,,0,,,
CONFIG_DRM_ITE_IT66121,TODO,UNRESOLVED,,,,0,,,
CONFIG_DRM_KMB_DISPLAY,TODO,UNRESOLVED,,,,0,,,
CONFIG_DRM_KMS_HELPER,TODO,UNRESOLVED,,,,0,,,
CONFIG_DRM_KOMEDA,TODO,UNRESOLVED,,,,0,,,
CONFIG_DRM_KUNIT_TEST,TODO,UNRESOLVED,,,,0,,,
CONFIG_DRM_KUNIT_TEST_HELPERS,TODO,UNRESOLVED,,,,0,,,
CONFIG_DRM_LIB_RANDOM,TODO,UNRESOLVED,,,,0,,,
CONFIG_DRM_LIMA,TODO,UNRESOLVED,,,,0,,,
CONFIG_DRM_LOAD_EDID_FIRMWARE,TODO,UNRESOLVED,,,,0,,,
CONFIG_DRM_LOGICVC,TODO,UNRESOLVED,,,,0,,,
CONFIG_DRM_LONTIUM_LT8912B,TODO,UNRESOLVED,,,,0,,,
CONFIG_DRM_LONTIUM_LT9211,TODO,UNRESOLVED,,,,0,,,
CONFIG_DRM_LONTIUM_LT9611,TODO,UNRESOLVED,,,,0,,,
CONFIG_DRM_LONTIUM_LT9611UXC,TODO,UNRESOLVED,,,,0,,,
CONFIG_DRM_LOONGSON,TODO,UNRESOLVED,,,,0,,,
CONFIG_DRM_LVDS_CODEC,TODO,UNRESOLVED,,,,0,,,
CONFIG_DRM_MALI_DISPLAY,TODO,UNRESOLVED,,,,0,,,
CONFIG_DRM_MCDE,TODO,UNRESOLVED,,,,0,,,
CONFIG_DRM_MEDIATEK,TODO,UNRESOLVED,,,,0,,,
CONFIG_DRM_MEDIATEK_DP,TODO,UNRESOLVED,,,,0,,,
CONFIG_DRM_MEDIATEK_HDMI,TODO,UNRESOLVED,,,,0,,,
CONFIG_DRM_MEGACHIPS_STDPXXXX_GE_B850V3_FW,TODO,UNRESOLVED,,,,0,,,
CONFIG_DRM_MESON,TODO,UNRESOLVED,,,,0,,,
CONFIG_DRM_MESON_DW_HDMI,TODO,UNRESOLVED,,,,0,,,
CONFIG_DRM_MESON_DW_MIPI_DSI,TODO,UNRESOLVED,,,,0,,,
CONFIG_DRM_MGAG200,TODO,UNRESOLVED,,,,0,,,
CONFIG_DRM_MGAG200_DISABLE_WRITECOMBINE,TODO,UNRESOLVED,,,,0,,,
CONFIG_DRM_MICROCHIP_LVDS_SERIALIZER,TODO,UNRESOLVED,,,,0,,,
CONFIG_DRM_MIPI_DBI,TODO,UNRESOLVED,,,,0,,,
CONFIG_DRM_MIPI_DSI,TODO,UNRESOLVED,,,,0,,,
CONFIG_DRM_MSM,TODO,UNRESOLVED,,,,0,,,
CONFIG_DRM_MSM_DP,TODO,UNRESOLVED,,,,0,,,
CONFIG_DRM_MSM_DPU,TODO,UNRESOLVED,,,,0,,,
CONFIG_DRM_MSM_DSI,TODO,UNRESOLVED,,,,0,,,
CONFIG_DRM_MSM_DSI_10NM_PHY,TODO,UNRESOLVED,,,,0,,,
CONFIG_DRM_MSM_DSI_14NM_PHY,TODO,UNRESOLVED,,,,0,,,
CONFIG_DRM_MSM_DSI_20NM_PHY,TODO,UNRESOLVED,,,,0,,,
CONFIG_DRM_MSM_DSI_28NM_8960_PHY,TODO,UNRESOLVED,,,,0,,,
CONFIG_DRM_MSM_DSI_28NM_PHY,TODO,UNRESOLVED,,,,0,,,
CONFIG_DRM_MSM_DSI_7NM_PHY,TODO,UNRESOLVED,,,,0,,,
CONFIG_DRM_MSM_GPU_STATE,TODO,UNRESOLVED,,,,0,,,
CONFIG_DRM_MSM_GPU_SUDO,TODO,UNRESOLVED,,,,0,,,
CONFIG_DRM_MSM_HDMI,TODO,UNRESOLVED,,,,0,,,
CONFIG_DRM_MSM_HDMI_HDCP,TODO,UNRESOLVED,,,,0,,,
CONFIG_DRM_MSM_KMS,TODO,UNRESOLVED,,,,0,,,
CONFIG_DRM_MSM_KMS_FBDEV,TODO,UNRESOLVED,,,,0,,,
CONFIG_DRM_MSM_MDP4,TODO,UNRESOLVED,,,,0,,,
CONFIG_DRM_MSM_MDP5,TODO,UNRESOLVED,,,,0,,,
CONFIG_DRM_MSM_MDSS,TODO,UNRESOLVED,,,,0,,,
CONFIG_DRM_MSM_VALIDATE_XML,TODO,UNRESOLVED,,,,0,,,
CONFIG_DRM_MXS,TODO,UNRESOLVED,,,,0,,,
CONFIG_DRM_MXSFB,TODO,UNRESOLVED,,,,0,,,
CONFIG_DRM_NOUVEAU,TODO,UNRESOLVED,,,,0,,,
CONFIG_DRM_NOUVEAU_BACKLIGHT,TODO,UNRESOLVED,,,,0,,,
CONFIG_DRM_NOUVEAU_CH7006,TODO,UNRESOLVED,,,,0,,,
CONFIG_DRM_NOUVEAU_SIL164,TODO,UNRESOLVED,,,,0,,,
CONFIG_DRM_NOUVEAU_SVM,TODO,UNRESOLVED,,,,0,,,
CONFIG_DRM_NOVA,TODO,UNRESOLVED,,,,0,,,
CONFIG_DRM_NWL_MIPI_DSI,TODO,UNRESOLVED,,,,0,,,
CONFIG_DRM_NXP_PTN3460,TODO,UNRESOLVED,,,,0,,,
CONFIG_DRM_OFDRM,TODO,UNRESOLVED,,,,0,,,
CONFIG_DRM_OMAP,TODO,UNRESOLVED,,,,0,,,
CONFIG_DRM_PANEL,TODO,UNRESOLVED,,,,0,,,
CONFIG_DRM_PANEL_ABT_Y030XX067A,TODO,UNRESOLVED,,,,0,,,
CONFIG_DRM_PANEL_ARM_VERSATILE,TODO,UNRESOLVED,,,,0,,,
CONFIG_DRM_PANEL_ASUS_Z00T_TM5P5_NT35596,TODO,UNRESOLVED,,,,0,,,
CONFIG_DRM_PANEL_AUO_A030JTN01,TODO,UNRESOLVED,,,,0,,,
CONFIG_DRM_PANEL_BACKLIGHT_QUIRKS,TODO,UNRESOLVED,,,,0,,,
CONFIG_DRM_PANEL_BOE_BF060Y8M_AJ0,TODO,UNRESOLVED,,,,0,,,
CONFIG_DRM_PANEL_BOE_HIMAX8279D,TODO,UNRESOLVED,,,,0,,,
CONFIG_DRM_PANEL_BOE_TD4320,TODO,UNRESOLVED,,,,0,,,
CONFIG_DRM_PANEL_BOE_TH101MB31UIG002_28A,TODO,UNRESOLVED,,,,0,,,
CONFIG_DRM_PANEL_BOE_TV101WUM_LL2,TODO,UNRESOLVED,,,,0,,,
CONFIG_DRM_PANEL_BOE_TV101WUM_NL6,TODO,UNRESOLVED,,,,0,,,
CONFIG_DRM_PANEL_BRIDGE,TODO,UNRESOLVED,,,,0,,,
CONFIG_DRM_PANEL_DSI_CM,TODO,UNRESOLVED,,,,0,,,
CONFIG_DRM_PANEL_EBBG_FT8719,TODO,UNRESOLVED,,,,0,,,
CONFIG_DRM_PANEL_EDP,TODO,UNRESOLVED,,,,0,,,
CONFIG_DRM_PANEL_ELIDA_KD35T133,TODO,UNRESOLVED,,,,0,,,
CONFIG_DRM_PANEL_FEIXIN_K101_IM2BA02,TODO,UNRESOLVED,,,,0,,,
CONFIG_DRM_PANEL_FEIYANG_FY07024DI26A30D,TODO,UNRESOLVED,,,,0,,,
CONFIG_DRM_PANEL_HIMAX_HX8279,TODO,UNRESOLVED,,,,0,,,
CONFIG_DRM_PANEL_HIMAX_HX83102,TODO,UNRESOLVED,,,,0,,,
CONFIG_DRM_PANEL_HIMAX_HX83112A,TODO,UNRESOLVED,,,,0,,,
CONFIG_DRM_PANEL_HIMAX_HX83112B,TODO,UNRESOLVED,,,,0,,,
CONFIG_DRM_PANEL_HIMAX_HX8394,TODO,UNRESOLVED,,,,0,,,
CONFIG_DRM_PANEL_HYDIS_HV101HD1,TODO,UNRESOLVED,,,,0,,,
CONFIG_DRM_PANEL_ILITEK_IL9322,TODO,UNRESOLVED,,,,0,,,
CONFIG_DRM_PANEL_ILITEK_ILI9341,TODO,UNRESOLVED,,,,0,,,
CONFIG_DRM_PANEL_ILITEK_ILI9805,TODO,UNRESOLVED,,,,0,,,
CONFIG_DRM_PANEL_ILITEK_ILI9806E,TODO,UNRESOLVED,,,,0,,,
CONFIG_DRM_PANEL_ILITEK_ILI9881C,TODO,UNRESOLVED,,,,0,,,
CONFIG_DRM_PANEL_ILITEK_ILI9882T,TODO,UNRESOLVED,,,,0,,,
CONFIG_DRM_PANEL_INNOLUX_EJ030NA,TODO,UNRESOLVED,,,,0,,,
CONFIG_DRM_PANEL_INNOLUX_P079ZCA,TODO,UNRESOLVED,,,,0,,,
CONFIG_DRM_PANEL_JADARD_JD9365DA_H3,TODO,UNRESOLVED,,,,0,,,
CONFIG_DRM_PANEL_JDI_LPM102A188A,TODO,UNRESOLVED,,,,0,,,
CONFIG_DRM_PANEL_JDI_LT070ME05000,TODO,UNRESOLVED,,,,0,,,
CONFIG_DRM_PANEL_JDI_R63452,TODO,UNRESOLVED,,,,0,,,
CONFIG_DRM_PANEL_KHADAS_TS050,TODO,UNRESOLVED,,,,0,,,
CONFIG_DRM_PANEL_KINGDISPLAY_KD097D04,TODO,UNRESOLVED,,,,0,,,
CONFIG_DRM_PANEL_LEADTEK_LTK050H3146W,TODO,UNRESOLVED,,,,0,,,
CONFIG_DRM_PANEL_LEADTEK_LTK500HD1829,TODO,UNRESOLVED,,,,0,,,
CONFIG_DRM_PANEL_LG_LB035Q02,TODO,UNRESOLVED,,,,0,,,
CONFIG_DRM_PANEL_LG_LG4573,TODO,UNRESOLVED,,,,0,,,
CONFIG_DRM_PANEL_LG_SW43408,TODO,UNRESOLVED,,,,0,,,
CONFIG_DRM_PANEL_LINCOLNTECH_LCD197,TODO,UNRESOLVED,,,,0,,,
CONFIG_DRM_PANEL_LVDS,TODO,UNRESOLVED,,,,0,,,
CONFIG_DRM_PANEL_MAGNACHIP_D53E6EA8966,TODO,UNRESOLVED,,,,0,,,
CONFIG_DRM_PANEL_MANTIX_MLAF057WE51,TODO,UNRESOLVED,,,,0,,,
CONFIG_DRM_PANEL_MIPI_DBI,TODO,UNRESOLVED,,,,0,,,
CONFIG_DRM_PANEL_NEC_NL8048HL11,TODO,UNRESOLVED,,,,0,,,
CONFIG_DRM_PANEL_NEWVISION_NV3051D,TODO,UNRESOLVED,,,,0,,,
CONFIG_DRM_PANEL_NEWVISION_NV3052C,TODO,UNRESOLVED,,,,0,,,
CONFIG_DRM_PANEL_NOVATEK_NT35510,TODO,UNRESOLVED,,,,0,,,
CONFIG_DRM_PANEL_NOVATEK_NT35560,TODO,UNRESOLVED,,,,0,,,
CONFIG_DRM_PANEL_NOVATEK_NT35950,TODO,UNRESOLVED,,,,0,,,
CONFIG_DRM_PANEL_NOVATEK_NT36523,TODO,UNRESOLVED,,,,0,,,
CONFIG_DRM_PANEL_NOVATEK_NT36672A,TODO,UNRESOLVED,,,,0,,,
CONFIG_DRM_PANEL_NOVATEK_NT36672E,TODO,UNRESOLVED,,,,0,,,
CONFIG_DRM_PANEL_NOVATEK_NT37801,TODO,UNRESOLVED,,,,0,,,
CONFIG_DRM_PANEL_NOVATEK_NT39016,TODO,UNRESOLVED,,,,0,,,
CONFIG_DRM_PANEL_OLIMEX_LCD_OLINUXINO,TODO,UNRESOLVED,,,,0,,,
CONFIG_DRM_PANEL_ORIENTATION_QUIRKS,TODO,UNRESOLVED,,,,0,,,
CONFIG_DRM_PANEL_ORISETECH_OTA5601A,TODO,UNRESOLVED,,,,0,,,
CONFIG_DRM_PANEL_ORISETECH_OTM8009A,TODO,UNRESOLVED,,,,0,,,
CONFIG_DRM_PANEL_OSD_OSD101T2587_53TS,TODO,UNRESOLVED,,,,0,,,
CONFIG_DRM_PANEL_PANASONIC_VVX10F034N00,TODO,UNRESOLVED,,,,0,,,
CONFIG_DRM_PANEL_RASPBERRYPI_TOUCHSCREEN,TODO,UNRESOLVED,,,,0,,,
CONFIG_DRM_PANEL_RAYDIUM_RM67191,TODO,UNRESOLVED,,,,0,,,
CONFIG_DRM_PANEL_RAYDIUM_RM67200,TODO,UNRESOLVED,,,,0,,,
CONFIG_DRM_PANEL_RAYDIUM_RM68200,TODO,UNRESOLVED,,,,0,,,
CONFIG_DRM_PANEL_RAYDIUM_RM692E5,TODO,UNRESOLVED,,,,0,,,
CONFIG_DRM_PANEL_RAYDIUM_RM69380,TODO,UNRESOLVED,,,,0,,,
CONFIG_DRM_PANEL_RENESAS_R61307,TODO,UNRESOLVED,,,,0,,,
CONFIG_DRM_PANEL_RENESAS_R69328,TODO,UNRESOLVED,,,,0,,,
CONFIG_DRM_PANEL_RONBO_RB070D30,TODO,UNRESOLVED,,,,0,,,
CONFIG_DRM_PANEL_SAMSUNG_AMS581VF01,TODO,UNRESOLVED,,,,0,,,
CONFIG_DRM_PANEL_SAMSUNG_AMS639RQ08,TODO,UNRESOLVED,,,,0,,,
CONFIG_DRM_PANEL_SAMSUNG_ATNA33XC20,TODO,UNRESOLVED,,,,0,,,
CONFIG_DRM_PANEL_SAMSUNG_DB7430,TODO,UNRESOLVED,,,,0,,,
CONFIG_DRM_PANEL_SAMSUNG_LD9040,TODO,UNRESOLVED,,,,0,,,
CONFIG_DRM_PANEL_SAMSUNG_S6D16D0,TODO,UNRESOLVED,,,,0,,,
CONFIG_DRM_PANEL_SAMSUNG_S6D27A1,TODO,UNRESOLVED,,,,0,,,
CONFIG_DRM_PANEL_SAMSUNG_S6D7AA0,TODO,UNRESOLVED,,,,0,,,
CONFIG_DRM_PANEL_SAMSUNG_S6E3FA7,TODO,UNRESOLVED,,,,0,,,
CONFIG_DRM_PANEL_SAMSUNG_S6E3HA2,TODO,UNRESOLVED,,,,0,,,
CONFIG_DRM_PANEL_SAMSUNG_S6E3HA8,TODO,UNRESOLVED,,,,0,,,
CONFIG_DRM_PANEL_SAMSUNG_S6E63J0X03,TODO,UNRESOLVED,,,,0,,,
CONFIG_DRM_PANEL_SAMSUNG_S6E63M0,TODO,UNRESOLVED,,,,0,,,
CONFIG_DRM_PANEL_SAMSUNG_S6E63M0_DSI,TODO,UNRESOLVED,,,,0,,,
CONFIG_DRM_PANEL_SAMSUNG_S6E63M0_SPI,TODO,UNRESOLVED,,,,0,,,
CONFIG_DRM_PANEL_SAMSUNG_S6E88A0_AMS427AP24,TODO,UNRESOLVED,,,,0,,,
CONFIG_DRM_PANEL_SAMSUNG_S6E88A0_AMS452EF01,TODO,UNRESOLVED,,,,0,,,
CONFIG_DRM_PANEL_SAMSUNG_S6E8AA0,TODO,UNRESOLVED,,,,0,,,
CONFIG_DRM_PANEL_SAMSUNG_S6E8AA5X01_AMS561RA01,TODO,UNRESOLVED,,,,0,,,
CONFIG_DRM_PANEL_SAMSUNG_SOFEF00,TODO,UNRESOLVED,,,,0,,,
CONFIG_DRM_PANEL_SEIKO_43WVF1G,TODO,UNRESOLVED,,,,0,,,
CONFIG_DRM_PANEL_SHARP_LQ101R1SX01,TODO,UNRESOLVED,,,,0,,,
CONFIG_DRM_PANEL_SHARP_LS037V7DW01,TODO,UNRESOLVED,,,,0,,,
CONFIG_DRM_PANEL_SHARP_LS043T1LE01,TODO,UNRESOLVED,,,,0,,,
CONFIG_DRM_PANEL_SHARP_LS060T1SX01,TODO,UNRESOLVED,,,,0,,,
CONFIG_DRM_PANEL_SIMPLE,TODO,UNRESOLVED,,,,0,,,
CONFIG_DRM_PANEL_SITRONIX_ST7701,TODO,UNRESOLVED,,,,0,,,
CONFIG_DRM_PANEL_SITRONIX_ST7703,TODO,UNRESOLVED,,,,0,,,
CONFIG_DRM_PANEL_SITRONIX_ST7789V,TODO,UNRESOLVED,,,,0,,,
CONFIG_DRM_PANEL_SONY_ACX565AKM,TODO,UNRESOLVED,,,,0,,,
CONFIG_DRM_PANEL_SONY_TD4353_JDI,TODO,UNRESOLVED,,,,0,,,
CONFIG_DRM_PANEL_SONY_TULIP_TRULY_NT35521,TODO,UNRESOLVED,,,,0,,,
CONFIG_DRM_PANEL_STARTEK_KD070FHFID015,TODO,UNRESOLVED,,,,0,,,
CONFIG_DRM_PANEL_SUMMIT,TODO,UNRESOLVED,,,,0,,,
CONFIG_DRM_PANEL_SYNAPTICS_R63353,TODO,UNRESOLVED,,,,0,,,
CONFIG_DRM_PANEL_TDO_TL070WSH30,TODO,UNRESOLVED,,,,0,,,
CONFIG_DRM_PANEL_TPO_TD028TTEC1,TODO,UNRESOLVED,,,,0,,,
CONFIG_DRM_PANEL_TPO_TD043MTEA1,TODO,UNRESOLVED,,,,0,,,
CONFIG_DRM_PANEL_TPO_TPG110,TODO,UNRESOLVED,,,,0,,,
CONFIG_DRM_PANEL_TRULY_NT35597_WQXGA,TODO,UNRESOLVED,,,,0,,,
CONFIG_DRM_PANEL_VISIONOX_G2647FB105,TODO,UNRESOLVED,,,,0,,,
CONFIG_DRM_PANEL_VISIONOX_R66451,TODO,UNRESOLVED,,,,0,,,
CONFIG_DRM_PANEL_VISIONOX_RM69299,TODO,UNRESOLVED,,,,0,,,
CONFIG_DRM_PANEL_VISIONOX_RM692E5,TODO,UNRESOLVED,,,,0,,,
CONFIG_DRM_PANEL_VISIONOX_VTDR6130,TODO,UNRESOLVED,,,,0,,,
CONFIG_DRM_PANEL_WIDECHIPS_WS2401,TODO,UNRESOLVED,,,,0,,,
CONFIG_DRM_PANEL_XINPENG_XPP055C272,TODO,UNRESOLVED,,,,0,,,
CONFIG_DRM_PANFROST,TODO,UNRESOLVED,,,,0,,,
CONFIG_DRM_PANIC,TODO,UNRESOLVED,,,,0,,,
CONFIG_DRM_PANIC_BACKGROUND_COLOR,TODO,UNRESOLVED,,,,0,,,
CONFIG_DRM_PANIC_DEBUG,TODO,UNRESOLVED,,,,0,,,
CONFIG_DRM_PANIC_FOREGROUND_COLOR,TODO,UNRESOLVED,,,,0,,,
CONFIG_DRM_PANIC_SCREEN,TODO,UNRESOLVED,,,,0,,,
CONFIG_DRM_PANIC_SCREEN_QR_CODE,TODO,UNRESOLVED,,,,0,,,
CONFIG_DRM_PANIC_SCREEN_QR_CODE_URL,TODO,UNRESOLVED,,,,0,,,
CONFIG_DRM_PANIC_SCREEN_QR_VERSION,TODO,UNRESOLVED,,,,0,,,
CONFIG_DRM_PANTHOR,TODO,UNRESOLVED,,,,0,,,
CONFIG_DRM_PARADE_PS8622,TODO,UNRESOLVED,,,,0,,,
CONFIG_DRM_PARADE_PS8640,TODO,UNRESOLVED,,,,0,,,
CONFIG_DRM_PIXPAPER,TODO,UNRESOLVED,,,,0,,,
CONFIG_DRM_PL111,TODO,UNRESOLVED,,,,0,,,
CONFIG_DRM_POWERVR,TODO,UNRESOLVED,,,,0,,,
CONFIG_DRM_PRIVACY_SCREEN,TODO,UNRESOLVED,,,,0,,,
CONFIG_DRM_QXL,TODO,UNRESOLVED,,,,0,,,
CONFIG_DRM_RADEON,TODO,UNRESOLVED,,,,0,,,
CONFIG_DRM_RADEON_USERPTR,TODO,UNRESOLVED,,,,0,,,
CONFIG_DRM_RCAR_CMM,TODO,UNRESOLVED,,,,0,,,
CONFIG_DRM_RCAR_DU,TODO,UNRESOLVED,,,,0,,,
CONFIG_DRM_RCAR_DW_HDMI,TODO,UNRESOLVED,,,,0,,,
CONFIG_DRM_RCAR_LVDS,TODO,UNRESOLVED,,,,0,,,
CONFIG_DRM_RCAR_MIPI_DSI,TODO,UNRESOLVED,,,,0,,,
CONFIG_DRM_RCAR_USE_CMM,TODO,UNRESOLVED,,,,0,,,
CONFIG_DRM_RCAR_USE_LVDS,TODO,UNRESOLVED,,,,0,,,
CONFIG_DRM_RCAR_USE_MIPI_DSI,TODO,UNRESOLVED,,,,0,,,
CONFIG_DRM_RCAR_VSP,TODO,UNRESOLVED,,,,0,,,
CONFIG_DRM_RCAR_WRITEBACK,TODO,UNRESOLVED,,,,0,,,
CONFIG_DRM_ROCKCHIP,TODO,UNRESOLVED,,,,0,,,
CONFIG_DRM_RZG2L_DU,TODO,UNRESOLVED,,,,0,,,
CONFIG_DRM_RZG2L_MIPI_DSI,TODO,UNRESOLVED,,,,0,,,
CONFIG_DRM_RZG2L_USE_MIPI_DSI,TODO,UNRESOLVED,,,,0,,,
CONFIG_DRM_SAMSUNG_DSIM,TODO,UNRESOLVED,,,,0,,,
CONFIG_DRM_SCHED,TODO,UNRESOLVED,,,,0,,,
CONFIG_DRM_SCHED_KUNIT_TEST,TODO,UNRESOLVED,,,,0,,,
CONFIG_DRM_SHMOBILE,TODO,UNRESOLVED,,,,0,,,
CONFIG_DRM_SII902X,TODO,UNRESOLVED,,,,0,,,
CONFIG_DRM_SII9234,TODO,UNRESOLVED,,,,0,,,
CONFIG_DRM_SIL_SII8620,TODO,UNRESOLVED,,,,0,,,
CONFIG_DRM_SIMPLEDRM,TODO,UNRESOLVED,,,,0,,,
CONFIG_DRM_SIMPLE_BRIDGE,TODO,UNRESOLVED,,,,0,,,
CONFIG_DRM_SOLOMON_SSD2825,TODO,UNRESOLVED,,,,0,,,
CONFIG_DRM_SPRD,TODO,UNRESOLVED,,,,0,,,
CONFIG_DRM_SSD130X,TODO,UNRESOLVED,,,,0,,,
CONFIG_DRM_SSD130X_I2C,TODO,UNRESOLVED,,,,0,,,
CONFIG_DRM_SSD130X_SPI,TODO,UNRESOLVED,,,,0,,,
CONFIG_DRM_ST7571_I2C,TODO,UNRESOLVED,,,,0,,,
CONFIG_DRM_ST7586,TODO,UNRESOLVED,,,,0,,,
CONFIG_DRM_ST7735R,TODO,UNRESOLVED,,,,0,,,
CONFIG_DRM_STI,TODO,UNRESOLVED,,,,0,,,
CONFIG_DRM_STM,TODO,UNRESOLVED,,,,0,,,
CONFIG_DRM_STM_DSI,TODO,UNRESOLVED,,,,0,,,
CONFIG_DRM_STM_LVDS,TODO,UNRESOLVED,,,,0,,,
CONFIG_DRM_SUBALLOC_HELPER,TODO,UNRESOLVED,,,,0,,,
CONFIG_DRM_SUN4I,TODO,UNRESOLVED,,,,0,,,
CONFIG_DRM_SUN4I_BACKEND,TODO,UNRESOLVED,,,,0,,,
CONFIG_DRM_SUN4I_HDMI,TODO,UNRESOLVED,,,,0,,,
CONFIG_DRM_SUN4I_HDMI_CEC,TODO,UNRESOLVED,,,,0,,,
CONFIG_DRM_SUN6I_DSI,TODO,UNRESOLVED,,,,0,,,
CONFIG_DRM_SUN8I_DW_HDMI,TODO,UNRESOLVED,,,,0,,,
CONFIG_DRM_SUN8I_MIXER,TODO,UNRESOLVED,,,,0,,,
CONFIG_DRM_SUN8I_TCON_TOP,TODO,UNRESOLVED,,,,0,,,
CONFIG_DRM_SYSFB_HELPER,TODO,UNRESOLVED,,,,0,,,
CONFIG_DRM_TEGRA,TODO,UNRESOLVED,,,,0,,,
CONFIG_DRM_TEGRA_DEBUG,TODO,UNRESOLVED,,,,0,,,
CONFIG_DRM_TEGRA_STAGING,TODO,UNRESOLVED,,,,0,,,
CONFIG_DRM_THINE_THC63LVD1024,TODO,UNRESOLVED,,,,0,,,
CONFIG_DRM_TIDSS,TODO,UNRESOLVED,,,,0,,,
CONFIG_DRM_TILCDC,TODO,UNRESOLVED,,,,0,,,
CONFIG_DRM_TI_DLPC3433,TODO,UNRESOLVED,,,,0,,,
CONFIG_DRM_TI_SN65DSI83,TODO,UNRESOLVED,,,,0,,,
CONFIG_DRM_TI_SN65DSI86,TODO,UNRESOLVED,,,,0,,,
CONFIG_DRM_TI_TDP158,TODO,UNRESOLVED,,,,0,,,
CONFIG_DRM_TI_TFP410,TODO,UNRESOLVED,,,,0,,,
CONFIG_DRM_TI_TPD12S015,TODO,UNRESOLVED,,,,0,,,
CONFIG_DRM_TOSHIBA_TC358762,TODO,UNRESOLVED,,,,0,,,
CONFIG_DRM_TOSHIBA_TC358764,TODO,UNRESOLVED,,,,0,,,
CONFIG_DRM_TOSHIBA_TC358767,TODO,UNRESOLVED,,,,0,,,
CONFIG_DRM_TOSHIBA_TC358768,TODO,UNRESOLVED,,,,0,,,
CONFIG_DRM_TOSHIBA_TC358775,TODO,UNRESOLVED,,,,0,,,
CONFIG_DRM_TTM,TODO,UNRESOLVED,,,,0,,,
CONFIG_DRM_TTM_HELPER,TODO,UNRESOLVED,,,,0,,,
CONFIG_DRM_TTM_KUNIT_TEST,TODO,UNRESOLVED,,,,0,,,
CONFIG_DRM_TVE200,TODO,UNRESOLVED,,,,0,,,
CONFIG_DRM_TYR,TODO,UNRESOLVED,,,,0,,,
CONFIG_DRM_UDL,TODO,UNRESOLVED,,,,0,,,
CONFIG_DRM_USE_DYNAMIC_DEBUG,TODO,UNRESOLVED,,,,0,,,
CONFIG_DRM_V3D,TODO,UNRESOLVED,,,,0,,,
CONFIG_DRM_VBOXVIDEO,TODO,UNRESOLVED,,,,0,,,
CONFIG_DRM_VC4,TODO,UNRESOLVED,,,,0,,,
CONFIG_DRM_VC4_HDMI_CEC,TODO,UNRESOLVED,,,,0,,,
CONFIG_DRM_VC4_KUNIT_TEST,TODO,UNRESOLVED,,,,0,,,
CONFIG_DRM_VESADRM,TODO,UNRESOLVED,,,,0,,,
CONFIG_DRM_VGEM,TODO,UNRESOLVED,,,,0,,,
CONFIG_DRM_VIRTIO_GPU,TODO,UNRESOLVED,,,,0,,,
CONFIG_DRM_VIRTIO_GPU_KMS,TODO,UNRESOLVED,,,,0,,,
CONFIG_DRM_VKMS,TODO,UNRESOLVED,,,,0,,,
CONFIG_DRM_VKMS_KUNIT_TEST,TODO,UNRESOLVED,,,,0,,,
CONFIG_DRM_VMWGFX,TODO,UNRESOLVED,,,,0,,,
CONFIG_DRM_VMWGFX_MKSSTATS,TODO,UNRESOLVED,,,,0,,,
CONFIG_DRM_VRAM_HELPER,TODO,UNRESOLVED,,,,0,,,
CONFIG_DRM_WAVESHARE_BRIDGE,TODO,UNRESOLVED,,,,0,,,
CONFIG_DRM_WERROR,TODO,UNRESOLVED,,,,0,,,
CONFIG_DRM_XE,TODO,UNRESOLVED,,,,0,,,
CONFIG_DRM_XEN,TODO,UNRESOLVED,,,,0,,,
CONFIG_DRM_XEN_FRONTEND,TODO,UNRESOLVED,,,,0,,,
CONFIG_DRM_XE_DEBUG,TODO,UNRESOLVED,,,,0,,,
CONFIG_DRM_XE_DEBUG_GUC,TODO,UNRESOLVED,,,,0,,,
CONFIG_DRM_XE_DEBUG_MEM,TODO,UNRESOLVED,,,,0,,,
CONFIG_DRM_XE_DEBUG_MEMIRQ,TODO,UNRESOLVED,,,,0,,,
CONFIG_DRM_XE_DEBUG_SRIOV,TODO,UNRESOLVED,,,,0,,,
CONFIG_DRM_XE_DEBUG_VM,TODO,UNRESOLVED,,,,0,,,
CONFIG_DRM_XE_DISPLAY,TODO,UNRESOLVED,,,,0,,,
CONFIG_DRM_XE_DP_TUNNEL,TODO,UNRESOLVED,,,,0,,,
CONFIG_DRM_XE_ENABLE_SCHEDTIMEOUT_LIMIT,TODO,UNRESOLVED,,,,0,,,
CONFIG_DRM_XE_FORCE_PROBE,TODO,UNRESOLVED,,,,0,,,
CONFIG_DRM_XE_GPUSVM,TODO,UNRESOLVED,,,,0,,,
CONFIG_DRM_XE_JOB_TIMEOUT_MAX,TODO,UNRESOLVED,,,,0,,,
CONFIG_DRM_XE_JOB_TIMEOUT_MIN,TODO,UNRESOLVED,,,,0,,,
CONFIG_DRM_XE_KUNIT_TEST,TODO,UNRESOLVED,,,,0,,,
CONFIG_DRM_XE_PAGEMAP,TODO,UNRESOLVED,,,,0,,,
CONFIG_DRM_XE_PREEMPT_TIMEOUT,TODO,UNRESOLVED,,,,0,,,
CONFIG_DRM_XE_PREEMPT_TIMEOUT_MAX,TODO,UNRESOLVED,,,,0,,,
CONFIG_DRM_XE_PREEMPT_TIMEOUT_MIN,TODO,UNRESOLVED,,,,0,,,
CONFIG_DRM_XE_TIMESLICE_MAX,TODO,UNRESOLVED,,,,0,,,
CONFIG_DRM_XE_TIMESLICE_MIN,TODO,UNRESOLVED,,,,0,,,
CONFIG_DRM_XE_USERPTR_INVAL_INJECT,TODO,UNRESOLVED,,,,0,,,
CONFIG_DRM_XE_WERROR,TODO,UNRESOLVED,,,,0,,,
CONFIG_DRM_ZYNQMP_DPSUB,TODO,UNRESOLVED,,,,0,,,
CONFIG_DRM_ZYNQMP_DPSUB_AUDIO,TODO,UNRESOLVED,,,,0,,,
CONFIG_DS1620,TODO,UNRESOLVED,,,,0,,,
CONFIG_DS1682,TODO,UNRESOLVED,,,,0,,,
CONFIG_DS1803,TODO,UNRESOLVED,,,,0,,,
CONFIG_DS4424,TODO,UNRESOLVED,,,,0,,,
CONFIG_DST_CACHE,TODO,UNRESOLVED,,,,0,,,
CONFIG_DTC,TODO,UNRESOLVED,,,,0,,,
CONFIG_DTLK,TODO,UNRESOLVED,,,,0,,,
CONFIG_DTPM,TODO,UNRESOLVED,,,,0,,,
CONFIG_DTPM_CPU,TODO,UNRESOLVED,,,,0,,,
CONFIG_DTPM_DEVFREQ,TODO,UNRESOLVED,,,,0,,,
CONFIG_DT_IDLE_GENPD,TODO,UNRESOLVED,,,,0,,,
CONFIG_DT_IDLE_STATES,TODO,UNRESOLVED,,,,0,,,
CONFIG_DUMMY,TODO,UNRESOLVED,,,,0,,,
CONFIG_DUMMY_CONSOLE,TODO,UNRESOLVED,,,,0,,,
CONFIG_DUMMY_CONSOLE_COLUMNS,TODO,UNRESOLVED,,,,0,,,
CONFIG_DUMMY_CONSOLE_ROWS,TODO,UNRESOLVED,,,,0,,,
CONFIG_DUMMY_IRQ,TODO,UNRESOLVED,,,,0,,,
CONFIG_DVB_A8293,TODO,UNRESOLVED,,,,0,,,
CONFIG_DVB_AF9013,TODO,UNRESOLVED,,,,0,,,
CONFIG_DVB_AF9033,TODO,UNRESOLVED,,,,0,,,
CONFIG_DVB_AS102,TODO,UNRESOLVED,,,,0,,,
CONFIG_DVB_AS102_FE,TODO,UNRESOLVED,,,,0,,,
CONFIG_DVB_ASCOT2E,TODO,UNRESOLVED,,,,0,,,
CONFIG_DVB_ATBM8830,TODO,UNRESOLVED,,,,0,,,
CONFIG_DVB_AU8522,TODO,UNRESOLVED,,,,0,,,
CONFIG_DVB_AU8522_DTV,TODO,UNRESOLVED,,,,0,,,
CONFIG_DVB_AU8522_V4L,TODO,UNRESOLVED,,,,0,,,
CONFIG_DVB_AV7110,TODO,UNRESOLVED,,,,0,,,
CONFIG_DVB_AV7110_IR,TODO,UNRESOLVED,,,,0,,,
CONFIG_DVB_AV7110_OSD,TODO,UNRESOLVED,,,,0,,,
CONFIG_DVB_B2C2_FLEXCOP,TODO,UNRESOLVED,,,,0,,,
CONFIG_DVB_B2C2_FLEXCOP_DEBUG,TODO,UNRESOLVED,,,,0,,,
CONFIG_DVB_B2C2_FLEXCOP_PCI,TODO,UNRESOLVED,,,,0,,,
CONFIG_DVB_B2C2_FLEXCOP_PCI_DEBUG,TODO,UNRESOLVED,,,,0,,,
CONFIG_DVB_B2C2_FLEXCOP_USB,TODO,UNRESOLVED,,,,0,,,
CONFIG_DVB_B2C2_FLEXCOP_USB_DEBUG,TODO,UNRESOLVED,,,,0,,,
CONFIG_DVB_BCM3510,TODO,UNRESOLVED,,,,0,,,
CONFIG_DVB_BT8XX,TODO,UNRESOLVED,,,,0,,,
CONFIG_DVB_BUDGET,TODO,UNRESOLVED,,,,0,,,
CONFIG_DVB_BUDGET_AV,TODO,UNRESOLVED,,,,0,,,
CONFIG_DVB_BUDGET_CI,TODO,UNRESOLVED,,,,0,,,
CONFIG_DVB_BUDGET_CORE,TODO,UNRESOLVED,,,,0,,,
CONFIG_DVB_C8SECTPFE,TODO,UNRESOLVED,,,,0,,,
CONFIG_DVB_CORE,TODO,UNRESOLVED,,,,0,,,
CONFIG_DVB_CX22700,TODO,UNRESOLVED,,,,0,,,
CONFIG_DVB_CX22702,TODO,UNRESOLVED,,,,0,,,
CONFIG_DVB_CX24110,TODO,UNRESOLVED,,,,0,,,
CONFIG_DVB_CX24116,TODO,UNRESOLVED,,,,0,,,
CONFIG_DVB_CX24117,TODO,UNRESOLVED,,,,0,,,
CONFIG_DVB_CX24120,TODO,UNRESOLVED,,,,0,,,
CONFIG_DVB_CX24123,TODO,UNRESOLVED,,,,0,,,
CONFIG_DVB_CXD2099,TODO,UNRESOLVED,,,,0,,,
CONFIG_DVB_CXD2820R,TODO,UNRESOLVED,,,,0,,,
CONFIG_DVB_CXD2841ER,TODO,UNRESOLVED,,,,0,,,
CONFIG_DVB_CXD2880,TODO,UNRESOLVED,,,,0,,,
CONFIG_DVB_DDBRIDGE,TODO,UNRESOLVED,,,,0,,,
CONFIG_DVB_DDBRIDGE_MSIENABLE,TODO,UNRESOLVED,,,,0,,,
CONFIG_DVB_DEMUX_SECTION_LOSS_LOG,TODO,UNRESOLVED,,,,0,,,
CONFIG_DVB_DIB3000MB,TODO,UNRESOLVED,,,,0,,,
CONFIG_DVB_DIB3000MC,TODO,UNRESOLVED,,,,0,,,
CONFIG_DVB_DIB7000M,TODO,UNRESOLVED,,,,0,,,
CONFIG_DVB_DIB7000P,TODO,UNRESOLVED,,,,0,,,
CONFIG_DVB_DIB8000,TODO,UNRESOLVED,,,,0,,,
CONFIG_DVB_DIB9000,TODO,UNRESOLVED,,,,0,,,
CONFIG_DVB_DM1105,TODO,UNRESOLVED,,,,0,,,
CONFIG_DVB_DRX39XYJ,TODO,UNRESOLVED,,,,0,,,
CONFIG_DVB_DRXD,TODO,UNRESOLVED,,,,0,,,
CONFIG_DVB_DRXK,TODO,UNRESOLVED,,,,0,,,
CONFIG_DVB_DS3000,TODO,UNRESOLVED,,,,0,,,
CONFIG_DVB_DUMMY_FE,TODO,UNRESOLVED,,,,0,,,
CONFIG_DVB_DYNAMIC_MINORS,TODO,UNRESOLVED,,,,0,,,
CONFIG_DVB_EC100,TODO,UNRESOLVED,,,,0,,,
CONFIG_DVB_FIREDTV,TODO,UNRESOLVED,,,,0,,,
CONFIG_DVB_FIREDTV_INPUT,TODO,UNRESOLVED,,,,0,,,
CONFIG_DVB_GP8PSK_FE,TODO,UNRESOLVED,,,,0,,,
CONFIG_DVB_HELENE,TODO,UNRESOLVED,,,,0,,,
CONFIG_DVB_HOPPER,TODO,UNRESOLVED,,,,0,,,
CONFIG_DVB_HORUS3A,TODO,UNRESOLVED,,,,0,,,
CONFIG_DVB_ISL6405,TODO,UNRESOLVED,,,,0,,,
CONFIG_DVB_ISL6421,TODO,UNRESOLVED,,,,0,,,
CONFIG_DVB_ISL6423,TODO,UNRESOLVED,,,,0,,,
CONFIG_DVB_IX2505V,TODO,UNRESOLVED,,,,0,,,
CONFIG_DVB_L64781,TODO,UNRESOLVED,,,,0,,,
CONFIG_DVB_LG2160,TODO,UNRESOLVED,,,,0,,,
CONFIG_DVB_LGDT3305,TODO,UNRESOLVED,,,,0,,,
CONFIG_DVB_LGDT3306A,TODO,UNRESOLVED,,,,0,,,
CONFIG_DVB_LGDT330X,TODO,UNRESOLVED,,,,0,,,
CONFIG_DVB_LGS8GL5,TODO,UNRESOLVED,,,,0,,,
CONFIG_DVB_LGS8GXX,TODO,UNRESOLVED,,,,0,,,
CONFIG_DVB_LNBH25,TODO,UNRESOLVED,,,,0,,,
CONFIG_DVB_LNBH29,TODO,UNRESOLVED,,,,0,,,
CONFIG_DVB_LNBP21,TODO,UNRESOLVED,,,,0,,,
CONFIG_DVB_LNBP22,TODO,UNRESOLVED,,,,0,,,
CONFIG_DVB_M88DS3103,TODO,UNRESOLVED,,,,0,,,
CONFIG_DVB_M88RS2000,TODO,UNRESOLVED,,,,0,,,
CONFIG_DVB_MANTIS,TODO,UNRESOLVED,,,,0,,,
CONFIG_DVB_MAX_ADAPTERS,TODO,UNRESOLVED,,,,0,,,
CONFIG_DVB_MB86A16,TODO,UNRESOLVED,,,,0,,,
CONFIG_DVB_MB86A20S,TODO,UNRESOLVED,,,,0,,,
CONFIG_DVB_MMAP,TODO,UNRESOLVED,,,,0,,,
CONFIG_DVB_MN88443X,TODO,UNRESOLVED,,,,0,,,
CONFIG_DVB_MN88472,TODO,UNRESOLVED,,,,0,,,
CONFIG_DVB_MN88473,TODO,UNRESOLVED,,,,0,,,
CONFIG_DVB_MT312,TODO,UNRESOLVED,,,,0,,,
CONFIG_DVB_MT352,TODO,UNRESOLVED,,,,0,,,
CONFIG_DVB_MXL5XX,TODO,UNRESOLVED,,,,0,,,
CONFIG_DVB_MXL692,TODO,UNRESOLVED,,,,0,,,
CONFIG_DVB_NET,TODO,UNRESOLVED,,,,0,,,
CONFIG_DVB_NETUP_UNIDVB,TODO,UNRESOLVED,,,,0,,,
CONFIG_DVB_NGENE,TODO,UNRESOLVED,,,,0,,,
CONFIG_DVB_NXT200X,TODO,UNRESOLVED,,,,0,,,
CONFIG_DVB_NXT6000,TODO,UNRESOLVED,,,,0,,,
CONFIG_DVB_OR51132,TODO,UNRESOLVED,,,,0,,,
CONFIG_DVB_OR51211,TODO,UNRESOLVED,,,,0,,,
CONFIG_DVB_PLATFORM_DRIVERS,TODO,UNRESOLVED,,,,0,,,
CONFIG_DVB_PLL,TODO,UNRESOLVED,,,,0,,,
CONFIG_DVB_PLUTO2,TODO,UNRESOLVED,,,,0,,,
CONFIG_DVB_PT1,TODO,UNRESOLVED,,,,0,,,
CONFIG_DVB_PT3,TODO,UNRESOLVED,,,,0,,,
CONFIG_DVB_RTL2830,TODO,UNRESOLVED,,,,0,,,
CONFIG_DVB_RTL2832,TODO,UNRESOLVED,,,,0,,,
CONFIG_DVB_RTL2832_SDR,TODO,UNRESOLVED,,,,0,,,
CONFIG_DVB_S5H1409,TODO,UNRESOLVED,,,,0,,,
CONFIG_DVB_S5H1411,TODO,UNRESOLVED,,,,0,,,
CONFIG_DVB_S5H1420,TODO,UNRESOLVED,,,,0,,,
CONFIG_DVB_S5H1432,TODO,UNRESOLVED,,,,0,,,
CONFIG_DVB_S921,TODO,UNRESOLVED,,,,0,,,
CONFIG_DVB_SI2165,TODO,UNRESOLVED,,,,0,,,
CONFIG_DVB_SI2168,TODO,UNRESOLVED,,,,0,,,
CONFIG_DVB_SI21XX,TODO,UNRESOLVED,,,,0,,,
CONFIG_DVB_SMIPCIE,TODO,UNRESOLVED,,,,0,,,
CONFIG_DVB_SP2,TODO,UNRESOLVED,,,,0,,,
CONFIG_DVB_SP8870,TODO,UNRESOLVED,,,,0,,,
CONFIG_DVB_SP887X,TODO,UNRESOLVED,,,,0,,,
CONFIG_DVB_STB0899,TODO,UNRESOLVED,,,,0,,,
CONFIG_DVB_STB6000,TODO,UNRESOLVED,,,,0,,,
CONFIG_DVB_STB6100,TODO,UNRESOLVED,,,,0,,,
CONFIG_DVB_STV0288,TODO,UNRESOLVED,,,,0,,,
CONFIG_DVB_STV0297,TODO,UNRESOLVED,,,,0,,,
CONFIG_DVB_STV0299,TODO,UNRESOLVED,,,,0,,,
CONFIG_DVB_STV0367,TODO,UNRESOLVED,,,,0,,,
CONFIG_DVB_STV0900,TODO,UNRESOLVED,,,,0,,,
CONFIG_DVB_STV090x,TODO,UNRESOLVED,,,,0,,,
CONFIG_DVB_STV0910,TODO,UNRESOLVED,,,,0,,,
CONFIG_DVB_STV6110,TODO,UNRESOLVED,,,,0,,,
CONFIG_DVB_STV6110x,TODO,UNRESOLVED,,,,0,,,
CONFIG_DVB_STV6111,TODO,UNRESOLVED,,,,0,,,
CONFIG_DVB_TC90522,TODO,UNRESOLVED,,,,0,,,
CONFIG_DVB_TDA10021,TODO,UNRESOLVED,,,,0,,,
CONFIG_DVB_TDA10023,TODO,UNRESOLVED,,,,0,,,
CONFIG_DVB_TDA10048,TODO,UNRESOLVED,,,,0,,,
CONFIG_DVB_TDA1004X,TODO,UNRESOLVED,,,,0,,,
CONFIG_DVB_TDA10071,TODO,UNRESOLVED,,,,0,,,
CONFIG_DVB_TDA10086,TODO,UNRESOLVED,,,,0,,,
CONFIG_DVB_TDA18271C2DD,TODO,UNRESOLVED,,,,0,,,
CONFIG_DVB_TDA665x,TODO,UNRESOLVED,,,,0,,,
CONFIG_DVB_TDA8083,TODO,UNRESOLVED,,,,0,,,
CONFIG_DVB_TDA8261,TODO,UNRESOLVED,,,,0,,,
CONFIG_DVB_TDA826X,TODO,UNRESOLVED,,,,0,,,
CONFIG_DVB_TEST_DRIVERS,TODO,UNRESOLVED,,,,0,,,
CONFIG_DVB_TS2020,TODO,UNRESOLVED,,,,0,,,
CONFIG_DVB_TTUSB_BUDGET,TODO,UNRESOLVED,,,,0,,,
CONFIG_DVB_TTUSB_DEC,TODO,UNRESOLVED,,,,0,,,
CONFIG_DVB_TUA6100,TODO,UNRESOLVED,,,,0,,,
CONFIG_DVB_TUNER_CX24113,TODO,UNRESOLVED,,,,0,,,
CONFIG_DVB_TUNER_DIB0070,TODO,UNRESOLVED,,,,0,,,
CONFIG_DVB_TUNER_DIB0090,TODO,UNRESOLVED,,,,0,,,
CONFIG_DVB_TUNER_ITD1000,TODO,UNRESOLVED,,,,0,,,
CONFIG_DVB_ULE_DEBUG,TODO,UNRESOLVED,,,,0,,,
CONFIG_DVB_USB,TODO,UNRESOLVED,,,,0,,,
CONFIG_DVB_USB_A800,TODO,UNRESOLVED,,,,0,,,
CONFIG_DVB_USB_AF9005,TODO,UNRESOLVED,,,,0,,,
CONFIG_DVB_USB_AF9005_REMOTE,TODO,UNRESOLVED,,,,0,,,
CONFIG_DVB_USB_AF9015,TODO,UNRESOLVED,,,,0,,,
CONFIG_DVB_USB_AF9035,TODO,UNRESOLVED,,,,0,,,
CONFIG_DVB_USB_ANYSEE,TODO,UNRESOLVED,,,,0,,,
CONFIG_DVB_USB_AU6610,TODO,UNRESOLVED,,,,0,,,
CONFIG_DVB_USB_AZ6007,TODO,UNRESOLVED,,,,0,,,
CONFIG_DVB_USB_AZ6027,TODO,UNRESOLVED,,,,0,,,
CONFIG_DVB_USB_CE6230,TODO,UNRESOLVED,,,,0,,,
CONFIG_DVB_USB_CINERGY_T2,TODO,UNRESOLVED,,,,0,,,
CONFIG_DVB_USB_CXUSB,TODO,UNRESOLVED,,,,0,,,
CONFIG_DVB_USB_CXUSB_ANALOG,TODO,UNRESOLVED,,,,0,,,
CONFIG_DVB_USB_DEBUG,TODO,UNRESOLVED,,,,0,,,
CONFIG_DVB_USB_DIB0700,TODO,UNRESOLVED,,,,0,,,
CONFIG_DVB_USB_DIB3000MC,TODO,UNRESOLVED,,,,0,,,
CONFIG_DVB_USB_DIBUSB_MB,TODO,UNRESOLVED,,,,0,,,
CONFIG_DVB_USB_DIBUSB_MB_FAULTY,TODO,UNRESOLVED,,,,0,,,
CONFIG_DVB_USB_DIBUSB_MC,TODO,UNRESOLVED,,,,0,,,
CONFIG_DVB_USB_DIGITV,TODO,UNRESOLVED,,,,0,,,
CONFIG_DVB_USB_DTT200U,TODO,UNRESOLVED,,,,0,,,
CONFIG_DVB_USB_DTV5100,TODO,UNRESOLVED,,,,0,,,
CONFIG_DVB_USB_DVBSKY,TODO,UNRESOLVED,,,,0,,,
CONFIG_DVB_USB_DW2102,TODO,UNRESOLVED,,,,0,,,
CONFIG_DVB_USB_EC168,TODO,UNRESOLVED,,,,0,,,
CONFIG_DVB_USB_GL861,TODO,UNRESOLVED,,,,0,,,
CONFIG_DVB_USB_GP8PSK,TODO,UNRESOLVED,,,,0,,,
CONFIG_DVB_USB_LME2510,TODO,UNRESOLVED,,,,0,,,
CONFIG_DVB_USB_M920X,TODO,UNRESOLVED,,,,0,,,
CONFIG_DVB_USB_MXL111SF,TODO,UNRESOLVED,,,,0,,,
CONFIG_DVB_USB_NOVA_T_USB2,TODO,UNRESOLVED,,,,0,,,
CONFIG_DVB_USB_OPERA1,TODO,UNRESOLVED,,,,0,,,
CONFIG_DVB_USB_PCTV452E,TODO,UNRESOLVED,,,,0,,,
CONFIG_DVB_USB_RTL28XXU,TODO,UNRESOLVED,,,,0,,,
CONFIG_DVB_USB_TECHNISAT_USB2,TODO,UNRESOLVED,,,,0,,,
CONFIG_DVB_USB_TTUSB2,TODO,UNRESOLVED,,,,0,,,
CONFIG_DVB_USB_UMT_010,TODO,UNRESOLVED,,,,0,,,
CONFIG_DVB_USB_V2,TODO,UNRESOLVED,,,,0,,,
CONFIG_DVB_USB_VP702X,TODO,UNRESOLVED,,,,0,,,
CONFIG_DVB_USB_VP7045,TODO,UNRESOLVED,,,,0,,,
CONFIG_DVB_USB_ZD1301,TODO,UNRESOLVED,,,,0,,,
CONFIG_DVB_VES1820,TODO,UNRESOLVED,,,,0,,,
CONFIG_DVB_VES1X93,TODO,UNRESOLVED,,,,0,,,
CONFIG_DVB_VIDTV,TODO,UNRESOLVED,,,,0,,,
CONFIG_DVB_ZD1301_DEMOD,TODO,UNRESOLVED,,,,0,,,
CONFIG_DVB_ZL10036,TODO,UNRESOLVED,,,,0,,,
CONFIG_DVB_ZL10039,TODO,UNRESOLVED,,,,0,,,
CONFIG_DVB_ZL10353,TODO,UNRESOLVED,,,,0,,,
CONFIG_DWC_PCIE_PMU,TODO,UNRESOLVED,,,,0,,,
CONFIG_DWC_XLGMAC,TODO,UNRESOLVED,,,,0,,,
CONFIG_DWC_XLGMAC_PCI,TODO,UNRESOLVED,,,,0,,,
CONFIG_DWMAC_ANARION,TODO,UNRESOLVED,,,,0,,,
CONFIG_DWMAC_DWC_QOS_ETH,TODO,UNRESOLVED,,,,0,,,
CONFIG_DWMAC_GENERIC,TODO,UNRESOLVED,,,,0,,,
CONFIG_DWMAC_IMX8,TODO,UNRESOLVED,,,,0,,,
CONFIG_DWMAC_INGENIC,TODO,UNRESOLVED,,,,0,,,
CONFIG_DWMAC_INTEL,TODO,UNRESOLVED,,,,0,,,
CONFIG_DWMAC_INTEL_PLAT,TODO,UNRESOLVED,,,,0,,,
CONFIG_DWMAC_IPQ806X,TODO,UNRESOLVED,,,,0,,,
CONFIG_DWMAC_LOONGSON,TODO,UNRESOLVED,,,,0,,,
CONFIG_DWMAC_LOONGSON1,TODO,UNRESOLVED,,,,0,,,
CONFIG_DWMAC_LPC18XX,TODO,UNRESOLVED,,,,0,,,
CONFIG_DWMAC_MEDIATEK,TODO,UNRESOLVED,,,,0,,,
CONFIG_DWMAC_MESON,TODO,UNRESOLVED,,,,0,,,
CONFIG_DWMAC_QCOM_ETHQOS,TODO,UNRESOLVED,,,,0,,,
CONFIG_DWMAC_RENESAS_GBETH,TODO,UNRESOLVED,,,,0,,,
CONFIG_DWMAC_ROCKCHIP,TODO,UNRESOLVED,,,,0,,,
CONFIG_DWMAC_RZN1,TODO,UNRESOLVED,,,,0,,,
CONFIG_DWMAC_S32,TODO,UNRESOLVED,,,,0,,,
CONFIG_DWMAC_SOCFPGA,TODO,UNRESOLVED,,,,0,,,
CONFIG_DWMAC_SOPHGO,TODO,UNRESOLVED,,,,0,,,
CONFIG_DWMAC_STARFIVE,TODO,UNRESOLVED,,,,0,,,
CONFIG_DWMAC_STI,TODO,UNRESOLVED,,,,0,,,
CONFIG_DWMAC_STM32,TODO,UNRESOLVED,,,,0,,,
CONFIG_DWMAC_SUN55I,TODO,UNRESOLVED,,,,0,,,
CONFIG_DWMAC_SUN8I,TODO,UNRESOLVED,,,,0,,,
CONFIG_DWMAC_SUNXI,TODO,UNRESOLVED,,,,0,,,
CONFIG_DWMAC_TEGRA,TODO,UNRESOLVED,,,,0,,,
CONFIG_DWMAC_THEAD,TODO,UNRESOLVED,,,,0,,,
CONFIG_DWMAC_VISCONTI,TODO,UNRESOLVED,,,,0,,,
CONFIG_DW_APB_ICTL,TODO,UNRESOLVED,,,,0,,,
CONFIG_DW_APB_TIMER,TODO,UNRESOLVED,,,,0,,,
CONFIG_DW_APB_TIMER_OF,TODO,UNRESOLVED,,,,0,,,
CONFIG_DW_AXI_DMAC,TODO,UNRESOLVED,,,,0,,,
CONFIG_DW_DMAC,TODO,UNRESOLVED,,,,0,,,
CONFIG_DW_DMAC_CORE,TODO,UNRESOLVED,,,,0,,,
CONFIG_DW_DMAC_PCI,TODO,UNRESOLVED,,,,0,,,
CONFIG_DW_EDMA,TODO,UNRESOLVED,,,,0,,,
CONFIG_DW_EDMA_PCIE,TODO,UNRESOLVED,,,,0,,,
CONFIG_DW_I3C_MASTER,TODO,UNRESOLVED,,,,0,,,
CONFIG_DW_WATCHDOG,TODO,UNRESOLVED,,,,0,,,
CONFIG_DW_XDATA_PCIE,TODO,UNRESOLVED,,,,0,,,
CONFIG_DXGKRNL,TODO,UNRESOLVED,,,,0,,,
CONFIG_DYNAMIC_DEBUG,TODO,UNRESOLVED,,,,0,,,
CONFIG_DYNAMIC_DEBUG_CORE,TODO,UNRESOLVED,,,,0,,,
CONFIG_DYNAMIC_EVENTS,TODO,UNRESOLVED,,,,0,,,
CONFIG_DYNAMIC_FTRACE,TODO,UNRESOLVED,,,,0,,,
CONFIG_DYNAMIC_FTRACE_WITH_ARGS,TODO,UNRESOLVED,,,,0,,,
CONFIG_DYNAMIC_FTRACE_WITH_CALL_OPS,TODO,UNRESOLVED,,,,0,,,
CONFIG_DYNAMIC_FTRACE_WITH_DIRECT_CALLS,TODO,UNRESOLVED,,,,0,,,
CONFIG_DYNAMIC_FTRACE_WITH_REGS,TODO,UNRESOLVED,,,,0,,,
CONFIG_DYNAMIC_PHYSICAL_MASK,TODO,UNRESOLVED,,,,0,,,
CONFIG_DYNAMIC_SCS,TODO,UNRESOLVED,,,,0,,,
CONFIG_DYNAMIC_SIGFRAME,TODO,UNRESOLVED,,,,0,,,
CONFIG_E100,TODO,UNRESOLVED,,,,0,,,
CONFIG_E1000,TODO,UNRESOLVED,,,,0,,,
CONFIG_E1000E,TODO,UNRESOLVED,,,,0,,,
CONFIG_E1000E_HWTS,TODO,UNRESOLVED,,,,0,,,
CONFIG_EARLY_PRINTK,TODO,UNRESOLVED,,,,0,,,
CONFIG_EARLY_PRINTK_DBGP,TODO,UNRESOLVED,,,,0,,,
CONFIG_EARLY_PRINTK_USB,TODO,UNRESOLVED,,,,0,,,
CONFIG_EARLY_PRINTK_USB_XDBC,TODO,UNRESOLVED,,,,0,,,
CONFIG_EBC_C384_WDT,TODO,UNRESOLVED,,,,0,,,
CONFIG_ECONET_EN751221_INTC,TODO,UNRESOLVED,,,,0,,,
CONFIG_ECONET_EN751221_TIMER,TODO,UNRESOLVED,,,,0,,,
CONFIG_ECRYPT_FS,TODO,UNRESOLVED,,,,0,,,
CONFIG_ECRYPT_FS_MESSAGING,TODO,UNRESOLVED,,,,0,,,
CONFIG_EC_ACER_ASPIRE1,TODO,UNRESOLVED,,,,0,,,
CONFIG_EC_HUAWEI_GAOKUN,TODO,UNRESOLVED,,,,0,,,
CONFIG_EC_LENOVO_THINKPAD_T14S,TODO,UNRESOLVED,,,,0,,,
CONFIG_EC_LENOVO_YOGA_C630,TODO,UNRESOLVED,,,,0,,,
CONFIG_EDAC,TODO,UNRESOLVED,,,,0,,,
CONFIG_EDAC_ALTERA,TODO,UNRESOLVED,,,,0,,,
CONFIG_EDAC_ALTERA_DMA,TODO,UNRESOLVED,,,,0,,,
CONFIG_EDAC_ALTERA_ETHERNET,TODO,UNRESOLVED,,,,0,,,
CONFIG_EDAC_ALTERA_L2C,TODO,UNRESOLVED,,,,0,,,
CONFIG_EDAC_ALTERA_NAND,TODO,UNRESOLVED,,,,0,,,
CONFIG_EDAC_ALTERA_OCRAM,TODO,UNRESOLVED,,,,0,,,
CONFIG_EDAC_ALTERA_QSPI,TODO,UNRESOLVED,,,,0,,,
CONFIG_EDAC_ALTERA_SDMMC,TODO,UNRESOLVED,,,,0,,,
CONFIG_EDAC_ALTERA_SDRAM,TODO,UNRESOLVED,,,,0,,,
CONFIG_EDAC_ALTERA_USB,TODO,UNRESOLVED,,,,0,,,
CONFIG_EDAC_AL_MC,TODO,UNRESOLVED,,,,0,,,
CONFIG_EDAC_AMD64,TODO,UNRESOLVED,,,,0,,,
CONFIG_EDAC_AMD76X,TODO,UNRESOLVED,,,,0,,,
CONFIG_EDAC_ARMADA_XP,TODO,UNRESOLVED,,,,0,,,
CONFIG_EDAC_ASPEED,TODO,UNRESOLVED,,,,0,,,
CONFIG_EDAC_ATOMIC_SCRUB,TODO,UNRESOLVED,,,,0,,,
CONFIG_EDAC_BLUEFIELD,TODO,UNRESOLVED,,,,0,,,
CONFIG_EDAC_CORTEX_A72,TODO,UNRESOLVED,,,,0,,,
CONFIG_EDAC_CPC925,TODO,UNRESOLVED,,,,0,,,
CONFIG_EDAC_DEBUG,TODO,UNRESOLVED,,,,0,,,
CONFIG_EDAC_DECODE_MCE,TODO,UNRESOLVED,,,,0,,,
CONFIG_EDAC_DMC520,TODO,UNRESOLVED,,,,0,,,
CONFIG_EDAC_E752X,TODO,UNRESOLVED,,,,0,,,
CONFIG_EDAC_E7XXX,TODO,UNRESOLVED,,,,0,,,
CONFIG_EDAC_ECS,TODO,UNRESOLVED,,,,0,,,
CONFIG_EDAC_GHES,TODO,UNRESOLVED,,,,0,,,
CONFIG_EDAC_HIGHBANK_L2,TODO,UNRESOLVED,,,,0,,,
CONFIG_EDAC_HIGHBANK_MC,TODO,UNRESOLVED,,,,0,,,
CONFIG_EDAC_I10NM,TODO,UNRESOLVED,,,,0,,,
CONFIG_EDAC_I3000,TODO,UNRESOLVED,,,,0,,,
CONFIG_EDAC_I3200,TODO,UNRESOLVED,,,,0,,,
CONFIG_EDAC_I5000,TODO,UNRESOLVED,,,,0,,,
CONFIG_EDAC_I5100,TODO,UNRESOLVED,,,,0,,,
CONFIG_EDAC_I5400,TODO,UNRESOLVED,,,,0,,,
CONFIG_EDAC_I7300,TODO,UNRESOLVED,,,,0,,,
CONFIG_EDAC_I7CORE,TODO,UNRESOLVED,,,,0,,,
CONFIG_EDAC_I82443BXGX,TODO,UNRESOLVED,,,,0,,,
CONFIG_EDAC_I82860,TODO,UNRESOLVED,,,,0,,,
CONFIG_EDAC_I82875P,TODO,UNRESOLVED,,,,0,,,
CONFIG_EDAC_I82975X,TODO,UNRESOLVED,,,,0,,,
CONFIG_EDAC_IE31200,TODO,UNRESOLVED,,,,0,,,
CONFIG_EDAC_IGEN6,TODO,UNRESOLVED,,,,0,,,
CONFIG_EDAC_LAYERSCAPE,TODO,UNRESOLVED,,,,0,,,
CONFIG_EDAC_LEGACY_SYSFS,TODO,UNRESOLVED,,,,0,,,
CONFIG_EDAC_LOONGSON,TODO,UNRESOLVED,,,,0,,,
CONFIG_EDAC_MEM_REPAIR,TODO,UNRESOLVED,,,,0,,,
CONFIG_EDAC_MPC85XX,TODO,UNRESOLVED,,,,0,,,
CONFIG_EDAC_NPCM,TODO,UNRESOLVED,,,,0,,,
CONFIG_EDAC_OCTEON_L2C,TODO,UNRESOLVED,,,,0,,,
CONFIG_EDAC_OCTEON_LMC,TODO,UNRESOLVED,,,,0,,,
CONFIG_EDAC_OCTEON_PC,TODO,UNRESOLVED,,,,0,,,
CONFIG_EDAC_OCTEON_PCI,TODO,UNRESOLVED,,,,0,,,
CONFIG_EDAC_PASEMI,TODO,UNRESOLVED,,,,0,,,
CONFIG_EDAC_PND2,TODO,UNRESOLVED,,,,0,,,
CONFIG_EDAC_QCOM,TODO,UNRESOLVED,,,,0,,,
CONFIG_EDAC_R82600,TODO,UNRESOLVED,,,,0,,,
CONFIG_EDAC_SBRIDGE,TODO,UNRESOLVED,,,,0,,,
CONFIG_EDAC_SCRUB,TODO,UNRESOLVED,,,,0,,,
CONFIG_EDAC_SIFIVE,TODO,UNRESOLVED,,,,0,,,
CONFIG_EDAC_SKX,TODO,UNRESOLVED,,,,0,,,
CONFIG_EDAC_SUPPORT,TODO,UNRESOLVED,,,,0,,,
CONFIG_EDAC_SYNOPSYS,TODO,UNRESOLVED,,,,0,,,
CONFIG_EDAC_THUNDERX,TODO,UNRESOLVED,,,,0,,,
CONFIG_EDAC_TI,TODO,UNRESOLVED,,,,0,,,
CONFIG_EDAC_VERSAL,TODO,UNRESOLVED,,,,0,,,
CONFIG_EDAC_VERSALNET,TODO,UNRESOLVED,,,,0,,,
CONFIG_EDAC_X38,TODO,UNRESOLVED,,,,0,,,
CONFIG_EDAC_XGENE,TODO,UNRESOLVED,,,,0,,,
CONFIG_EDAC_ZYNQMP,TODO,UNRESOLVED,,,,0,,,
CONFIG_EDD,TODO,UNRESOLVED,,,,0,,,
CONFIG_EDD_OFF,TODO,UNRESOLVED,,,,0,,,
CONFIG_EEEPC_LAPTOP,TODO,UNRESOLVED,,,,0,,,
CONFIG_EEEPC_WMI,TODO,UNRESOLVED,,,,0,,,
CONFIG_EEPROM_93CX6,TODO,UNRESOLVED,,,,0,,,
CONFIG_EEPROM_93XX46,TODO,UNRESOLVED,,,,0,,,
CONFIG_EEPROM_AT24,TODO,UNRESOLVED,,,,0,,,
CONFIG_EEPROM_AT25,TODO,UNRESOLVED,,,,0,,,
CONFIG_EEPROM_DIGSY_MTC_CFG,TODO,UNRESOLVED,,,,0,,,
CONFIG_EEPROM_EE1004,TODO,UNRESOLVED,,,,0,,,
CONFIG_EEPROM_IDT_89HPESX,TODO,UNRESOLVED,,,,0,,,
CONFIG_EEPROM_M24LR,TODO,UNRESOLVED,,,,0,,,
CONFIG_EEPROM_MAX6875,TODO,UNRESOLVED,,,,0,,,
CONFIG_EFI,TODO,UNRESOLVED,,,,0,,,
CONFIG_EFIVAR_FS,TODO,UNRESOLVED,,,,0,,,
CONFIG_EFI_ARMSTUB_DTB_LOADER,TODO,UNRESOLVED,,,,0,,,
CONFIG_EFI_BOOTLOADER_CONTROL,TODO,UNRESOLVED,,,,0,,,
CONFIG_EFI_CAPSULE_LOADER,TODO,UNRESOLVED,,,,0,,,
CONFIG_EFI_CAPSULE_QUIRK_QUARK_CSH,TODO,UNRESOLVED,,,,0,,,
CONFIG_EFI_COCO_SECRET,TODO,UNRESOLVED,,,,0,,,
CONFIG_EFI_CUSTOM_SSDT_OVERLAYS,TODO,UNRESOLVED,,,,0,,,
CONFIG_EFI_DEV_PATH_PARSER,TODO,UNRESOLVED,,,,0,,,
CONFIG_EFI_DISABLE_PCI_DMA,TODO,UNRESOLVED,,,,0,,,
CONFIG_EFI_DISABLE_RUNTIME,TODO,UNRESOLVED,,,,0,,,
CONFIG_EFI_DXE_MEM_ATTRIBUTES,TODO,UNRESOLVED,,,,0,,,
CONFIG_EFI_EARLYCON,TODO,UNRESOLVED,,,,0,,,
CONFIG_EFI_EMBEDDED_FIRMWARE,TODO,UNRESOLVED,,,,0,,,
CONFIG_EFI_ESRT,TODO,UNRESOLVED,,,,0,,,
CONFIG_EFI_GENERIC_STUB,TODO,UNRESOLVED,,,,0,,,
CONFIG_EFI_HANDOVER_PROTOCOL,TODO,UNRESOLVED,,,,0,,,
CONFIG_EFI_MIXED,TODO,UNRESOLVED,,,,0,,,
CONFIG_EFI_PARAMS_FROM_FDT,TODO,UNRESOLVED,,,,0,,,
CONFIG_EFI_PARTITION,TODO,UNRESOLVED,,,,0,,,
CONFIG_EFI_PGT_DUMP,TODO,UNRESOLVED,,,,0,,,
CONFIG_EFI_RCI2_TABLE,TODO,UNRESOLVED,,,,0,,,
CONFIG_EFI_RUNTIME_MAP,TODO,UNRESOLVED,,,,0,,,
CONFIG_EFI_RUNTIME_WRAPPERS,TODO,UNRESOLVED,,,,0,,,
CONFIG_EFI_SBAT,TODO,UNRESOLVED,,,,0,,,
CONFIG_EFI_SBAT_FILE,TODO,UNRESOLVED,,,,0,,,
CONFIG_EFI_SECRET,TODO,UNRESOLVED,,,,0,,,
CONFIG_EFI_SOFT_RESERVE,TODO,UNRESOLVED,,,,0,,,
CONFIG_EFI_STUB,TODO,UNRESOLVED,,,,0,,,
CONFIG_EFI_TEST,TODO,UNRESOLVED,,,,0,,,
CONFIG_EFI_VARS_PSTORE,TODO,UNRESOLVED,,,,0,,,
CONFIG_EFI_VARS_PSTORE_DEFAULT_DISABLE,TODO,UNRESOLVED,,,,0,,,
CONFIG_EFI_ZBOOT,TODO,UNRESOLVED,,,,0,,,
CONFIG_EFS_FS,TODO,UNRESOLVED,,,,0,,,
CONFIG_EHEA,TODO,UNRESOLVED,,,,0,,,
CONFIG_EINT_MTK,TODO,UNRESOLVED,,,,0,,,
CONFIG_EISA,TODO,UNRESOLVED,,,,0,,,
CONFIG_EISA_NAMES,TODO,UNRESOLVED,,,,0,,,
CONFIG_EISA_PCI_EISA,TODO,UNRESOLVED,,,,0,,,
CONFIG_EISA_VIRTUAL_ROOT,TODO,UNRESOLVED,,,,0,,,
CONFIG_EISA_VLB_PRIMING,TODO,UNRESOLVED,,,,0,,,
CONFIG_EL3,TODO,UNRESOLVED,,,,0,,,
CONFIG_ELAN_CPUFREQ,TODO,UNRESOLVED,,,,0,,,
CONFIG_ELECTRA_CF,TODO,UNRESOLVED,,,,0,,,
CONFIG_ELFCORE,TODO,UNRESOLVED,,,,0,,,
CONFIG_ELF_CORE,TODO,UNRESOLVED,,,,0,,,
CONFIG_EMAC_ROCKCHIP,TODO,UNRESOLVED,,,,0,,,
CONFIG_EM_TIMER_STI,TODO,UNRESOLVED,,,,0,,,
CONFIG_ENABLE_DEFAULT_TRACERS,TODO,UNRESOLVED,,,,0,,,
CONFIG_ENA_ETHERNET,TODO,UNRESOLVED,,,,0,,,
CONFIG_ENC28J60,TODO,UNRESOLVED,,,,0,,,
CONFIG_ENC28J60_WRITEVERIFY,TODO,UNRESOLVED,,,,0,,,
CONFIG_ENCLOSURE_SERVICES,TODO,UNRESOLVED,,,,0,,,
CONFIG_ENCRYPTED_KEYS,TODO,UNRESOLVED,,,,0,,,
CONFIG_ENCX24J600,TODO,UNRESOLVED,,,,0,,,
CONFIG_ENERGY_MODEL,TODO,UNRESOLVED,,,,0,,,
CONFIG_ENIC,TODO,UNRESOLVED,,,,0,,,
CONFIG_ENS160,TODO,UNRESOLVED,,,,0,,,
CONFIG_ENS160_I2C,TODO,UNRESOLVED,,,,0,,,
CONFIG_ENS160_SPI,TODO,UNRESOLVED,,,,0,,,
CONFIG_ENS210,TODO,UNRESOLVED,,,,0,,,
CONFIG_ENVELOPE_DETECTOR,TODO,UNRESOLVED,,,,0,,,
CONFIG_EP93XX_ADC,TODO,UNRESOLVED,,,,0,,,
CONFIG_EP93XX_DMA,TODO,UNRESOLVED,,,,0,,,
CONFIG_EP93XX_ETH,TODO,UNRESOLVED,,,,0,,,
CONFIG_EP93XX_SOC,TODO,UNRESOLVED,,,,0,,,
CONFIG_EP93XX_TIMER,TODO,UNRESOLVED,,,,0,,,
CONFIG_EP93XX_WATCHDOG,TODO,UNRESOLVED,,,,0,,,
CONFIG_EPIC100,TODO,UNRESOLVED,,,,0,,,
CONFIG_EPOLL,TODO,UNRESOLVED,,,,0,,,
CONFIG_EPROBE_EVENTS,TODO,UNRESOLVED,,,,0,,,
CONFIG_EQUALIZER,TODO,UNRESOLVED,,,,0,,,
CONFIG_EROFS_FS,TODO,UNRESOLVED,,,,0,,,
CONFIG_EROFS_FS_BACKED_BY_FILE,TODO,UNRESOLVED,,,,0,,,
CONFIG_EROFS_FS_DEBUG,TODO,UNRESOLVED,,,,0,,,
CONFIG_EROFS_FS_ONDEMAND,TODO,UNRESOLVED,,,,0,,,
CONFIG_EROFS_FS_PCPU_KTHREAD,TODO,UNRESOLVED,,,,0,,,
CONFIG_EROFS_FS_PCPU_KTHREAD_HIPRI,TODO,UNRESOLVED,,,,0,,,
CONFIG_EROFS_FS_POSIX_ACL,TODO,UNRESOLVED,,,,0,,,
CONFIG_EROFS_FS_SECURITY,TODO,UNRESOLVED,,,,0,,,
CONFIG_EROFS_FS_XATTR,TODO,UNRESOLVED,,,,0,,,
CONFIG_EROFS_FS_ZIP,TODO,UNRESOLVED,,,,0,,,
CONFIG_EROFS_FS_ZIP_ACCEL,TODO,UNRESOLVED,,,,0,,,
CONFIG_EROFS_FS_ZIP_DEFLATE,TODO,UNRESOLVED,,,,0,,,
CONFIG_EROFS_FS_ZIP_LZMA,TODO,UNRESOLVED,,,,0,,,
CONFIG_EROFS_FS_ZIP_ZSTD,TODO,UNRESOLVED,,,,0,,,
CONFIG_ET131X,TODO,UNRESOLVED,,,,0,,,
CONFIG_ETHERNET,TODO,UNRESOLVED,,,,0,,,
CONFIG_ETHOC,TODO,UNRESOLVED,,,,0,,,
CONFIG_ETHTOOL_NETLINK,TODO,UNRESOLVED,,,,0,,,
CONFIG_EUROTECH_WDT,TODO,UNRESOLVED,,,,0,,,
CONFIG_EVENTFD,TODO,UNRESOLVED,,,,0,,,
CONFIG_EVENT_TRACE_STARTUP_TEST,TODO,UNRESOLVED,,,,0,,,
CONFIG_EVENT_TRACE_TEST_SYSCALLS,TODO,UNRESOLVED,,,,0,,,
CONFIG_EVENT_TRACING,TODO,UNRESOLVED,,,,0,,,
CONFIG_EVM,TODO,UNRESOLVED,,,,0,,,
CONFIG_EVM_ADD_XATTRS,TODO,UNRESOLVED,,,,0,,,
CONFIG_EVM_ATTR_FSUUID,TODO,UNRESOLVED,,,,0,,,
CONFIG_EVM_EXTRA_SMACK_XATTRS,TODO,UNRESOLVED,,,,0,,,
CONFIG_EVM_LOAD_X509,TODO,UNRESOLVED,,,,0,,,
CONFIG_EVM_X509_PATH,TODO,UNRESOLVED,,,,0,,,
CONFIG_EXAR_WDT,TODO,UNRESOLVED,,,,0,,,
CONFIG_EXCLUSIVE_SYSTEM_RAM,TODO,UNRESOLVED,,,,0,,,
CONFIG_EXECMEM,TODO,UNRESOLVED,,,,0,,,
CONFIG_EXEC_KUNIT_TEST,TODO,UNRESOLVED,,,,0,,,
CONFIG_EXFAT_DEFAULT_IOCHARSET,TODO,UNRESOLVED,,,,0,,,
CONFIG_EXFAT_FS,TODO,UNRESOLVED,,,,0,,,
CONFIG_EXPERT,TODO,UNRESOLVED,,,,0,,,
CONFIG_EXPORTFS,REVIEWED,TRANSITIVE,DOCUMENTED_PLATFORM,WSL_CONTROL,system-distro-overlay,1,Selected by OVERLAY_FS but already enabled in the mkroot-derived candidate; not a new candidate delta or independently proven requirement.,https://github.com/microsoft/WSL2-Linux-Kernel/blob/14794180686c2fb6307fbe359c359bec765249f3/fs/overlayfs/Kconfig,
CONFIG_EXPORTFS_BLOCK_OPS,TODO,UNRESOLVED,,,,0,,,
CONFIG_EXT2_FS,TODO,UNRESOLVED,,,,0,,,
CONFIG_EXT2_FS_POSIX_ACL,TODO,UNRESOLVED,,,,0,,,
CONFIG_EXT2_FS_SECURITY,TODO,UNRESOLVED,,,,0,,,
CONFIG_EXT2_FS_XATTR,TODO,UNRESOLVED,,,,0,,,
CONFIG_EXT4_DEBUG,TODO,UNRESOLVED,,,,0,,,
CONFIG_EXT4_FS,TODO,UNRESOLVED,,,,0,,,
CONFIG_EXT4_FS_POSIX_ACL,TODO,UNRESOLVED,,,,0,,,
CONFIG_EXT4_FS_SECURITY,TODO,UNRESOLVED,,,,0,,,
CONFIG_EXT4_KUNIT_TESTS,TODO,UNRESOLVED,,,,0,,,
CONFIG_EXT4_USE_FOR_EXT2,TODO,UNRESOLVED,,,,0,,,
CONFIG_EXTCON,TODO,UNRESOLVED,,,,0,,,
CONFIG_EXTCON_ADC_JACK,TODO,UNRESOLVED,,,,0,,,
CONFIG_EXTCON_AXP288,TODO,UNRESOLVED,,,,0,,,
CONFIG_EXTCON_FSA9480,TODO,UNRESOLVED,,,,0,,,
CONFIG_EXTCON_GPIO,TODO,UNRESOLVED,,,,0,,,
CONFIG_EXTCON_INTEL_CHT_WC,TODO,UNRESOLVED,,,,0,,,
CONFIG_EXTCON_INTEL_INT3496,TODO,UNRESOLVED,,,,0,,,
CONFIG_EXTCON_INTEL_MRFLD,TODO,UNRESOLVED,,,,0,,,
CONFIG_EXTCON_LC824206XA,TODO,UNRESOLVED,,,,0,,,
CONFIG_EXTCON_MAX14526,TODO,UNRESOLVED,,,,0,,,
CONFIG_EXTCON_MAX14577,TODO,UNRESOLVED,,,,0,,,
CONFIG_EXTCON_MAX3355,TODO,UNRESOLVED,,,,0,,,
CONFIG_EXTCON_MAX77693,TODO,UNRESOLVED,,,,0,,,
CONFIG_EXTCON_MAX77843,TODO,UNRESOLVED,,,,0,,,
CONFIG_EXTCON_MAX8997,TODO,UNRESOLVED,,,,0,,,
CONFIG_EXTCON_PALMAS,TODO,UNRESOLVED,,,,0,,,
CONFIG_EXTCON_PTN5150,TODO,UNRESOLVED,,,,0,,,
CONFIG_EXTCON_QCOM_SPMI_MISC,TODO,UNRESOLVED,,,,0,,,
CONFIG_EXTCON_RT8973A,TODO,UNRESOLVED,,,,0,,,
CONFIG_EXTCON_RTK_TYPE_C,TODO,UNRESOLVED,,,,0,,,
CONFIG_EXTCON_SM5502,TODO,UNRESOLVED,,,,0,,,
CONFIG_EXTCON_USBC_CROS_EC,TODO,UNRESOLVED,,,,0,,,
CONFIG_EXTCON_USBC_TUSB320,TODO,UNRESOLVED,,,,0,,,
CONFIG_EXTCON_USB_GPIO,TODO,UNRESOLVED,,,,0,,,
CONFIG_EXTENDED_MODVERSIONS,TODO,UNRESOLVED,,,,0,,,
CONFIG_EXTRA_FIRMWARE,TODO,UNRESOLVED,,,,0,,,
CONFIG_EXTRA_FIRMWARE_DIR,TODO,UNRESOLVED,,,,0,,,
CONFIG_EXT_GROUP_SCHED,TODO,UNRESOLVED,,,,0,,,
CONFIG_EXYNOS5422_DMC,TODO,UNRESOLVED,,,,0,,,
CONFIG_EXYNOS_3250_COMMON_CLK,TODO,UNRESOLVED,,,,0,,,
CONFIG_EXYNOS_4_COMMON_CLK,TODO,UNRESOLVED,,,,0,,,
CONFIG_EXYNOS_5250_COMMON_CLK,TODO,UNRESOLVED,,,,0,,,
CONFIG_EXYNOS_5260_COMMON_CLK,TODO,UNRESOLVED,,,,0,,,
CONFIG_EXYNOS_5410_COMMON_CLK,TODO,UNRESOLVED,,,,0,,,
CONFIG_EXYNOS_5420_COMMON_CLK,TODO,UNRESOLVED,,,,0,,,
CONFIG_EXYNOS_ACPM_PROTOCOL,TODO,UNRESOLVED,,,,0,,,
CONFIG_EXYNOS_ADC,TODO,UNRESOLVED,,,,0,,,
CONFIG_EXYNOS_ARM64_COMMON_CLK,TODO,UNRESOLVED,,,,0,,,
CONFIG_EXYNOS_ASV_ARM,TODO,UNRESOLVED,,,,0,,,
CONFIG_EXYNOS_AUDSS_CLK_CON,TODO,UNRESOLVED,,,,0,,,
CONFIG_EXYNOS_CHIPID,TODO,UNRESOLVED,,,,0,,,
CONFIG_EXYNOS_CLKOUT,TODO,UNRESOLVED,,,,0,,,
CONFIG_EXYNOS_IOMMU,TODO,UNRESOLVED,,,,0,,,
CONFIG_EXYNOS_IOMMU_DEBUG,TODO,UNRESOLVED,,,,0,,,
CONFIG_EXYNOS_IRQ_COMBINER,TODO,UNRESOLVED,,,,0,,,
CONFIG_EXYNOS_MBOX,TODO,UNRESOLVED,,,,0,,,
CONFIG_EXYNOS_PMU,TODO,UNRESOLVED,,,,0,,,
CONFIG_EXYNOS_PMU_ARM_DRIVERS,TODO,UNRESOLVED,,,,0,,,
CONFIG_EXYNOS_PM_DOMAINS,TODO,UNRESOLVED,,,,0,,,
CONFIG_EXYNOS_REGULATOR_COUPLER,TODO,UNRESOLVED,,,,0,,,
CONFIG_EXYNOS_SROM,TODO,UNRESOLVED,,,,0,,,
CONFIG_EXYNOS_THERMAL,TODO,UNRESOLVED,,,,0,,,
CONFIG_EXYNOS_USI,TODO,UNRESOLVED,,,,0,,,
CONFIG_EZCHIP_NPS_MANAGEMENT_ENET,TODO,UNRESOLVED,,,,0,,,
CONFIG_EZX_PCAP,TODO,UNRESOLVED,,,,0,,,
CONFIG_F2FS_CHECK_FS,TODO,UNRESOLVED,,,,0,,,
CONFIG_F2FS_FAULT_INJECTION,TODO,UNRESOLVED,,,,0,,,
CONFIG_F2FS_FS,TODO,UNRESOLVED,,,,0,,,
CONFIG_F2FS_FS_COMPRESSION,TODO,UNRESOLVED,,,,0,,,
CONFIG_F2FS_FS_LZ4,TODO,UNRESOLVED,,,,0,,,
CONFIG_F2FS_FS_LZ4HC,TODO,UNRESOLVED,,,,0,,,
CONFIG_F2FS_FS_LZO,TODO,UNRESOLVED,,,,0,,,
CONFIG_F2FS_FS_LZORLE,TODO,UNRESOLVED,,,,0,,,
CONFIG_F2FS_FS_POSIX_ACL,TODO,UNRESOLVED,,,,0,,,
CONFIG_F2FS_FS_SECURITY,TODO,UNRESOLVED,,,,0,,,
CONFIG_F2FS_FS_XATTR,TODO,UNRESOLVED,,,,0,,,
CONFIG_F2FS_FS_ZSTD,TODO,UNRESOLVED,,,,0,,,
CONFIG_F2FS_IOSTAT,TODO,UNRESOLVED,,,,0,,,
CONFIG_F2FS_STAT_FS,TODO,UNRESOLVED,,,,0,,,
CONFIG_F2FS_UNFAIR_RWSEM,TODO,UNRESOLVED,,,,0,,,
CONFIG_F71808E_WDT,TODO,UNRESOLVED,,,,0,,,
CONFIG_FAILOVER,TODO,UNRESOLVED,,,,0,,,
CONFIG_FAILSLAB,TODO,UNRESOLVED,,,,0,,,
CONFIG_FAIL_FUNCTION,TODO,UNRESOLVED,,,,0,,,
CONFIG_FAIL_FUTEX,TODO,UNRESOLVED,,,,0,,,
CONFIG_FAIL_IO_TIMEOUT,TODO,UNRESOLVED,,,,0,,,
CONFIG_FAIL_MAKE_REQUEST,TODO,UNRESOLVED,,,,0,,,
CONFIG_FAIL_MMC_REQUEST,TODO,UNRESOLVED,,,,0,,,
CONFIG_FAIL_PAGE_ALLOC,TODO,UNRESOLVED,,,,0,,,
CONFIG_FAIL_SKB_REALLOC,TODO,UNRESOLVED,,,,0,,,
CONFIG_FAIL_SUNRPC,TODO,UNRESOLVED,,,,0,,,
CONFIG_FAIR_GROUP_SCHED,TODO,UNRESOLVED,,,,0,,,
CONFIG_FANOTIFY,TODO,UNRESOLVED,,,,0,,,
CONFIG_FANOTIFY_ACCESS_PERMISSIONS,TODO,UNRESOLVED,,,,0,,,
CONFIG_FARADAY_FTINTC010,TODO,UNRESOLVED,,,,0,,,
CONFIG_FARSYNC,TODO,UNRESOLVED,,,,0,,,
CONFIG_FAT_DEFAULT_CODEPAGE,TODO,UNRESOLVED,,,,0,,,
CONFIG_FAT_DEFAULT_IOCHARSET,TODO,UNRESOLVED,,,,0,,,
CONFIG_FAT_DEFAULT_UTF8,TODO,UNRESOLVED,,,,0,,,
CONFIG_FAT_FS,TODO,UNRESOLVED,,,,0,,,
CONFIG_FAT_KUNIT_TEST,TODO,UNRESOLVED,,,,0,,,
CONFIG_FAULT_INJECTION,TODO,UNRESOLVED,,,,0,,,
CONFIG_FAULT_INJECTION_CONFIGFS,TODO,UNRESOLVED,,,,0,,,
CONFIG_FAULT_INJECTION_DEBUG_FS,TODO,UNRESOLVED,,,,0,,,
CONFIG_FAULT_INJECTION_STACKTRACE_FILTER,TODO,UNRESOLVED,,,,0,,,
CONFIG_FAULT_INJECTION_USERCOPY,TODO,UNRESOLVED,,,,0,,,
CONFIG_FB,TODO,UNRESOLVED,,,,0,,,
CONFIG_FBNIC,TODO,UNRESOLVED,,,,0,,,
CONFIG_FB_3DFX,TODO,UNRESOLVED,,,,0,,,
CONFIG_FB_3DFX_ACCEL,TODO,UNRESOLVED,,,,0,,,
CONFIG_FB_3DFX_I2C,TODO,UNRESOLVED,,,,0,,,
CONFIG_FB_68328,TODO,UNRESOLVED,,,,0,,,
CONFIG_FB_ACORN,TODO,UNRESOLVED,,,,0,,,
CONFIG_FB_AMIGA,TODO,UNRESOLVED,,,,0,,,
CONFIG_FB_AMIGA_AGA,TODO,UNRESOLVED,,,,0,,,
CONFIG_FB_AMIGA_ECS,TODO,UNRESOLVED,,,,0,,,
CONFIG_FB_AMIGA_OCS,TODO,UNRESOLVED,,,,0,,,
CONFIG_FB_APOLLO,TODO,UNRESOLVED,,,,0,,,
CONFIG_FB_ARC,TODO,UNRESOLVED,,,,0,,,
CONFIG_FB_ARK,TODO,UNRESOLVED,,,,0,,,
CONFIG_FB_ASILIANT,TODO,UNRESOLVED,,,,0,,,
CONFIG_FB_ATARI,TODO,UNRESOLVED,,,,0,,,
CONFIG_FB_ATMEL,TODO,UNRESOLVED,,,,0,,,
CONFIG_FB_ATY,TODO,UNRESOLVED,,,,0,,,
CONFIG_FB_ATY128,TODO,UNRESOLVED,,,,0,,,
CONFIG_FB_ATY128_BACKLIGHT,TODO,UNRESOLVED,,,,0,,,
CONFIG_FB_ATY_BACKLIGHT,TODO,UNRESOLVED,,,,0,,,
CONFIG_FB_ATY_CT,TODO,UNRESOLVED,,,,0,,,
CONFIG_FB_ATY_GENERIC_LCD,TODO,UNRESOLVED,,,,0,,,
CONFIG_FB_ATY_GX,TODO,UNRESOLVED,,,,0,,,
CONFIG_FB_AU1100,TODO,UNRESOLVED,,,,0,,,
CONFIG_FB_AU1200,TODO,UNRESOLVED,,,,0,,,
CONFIG_FB_BACKLIGHT,TODO,UNRESOLVED,,,,0,,,
CONFIG_FB_BIG_ENDIAN,TODO,UNRESOLVED,,,,0,,,
CONFIG_FB_BOTH_ENDIAN,TODO,UNRESOLVED,,,,0,,,
CONFIG_FB_BROADSHEET,TODO,UNRESOLVED,,,,0,,,
CONFIG_FB_BW2,TODO,UNRESOLVED,,,,0,,,
CONFIG_FB_CARMINE,TODO,UNRESOLVED,,,,0,,,
CONFIG_FB_CARMINE_DRAM_EVAL,TODO,UNRESOLVED,,,,0,,,
CONFIG_FB_CFB_COPYAREA,TODO,UNRESOLVED,,,,0,,,
CONFIG_FB_CFB_FILLRECT,TODO,UNRESOLVED,,,,0,,,
CONFIG_FB_CFB_IMAGEBLIT,TODO,UNRESOLVED,,,,0,,,
CONFIG_FB_CFB_REV_PIXELS_IN_BYTE,TODO,UNRESOLVED,,,,0,,,
CONFIG_FB_CG14,TODO,UNRESOLVED,,,,0,,,
CONFIG_FB_CG3,TODO,UNRESOLVED,,,,0,,,
CONFIG_FB_CG6,TODO,UNRESOLVED,,,,0,,,
CONFIG_FB_CIRRUS,TODO,UNRESOLVED,,,,0,,,
CONFIG_FB_CLPS711X,TODO,UNRESOLVED,,,,0,,,
CONFIG_FB_COBALT,TODO,UNRESOLVED,,,,0,,,
CONFIG_FB_CONTROL,TODO,UNRESOLVED,,,,0,,,
CONFIG_FB_CORE,TODO,UNRESOLVED,,,,0,,,
CONFIG_FB_CT65550,TODO,UNRESOLVED,,,,0,,,
CONFIG_FB_CYBER2000,TODO,UNRESOLVED,,,,0,,,
CONFIG_FB_CYBER2000_DDC,TODO,UNRESOLVED,,,,0,,,
CONFIG_FB_CYBER2000_I2C,TODO,UNRESOLVED,,,,0,,,
CONFIG_FB_DDC,TODO,UNRESOLVED,,,,0,,,
CONFIG_FB_DEFERRED_IO,TODO,UNRESOLVED,,,,0,,,
CONFIG_FB_DEVICE,TODO,UNRESOLVED,,,,0,,,
CONFIG_FB_DMAMEM_HELPERS,TODO,UNRESOLVED,,,,0,,,
CONFIG_FB_DMAMEM_HELPERS_DEFERRED,TODO,UNRESOLVED,,,,0,,,
CONFIG_FB_EFI,TODO,UNRESOLVED,,,,0,,,
CONFIG_FB_EP93XX,TODO,UNRESOLVED,,,,0,,,
CONFIG_FB_FFB,TODO,UNRESOLVED,,,,0,,,
CONFIG_FB_FM2,TODO,UNRESOLVED,,,,0,,,
CONFIG_FB_FOREIGN_ENDIAN,TODO,UNRESOLVED,,,,0,,,
CONFIG_FB_FSL_DIU,TODO,UNRESOLVED,,,,0,,,
CONFIG_FB_G364,TODO,UNRESOLVED,,,,0,,,
CONFIG_FB_GBE,TODO,UNRESOLVED,,,,0,,,
CONFIG_FB_GBE_MEM,TODO,UNRESOLVED,,,,0,,,
CONFIG_FB_GEODE,TODO,UNRESOLVED,,,,0,,,
CONFIG_FB_GEODE_GX,TODO,UNRESOLVED,,,,0,,,
CONFIG_FB_GEODE_GX1,TODO,UNRESOLVED,,,,0,,,
CONFIG_FB_GEODE_LX,TODO,UNRESOLVED,,,,0,,,
CONFIG_FB_GOLDFISH,TODO,UNRESOLVED,,,,0,,,
CONFIG_FB_GRVGA,TODO,UNRESOLVED,,,,0,,,
CONFIG_FB_HECUBA,TODO,UNRESOLVED,,,,0,,,
CONFIG_FB_HGA,TODO,UNRESOLVED,,,,0,,,
CONFIG_FB_HIT,TODO,UNRESOLVED,,,,0,,,
CONFIG_FB_HP300,TODO,UNRESOLVED,,,,0,,,
CONFIG_FB_HYPERV,TODO,UNRESOLVED,,,,0,,,
CONFIG_FB_I740,TODO,UNRESOLVED,,,,0,,,
CONFIG_FB_I810,TODO,UNRESOLVED,,,,0,,,
CONFIG_FB_I810_GTF,TODO,UNRESOLVED,,,,0,,,
CONFIG_FB_I810_I2C,TODO,UNRESOLVED,,,,0,,,
CONFIG_FB_IBM_GXT4500,TODO,UNRESOLVED,,,,0,,,
CONFIG_FB_IMSTT,TODO,UNRESOLVED,,,,0,,,
CONFIG_FB_IMX,TODO,UNRESOLVED,,,,0,,,
CONFIG_FB_IOMEM_FOPS,TODO,UNRESOLVED,,,,0,,,
CONFIG_FB_IOMEM_HELPERS,TODO,UNRESOLVED,,,,0,,,
CONFIG_FB_IOMEM_HELPERS_DEFERRED,TODO,UNRESOLVED,,,,0,,,
CONFIG_FB_KYRO,TODO,UNRESOLVED,,,,0,,,
CONFIG_FB_LEO,TODO,UNRESOLVED,,,,0,,,
CONFIG_FB_LITTLE_ENDIAN,TODO,UNRESOLVED,,,,0,,,
CONFIG_FB_LOGO_EXTRA,TODO,UNRESOLVED,,,,0,,,
CONFIG_FB_MAC,TODO,UNRESOLVED,,,,0,,,
CONFIG_FB_MACMODES,TODO,UNRESOLVED,,,,0,,,
CONFIG_FB_MATROX,TODO,UNRESOLVED,,,,0,,,
CONFIG_FB_MATROX_G,TODO,UNRESOLVED,,,,0,,,
CONFIG_FB_MATROX_I2C,TODO,UNRESOLVED,,,,0,,,
CONFIG_FB_MATROX_MAVEN,TODO,UNRESOLVED,,,,0,,,
CONFIG_FB_MATROX_MILLENIUM,TODO,UNRESOLVED,,,,0,,,
CONFIG_FB_MATROX_MYSTIQUE,TODO,UNRESOLVED,,,,0,,,
CONFIG_FB_MAXINE,TODO,UNRESOLVED,,,,0,,,
CONFIG_FB_MB862XX,TODO,UNRESOLVED,,,,0,,,
CONFIG_FB_MB862XX_I2C,TODO,UNRESOLVED,,,,0,,,
CONFIG_FB_MB862XX_LIME,TODO,UNRESOLVED,,,,0,,,
CONFIG_FB_MB862XX_PCI_GDC,TODO,UNRESOLVED,,,,0,,,
CONFIG_FB_METRONOME,TODO,UNRESOLVED,,,,0,,,
CONFIG_FB_MODE_HELPERS,TODO,UNRESOLVED,,,,0,,,
CONFIG_FB_N411,TODO,UNRESOLVED,,,,0,,,
CONFIG_FB_NEOMAGIC,TODO,UNRESOLVED,,,,0,,,
CONFIG_FB_NOTIFY,TODO,UNRESOLVED,,,,0,,,
CONFIG_FB_NVIDIA,TODO,UNRESOLVED,,,,0,,,
CONFIG_FB_NVIDIA_BACKLIGHT,TODO,UNRESOLVED,,,,0,,,
CONFIG_FB_NVIDIA_DEBUG,TODO,UNRESOLVED,,,,0,,,
CONFIG_FB_NVIDIA_I2C,TODO,UNRESOLVED,,,,0,,,
CONFIG_FB_OF,TODO,UNRESOLVED,,,,0,,,
CONFIG_FB_OMAP,TODO,UNRESOLVED,,,,0,,,
CONFIG_FB_OMAP2,TODO,UNRESOLVED,,,,0,,,
CONFIG_FB_OMAP2_CONNECTOR_ANALOG_TV,TODO,UNRESOLVED,,,,0,,,
CONFIG_FB_OMAP2_CONNECTOR_DVI,TODO,UNRESOLVED,,,,0,,,
CONFIG_FB_OMAP2_CONNECTOR_HDMI,TODO,UNRESOLVED,,,,0,,,
CONFIG_FB_OMAP2_DEBUG_SUPPORT,TODO,UNRESOLVED,,,,0,,,
CONFIG_FB_OMAP2_DSS,TODO,UNRESOLVED,,,,0,,,
CONFIG_FB_OMAP2_DSS_COLLECT_IRQ_STATS,TODO,UNRESOLVED,,,,0,,,
CONFIG_FB_OMAP2_DSS_DEBUG,TODO,UNRESOLVED,,,,0,,,
CONFIG_FB_OMAP2_DSS_DEBUGFS,TODO,UNRESOLVED,,,,0,,,
CONFIG_FB_OMAP2_DSS_DPI,TODO,UNRESOLVED,,,,0,,,
CONFIG_FB_OMAP2_DSS_DSI,TODO,UNRESOLVED,,,,0,,,
CONFIG_FB_OMAP2_DSS_HDMI_COMMON,TODO,UNRESOLVED,,,,0,,,
CONFIG_FB_OMAP2_DSS_INIT,TODO,UNRESOLVED,,,,0,,,
CONFIG_FB_OMAP2_DSS_MIN_FCK_PER_PCK,TODO,UNRESOLVED,,,,0,,,
CONFIG_FB_OMAP2_DSS_SDI,TODO,UNRESOLVED,,,,0,,,
CONFIG_FB_OMAP2_DSS_SLEEP_AFTER_VENC_RESET,TODO,UNRESOLVED,,,,0,,,
CONFIG_FB_OMAP2_DSS_VENC,TODO,UNRESOLVED,,,,0,,,
CONFIG_FB_OMAP2_ENCODER_OPA362,TODO,UNRESOLVED,,,,0,,,
CONFIG_FB_OMAP2_ENCODER_TFP410,TODO,UNRESOLVED,,,,0,,,
CONFIG_FB_OMAP2_ENCODER_TPD12S015,TODO,UNRESOLVED,,,,0,,,
CONFIG_FB_OMAP2_NUM_FBS,TODO,UNRESOLVED,,,,0,,,
CONFIG_FB_OMAP2_PANEL_DPI,TODO,UNRESOLVED,,,,0,,,
CONFIG_FB_OMAP2_PANEL_DSI_CM,TODO,UNRESOLVED,,,,0,,,
CONFIG_FB_OMAP2_PANEL_LGPHILIPS_LB035Q02,TODO,UNRESOLVED,,,,0,,,
CONFIG_FB_OMAP2_PANEL_NEC_NL8048HL11,TODO,UNRESOLVED,,,,0,,,
CONFIG_FB_OMAP2_PANEL_SHARP_LS037V7DW01,TODO,UNRESOLVED,,,,0,,,
CONFIG_FB_OMAP2_PANEL_SONY_ACX565AKM,TODO,UNRESOLVED,,,,0,,,
CONFIG_FB_OMAP2_PANEL_TPO_TD028TTEC1,TODO,UNRESOLVED,,,,0,,,
CONFIG_FB_OMAP2_PANEL_TPO_TD043MTEA1,TODO,UNRESOLVED,,,,0,,,
CONFIG_FB_OMAP4_DSS_HDMI,TODO,UNRESOLVED,,,,0,,,
CONFIG_FB_OMAP5_DSS_HDMI,TODO,UNRESOLVED,,,,0,,,
CONFIG_FB_OMAP_DMA_TUNE,TODO,UNRESOLVED,,,,0,,,
CONFIG_FB_OMAP_LCDC_EXTERNAL,TODO,UNRESOLVED,,,,0,,,
CONFIG_FB_OMAP_LCDC_HWA742,TODO,UNRESOLVED,,,,0,,,
CONFIG_FB_OMAP_LCD_MIPID,TODO,UNRESOLVED,,,,0,,,
CONFIG_FB_OMAP_MANUAL_UPDATE,TODO,UNRESOLVED,,,,0,,,
CONFIG_FB_OPENCORES,TODO,UNRESOLVED,,,,0,,,
CONFIG_FB_P9100,TODO,UNRESOLVED,,,,0,,,
CONFIG_FB_PLATINUM,TODO,UNRESOLVED,,,,0,,,
CONFIG_FB_PM2,TODO,UNRESOLVED,,,,0,,,
CONFIG_FB_PM2_FIFO_DISCONNECT,TODO,UNRESOLVED,,,,0,,,
CONFIG_FB_PM3,TODO,UNRESOLVED,,,,0,,,
CONFIG_FB_PMAGB_B,TODO,UNRESOLVED,,,,0,,,
CONFIG_FB_PMAG_AA,TODO,UNRESOLVED,,,,0,,,
CONFIG_FB_PMAG_BA,TODO,UNRESOLVED,,,,0,,,
CONFIG_FB_PRE_INIT_FB,TODO,UNRESOLVED,,,,0,,,
CONFIG_FB_PROVIDE_GET_FB_UNMAPPED_AREA,TODO,UNRESOLVED,,,,0,,,
CONFIG_FB_PS3,TODO,UNRESOLVED,,,,0,,,
CONFIG_FB_PS3_DEFAULT_SIZE_M,TODO,UNRESOLVED,,,,0,,,
CONFIG_FB_PVR2,TODO,UNRESOLVED,,,,0,,,
CONFIG_FB_PXA,TODO,UNRESOLVED,,,,0,,,
CONFIG_FB_PXA168,TODO,UNRESOLVED,,,,0,,,
CONFIG_FB_PXA_OVERLAY,TODO,UNRESOLVED,,,,0,,,
CONFIG_FB_PXA_PARAMETERS,TODO,UNRESOLVED,,,,0,,,
CONFIG_FB_PXA_SMARTPANEL,TODO,UNRESOLVED,,,,0,,,
CONFIG_FB_Q40,TODO,UNRESOLVED,,,,0,,,
CONFIG_FB_RADEON,TODO,UNRESOLVED,,,,0,,,
CONFIG_FB_RADEON_BACKLIGHT,TODO,UNRESOLVED,,,,0,,,
CONFIG_FB_RADEON_DEBUG,TODO,UNRESOLVED,,,,0,,,
CONFIG_FB_RADEON_I2C,TODO,UNRESOLVED,,,,0,,,
CONFIG_FB_RIVA,TODO,UNRESOLVED,,,,0,,,
CONFIG_FB_RIVA_BACKLIGHT,TODO,UNRESOLVED,,,,0,,,
CONFIG_FB_RIVA_DEBUG,TODO,UNRESOLVED,,,,0,,,
CONFIG_FB_RIVA_I2C,TODO,UNRESOLVED,,,,0,,,
CONFIG_FB_S1D13XXX,TODO,UNRESOLVED,,,,0,,,
CONFIG_FB_S3,TODO,UNRESOLVED,,,,0,,,
CONFIG_FB_S3C,TODO,UNRESOLVED,,,,0,,,
CONFIG_FB_S3C_DEBUG_REGWRITE,TODO,UNRESOLVED,,,,0,,,
CONFIG_FB_S3_DDC,TODO,UNRESOLVED,,,,0,,,
CONFIG_FB_SA1100,TODO,UNRESOLVED,,,,0,,,
CONFIG_FB_SAVAGE,TODO,UNRESOLVED,,,,0,,,
CONFIG_FB_SAVAGE_ACCEL,TODO,UNRESOLVED,,,,0,,,
CONFIG_FB_SAVAGE_I2C,TODO,UNRESOLVED,,,,0,,,
CONFIG_FB_SBUS,TODO,UNRESOLVED,,,,0,,,
CONFIG_FB_SBUS_HELPERS,TODO,UNRESOLVED,,,,0,,,
CONFIG_FB_SH7760,TODO,UNRESOLVED,,,,0,,,
CONFIG_FB_SH_MOBILE_LCDC,TODO,UNRESOLVED,,,,0,,,
CONFIG_FB_SIMPLE,TODO,UNRESOLVED,,,,0,,,
CONFIG_FB_SIS,TODO,UNRESOLVED,,,,0,,,
CONFIG_FB_SIS_300,TODO,UNRESOLVED,,,,0,,,
CONFIG_FB_SIS_315,TODO,UNRESOLVED,,,,0,,,
CONFIG_FB_SM501,TODO,UNRESOLVED,,,,0,,,
CONFIG_FB_SM712,TODO,UNRESOLVED,,,,0,,,
CONFIG_FB_SM750,TODO,UNRESOLVED,,,,0,,,
CONFIG_FB_SMSCUFX,TODO,UNRESOLVED,,,,0,,,
CONFIG_FB_SSD1307,TODO,UNRESOLVED,,,,0,,,
CONFIG_FB_STI,TODO,UNRESOLVED,,,,0,,,
CONFIG_FB_SVGALIB,TODO,UNRESOLVED,,,,0,,,
CONFIG_FB_SYSMEM_FOPS,TODO,UNRESOLVED,,,,0,,,
CONFIG_FB_SYSMEM_HELPERS,TODO,UNRESOLVED,,,,0,,,
CONFIG_FB_SYSMEM_HELPERS_DEFERRED,TODO,UNRESOLVED,,,,0,,,
CONFIG_FB_SYS_COPYAREA,TODO,UNRESOLVED,,,,0,,,
CONFIG_FB_SYS_FILLRECT,TODO,UNRESOLVED,,,,0,,,
CONFIG_FB_SYS_IMAGEBLIT,TODO,UNRESOLVED,,,,0,,,
CONFIG_FB_SYS_REV_PIXELS_IN_BYTE,TODO,UNRESOLVED,,,,0,,,
CONFIG_FB_TCX,TODO,UNRESOLVED,,,,0,,,
CONFIG_FB_TFT,TODO,UNRESOLVED,,,,0,,,
CONFIG_FB_TFT_AGM1264K_FL,TODO,UNRESOLVED,,,,0,,,
CONFIG_FB_TFT_BD663474,TODO,UNRESOLVED,,,,0,,,
CONFIG_FB_TFT_HX8340BN,TODO,UNRESOLVED,,,,0,,,
CONFIG_FB_TFT_HX8347D,TODO,UNRESOLVED,,,,0,,,
CONFIG_FB_TFT_HX8353D,TODO,UNRESOLVED,,,,0,,,
CONFIG_FB_TFT_HX8357D,TODO,UNRESOLVED,,,,0,,,
CONFIG_FB_TFT_ILI9163,TODO,UNRESOLVED,,,,0,,,
CONFIG_FB_TFT_ILI9320,TODO,UNRESOLVED,,,,0,,,
CONFIG_FB_TFT_ILI9325,TODO,UNRESOLVED,,,,0,,,
CONFIG_FB_TFT_ILI9340,TODO,UNRESOLVED,,,,0,,,
CONFIG_FB_TFT_ILI9341,TODO,UNRESOLVED,,,,0,,,
CONFIG_FB_TFT_ILI9481,TODO,UNRESOLVED,,,,0,,,
CONFIG_FB_TFT_ILI9486,TODO,UNRESOLVED,,,,0,,,
CONFIG_FB_TFT_PCD8544,TODO,UNRESOLVED,,,,0,,,
CONFIG_FB_TFT_RA8875,TODO,UNRESOLVED,,,,0,,,
CONFIG_FB_TFT_S6D02A1,TODO,UNRESOLVED,,,,0,,,
CONFIG_FB_TFT_S6D1121,TODO,UNRESOLVED,,,,0,,,
CONFIG_FB_TFT_SEPS525,TODO,UNRESOLVED,,,,0,,,
CONFIG_FB_TFT_SH1106,TODO,UNRESOLVED,,,,0,,,
CONFIG_FB_TFT_SSD1289,TODO,UNRESOLVED,,,,0,,,
CONFIG_FB_TFT_SSD1305,TODO,UNRESOLVED,,,,0,,,
CONFIG_FB_TFT_SSD1306,TODO,UNRESOLVED,,,,0,,,
CONFIG_FB_TFT_SSD1331,TODO,UNRESOLVED,,,,0,,,
CONFIG_FB_TFT_SSD1351,TODO,UNRESOLVED,,,,0,,,
CONFIG_FB_TFT_ST7735R,TODO,UNRESOLVED,,,,0,,,
CONFIG_FB_TFT_ST7789V,TODO,UNRESOLVED,,,,0,,,
CONFIG_FB_TFT_TINYLCD,TODO,UNRESOLVED,,,,0,,,
CONFIG_FB_TFT_TLS8204,TODO,UNRESOLVED,,,,0,,,
CONFIG_FB_TFT_UC1611,TODO,UNRESOLVED,,,,0,,,
CONFIG_FB_TFT_UC1701,TODO,UNRESOLVED,,,,0,,,
CONFIG_FB_TFT_UPD161704,TODO,UNRESOLVED,,,,0,,,
CONFIG_FB_TGA,TODO,UNRESOLVED,,,,0,,,
CONFIG_FB_TILEBLITTING,TODO,UNRESOLVED,,,,0,,,
CONFIG_FB_TRIDENT,TODO,UNRESOLVED,,,,0,,,
CONFIG_FB_UDL,TODO,UNRESOLVED,,,,0,,,
CONFIG_FB_UVESA,TODO,UNRESOLVED,,,,0,,,
CONFIG_FB_VALKYRIE,TODO,UNRESOLVED,,,,0,,,
CONFIG_FB_VESA,TODO,UNRESOLVED,,,,0,,,
CONFIG_FB_VGA16,TODO,UNRESOLVED,,,,0,,,
CONFIG_FB_VIA,TODO,UNRESOLVED,,,,0,,,
CONFIG_FB_VIA_DIRECT_PROCFS,TODO,UNRESOLVED,,,,0,,,
CONFIG_FB_VIA_X_COMPATIBILITY,TODO,UNRESOLVED,,,,0,,,
CONFIG_FB_VIRTUAL,TODO,UNRESOLVED,,,,0,,,
CONFIG_FB_VOODOO1,TODO,UNRESOLVED,,,,0,,,
CONFIG_FB_VT8500,TODO,UNRESOLVED,,,,0,,,
CONFIG_FB_VT8623,TODO,UNRESOLVED,,,,0,,,
CONFIG_FB_WM8505,TODO,UNRESOLVED,,,,0,,,
CONFIG_FB_WMT_GE_ROPS,TODO,UNRESOLVED,,,,0,,,
CONFIG_FB_XILINX,TODO,UNRESOLVED,,,,0,,,
CONFIG_FB_XVR1000,TODO,UNRESOLVED,,,,0,,,
CONFIG_FB_XVR2500,TODO,UNRESOLVED,,,,0,,,
CONFIG_FB_XVR500,TODO,UNRESOLVED,,,,0,,,
CONFIG_FCOE,TODO,UNRESOLVED,,,,0,,,
CONFIG_FCOE_FNIC,TODO,UNRESOLVED,,,,0,,,
CONFIG_FDDI,TODO,UNRESOLVED,,,,0,,,
CONFIG_FDMA,TODO,UNRESOLVED,,,,0,,,
CONFIG_FEALNX,TODO,UNRESOLVED,,,,0,,,
CONFIG_FEC,TODO,UNRESOLVED,,,,0,,,
CONFIG_FEC_MPC52xx,TODO,UNRESOLVED,,,,0,,,
CONFIG_FEC_MPC52xx_MDIO,TODO,UNRESOLVED,,,,0,,,
CONFIG_FFS_KUNIT_TEST,TODO,UNRESOLVED,,,,0,,,
CONFIG_FHANDLE,TODO,UNRESOLVED,,,,0,,,
CONFIG_FHCI_DEBUG,TODO,UNRESOLVED,,,,0,,,
CONFIG_FIB_RULES,TODO,UNRESOLVED,,,,0,,,
CONFIG_FILE_LOCKING,TODO,UNRESOLVED,,,,0,,,
CONFIG_FIND_BIT_BENCHMARK,TODO,UNRESOLVED,,,,0,,,
CONFIG_FIND_BIT_BENCHMARK_RUST,TODO,UNRESOLVED,,,,0,,,
CONFIG_FIND_NORMAL_PAGE,TODO,UNRESOLVED,,,,0,,,
CONFIG_FINEIBT,TODO,UNRESOLVED,,,,0,,,
CONFIG_FINEIBT_BHI,TODO,UNRESOLVED,,,,0,,,
CONFIG_FIPS_SIGNATURE_SELFTEST,TODO,UNRESOLVED,,,,0,,,
CONFIG_FIPS_SIGNATURE_SELFTEST_ECDSA,TODO,UNRESOLVED,,,,0,,,
CONFIG_FIPS_SIGNATURE_SELFTEST_RSA,TODO,UNRESOLVED,,,,0,,,
CONFIG_FIREWIRE,TODO,UNRESOLVED,,,,0,,,
CONFIG_FIREWIRE_KUNIT_DEVICE_ATTRIBUTE_TEST,TODO,UNRESOLVED,,,,0,,,
CONFIG_FIREWIRE_KUNIT_OHCI_SERDES_TEST,TODO,UNRESOLVED,,,,0,,,
CONFIG_FIREWIRE_KUNIT_PACKET_SERDES_TEST,TODO,UNRESOLVED,,,,0,,,
CONFIG_FIREWIRE_KUNIT_SELF_ID_SEQUENCE_HELPER_TEST,TODO,UNRESOLVED,,,,0,,,
CONFIG_FIREWIRE_KUNIT_UAPI_TEST,TODO,UNRESOLVED,,,,0,,,
CONFIG_FIREWIRE_NET,TODO,UNRESOLVED,,,,0,,,
CONFIG_FIREWIRE_NOSY,TODO,UNRESOLVED,,,,0,,,
CONFIG_FIREWIRE_OHCI,TODO,UNRESOLVED,,,,0,,,
CONFIG_FIREWIRE_SBP2,TODO,UNRESOLVED,,,,0,,,
CONFIG_FIRMWARE_EDID,TODO,UNRESOLVED,,,,0,,,
CONFIG_FIRMWARE_MEMMAP,TODO,UNRESOLVED,,,,0,,,
CONFIG_FIRMWARE_TABLE,REVIEWED,TRANSITIVE,DOCUMENTED_PLATFORM,HYPERV,hyperv-platform-enumeration,1,Kconfig-enabled ACPI/platform closure in K-HOSTCHAN-001; not independently requested or claimed required.,https://github.com/microsoft/WSL2-Linux-Kernel/blob/14794180686c2fb6307fbe359c359bec765249f3/drivers/acpi/Kconfig,
CONFIG_FIXED_PHY,TODO,UNRESOLVED,,,,0,,,
CONFIG_FIX_EARLYCON_MEM,TODO,UNRESOLVED,,,,0,,,
CONFIG_FLATMEM,TODO,UNRESOLVED,,,,0,,,
CONFIG_FLATMEM_MANUAL,TODO,UNRESOLVED,,,,0,,,
CONFIG_FM10K,TODO,UNRESOLVED,,,,0,,,
CONFIG_FONTS,TODO,UNRESOLVED,,,,0,,,
CONFIG_FONT_10x18,TODO,UNRESOLVED,,,,0,,,
CONFIG_FONT_6x10,TODO,UNRESOLVED,,,,0,,,
CONFIG_FONT_6x11,TODO,UNRESOLVED,,,,0,,,
CONFIG_FONT_6x8,TODO,UNRESOLVED,,,,0,,,
CONFIG_FONT_7x14,TODO,UNRESOLVED,,,,0,,,
CONFIG_FONT_8x16,TODO,UNRESOLVED,,,,0,,,
CONFIG_FONT_8x8,TODO,UNRESOLVED,,,,0,,,
CONFIG_FONT_ACORN_8x8,TODO,UNRESOLVED,,,,0,,,
CONFIG_FONT_AUTOSELECT,TODO,UNRESOLVED,,,,0,,,
CONFIG_FONT_MINI_4x6,TODO,UNRESOLVED,,,,0,,,
CONFIG_FONT_PEARL_8x8,TODO,UNRESOLVED,,,,0,,,
CONFIG_FONT_SUN12x22,TODO,UNRESOLVED,,,,0,,,
CONFIG_FONT_SUN8x16,TODO,UNRESOLVED,,,,0,,,
CONFIG_FONT_SUPPORT,TODO,UNRESOLVED,,,,0,,,
CONFIG_FONT_TER16x32,TODO,UNRESOLVED,,,,0,,,
CONFIG_FORCEDETH,TODO,UNRESOLVED,,,,0,,,
CONFIG_FORCE_DYNAMIC_FTRACE,TODO,UNRESOLVED,,,,0,,,
CONFIG_FORCE_NEED_SRCU_NMI_SAFE,TODO,UNRESOLVED,,,,0,,,
CONFIG_FORCE_NR_CPUS,TODO,UNRESOLVED,,,,0,,,
CONFIG_FORCE_PCI,TODO,UNRESOLVED,,,,0,,,
CONFIG_FORCE_TASKS_RCU,TODO,UNRESOLVED,,,,0,,,
CONFIG_FORCE_TASKS_RUDE_RCU,TODO,UNRESOLVED,,,,0,,,
CONFIG_FORCE_TASKS_TRACE_RCU,TODO,UNRESOLVED,,,,0,,,
CONFIG_FORTIFY_KUNIT_TEST,TODO,UNRESOLVED,,,,0,,,
CONFIG_FORTIFY_SOURCE,TODO,UNRESOLVED,,,,0,,,
CONFIG_FPGA,TODO,UNRESOLVED,,,,0,,,
CONFIG_FPGA_BRIDGE,TODO,UNRESOLVED,,,,0,,,
CONFIG_FPGA_DFL,TODO,UNRESOLVED,,,,0,,,
CONFIG_FPGA_DFL_AFU,TODO,UNRESOLVED,,,,0,,,
CONFIG_FPGA_DFL_EMIF,TODO,UNRESOLVED,,,,0,,,
CONFIG_FPGA_DFL_FME,TODO,UNRESOLVED,,,,0,,,
CONFIG_FPGA_DFL_FME_BRIDGE,TODO,UNRESOLVED,,,,0,,,
CONFIG_FPGA_DFL_FME_MGR,TODO,UNRESOLVED,,,,0,,,
CONFIG_FPGA_DFL_FME_REGION,TODO,UNRESOLVED,,,,0,,,
CONFIG_FPGA_DFL_NIOS_INTEL_PAC_N3000,TODO,UNRESOLVED,,,,0,,,
CONFIG_FPGA_DFL_PCI,TODO,UNRESOLVED,,,,0,,,
CONFIG_FPGA_KUNIT_TESTS,TODO,UNRESOLVED,,,,0,,,
CONFIG_FPGA_M10_BMC_SEC_UPDATE,TODO,UNRESOLVED,,,,0,,,
CONFIG_FPGA_MGR_ALTERA_CVP,TODO,UNRESOLVED,,,,0,,,
CONFIG_FPGA_MGR_ALTERA_PS_SPI,TODO,UNRESOLVED,,,,0,,,
CONFIG_FPGA_MGR_ICE40_SPI,TODO,UNRESOLVED,,,,0,,,
CONFIG_FPGA_MGR_LATTICE_SYSCONFIG,TODO,UNRESOLVED,,,,0,,,
CONFIG_FPGA_MGR_LATTICE_SYSCONFIG_SPI,TODO,UNRESOLVED,,,,0,,,
CONFIG_FPGA_MGR_MACHXO2_SPI,TODO,UNRESOLVED,,,,0,,,
CONFIG_FPGA_MGR_MICROCHIP_SPI,TODO,UNRESOLVED,,,,0,,,
CONFIG_FPGA_MGR_SOCFPGA,TODO,UNRESOLVED,,,,0,,,
CONFIG_FPGA_MGR_SOCFPGA_A10,TODO,UNRESOLVED,,,,0,,,
CONFIG_FPGA_MGR_STRATIX10_SOC,TODO,UNRESOLVED,,,,0,,,
CONFIG_FPGA_MGR_TS73XX,TODO,UNRESOLVED,,,,0,,,
CONFIG_FPGA_MGR_VERSAL_FPGA,TODO,UNRESOLVED,,,,0,,,
CONFIG_FPGA_MGR_XILINX_CORE,TODO,UNRESOLVED,,,,0,,,
CONFIG_FPGA_MGR_XILINX_SELECTMAP,TODO,UNRESOLVED,,,,0,,,
CONFIG_FPGA_MGR_XILINX_SPI,TODO,UNRESOLVED,,,,0,,,
CONFIG_FPGA_MGR_ZYNQMP_FPGA,TODO,UNRESOLVED,,,,0,,,
CONFIG_FPGA_MGR_ZYNQ_FPGA,TODO,UNRESOLVED,,,,0,,,
CONFIG_FPGA_REGION,TODO,UNRESOLVED,,,,0,,,
CONFIG_FPROBE,TODO,UNRESOLVED,,,,0,,,
CONFIG_FPROBE_EVENTS,TODO,UNRESOLVED,,,,0,,,
CONFIG_FPROBE_SANITY_TEST,TODO,UNRESOLVED,,,,0,,,
CONFIG_FRAMEBUFFER_CONSOLE,TODO,UNRESOLVED,,,,0,,,
CONFIG_FRAMEBUFFER_CONSOLE_DEFERRED_TAKEOVER,TODO,UNRESOLVED,,,,0,,,
CONFIG_FRAMEBUFFER_CONSOLE_DETECT_PRIMARY,TODO,UNRESOLVED,,,,0,,,
CONFIG_FRAMEBUFFER_CONSOLE_LEGACY_ACCELERATION,TODO,UNRESOLVED,,,,0,,,
CONFIG_FRAMEBUFFER_CONSOLE_ROTATION,TODO,UNRESOLVED,,,,0,,,
CONFIG_FRAMER,TODO,UNRESOLVED,,,,0,,,
CONFIG_FRAMER_PEF2256,TODO,UNRESOLVED,,,,0,,,
CONFIG_FRAME_POINTER,TODO,UNRESOLVED,,,,0,,,
CONFIG_FRAME_WARN,TODO,UNRESOLVED,,,,0,,,
CONFIG_FREEZER,TODO,UNRESOLVED,,,,0,,,
CONFIG_FSCACHE,TODO,UNRESOLVED,,,,0,,,
CONFIG_FSCACHE_STATS,TODO,UNRESOLVED,,,,0,,,
CONFIG_FSI,TODO,UNRESOLVED,,,,0,,,
CONFIG_FSI_MASTER_ASPEED,TODO,UNRESOLVED,,,,0,,,
CONFIG_FSI_MASTER_AST_CF,TODO,UNRESOLVED,,,,0,,,
CONFIG_FSI_MASTER_GPIO,TODO,UNRESOLVED,,,,0,,,
CONFIG_FSI_MASTER_HUB,TODO,UNRESOLVED,,,,0,,,
CONFIG_FSI_MASTER_I2CR,TODO,UNRESOLVED,,,,0,,,
CONFIG_FSI_NEW_DEV_NODE,TODO,UNRESOLVED,,,,0,,,
CONFIG_FSI_OCC,TODO,UNRESOLVED,,,,0,,,
CONFIG_FSI_SBEFIFO,TODO,UNRESOLVED,,,,0,,,
CONFIG_FSI_SCOM,TODO,UNRESOLVED,,,,0,,,
CONFIG_FSL_BMAN_TEST,TODO,UNRESOLVED,,,,0,,,
CONFIG_FSL_BMAN_TEST_API,TODO,UNRESOLVED,,,,0,,,
CONFIG_FSL_CORENET_CF,TODO,UNRESOLVED,,,,0,,,
CONFIG_FSL_DMA,TODO,UNRESOLVED,,,,0,,,
CONFIG_FSL_DPAA,TODO,UNRESOLVED,,,,0,,,
CONFIG_FSL_DPAA2_ETH,TODO,UNRESOLVED,,,,0,,,
CONFIG_FSL_DPAA2_ETH_DCB,TODO,UNRESOLVED,,,,0,,,
CONFIG_FSL_DPAA2_PTP_CLOCK,TODO,UNRESOLVED,,,,0,,,
CONFIG_FSL_DPAA2_QDMA,TODO,UNRESOLVED,,,,0,,,
CONFIG_FSL_DPAA2_SWITCH,TODO,UNRESOLVED,,,,0,,,
CONFIG_FSL_DPAA_CHECKING,TODO,UNRESOLVED,,,,0,,,
CONFIG_FSL_DPAA_ETH,TODO,UNRESOLVED,,,,0,,,
CONFIG_FSL_EDMA,TODO,UNRESOLVED,,,,0,,,
CONFIG_FSL_ENETC,TODO,UNRESOLVED,,,,0,,,
CONFIG_FSL_ENETC_CORE,TODO,UNRESOLVED,,,,0,,,
CONFIG_FSL_ENETC_IERB,TODO,UNRESOLVED,,,,0,,,
CONFIG_FSL_ENETC_MDIO,TODO,UNRESOLVED,,,,0,,,
CONFIG_FSL_ENETC_PTP_CLOCK,TODO,UNRESOLVED,,,,0,,,
CONFIG_FSL_ENETC_QOS,TODO,UNRESOLVED,,,,0,,,
CONFIG_FSL_ENETC_VF,TODO,UNRESOLVED,,,,0,,,
CONFIG_FSL_ERRATUM_A008585,TODO,UNRESOLVED,,,,0,,,
CONFIG_FSL_FMAN,TODO,UNRESOLVED,,,,0,,,
CONFIG_FSL_FTM_TIMER,TODO,UNRESOLVED,,,,0,,,
CONFIG_FSL_GUTS,TODO,UNRESOLVED,,,,0,,,
CONFIG_FSL_HV_MANAGER,TODO,UNRESOLVED,,,,0,,,
CONFIG_FSL_IFC,TODO,UNRESOLVED,,,,0,,,
CONFIG_FSL_IMX8_DDR_PMU,TODO,UNRESOLVED,,,,0,,,
CONFIG_FSL_IMX9_DDR_PMU,TODO,UNRESOLVED,,,,0,,,
CONFIG_FSL_MC_BUS,TODO,UNRESOLVED,,,,0,,,
CONFIG_FSL_MC_DPIO,TODO,UNRESOLVED,,,,0,,,
CONFIG_FSL_MC_UAPI_SUPPORT,TODO,UNRESOLVED,,,,0,,,
CONFIG_FSL_MX25_ADC,TODO,UNRESOLVED,,,,0,,,
CONFIG_FSL_PAMU,TODO,UNRESOLVED,,,,0,,,
CONFIG_FSL_PQ_MDIO,TODO,UNRESOLVED,,,,0,,,
CONFIG_FSL_QDMA,TODO,UNRESOLVED,,,,0,,,
CONFIG_FSL_QMAN_TEST,TODO,UNRESOLVED,,,,0,,,
CONFIG_FSL_QMAN_TEST_API,TODO,UNRESOLVED,,,,0,,,
CONFIG_FSL_QMAN_TEST_STASH,TODO,UNRESOLVED,,,,0,,,
CONFIG_FSL_QMC_HDLC,TODO,UNRESOLVED,,,,0,,,
CONFIG_FSL_RAID,TODO,UNRESOLVED,,,,0,,,
CONFIG_FSL_RCPM,TODO,UNRESOLVED,,,,0,,,
CONFIG_FSL_UCC_HDLC,TODO,UNRESOLVED,,,,0,,,
CONFIG_FSL_USB2_OTG,TODO,UNRESOLVED,,,,0,,,
CONFIG_FSL_XGMAC_MDIO,TODO,UNRESOLVED,,,,0,,,
CONFIG_FSNOTIFY,TODO,UNRESOLVED,,,,0,,,
CONFIG_FS_DAX,TODO,UNRESOLVED,,,,0,,,
CONFIG_FS_DAX_PMD,TODO,UNRESOLVED,,,,0,,,
CONFIG_FS_ENCRYPTION,TODO,UNRESOLVED,,,,0,,,
CONFIG_FS_ENCRYPTION_ALGS,TODO,UNRESOLVED,,,,0,,,
CONFIG_FS_ENCRYPTION_INLINE_CRYPT,TODO,UNRESOLVED,,,,0,,,
CONFIG_FS_ENET,TODO,UNRESOLVED,,,,0,,,
CONFIG_FS_ENET_HAS_FCC,TODO,UNRESOLVED,,,,0,,,
CONFIG_FS_ENET_HAS_FEC,TODO,UNRESOLVED,,,,0,,,
CONFIG_FS_ENET_HAS_SCC,TODO,UNRESOLVED,,,,0,,,
CONFIG_FS_ENET_MDIO_FCC,TODO,UNRESOLVED,,,,0,,,
CONFIG_FS_ENET_MDIO_FEC,TODO,UNRESOLVED,,,,0,,,
CONFIG_FS_ENET_MPC5121_FEC,TODO,UNRESOLVED,,,,0,,,
CONFIG_FS_IOMAP,TODO,UNRESOLVED,,,,0,,,
CONFIG_FS_MBCACHE,TODO,UNRESOLVED,,,,0,,,
CONFIG_FS_POSIX_ACL,TODO,UNRESOLVED,,,,0,,,
CONFIG_FS_STACK,REVIEWED,TRANSITIVE,DOCUMENTED_PLATFORM,WSL_CONTROL,system-distro-overlay,1,Selected by OVERLAY_FS in the stock-discovery candidate; not independently requested and not retained for Minimal Viable WSL.,https://github.com/microsoft/WSL2-Linux-Kernel/blob/14794180686c2fb6307fbe359c359bec765249f3/fs/overlayfs/Kconfig,
CONFIG_FS_VERITY,TODO,UNRESOLVED,,,,0,,,
CONFIG_FS_VERITY_BUILTIN_SIGNATURES,TODO,UNRESOLVED,,,,0,,,
CONFIG_FTGMAC100,TODO,UNRESOLVED,,,,0,,,
CONFIG_FTL,TODO,UNRESOLVED,,,,0,,,
CONFIG_FTMAC100,TODO,UNRESOLVED,,,,0,,,
CONFIG_FTM_QUADDEC,TODO,UNRESOLVED,,,,0,,,
CONFIG_FTRACE,TODO,UNRESOLVED,,,,0,,,
CONFIG_FTRACE_MCOUNT_USE_CC,TODO,UNRESOLVED,,,,0,,,
CONFIG_FTRACE_MCOUNT_USE_OBJTOOL,TODO,UNRESOLVED,,,,0,,,
CONFIG_FTRACE_MCOUNT_USE_PATCHABLE_FUNCTION_ENTRY,TODO,UNRESOLVED,,,,0,,,
CONFIG_FTRACE_MCOUNT_USE_RECORDMCOUNT,TODO,UNRESOLVED,,,,0,,,
CONFIG_FTRACE_RECORD_RECURSION,TODO,UNRESOLVED,,,,0,,,
CONFIG_FTRACE_RECORD_RECURSION_SIZE,TODO,UNRESOLVED,,,,0,,,
CONFIG_FTRACE_SELFTEST,TODO,UNRESOLVED,,,,0,,,
CONFIG_FTRACE_SORT_STARTUP_TEST,TODO,UNRESOLVED,,,,0,,,
CONFIG_FTRACE_STARTUP_TEST,TODO,UNRESOLVED,,,,0,,,
CONFIG_FTRACE_SYSCALLS,TODO,UNRESOLVED,,,,0,,,
CONFIG_FTRACE_VALIDATE_RCU_IS_WATCHING,TODO,UNRESOLVED,,,,0,,,
CONFIG_FTTMR010_TIMER,TODO,UNRESOLVED,,,,0,,,
CONFIG_FTWDT010_WATCHDOG,TODO,UNRESOLVED,,,,0,,,
CONFIG_FUEL_GAUGE_MM8013,TODO,UNRESOLVED,,,,0,,,
CONFIG_FUEL_GAUGE_SC27XX,TODO,UNRESOLVED,,,,0,,,
CONFIG_FUEL_GAUGE_STC3117,TODO,UNRESOLVED,,,,0,,,
CONFIG_FUJITSU_ES,TODO,UNRESOLVED,,,,0,,,
CONFIG_FUJITSU_LAPTOP,TODO,UNRESOLVED,,,,0,,,
CONFIG_FUJITSU_TABLET,TODO,UNRESOLVED,,,,0,,,
CONFIG_FUJITSU_UNCORE_PMU,TODO,UNRESOLVED,,,,0,,,
CONFIG_FUNCTION_ALIGNMENT,TODO,UNRESOLVED,,,,0,,,
CONFIG_FUNCTION_ALIGNMENT_16B,TODO,UNRESOLVED,,,,0,,,
CONFIG_FUNCTION_ALIGNMENT_32B,TODO,UNRESOLVED,,,,0,,,
CONFIG_FUNCTION_ALIGNMENT_4B,TODO,UNRESOLVED,,,,0,,,
CONFIG_FUNCTION_ALIGNMENT_64B,TODO,UNRESOLVED,,,,0,,,
CONFIG_FUNCTION_ALIGNMENT_8B,TODO,UNRESOLVED,,,,0,,,
CONFIG_FUNCTION_ERROR_INJECTION,TODO,UNRESOLVED,,,,0,,,
CONFIG_FUNCTION_GRAPH_RETADDR,TODO,UNRESOLVED,,,,0,,,
CONFIG_FUNCTION_GRAPH_RETVAL,TODO,UNRESOLVED,,,,0,,,
CONFIG_FUNCTION_GRAPH_TRACER,TODO,UNRESOLVED,,,,0,,,
CONFIG_FUNCTION_PADDING_BYTES,TODO,UNRESOLVED,,,,0,,,
CONFIG_FUNCTION_PADDING_CFI,TODO,UNRESOLVED,,,,0,,,
CONFIG_FUNCTION_PROFILER,TODO,UNRESOLVED,,,,0,,,
CONFIG_FUNCTION_TRACER,TODO,UNRESOLVED,,,,0,,,
CONFIG_FUNCTION_TRACE_ARGS,TODO,UNRESOLVED,,,,0,,,
CONFIG_FUN_CORE,TODO,UNRESOLVED,,,,0,,,
CONFIG_FUN_ETH,TODO,UNRESOLVED,,,,0,,,
CONFIG_FUSE_DAX,TODO,UNRESOLVED,,,,0,,,
CONFIG_FUSE_FS,TODO,UNRESOLVED,,,,0,,,
CONFIG_FUSE_IO_URING,TODO,UNRESOLVED,,,,0,,,
CONFIG_FUSE_PASSTHROUGH,TODO,UNRESOLVED,,,,0,,,
CONFIG_FUSION,TODO,UNRESOLVED,,,,0,,,
CONFIG_FUSION_CTL,TODO,UNRESOLVED,,,,0,,,
CONFIG_FUSION_FC,TODO,UNRESOLVED,,,,0,,,
CONFIG_FUSION_LAN,TODO,UNRESOLVED,,,,0,,,
CONFIG_FUSION_LOGGING,TODO,UNRESOLVED,,,,0,,,
CONFIG_FUSION_MAX_SGE,TODO,UNRESOLVED,,,,0,,,
CONFIG_FUSION_SAS,TODO,UNRESOLVED,,,,0,,,
CONFIG_FUSION_SPI,TODO,UNRESOLVED,,,,0,,,
CONFIG_FUTEX,TODO,UNRESOLVED,,,,0,,,
CONFIG_FUTEX_MPOL,TODO,UNRESOLVED,,,,0,,,
CONFIG_FUTEX_PI,TODO,UNRESOLVED,,,,0,,,
CONFIG_FUTEX_PRIVATE_HASH,TODO,UNRESOLVED,,,,0,,,
CONFIG_FWCTL,TODO,UNRESOLVED,,,,0,,,
CONFIG_FWCTL_MLX5,TODO,UNRESOLVED,,,,0,,,
CONFIG_FWCTL_PDS,TODO,UNRESOLVED,,,,0,,,
CONFIG_FWNODE_MDIO,TODO,UNRESOLVED,,,,0,,,
CONFIG_FW_ATTR_CLASS,TODO,UNRESOLVED,,,,0,,,
CONFIG_FW_CACHE,TODO,UNRESOLVED,,,,0,,,
CONFIG_FW_CFG_SYSFS,TODO,UNRESOLVED,,,,0,,,
CONFIG_FW_CFG_SYSFS_CMDLINE,TODO,UNRESOLVED,,,,0,,,
CONFIG_FW_CS_DSP,TODO,UNRESOLVED,,,,0,,,
CONFIG_FW_CS_DSP_KUNIT_TEST,TODO,UNRESOLVED,,,,0,,,
CONFIG_FW_CS_DSP_KUNIT_TEST_UTILS,TODO,UNRESOLVED,,,,0,,,
CONFIG_FW_DEVLINK_SYNC_STATE_TIMEOUT,TODO,UNRESOLVED,,,,0,,,
CONFIG_FW_LOADER,TODO,UNRESOLVED,,,,0,,,
CONFIG_FW_LOADER_COMPRESS,TODO,UNRESOLVED,,,,0,,,
CONFIG_FW_LOADER_COMPRESS_XZ,TODO,UNRESOLVED,,,,0,,,
CONFIG_FW_LOADER_COMPRESS_ZSTD,TODO,UNRESOLVED,,,,0,,,
CONFIG_FW_LOADER_DEBUG,TODO,UNRESOLVED,,,,0,,,
CONFIG_FW_LOADER_PAGED_BUF,TODO,UNRESOLVED,,,,0,,,
CONFIG_FW_LOADER_SYSFS,TODO,UNRESOLVED,,,,0,,,
CONFIG_FW_LOADER_USER_HELPER,TODO,UNRESOLVED,,,,0,,,
CONFIG_FW_LOADER_USER_HELPER_FALLBACK,TODO,UNRESOLVED,,,,0,,,
CONFIG_FW_UPLOAD,TODO,UNRESOLVED,,,,0,,,
CONFIG_FXAS21002C,TODO,UNRESOLVED,,,,0,,,
CONFIG_FXAS21002C_I2C,TODO,UNRESOLVED,,,,0,,,
CONFIG_FXAS21002C_SPI,TODO,UNRESOLVED,,,,0,,,
CONFIG_FXLS8962AF,TODO,UNRESOLVED,,,,0,,,
CONFIG_FXLS8962AF_I2C,TODO,UNRESOLVED,,,,0,,,
CONFIG_FXLS8962AF_SPI,TODO,UNRESOLVED,,,,0,,,
CONFIG_FXOS8700,TODO,UNRESOLVED,,,,0,,,
CONFIG_FXOS8700_I2C,TODO,UNRESOLVED,,,,0,,,
CONFIG_FXOS8700_SPI,TODO,UNRESOLVED,,,,0,,,
CONFIG_GACT_PROB,TODO,UNRESOLVED,,,,0,,,
CONFIG_GADGET_UAC1,TODO,UNRESOLVED,,,,0,,,
CONFIG_GADGET_UAC1_LEGACY,TODO,UNRESOLVED,,,,0,,,
CONFIG_GAMEPORT,TODO,UNRESOLVED,,,,0,,,
CONFIG_GAMEPORT_EMU10K1,TODO,UNRESOLVED,,,,0,,,
CONFIG_GAMEPORT_FM801,TODO,UNRESOLVED,,,,0,,,
CONFIG_GAMEPORT_L4,TODO,UNRESOLVED,,,,0,,,
CONFIG_GAMEPORT_NS558,TODO,UNRESOLVED,,,,0,,,
CONFIG_GARP,TODO,UNRESOLVED,,,,0,,,
CONFIG_GART_IOMMU,TODO,UNRESOLVED,,,,0,,,
CONFIG_GCC10_NO_ARRAY_BOUNDS,TODO,UNRESOLVED,,,,0,,,
CONFIG_GCC_ASM_GOTO_OUTPUT_BROKEN,TODO,UNRESOLVED,,,,0,,,
CONFIG_GCC_NO_STRINGOP_OVERFLOW,TODO,UNRESOLVED,,,,0,,,
CONFIG_GCC_PLUGINS,TODO,UNRESOLVED,,,,0,,,
CONFIG_GCC_PLUGIN_LATENT_ENTROPY,TODO,UNRESOLVED,,,,0,,,
CONFIG_GCC_PLUGIN_RANDSTRUCT,TODO,UNRESOLVED,,,,0,,,
CONFIG_GCC_PLUGIN_STACKLEAK,TODO,UNRESOLVED,,,,0,,,
CONFIG_GCC_PLUGIN_STACKLEAK_VERBOSE,TODO,UNRESOLVED,,,,0,,,
CONFIG_GCC_VERSION,TODO,UNRESOLVED,,,,0,,,
CONFIG_GCD_KUNIT_TEST,TODO,UNRESOLVED,,,,0,,,
CONFIG_GCOV_KERNEL,TODO,UNRESOLVED,,,,0,,,
CONFIG_GCOV_PROFILE_ALL,TODO,UNRESOLVED,,,,0,,,
CONFIG_GCOV_PROFILE_FTRACE,TODO,UNRESOLVED,,,,0,,,
CONFIG_GCOV_PROFILE_RDS,TODO,UNRESOLVED,,,,0,,,
CONFIG_GCOV_PROFILE_URING,TODO,UNRESOLVED,,,,0,,,
CONFIG_GDB_SCRIPTS,TODO,UNRESOLVED,,,,0,,,
CONFIG_GDROM,TODO,UNRESOLVED,,,,0,,,
CONFIG_GEF_WDT,TODO,UNRESOLVED,,,,0,,,
CONFIG_GEHC_ACHC,TODO,UNRESOLVED,,,,0,,,
CONFIG_GEHC_PMC_ADC,TODO,UNRESOLVED,,,,0,,,
CONFIG_GELIC_NET,TODO,UNRESOLVED,,,,0,,,
CONFIG_GELIC_WIRELESS,TODO,UNRESOLVED,,,,0,,,
CONFIG_GEMINI_ETHERNET,TODO,UNRESOLVED,,,,0,,,
CONFIG_GENDWARFKSYMS,TODO,UNRESOLVED,,,,0,,,
CONFIG_GENERIC_ADC_BATTERY,TODO,UNRESOLVED,,,,0,,,
CONFIG_GENERIC_ADC_THERMAL,TODO,UNRESOLVED,,,,0,,,
CONFIG_GENERIC_ALLOCATOR,TODO,UNRESOLVED,,,,0,,,
CONFIG_GENERIC_ARCH_NUMA,TODO,UNRESOLVED,,,,0,,,
CONFIG_GENERIC_ARCH_TOPOLOGY,TODO,UNRESOLVED,,,,0,,,
CONFIG_GENERIC_ATOMIC64,TODO,UNRESOLVED,,,,0,,,
CONFIG_GENERIC_BUG,TODO,UNRESOLVED,,,,0,,,
CONFIG_GENERIC_BUG_RELATIVE_POINTERS,TODO,UNRESOLVED,,,,0,,,
CONFIG_GENERIC_BUILTIN_DTB,TODO,UNRESOLVED,,,,0,,,
CONFIG_GENERIC_CALIBRATE_DELAY,TODO,UNRESOLVED,,,,0,,,
CONFIG_GENERIC_CLOCKEVENTS,TODO,UNRESOLVED,,,,0,,,
CONFIG_GENERIC_CLOCKEVENTS_BROADCAST,TODO,UNRESOLVED,,,,0,,,
CONFIG_GENERIC_CLOCKEVENTS_BROADCAST_IDLE,TODO,UNRESOLVED,,,,0,,,
CONFIG_GENERIC_CLOCKEVENTS_MIN_ADJUST,TODO,UNRESOLVED,,,,0,,,
CONFIG_GENERIC_CMOS_UPDATE,TODO,UNRESOLVED,,,,0,,,
CONFIG_GENERIC_CPU_AUTOPROBE,TODO,UNRESOLVED,,,,0,,,
CONFIG_GENERIC_CPU_DEVICES,TODO,UNRESOLVED,,,,0,,,
CONFIG_GENERIC_CPU_VULNERABILITIES,TODO,UNRESOLVED,,,,0,,,
CONFIG_GENERIC_CSUM,TODO,UNRESOLVED,,,,0,,,
CONFIG_GENERIC_EARLY_IOREMAP,TODO,UNRESOLVED,,,,0,,,
CONFIG_GENERIC_ENTRY,TODO,UNRESOLVED,,,,0,,,
CONFIG_GENERIC_FRAMER,TODO,UNRESOLVED,,,,0,,,
CONFIG_GENERIC_GETTIMEOFDAY,TODO,UNRESOLVED,,,,0,,,
CONFIG_GENERIC_IDLE_POLL_SETUP,TODO,UNRESOLVED,,,,0,,,
CONFIG_GENERIC_IOMAP,TODO,UNRESOLVED,,,,0,,,
CONFIG_GENERIC_IOREMAP,TODO,UNRESOLVED,,,,0,,,
CONFIG_GENERIC_IRQ_CHIP,TODO,UNRESOLVED,,,,0,,,
CONFIG_GENERIC_IRQ_DEBUGFS,TODO,UNRESOLVED,,,,0,,,
CONFIG_GENERIC_IRQ_EFFECTIVE_AFF_MASK,TODO,UNRESOLVED,,,,0,,,
CONFIG_GENERIC_IRQ_ENTRY,TODO,UNRESOLVED,,,,0,,,
CONFIG_GENERIC_IRQ_INJECTION,TODO,UNRESOLVED,,,,0,,,
CONFIG_GENERIC_IRQ_IPI,TODO,UNRESOLVED,,,,0,,,
CONFIG_GENERIC_IRQ_IPI_MUX,TODO,UNRESOLVED,,,,0,,,
CONFIG_GENERIC_IRQ_KEXEC_CLEAR_VM_FORWARD,TODO,UNRESOLVED,,,,0,,,
CONFIG_GENERIC_IRQ_MATRIX_ALLOCATOR,TODO,UNRESOLVED,,,,0,,,
CONFIG_GENERIC_IRQ_MIGRATION,TODO,UNRESOLVED,,,,0,,,
CONFIG_GENERIC_IRQ_MULTI_HANDLER,TODO,UNRESOLVED,,,,0,,,
CONFIG_GENERIC_IRQ_PROBE,TODO,UNRESOLVED,,,,0,,,
CONFIG_GENERIC_IRQ_RESERVATION_MODE,TODO,UNRESOLVED,,,,0,,,
CONFIG_GENERIC_IRQ_SHOW,TODO,UNRESOLVED,,,,0,,,
CONFIG_GENERIC_IRQ_SHOW_LEVEL,TODO,UNRESOLVED,,,,0,,,
CONFIG_GENERIC_IRQ_STAT_SNAPSHOT,TODO,UNRESOLVED,,,,0,,,
CONFIG_GENERIC_ISA_DMA,TODO,UNRESOLVED,,,,0,,,
CONFIG_GENERIC_LIB_ASHLDI3,TODO,UNRESOLVED,,,,0,,,
CONFIG_GENERIC_LIB_ASHRDI3,TODO,UNRESOLVED,,,,0,,,
CONFIG_GENERIC_LIB_CMPDI2,TODO,UNRESOLVED,,,,0,,,
CONFIG_GENERIC_LIB_DEVMEM_IS_ALLOWED,TODO,UNRESOLVED,,,,0,,,
CONFIG_GENERIC_LIB_LSHRDI3,TODO,UNRESOLVED,,,,0,,,
CONFIG_GENERIC_LIB_MULDI3,TODO,UNRESOLVED,,,,0,,,
CONFIG_GENERIC_LIB_UCMPDI2,TODO,UNRESOLVED,,,,0,,,
CONFIG_GENERIC_MSI_IRQ,TODO,UNRESOLVED,,,,0,,,
CONFIG_GENERIC_NET_UTILS,TODO,UNRESOLVED,,,,0,,,
CONFIG_GENERIC_PCI_IOMAP,TODO,UNRESOLVED,,,,0,,,
CONFIG_GENERIC_PENDING_IRQ,TODO,UNRESOLVED,,,,0,,,
CONFIG_GENERIC_PHY,TODO,UNRESOLVED,,,,0,,,
CONFIG_GENERIC_PHY_MIPI_DPHY,TODO,UNRESOLVED,,,,0,,,
CONFIG_GENERIC_PINCONF,TODO,UNRESOLVED,,,,0,,,
CONFIG_GENERIC_PINCTRL_GROUPS,TODO,UNRESOLVED,,,,0,,,
CONFIG_GENERIC_PINMUX_FUNCTIONS,TODO,UNRESOLVED,,,,0,,,
CONFIG_GENERIC_SCHED_CLOCK,TODO,UNRESOLVED,,,,0,,,
CONFIG_GENERIC_SMP_IDLE_THREAD,TODO,UNRESOLVED,,,,0,,,
CONFIG_GENERIC_STRNCPY_FROM_USER,TODO,UNRESOLVED,,,,0,,,
CONFIG_GENERIC_STRNLEN_USER,TODO,UNRESOLVED,,,,0,,,
CONFIG_GENERIC_SYSCALL,TODO,UNRESOLVED,,,,0,,,
CONFIG_GENERIC_TIME_VSYSCALL,TODO,UNRESOLVED,,,,0,,,
CONFIG_GENERIC_TRACER,TODO,UNRESOLVED,,,,0,,,
CONFIG_GENERIC_VDSO_OVERFLOW_PROTECT,TODO,UNRESOLVED,,,,0,,,
CONFIG_GENEVE,TODO,UNRESOLVED,,,,0,,,
CONFIG_GENKSYMS,TODO,UNRESOLVED,,,,0,,,
CONFIG_GENWQE,TODO,UNRESOLVED,,,,0,,,
CONFIG_GENWQE_PLATFORM_ERROR_RECOVERY,TODO,UNRESOLVED,,,,0,,,
CONFIG_GEODE_COMMON,TODO,UNRESOLVED,,,,0,,,
CONFIG_GEODE_WDT,TODO,UNRESOLVED,,,,0,,,
CONFIG_GEOS,TODO,UNRESOLVED,,,,0,,,
CONFIG_GET_FREE_REGION,TODO,UNRESOLVED,,,,0,,,
CONFIG_GFS2_FS,TODO,UNRESOLVED,,,,0,,,
CONFIG_GFS2_FS_LOCKING_DLM,TODO,UNRESOLVED,,,,0,,,
CONFIG_GIANFAR,TODO,UNRESOLVED,,,,0,,,
CONFIG_GIC_NON_BANKED,TODO,UNRESOLVED,,,,0,,,
CONFIG_GIGABYTE_WMI,TODO,UNRESOLVED,,,,0,,,
CONFIG_GLOB,TODO,UNRESOLVED,,,,0,,,
CONFIG_GLOB_SELFTEST,TODO,UNRESOLVED,,,,0,,,
CONFIG_GNSS,TODO,UNRESOLVED,,,,0,,,
CONFIG_GNSS_MTK_SERIAL,TODO,UNRESOLVED,,,,0,,,
CONFIG_GNSS_SERIAL,TODO,UNRESOLVED,,,,0,,,
CONFIG_GNSS_SIRF_SERIAL,TODO,UNRESOLVED,,,,0,,,
CONFIG_GNSS_UBX_SERIAL,TODO,UNRESOLVED,,,,0,,,
CONFIG_GNSS_USB,TODO,UNRESOLVED,,,,0,,,
CONFIG_GOLDFISH,TODO,UNRESOLVED,,,,0,,,
CONFIG_GOLDFISH_PIC,TODO,UNRESOLVED,,,,0,,,
CONFIG_GOLDFISH_PIPE,TODO,UNRESOLVED,,,,0,,,
CONFIG_GOLDFISH_TIMER,TODO,UNRESOLVED,,,,0,,,
CONFIG_GOLDFISH_TTY,TODO,UNRESOLVED,,,,0,,,
CONFIG_GOLDFISH_TTY_EARLY_CONSOLE,TODO,UNRESOLVED,,,,0,,,
CONFIG_GOOGLE_CBMEM,TODO,UNRESOLVED,,,,0,,,
CONFIG_GOOGLE_COREBOOT_TABLE,TODO,UNRESOLVED,,,,0,,,
CONFIG_GOOGLE_FIRMWARE,TODO,UNRESOLVED,,,,0,,,
CONFIG_GOOGLE_FRAMEBUFFER_COREBOOT,TODO,UNRESOLVED,,,,0,,,
CONFIG_GOOGLE_MEMCONSOLE,TODO,UNRESOLVED,,,,0,,,
CONFIG_GOOGLE_MEMCONSOLE_COREBOOT,TODO,UNRESOLVED,,,,0,,,
CONFIG_GOOGLE_MEMCONSOLE_X86_LEGACY,TODO,UNRESOLVED,,,,0,,,
CONFIG_GOOGLE_SMI,TODO,UNRESOLVED,,,,0,,,
CONFIG_GOOGLE_VPD,TODO,UNRESOLVED,,,,0,,,
CONFIG_GP2AP002,TODO,UNRESOLVED,,,,0,,,
CONFIG_GP2AP020A00F,TODO,UNRESOLVED,,,,0,,,
CONFIG_GPD_POCKET_FAN,TODO,UNRESOLVED,,,,0,,,
CONFIG_GPIB,TODO,UNRESOLVED,,,,0,,,
CONFIG_GPIB_AGILENT_82350B,TODO,UNRESOLVED,,,,0,,,
CONFIG_GPIB_AGILENT_82357A,TODO,UNRESOLVED,,,,0,,,
CONFIG_GPIB_CB7210,TODO,UNRESOLVED,,,,0,,,
CONFIG_GPIB_CEC_PCI,TODO,UNRESOLVED,,,,0,,,
CONFIG_GPIB_COMMON,TODO,UNRESOLVED,,,,0,,,
CONFIG_GPIB_FLUKE,TODO,UNRESOLVED,,,,0,,,
CONFIG_GPIB_FMH,TODO,UNRESOLVED,,,,0,,,
CONFIG_GPIB_GPIO,TODO,UNRESOLVED,,,,0,,,
CONFIG_GPIB_HP82335,TODO,UNRESOLVED,,,,0,,,
CONFIG_GPIB_HP82341,TODO,UNRESOLVED,,,,0,,,
CONFIG_GPIB_INES,TODO,UNRESOLVED,,,,0,,,
CONFIG_GPIB_LPVO,TODO,UNRESOLVED,,,,0,,,
CONFIG_GPIB_NEC7210,TODO,UNRESOLVED,,,,0,,,
CONFIG_GPIB_NI_PCI_ISA,TODO,UNRESOLVED,,,,0,,,
CONFIG_GPIB_NI_USB,TODO,UNRESOLVED,,,,0,,,
CONFIG_GPIB_PC2,TODO,UNRESOLVED,,,,0,,,
CONFIG_GPIB_PCMCIA,TODO,UNRESOLVED,,,,0,,,
CONFIG_GPIB_TMS9914,TODO,UNRESOLVED,,,,0,,,
CONFIG_GPIOLIB,TODO,UNRESOLVED,,,,0,,,
CONFIG_GPIOLIB_FASTPATH_LIMIT,TODO,UNRESOLVED,,,,0,,,
CONFIG_GPIOLIB_IRQCHIP,TODO,UNRESOLVED,,,,0,,,
CONFIG_GPIOLIB_LEGACY,TODO,UNRESOLVED,,,,0,,,
CONFIG_GPIO_104_DIO_48E,TODO,UNRESOLVED,,,,0,,,
CONFIG_GPIO_104_IDIO_16,TODO,UNRESOLVED,,,,0,,,
CONFIG_GPIO_104_IDI_48,TODO,UNRESOLVED,,,,0,,,
CONFIG_GPIO_74X164,TODO,UNRESOLVED,,,,0,,,
CONFIG_GPIO_74XX_MMIO,TODO,UNRESOLVED,,,,0,,,
CONFIG_GPIO_ACPI,TODO,UNRESOLVED,,,,0,,,
CONFIG_GPIO_ADNP,TODO,UNRESOLVED,,,,0,,,
CONFIG_GPIO_ADP5520,TODO,UNRESOLVED,,,,0,,,
CONFIG_GPIO_ADP5585,TODO,UNRESOLVED,,,,0,,,
CONFIG_GPIO_AGGREGATOR,TODO,UNRESOLVED,,,,0,,,
CONFIG_GPIO_ALTERA,TODO,UNRESOLVED,,,,0,,,
CONFIG_GPIO_ALTERA_A10SR,TODO,UNRESOLVED,,,,0,,,
CONFIG_GPIO_AMD8111,TODO,UNRESOLVED,,,,0,,,
CONFIG_GPIO_AMDPT,TODO,UNRESOLVED,,,,0,,,
CONFIG_GPIO_AMD_FCH,TODO,UNRESOLVED,,,,0,,,
CONFIG_GPIO_ARIZONA,TODO,UNRESOLVED,,,,0,,,
CONFIG_GPIO_ASPEED,TODO,UNRESOLVED,,,,0,,,
CONFIG_GPIO_ASPEED_SGPIO,TODO,UNRESOLVED,,,,0,,,
CONFIG_GPIO_ATH79,TODO,UNRESOLVED,,,,0,,,
CONFIG_GPIO_BCM_KONA,TODO,UNRESOLVED,,,,0,,,
CONFIG_GPIO_BCM_XGS_IPROC,TODO,UNRESOLVED,,,,0,,,
CONFIG_GPIO_BD71815,TODO,UNRESOLVED,,,,0,,,
CONFIG_GPIO_BD71828,TODO,UNRESOLVED,,,,0,,,
CONFIG_GPIO_BD9571MWV,TODO,UNRESOLVED,,,,0,,,
CONFIG_GPIO_BLZP1600,TODO,UNRESOLVED,,,,0,,,
CONFIG_GPIO_BRCMSTB,TODO,UNRESOLVED,,,,0,,,
CONFIG_GPIO_BT8XX,TODO,UNRESOLVED,,,,0,,,
CONFIG_GPIO_CADENCE,TODO,UNRESOLVED,,,,0,,,
CONFIG_GPIO_CDEV,TODO,UNRESOLVED,,,,0,,,
CONFIG_GPIO_CDEV_V1,TODO,UNRESOLVED,,,,0,,,
CONFIG_GPIO_CGBC,TODO,UNRESOLVED,,,,0,,,
CONFIG_GPIO_CLPS711X,TODO,UNRESOLVED,,,,0,,,
CONFIG_GPIO_CROS_EC,TODO,UNRESOLVED,,,,0,,,
CONFIG_GPIO_CRYSTAL_COVE,TODO,UNRESOLVED,,,,0,,,
CONFIG_GPIO_CS5535,TODO,UNRESOLVED,,,,0,,,
CONFIG_GPIO_DA9052,TODO,UNRESOLVED,,,,0,,,
CONFIG_GPIO_DA9055,TODO,UNRESOLVED,,,,0,,,
CONFIG_GPIO_DAVINCI,TODO,UNRESOLVED,,,,0,,,
CONFIG_GPIO_DLN2,TODO,UNRESOLVED,,,,0,,,
CONFIG_GPIO_DS4520,TODO,UNRESOLVED,,,,0,,,
CONFIG_GPIO_DWAPB,TODO,UNRESOLVED,,,,0,,,
CONFIG_GPIO_EIC_SPRD,TODO,UNRESOLVED,,,,0,,,
CONFIG_GPIO_ELKHARTLAKE,TODO,UNRESOLVED,,,,0,,,
CONFIG_GPIO_EM,TODO,UNRESOLVED,,,,0,,,
CONFIG_GPIO_EN7523,TODO,UNRESOLVED,,,,0,,,
CONFIG_GPIO_EP93XX,TODO,UNRESOLVED,,,,0,,,
CONFIG_GPIO_EXAR,TODO,UNRESOLVED,,,,0,,,
CONFIG_GPIO_F7188X,TODO,UNRESOLVED,,,,0,,,
CONFIG_GPIO_FTGPIO010,TODO,UNRESOLVED,,,,0,,,
CONFIG_GPIO_FXL6408,TODO,UNRESOLVED,,,,0,,,
CONFIG_GPIO_GENERIC,TODO,UNRESOLVED,,,,0,,,
CONFIG_GPIO_GENERIC_PLATFORM,TODO,UNRESOLVED,,,,0,,,
CONFIG_GPIO_GE_FPGA,TODO,UNRESOLVED,,,,0,,,
CONFIG_GPIO_GPIO_MM,TODO,UNRESOLVED,,,,0,,,
CONFIG_GPIO_GRANITERAPIDS,TODO,UNRESOLVED,,,,0,,,
CONFIG_GPIO_GRGPIO,TODO,UNRESOLVED,,,,0,,,
CONFIG_GPIO_GW_PLD,TODO,UNRESOLVED,,,,0,,,
CONFIG_GPIO_HISI,TODO,UNRESOLVED,,,,0,,,
CONFIG_GPIO_HLWD,TODO,UNRESOLVED,,,,0,,,
CONFIG_GPIO_I8255,TODO,UNRESOLVED,,,,0,,,
CONFIG_GPIO_ICH,TODO,UNRESOLVED,,,,0,,,
CONFIG_GPIO_IDIO_16,TODO,UNRESOLVED,,,,0,,,
CONFIG_GPIO_IDT3243X,TODO,UNRESOLVED,,,,0,,,
CONFIG_GPIO_IMX_SCU,TODO,UNRESOLVED,,,,0,,,
CONFIG_GPIO_IT87,TODO,UNRESOLVED,,,,0,,,
CONFIG_GPIO_IXP4XX,TODO,UNRESOLVED,,,,0,,,
CONFIG_GPIO_JANZ_TTL,TODO,UNRESOLVED,,,,0,,,
CONFIG_GPIO_KEMPLD,TODO,UNRESOLVED,,,,0,,,
CONFIG_GPIO_LATCH,TODO,UNRESOLVED,,,,0,,,
CONFIG_GPIO_LJCA,TODO,UNRESOLVED,,,,0,,,
CONFIG_GPIO_LOGICVC,TODO,UNRESOLVED,,,,0,,,
CONFIG_GPIO_LOONGSON,TODO,UNRESOLVED,,,,0,,,
CONFIG_GPIO_LOONGSON1,TODO,UNRESOLVED,,,,0,,,
CONFIG_GPIO_LOONGSON_64BIT,TODO,UNRESOLVED,,,,0,,,
CONFIG_GPIO_LP3943,TODO,UNRESOLVED,,,,0,,,
CONFIG_GPIO_LP873X,TODO,UNRESOLVED,,,,0,,,
CONFIG_GPIO_LP87565,TODO,UNRESOLVED,,,,0,,,
CONFIG_GPIO_LPC18XX,TODO,UNRESOLVED,,,,0,,,
CONFIG_GPIO_LPC32XX,TODO,UNRESOLVED,,,,0,,,
CONFIG_GPIO_MACSMC,TODO,UNRESOLVED,,,,0,,,
CONFIG_GPIO_MADERA,TODO,UNRESOLVED,,,,0,,,
CONFIG_GPIO_MAX3191X,TODO,UNRESOLVED,,,,0,,,
CONFIG_GPIO_MAX7300,TODO,UNRESOLVED,,,,0,,,
CONFIG_GPIO_MAX7301,TODO,UNRESOLVED,,,,0,,,
CONFIG_GPIO_MAX730X,TODO,UNRESOLVED,,,,0,,,
CONFIG_GPIO_MAX732X,TODO,UNRESOLVED,,,,0,,,
CONFIG_GPIO_MAX732X_IRQ,TODO,UNRESOLVED,,,,0,,,
CONFIG_GPIO_MAX7360,TODO,UNRESOLVED,,,,0,,,
CONFIG_GPIO_MAX77620,TODO,UNRESOLVED,,,,0,,,
CONFIG_GPIO_MAX77650,TODO,UNRESOLVED,,,,0,,,
CONFIG_GPIO_MAX77759,TODO,UNRESOLVED,,,,0,,,
CONFIG_GPIO_MB86S7X,TODO,UNRESOLVED,,,,0,,,
CONFIG_GPIO_MC33880,TODO,UNRESOLVED,,,,0,,,
CONFIG_GPIO_MENZ127,TODO,UNRESOLVED,,,,0,,,
CONFIG_GPIO_MERRIFIELD,TODO,UNRESOLVED,,,,0,,,
CONFIG_GPIO_MLXBF,TODO,UNRESOLVED,,,,0,,,
CONFIG_GPIO_MLXBF2,TODO,UNRESOLVED,,,,0,,,
CONFIG_GPIO_MLXBF3,TODO,UNRESOLVED,,,,0,,,
CONFIG_GPIO_ML_IOH,TODO,UNRESOLVED,,,,0,,,
CONFIG_GPIO_MM_LANTIQ,TODO,UNRESOLVED,,,,0,,,
CONFIG_GPIO_MOCKUP,TODO,UNRESOLVED,,,,0,,,
CONFIG_GPIO_MOXTET,TODO,UNRESOLVED,,,,0,,,
CONFIG_GPIO_MPC5200,TODO,UNRESOLVED,,,,0,,,
CONFIG_GPIO_MPC8XXX,TODO,UNRESOLVED,,,,0,,,
CONFIG_GPIO_MPSSE,TODO,UNRESOLVED,,,,0,,,
CONFIG_GPIO_MSC313,TODO,UNRESOLVED,,,,0,,,
CONFIG_GPIO_MT7621,TODO,UNRESOLVED,,,,0,,,
CONFIG_GPIO_MVEBU,TODO,UNRESOLVED,,,,0,,,
CONFIG_GPIO_MXC,TODO,UNRESOLVED,,,,0,,,
CONFIG_GPIO_MXS,TODO,UNRESOLVED,,,,0,,,
CONFIG_GPIO_NCT6694,TODO,UNRESOLVED,,,,0,,,
CONFIG_GPIO_NOMADIK,TODO,UNRESOLVED,,,,0,,,
CONFIG_GPIO_NPCM_SGPIO,TODO,UNRESOLVED,,,,0,,,
CONFIG_GPIO_OCTEON,TODO,UNRESOLVED,,,,0,,,
CONFIG_GPIO_OMAP,TODO,UNRESOLVED,,,,0,,,
CONFIG_GPIO_PALMAS,TODO,UNRESOLVED,,,,0,,,
CONFIG_GPIO_PCA953X,TODO,UNRESOLVED,,,,0,,,
CONFIG_GPIO_PCA953X_IRQ,TODO,UNRESOLVED,,,,0,,,
CONFIG_GPIO_PCA9570,TODO,UNRESOLVED,,,,0,,,
CONFIG_GPIO_PCF857X,TODO,UNRESOLVED,,,,0,,,
CONFIG_GPIO_PCH,TODO,UNRESOLVED,,,,0,,,
CONFIG_GPIO_PCIE_IDIO_24,TODO,UNRESOLVED,,,,0,,,
CONFIG_GPIO_PCI_IDIO_16,TODO,UNRESOLVED,,,,0,,,
CONFIG_GPIO_PISOSR,TODO,UNRESOLVED,,,,0,,,
CONFIG_GPIO_PL061,TODO,UNRESOLVED,,,,0,,,
CONFIG_GPIO_PMIC_EIC_SPRD,TODO,UNRESOLVED,,,,0,,,
CONFIG_GPIO_POLARFIRE_SOC,TODO,UNRESOLVED,,,,0,,,
CONFIG_GPIO_PXA,TODO,UNRESOLVED,,,,0,,,
CONFIG_GPIO_RASPBERRYPI_EXP,TODO,UNRESOLVED,,,,0,,,
CONFIG_GPIO_RC5T583,TODO,UNRESOLVED,,,,0,,,
CONFIG_GPIO_RCAR,TODO,UNRESOLVED,,,,0,,,
CONFIG_GPIO_RDA,TODO,UNRESOLVED,,,,0,,,
CONFIG_GPIO_RDC321X,TODO,UNRESOLVED,,,,0,,,
CONFIG_GPIO_REALTEK_OTTO,TODO,UNRESOLVED,,,,0,,,
CONFIG_GPIO_REG,TODO,UNRESOLVED,,,,0,,,
CONFIG_GPIO_REGMAP,TODO,UNRESOLVED,,,,0,,,
CONFIG_GPIO_ROCKCHIP,TODO,UNRESOLVED,,,,0,,,
CONFIG_GPIO_RTD,TODO,UNRESOLVED,,,,0,,,
CONFIG_GPIO_SAMA5D2_PIOBU,TODO,UNRESOLVED,,,,0,,,
CONFIG_GPIO_SCH,TODO,UNRESOLVED,,,,0,,,
CONFIG_GPIO_SCH311X,TODO,UNRESOLVED,,,,0,,,
CONFIG_GPIO_SIFIVE,TODO,UNRESOLVED,,,,0,,,
CONFIG_GPIO_SIM,TODO,UNRESOLVED,,,,0,,,
CONFIG_GPIO_SIOX,TODO,UNRESOLVED,,,,0,,,
CONFIG_GPIO_SL28CPLD,TODO,UNRESOLVED,,,,0,,,
CONFIG_GPIO_SLOPPY_LOGIC_ANALYZER,TODO,UNRESOLVED,,,,0,,,
CONFIG_GPIO_SNPS_CREG,TODO,UNRESOLVED,,,,0,,,
CONFIG_GPIO_SODAVILLE,TODO,UNRESOLVED,,,,0,,,
CONFIG_GPIO_SPACEMIT_K1,TODO,UNRESOLVED,,,,0,,,
CONFIG_GPIO_SPEAR_SPICS,TODO,UNRESOLVED,,,,0,,,
CONFIG_GPIO_SPRD,TODO,UNRESOLVED,,,,0,,,
CONFIG_GPIO_STMPE,TODO,UNRESOLVED,,,,0,,,
CONFIG_GPIO_STP_XWAY,TODO,UNRESOLVED,,,,0,,,
CONFIG_GPIO_SWNODE_UNDEFINED,TODO,UNRESOLVED,,,,0,,,
CONFIG_GPIO_SYSCON,TODO,UNRESOLVED,,,,0,,,
CONFIG_GPIO_SYSFS,TODO,UNRESOLVED,,,,0,,,
CONFIG_GPIO_SYSFS_LEGACY,TODO,UNRESOLVED,,,,0,,,
CONFIG_GPIO_TANGIER,TODO,UNRESOLVED,,,,0,,,
CONFIG_GPIO_TB10X,TODO,UNRESOLVED,,,,0,,,
CONFIG_GPIO_TC3589X,TODO,UNRESOLVED,,,,0,,,
CONFIG_GPIO_TEGRA,TODO,UNRESOLVED,,,,0,,,
CONFIG_GPIO_TEGRA186,TODO,UNRESOLVED,,,,0,,,
CONFIG_GPIO_THUNDERX,TODO,UNRESOLVED,,,,0,,,
CONFIG_GPIO_TIMBERDALE,TODO,UNRESOLVED,,,,0,,,
CONFIG_GPIO_TN48M_CPLD,TODO,UNRESOLVED,,,,0,,,
CONFIG_GPIO_TPIC2810,TODO,UNRESOLVED,,,,0,,,
CONFIG_GPIO_TPS65086,TODO,UNRESOLVED,,,,0,,,
CONFIG_GPIO_TPS65218,TODO,UNRESOLVED,,,,0,,,
CONFIG_GPIO_TPS65219,TODO,UNRESOLVED,,,,0,,,
CONFIG_GPIO_TPS6586X,TODO,UNRESOLVED,,,,0,,,
CONFIG_GPIO_TPS65910,TODO,UNRESOLVED,,,,0,,,
CONFIG_GPIO_TPS65912,TODO,UNRESOLVED,,,,0,,,
CONFIG_GPIO_TPS68470,TODO,UNRESOLVED,,,,0,,,
CONFIG_GPIO_TQMX86,TODO,UNRESOLVED,,,,0,,,
CONFIG_GPIO_TS4800,TODO,UNRESOLVED,,,,0,,,
CONFIG_GPIO_TS4900,TODO,UNRESOLVED,,,,0,,,
CONFIG_GPIO_TS5500,TODO,UNRESOLVED,,,,0,,,
CONFIG_GPIO_TWL4030,TODO,UNRESOLVED,,,,0,,,
CONFIG_GPIO_TWL6040,TODO,UNRESOLVED,,,,0,,,
CONFIG_GPIO_UNIPHIER,TODO,UNRESOLVED,,,,0,,,
CONFIG_GPIO_USBIO,TODO,UNRESOLVED,,,,0,,,
CONFIG_GPIO_VF610,TODO,UNRESOLVED,,,,0,,,
CONFIG_GPIO_VIPERBOARD,TODO,UNRESOLVED,,,,0,,,
CONFIG_GPIO_VIRTIO,TODO,UNRESOLVED,,,,0,,,
CONFIG_GPIO_VIRTUSER,TODO,UNRESOLVED,,,,0,,,
CONFIG_GPIO_VISCONTI,TODO,UNRESOLVED,,,,0,,,
CONFIG_GPIO_VX855,TODO,UNRESOLVED,,,,0,,,
CONFIG_GPIO_WATCHDOG,TODO,UNRESOLVED,,,,0,,,
CONFIG_GPIO_WATCHDOG_ARCH_INITCALL,TODO,UNRESOLVED,,,,0,,,
CONFIG_GPIO_WCD934X,TODO,UNRESOLVED,,,,0,,,
CONFIG_GPIO_WHISKEY_COVE,TODO,UNRESOLVED,,,,0,,,
CONFIG_GPIO_WINBOND,TODO,UNRESOLVED,,,,0,,,
CONFIG_GPIO_WM831X,TODO,UNRESOLVED,,,,0,,,
CONFIG_GPIO_WM8350,TODO,UNRESOLVED,,,,0,,,
CONFIG_GPIO_WM8994,TODO,UNRESOLVED,,,,0,,,
CONFIG_GPIO_WS16C48,TODO,UNRESOLVED,,,,0,,,
CONFIG_GPIO_XGENE,TODO,UNRESOLVED,,,,0,,,
CONFIG_GPIO_XGENE_SB,TODO,UNRESOLVED,,,,0,,,
CONFIG_GPIO_XILINX,TODO,UNRESOLVED,,,,0,,,
CONFIG_GPIO_XLP,TODO,UNRESOLVED,,,,0,,,
CONFIG_GPIO_XRA1403,TODO,UNRESOLVED,,,,0,,,
CONFIG_GPIO_XTENSA,TODO,UNRESOLVED,,,,0,,,
CONFIG_GPIO_ZEVIO,TODO,UNRESOLVED,,,,0,,,
CONFIG_GPIO_ZYNQ,TODO,UNRESOLVED,,,,0,,,
CONFIG_GPIO_ZYNQMP_MODEPIN,TODO,UNRESOLVED,,,,0,,,
CONFIG_GP_PCI1XXXX,TODO,UNRESOLVED,,,,0,,,
CONFIG_GRACE_PERIOD,TODO,UNRESOLVED,,,,0,,,
CONFIG_GREENASIA_FF,TODO,UNRESOLVED,,,,0,,,
CONFIG_GRETH,TODO,UNRESOLVED,,,,0,,,
CONFIG_GREYBUS,TODO,UNRESOLVED,,,,0,,,
CONFIG_GREYBUS_ARCHE,TODO,UNRESOLVED,,,,0,,,
CONFIG_GREYBUS_AUDIO,TODO,UNRESOLVED,,,,0,,,
CONFIG_GREYBUS_AUDIO_APB_CODEC,TODO,UNRESOLVED,,,,0,,,
CONFIG_GREYBUS_BEAGLEPLAY,TODO,UNRESOLVED,,,,0,,,
CONFIG_GREYBUS_BOOTROM,TODO,UNRESOLVED,,,,0,,,
CONFIG_GREYBUS_BRIDGED_PHY,TODO,UNRESOLVED,,,,0,,,
CONFIG_GREYBUS_CAMERA,TODO,UNRESOLVED,,,,0,,,
CONFIG_GREYBUS_ES2,TODO,UNRESOLVED,,,,0,,,
CONFIG_GREYBUS_FIRMWARE,TODO,UNRESOLVED,,,,0,,,
CONFIG_GREYBUS_GPIO,TODO,UNRESOLVED,,,,0,,,
CONFIG_GREYBUS_HID,TODO,UNRESOLVED,,,,0,,,
CONFIG_GREYBUS_I2C,TODO,UNRESOLVED,,,,0,,,
CONFIG_GREYBUS_LIGHT,TODO,UNRESOLVED,,,,0,,,
CONFIG_GREYBUS_LOG,TODO,UNRESOLVED,,,,0,,,
CONFIG_GREYBUS_LOOPBACK,TODO,UNRESOLVED,,,,0,,,
CONFIG_GREYBUS_POWER,TODO,UNRESOLVED,,,,0,,,
CONFIG_GREYBUS_PWM,TODO,UNRESOLVED,,,,0,,,
CONFIG_GREYBUS_RAW,TODO,UNRESOLVED,,,,0,,,
CONFIG_GREYBUS_SDIO,TODO,UNRESOLVED,,,,0,,,
CONFIG_GREYBUS_SPI,TODO,UNRESOLVED,,,,0,,,
CONFIG_GREYBUS_UART,TODO,UNRESOLVED,,,,0,,,
CONFIG_GREYBUS_USB,TODO,UNRESOLVED,,,,0,,,
CONFIG_GREYBUS_VIBRATOR,TODO,UNRESOLVED,,,,0,,,
CONFIG_GROUP_SCHED_BANDWIDTH,TODO,UNRESOLVED,,,,0,,,
CONFIG_GROUP_SCHED_WEIGHT,TODO,UNRESOLVED,,,,0,,,
CONFIG_GRO_CELLS,TODO,UNRESOLVED,,,,0,,,
CONFIG_GTP,TODO,UNRESOLVED,,,,0,,,
CONFIG_GUEST_PERF_EVENTS,TODO,UNRESOLVED,,,,0,,,
CONFIG_GUP_GET_PXX_LOW_HIGH,TODO,UNRESOLVED,,,,0,,,
CONFIG_GUP_TEST,TODO,UNRESOLVED,,,,0,,,
CONFIG_GVE,TODO,UNRESOLVED,,,,0,,,
CONFIG_GVP11_SCSI,TODO,UNRESOLVED,,,,0,,,
CONFIG_GX6605S_TIMER,TODO,UNRESOLVED,,,,0,,,
CONFIG_GXP_TIMER,TODO,UNRESOLVED,,,,0,,,
CONFIG_GXP_WATCHDOG,TODO,UNRESOLVED,,,,0,,,
CONFIG_HALTPOLL_CPUIDLE,TODO,UNRESOLVED,,,,0,,,
CONFIG_HAMACHI,TODO,UNRESOLVED,,,,0,,,
CONFIG_HAMRADIO,TODO,UNRESOLVED,,,,0,,,
CONFIG_HANGCHECK_TIMER,TODO,UNRESOLVED,,,,0,,,
CONFIG_HAPPYMEAL,TODO,UNRESOLVED,,,,0,,,
CONFIG_HARDENED_USERCOPY,TODO,UNRESOLVED,,,,0,,,
CONFIG_HARDENED_USERCOPY_DEFAULT_ON,TODO,UNRESOLVED,,,,0,,,
CONFIG_HARDIRQS_SW_RESEND,TODO,UNRESOLVED,,,,0,,,
CONFIG_HARDLOCKUP_CHECK_TIMESTAMP,TODO,UNRESOLVED,,,,0,,,
CONFIG_HARDLOCKUP_DETECTOR,TODO,UNRESOLVED,,,,0,,,
CONFIG_HARDLOCKUP_DETECTOR_ARCH,TODO,UNRESOLVED,,,,0,,,
CONFIG_HARDLOCKUP_DETECTOR_BUDDY,TODO,UNRESOLVED,,,,0,,,
CONFIG_HARDLOCKUP_DETECTOR_COUNTS_HRTIMER,TODO,UNRESOLVED,,,,0,,,
CONFIG_HARDLOCKUP_DETECTOR_PERF,TODO,UNRESOLVED,,,,0,,,
CONFIG_HARDLOCKUP_DETECTOR_PREFER_BUDDY,TODO,UNRESOLVED,,,,0,,,
CONFIG_HASHTABLE_KUNIT_TEST,TODO,UNRESOLVED,,,,0,,,
CONFIG_HASH_KUNIT_TEST,TODO,UNRESOLVED,,,,0,,,
CONFIG_HAS_DMA,TODO,UNRESOLVED,,,,0,,,
CONFIG_HAS_IOMEM,TODO,UNRESOLVED,,,,0,,,
CONFIG_HAS_IOPORT,TODO,UNRESOLVED,,,,0,,,
CONFIG_HAS_IOPORT_MAP,TODO,UNRESOLVED,,,,0,,,
CONFIG_HAS_LTO_CLANG,TODO,UNRESOLVED,,,,0,,,
CONFIG_HAS_SECURITY_AUDIT,TODO,UNRESOLVED,,,,0,,,
CONFIG_HAS_TXX9_SERIAL,TODO,UNRESOLVED,,,,0,,,
CONFIG_HAVE_64BIT_ALIGNED_ACCESS,TODO,UNRESOLVED,,,,0,,,
CONFIG_HAVE_ACPI_APEI,REVIEWED,TRANSITIVE,DOCUMENTED_PLATFORM,HYPERV,hyperv-platform-enumeration,1,Kconfig-enabled ACPI/platform closure in K-HOSTCHAN-001; not independently requested or claimed required.,https://github.com/microsoft/WSL2-Linux-Kernel/blob/14794180686c2fb6307fbe359c359bec765249f3/drivers/acpi/Kconfig,
CONFIG_HAVE_ACPI_APEI_NMI,REVIEWED,TRANSITIVE,DOCUMENTED_PLATFORM,HYPERV,hyperv-platform-enumeration,1,Kconfig-enabled ACPI/platform closure in K-HOSTCHAN-001; not independently requested or claimed required.,https://github.com/microsoft/WSL2-Linux-Kernel/blob/14794180686c2fb6307fbe359c359bec765249f3/drivers/acpi/Kconfig,
CONFIG_HAVE_ALIGNED_STRUCT_PAGE,TODO,UNRESOLVED,,,,0,,,
CONFIG_HAVE_ARCH_AUDITSYSCALL,TODO,UNRESOLVED,,,,0,,,
CONFIG_HAVE_ARCH_BITREVERSE,TODO,UNRESOLVED,,,,0,,,
CONFIG_HAVE_ARCH_COMPAT_MMAP_BASES,TODO,UNRESOLVED,,,,0,,,
CONFIG_HAVE_ARCH_COMPILER_H,TODO,UNRESOLVED,,,,0,,,
CONFIG_HAVE_ARCH_HASH,TODO,UNRESOLVED,,,,0,,,
CONFIG_HAVE_ARCH_HUGE_VMALLOC,TODO,UNRESOLVED,,,,0,,,
CONFIG_HAVE_ARCH_HUGE_VMAP,TODO,UNRESOLVED,,,,0,,,
CONFIG_HAVE_ARCH_JUMP_LABEL,TODO,UNRESOLVED,,,,0,,,
CONFIG_HAVE_ARCH_JUMP_LABEL_RELATIVE,TODO,UNRESOLVED,,,,0,,,
CONFIG_HAVE_ARCH_KASAN,TODO,UNRESOLVED,,,,0,,,
CONFIG_HAVE_ARCH_KASAN_HW_TAGS,TODO,UNRESOLVED,,,,0,,,
CONFIG_HAVE_ARCH_KASAN_SW_TAGS,TODO,UNRESOLVED,,,,0,,,
CONFIG_HAVE_ARCH_KASAN_VMALLOC,TODO,UNRESOLVED,,,,0,,,
CONFIG_HAVE_ARCH_KCSAN,TODO,UNRESOLVED,,,,0,,,
CONFIG_HAVE_ARCH_KFENCE,TODO,UNRESOLVED,,,,0,,,
CONFIG_HAVE_ARCH_KGDB,TODO,UNRESOLVED,,,,0,,,
CONFIG_HAVE_ARCH_KGDB_QXFER_PKT,TODO,UNRESOLVED,,,,0,,,
CONFIG_HAVE_ARCH_KMSAN,TODO,UNRESOLVED,,,,0,,,
CONFIG_HAVE_ARCH_KSTACK_ERASE,TODO,UNRESOLVED,,,,0,,,
CONFIG_HAVE_ARCH_LIBGCC_H,TODO,UNRESOLVED,,,,0,,,
CONFIG_HAVE_ARCH_MMAP_RND_BITS,TODO,UNRESOLVED,,,,0,,,
CONFIG_HAVE_ARCH_MMAP_RND_COMPAT_BITS,TODO,UNRESOLVED,,,,0,,,
CONFIG_HAVE_ARCH_NODE_DEV_GROUP,TODO,UNRESOLVED,,,,0,,,
CONFIG_HAVE_ARCH_NVRAM_OPS,TODO,UNRESOLVED,,,,0,,,
CONFIG_HAVE_ARCH_PFN_VALID,TODO,UNRESOLVED,,,,0,,,
CONFIG_HAVE_ARCH_PREL32_RELOCATIONS,TODO,UNRESOLVED,,,,0,,,
CONFIG_HAVE_ARCH_RANDOMIZE_KSTACK_OFFSET,TODO,UNRESOLVED,,,,0,,,
CONFIG_HAVE_ARCH_SECCOMP,TODO,UNRESOLVED,,,,0,,,
CONFIG_HAVE_ARCH_SECCOMP_FILTER,TODO,UNRESOLVED,,,,0,,,
CONFIG_HAVE_ARCH_SOFT_DIRTY,TODO,UNRESOLVED,,,,0,,,
CONFIG_HAVE_ARCH_THREAD_STRUCT_WHITELIST,TODO,UNRESOLVED,,,,0,,,
CONFIG_HAVE_ARCH_TRACEHOOK,TODO,UNRESOLVED,,,,0,,,
CONFIG_HAVE_ARCH_TRANSPARENT_HUGEPAGE,TODO,UNRESOLVED,,,,0,,,
CONFIG_HAVE_ARCH_TRANSPARENT_HUGEPAGE_PUD,TODO,UNRESOLVED,,,,0,,,
CONFIG_HAVE_ARCH_USERFAULTFD_MINOR,TODO,UNRESOLVED,,,,0,,,
CONFIG_HAVE_ARCH_USERFAULTFD_WP,TODO,UNRESOLVED,,,,0,,,
CONFIG_HAVE_ARCH_VMAP_STACK,TODO,UNRESOLVED,,,,0,,,
CONFIG_HAVE_ARCH_WITHIN_STACK_FRAMES,TODO,UNRESOLVED,,,,0,,,
CONFIG_HAVE_ARM_SMCCC,TODO,UNRESOLVED,,,,0,,,
CONFIG_HAVE_ARM_SMCCC_DISCOVERY,TODO,UNRESOLVED,,,,0,,,
CONFIG_HAVE_ASM_MODVERSIONS,TODO,UNRESOLVED,,,,0,,,
CONFIG_HAVE_ATOMIC_IOMAP,TODO,UNRESOLVED,,,,0,,,
CONFIG_HAVE_BOOTMEM_INFO_NODE,TODO,UNRESOLVED,,,,0,,,
CONFIG_HAVE_BUILDTIME_MCOUNT_SORT,TODO,UNRESOLVED,,,,0,,,
CONFIG_HAVE_CALL_THUNKS,TODO,UNRESOLVED,,,,0,,,
CONFIG_HAVE_CBPF_JIT,TODO,UNRESOLVED,,,,0,,,
CONFIG_HAVE_CFI_ICALL_NORMALIZE_INTEGERS,TODO,UNRESOLVED,,,,0,,,
CONFIG_HAVE_CFI_ICALL_NORMALIZE_INTEGERS_RUSTC,TODO,UNRESOLVED,,,,0,,,
CONFIG_HAVE_CLK,TODO,UNRESOLVED,,,,0,,,
CONFIG_HAVE_CLK_PREPARE,TODO,UNRESOLVED,,,,0,,,
CONFIG_HAVE_CMPXCHG_DOUBLE,TODO,UNRESOLVED,,,,0,,,
CONFIG_HAVE_CMPXCHG_LOCAL,TODO,UNRESOLVED,,,,0,,,
CONFIG_HAVE_CONTEXT_TRACKING_USER,TODO,UNRESOLVED,,,,0,,,
CONFIG_HAVE_CONTEXT_TRACKING_USER_OFFSTACK,TODO,UNRESOLVED,,,,0,,,
CONFIG_HAVE_C_RECORDMCOUNT,TODO,UNRESOLVED,,,,0,,,
CONFIG_HAVE_DEBUG_BUGVERBOSE,TODO,UNRESOLVED,,,,0,,,
CONFIG_HAVE_DEBUG_KMEMLEAK,TODO,UNRESOLVED,,,,0,,,
CONFIG_HAVE_DEBUG_STACKOVERFLOW,TODO,UNRESOLVED,,,,0,,,
CONFIG_HAVE_DMA_CONTIGUOUS,TODO,UNRESOLVED,,,,0,,,
CONFIG_HAVE_DYNAMIC_FTRACE,TODO,UNRESOLVED,,,,0,,,
CONFIG_HAVE_DYNAMIC_FTRACE_NO_PATCHABLE,TODO,UNRESOLVED,,,,0,,,
CONFIG_HAVE_DYNAMIC_FTRACE_WITH_ARGS,TODO,UNRESOLVED,,,,0,,,
CONFIG_HAVE_DYNAMIC_FTRACE_WITH_CALL_OPS,TODO,UNRESOLVED,,,,0,,,
CONFIG_HAVE_DYNAMIC_FTRACE_WITH_DIRECT_CALLS,TODO,UNRESOLVED,,,,0,,,
CONFIG_HAVE_DYNAMIC_FTRACE_WITH_REGS,TODO,UNRESOLVED,,,,0,,,
CONFIG_HAVE_EBPF_JIT,TODO,UNRESOLVED,,,,0,,,
CONFIG_HAVE_EFFICIENT_UNALIGNED_ACCESS,TODO,UNRESOLVED,,,,0,,,
CONFIG_HAVE_EISA,TODO,UNRESOLVED,,,,0,,,
CONFIG_HAVE_EXIT_THREAD,TODO,UNRESOLVED,,,,0,,,
CONFIG_HAVE_EXTRA_IPI_TRACEPOINTS,TODO,UNRESOLVED,,,,0,,,
CONFIG_HAVE_FB_ATMEL,TODO,UNRESOLVED,,,,0,,,
CONFIG_HAVE_FENTRY,TODO,UNRESOLVED,,,,0,,,
CONFIG_HAVE_FTRACE_GRAPH_FUNC,TODO,UNRESOLVED,,,,0,,,
CONFIG_HAVE_FTRACE_REGS_HAVING_PT_REGS,TODO,UNRESOLVED,,,,0,,,
CONFIG_HAVE_FUNCTION_ARG_ACCESS_API,TODO,UNRESOLVED,,,,0,,,
CONFIG_HAVE_FUNCTION_DESCRIPTORS,TODO,UNRESOLVED,,,,0,,,
CONFIG_HAVE_FUNCTION_ERROR_INJECTION,TODO,UNRESOLVED,,,,0,,,
CONFIG_HAVE_FUNCTION_GRAPH_FREGS,TODO,UNRESOLVED,,,,0,,,
CONFIG_HAVE_FUNCTION_GRAPH_TRACER,TODO,UNRESOLVED,,,,0,,,
CONFIG_HAVE_FUNCTION_TRACER,TODO,UNRESOLVED,,,,0,,,
CONFIG_HAVE_GCC_PLUGINS,TODO,UNRESOLVED,,,,0,,,
CONFIG_HAVE_GENERIC_TIF_BITS,TODO,UNRESOLVED,,,,0,,,
CONFIG_HAVE_GENERIC_VDSO,TODO,UNRESOLVED,,,,0,,,
CONFIG_HAVE_GIGANTIC_FOLIOS,TODO,UNRESOLVED,,,,0,,,
CONFIG_HAVE_GUP_FAST,TODO,UNRESOLVED,,,,0,,,
CONFIG_HAVE_HARDLOCKUP_DETECTOR_ARCH,TODO,UNRESOLVED,,,,0,,,
CONFIG_HAVE_HARDLOCKUP_DETECTOR_BUDDY,TODO,UNRESOLVED,,,,0,,,
CONFIG_HAVE_HARDLOCKUP_DETECTOR_PERF,TODO,UNRESOLVED,,,,0,,,
CONFIG_HAVE_HW_BREAKPOINT,TODO,UNRESOLVED,,,,0,,,
CONFIG_HAVE_IMA_KEXEC,TODO,UNRESOLVED,,,,0,,,
CONFIG_HAVE_INTEL_TXT,TODO,UNRESOLVED,,,,0,,,
CONFIG_HAVE_IOREMAP_PROT,TODO,UNRESOLVED,,,,0,,,
CONFIG_HAVE_IRQ_EXIT_ON_IRQ_STACK,TODO,UNRESOLVED,,,,0,,,
CONFIG_HAVE_IRQ_TIME_ACCOUNTING,TODO,UNRESOLVED,,,,0,,,
CONFIG_HAVE_JUMP_LABEL_HACK,TODO,UNRESOLVED,,,,0,,,
CONFIG_HAVE_KCSAN_COMPILER,TODO,UNRESOLVED,,,,0,,,
CONFIG_HAVE_KERNEL_BZIP2,TODO,UNRESOLVED,,,,0,,,
CONFIG_HAVE_KERNEL_GZIP,TODO,UNRESOLVED,,,,0,,,
CONFIG_HAVE_KERNEL_LZ4,TODO,UNRESOLVED,,,,0,,,
CONFIG_HAVE_KERNEL_LZMA,TODO,UNRESOLVED,,,,0,,,
CONFIG_HAVE_KERNEL_LZO,TODO,UNRESOLVED,,,,0,,,
CONFIG_HAVE_KERNEL_UNCOMPRESSED,TODO,UNRESOLVED,,,,0,,,
CONFIG_HAVE_KERNEL_XZ,TODO,UNRESOLVED,,,,0,,,
CONFIG_HAVE_KERNEL_ZSTD,TODO,UNRESOLVED,,,,0,,,
CONFIG_HAVE_KMSAN_COMPILER,TODO,UNRESOLVED,,,,0,,,
CONFIG_HAVE_KPROBES,TODO,UNRESOLVED,,,,0,,,
CONFIG_HAVE_KPROBES_ON_FTRACE,TODO,UNRESOLVED,,,,0,,,
CONFIG_HAVE_KRETPROBES,TODO,UNRESOLVED,,,,0,,,
CONFIG_HAVE_KVM_ARCH_GMEM_INVALIDATE,TODO,UNRESOLVED,,,,0,,,
CONFIG_HAVE_KVM_ARCH_GMEM_POPULATE,TODO,UNRESOLVED,,,,0,,,
CONFIG_HAVE_KVM_ARCH_GMEM_PREPARE,TODO,UNRESOLVED,,,,0,,,
CONFIG_HAVE_KVM_CPU_RELAX_INTERCEPT,TODO,UNRESOLVED,,,,0,,,
CONFIG_HAVE_KVM_DIRTY_RING,TODO,UNRESOLVED,,,,0,,,
CONFIG_HAVE_KVM_DIRTY_RING_ACQ_REL,TODO,UNRESOLVED,,,,0,,,
CONFIG_HAVE_KVM_DIRTY_RING_TSO,TODO,UNRESOLVED,,,,0,,,
CONFIG_HAVE_KVM_INVALID_WAKEUPS,TODO,UNRESOLVED,,,,0,,,
CONFIG_HAVE_KVM_IRQCHIP,TODO,UNRESOLVED,,,,0,,,
CONFIG_HAVE_KVM_IRQ_BYPASS,TODO,UNRESOLVED,,,,0,,,
CONFIG_HAVE_KVM_IRQ_ROUTING,TODO,UNRESOLVED,,,,0,,,
CONFIG_HAVE_KVM_MSI,TODO,UNRESOLVED,,,,0,,,
CONFIG_HAVE_KVM_NO_POLL,TODO,UNRESOLVED,,,,0,,,
CONFIG_HAVE_KVM_PFNCACHE,TODO,UNRESOLVED,,,,0,,,
CONFIG_HAVE_KVM_PM_NOTIFIER,TODO,UNRESOLVED,,,,0,,,
CONFIG_HAVE_KVM_READONLY_MEM,TODO,UNRESOLVED,,,,0,,,
CONFIG_HAVE_KVM_VCPU_ASYNC_IOCTL,TODO,UNRESOLVED,,,,0,,,
CONFIG_HAVE_KVM_VCPU_RUN_PID_CHANGE,TODO,UNRESOLVED,,,,0,,,
CONFIG_HAVE_LD_DEAD_CODE_DATA_ELIMINATION,TODO,UNRESOLVED,,,,0,,,
CONFIG_HAVE_LEGACY_CLK,TODO,UNRESOLVED,,,,0,,,
CONFIG_HAVE_LIVEPATCH,TODO,UNRESOLVED,,,,0,,,
CONFIG_HAVE_MEMBLOCK_PHYS_MAP,TODO,UNRESOLVED,,,,0,,,
CONFIG_HAVE_MIXED_BREAKPOINTS_REGS,TODO,UNRESOLVED,,,,0,,,
CONFIG_HAVE_MMIOTRACE_SUPPORT,TODO,UNRESOLVED,,,,0,,,
CONFIG_HAVE_MOD_ARCH_SPECIFIC,TODO,UNRESOLVED,,,,0,,,
CONFIG_HAVE_MOVE_PMD,TODO,UNRESOLVED,,,,0,,,
CONFIG_HAVE_MOVE_PUD,TODO,UNRESOLVED,,,,0,,,
CONFIG_HAVE_NMI,TODO,UNRESOLVED,,,,0,,,
CONFIG_HAVE_NOINSTR_HACK,TODO,UNRESOLVED,,,,0,,,
CONFIG_HAVE_NOINSTR_VALIDATION,TODO,UNRESOLVED,,,,0,,,
CONFIG_HAVE_NOP_MCOUNT,TODO,UNRESOLVED,,,,0,,,
CONFIG_HAVE_OBJTOOL,TODO,UNRESOLVED,,,,0,,,
CONFIG_HAVE_OBJTOOL_MCOUNT,TODO,UNRESOLVED,,,,0,,,
CONFIG_HAVE_OBJTOOL_NOP_MCOUNT,TODO,UNRESOLVED,,,,0,,,
CONFIG_HAVE_OPTPROBES,TODO,UNRESOLVED,,,,0,,,
CONFIG_HAVE_PAGE_SIZE_16KB,TODO,UNRESOLVED,,,,0,,,
CONFIG_HAVE_PAGE_SIZE_256KB,TODO,UNRESOLVED,,,,0,,,
CONFIG_HAVE_PAGE_SIZE_32KB,TODO,UNRESOLVED,,,,0,,,
CONFIG_HAVE_PAGE_SIZE_4KB,TODO,UNRESOLVED,,,,0,,,
CONFIG_HAVE_PAGE_SIZE_64KB,TODO,UNRESOLVED,,,,0,,,
CONFIG_HAVE_PAGE_SIZE_8KB,TODO,UNRESOLVED,,,,0,,,
CONFIG_HAVE_PATA_PLATFORM,TODO,UNRESOLVED,,,,0,,,
CONFIG_HAVE_PCI,TODO,UNRESOLVED,,,,0,,,
CONFIG_HAVE_PCSPKR_PLATFORM,TODO,UNRESOLVED,,,,0,,,
CONFIG_HAVE_PERF_EVENTS,TODO,UNRESOLVED,,,,0,,,
CONFIG_HAVE_PERF_EVENTS_NMI,TODO,UNRESOLVED,,,,0,,,
CONFIG_HAVE_PERF_REGS,TODO,UNRESOLVED,,,,0,,,
CONFIG_HAVE_PERF_USER_STACK_DUMP,TODO,UNRESOLVED,,,,0,,,
CONFIG_HAVE_POSIX_CPU_TIMERS_TASK_WORK,TODO,UNRESOLVED,,,,0,,,
CONFIG_HAVE_PREEMPT_DYNAMIC,TODO,UNRESOLVED,,,,0,,,
CONFIG_HAVE_PREEMPT_DYNAMIC_CALL,TODO,UNRESOLVED,,,,0,,,
CONFIG_HAVE_PREEMPT_DYNAMIC_KEY,TODO,UNRESOLVED,,,,0,,,
CONFIG_HAVE_PWRCTL,TODO,UNRESOLVED,,,,0,,,
CONFIG_HAVE_PWRCTRL,TODO,UNRESOLVED,,,,0,,,
CONFIG_HAVE_RAPIDIO,TODO,UNRESOLVED,,,,0,,,
CONFIG_HAVE_REGS_AND_STACK_ACCESS_API,TODO,UNRESOLVED,,,,0,,,
CONFIG_HAVE_RELIABLE_STACKTRACE,TODO,UNRESOLVED,,,,0,,,
CONFIG_HAVE_RETHOOK,TODO,UNRESOLVED,,,,0,,,
CONFIG_HAVE_RSEQ,TODO,UNRESOLVED,,,,0,,,
CONFIG_HAVE_RUST,TODO,UNRESOLVED,,,,0,,,
CONFIG_HAVE_SAMPLE_FTRACE_DIRECT,TODO,UNRESOLVED,,,,0,,,
CONFIG_HAVE_SAMPLE_FTRACE_DIRECT_MULTI,TODO,UNRESOLVED,,,,0,,,
CONFIG_HAVE_SCHED_AVG_IRQ,TODO,UNRESOLVED,,,,0,,,
CONFIG_HAVE_SETUP_PER_CPU_AREA,TODO,UNRESOLVED,,,,0,,,
CONFIG_HAVE_SOFTIRQ_ON_OWN_STACK,TODO,UNRESOLVED,,,,0,,,
CONFIG_HAVE_SPARSE_SYSCALL_NR,TODO,UNRESOLVED,,,,0,,,
CONFIG_HAVE_STACKPROTECTOR,TODO,UNRESOLVED,,,,0,,,
CONFIG_HAVE_STACK_VALIDATION,TODO,UNRESOLVED,,,,0,,,
CONFIG_HAVE_STATIC_CALL,TODO,UNRESOLVED,,,,0,,,
CONFIG_HAVE_STATIC_CALL_INLINE,TODO,UNRESOLVED,,,,0,,,
CONFIG_HAVE_SYSCALL_TRACEPOINTS,TODO,UNRESOLVED,,,,0,,,
CONFIG_HAVE_TIF_NOHZ,TODO,UNRESOLVED,,,,0,,,
CONFIG_HAVE_TRUSTED_KEYS,TODO,UNRESOLVED,,,,0,,,
CONFIG_HAVE_UACCESS_VALIDATION,TODO,UNRESOLVED,,,,0,,,
CONFIG_HAVE_UID16,TODO,UNRESOLVED,,,,0,,,
CONFIG_HAVE_UNSTABLE_SCHED_CLOCK,TODO,UNRESOLVED,,,,0,,,
CONFIG_HAVE_UNWIND_USER_FP,TODO,UNRESOLVED,,,,0,,,
CONFIG_HAVE_USER_RETURN_NOTIFIER,TODO,UNRESOLVED,,,,0,,,
CONFIG_HAVE_VIRT_CPU_ACCOUNTING,TODO,UNRESOLVED,,,,0,,,
CONFIG_HAVE_VIRT_CPU_ACCOUNTING_GEN,TODO,UNRESOLVED,,,,0,,,
CONFIG_HAVE_VIRT_CPU_ACCOUNTING_IDLE,TODO,UNRESOLVED,,,,0,,,
CONFIG_HBMC_AM654,TODO,UNRESOLVED,,,,0,,,
CONFIG_HD44780,TODO,UNRESOLVED,,,,0,,,
CONFIG_HD44780_COMMON,TODO,UNRESOLVED,,,,0,,,
CONFIG_HDC100X,TODO,UNRESOLVED,,,,0,,,
CONFIG_HDC2010,TODO,UNRESOLVED,,,,0,,,
CONFIG_HDC3020,TODO,UNRESOLVED,,,,0,,,
CONFIG_HDLC,TODO,UNRESOLVED,,,,0,,,
CONFIG_HDLC_CISCO,TODO,UNRESOLVED,,,,0,,,
CONFIG_HDLC_FR,TODO,UNRESOLVED,,,,0,,,
CONFIG_HDLC_PPP,TODO,UNRESOLVED,,,,0,,,
CONFIG_HDLC_RAW,TODO,UNRESOLVED,,,,0,,,
CONFIG_HDLC_RAW_ETH,TODO,UNRESOLVED,,,,0,,,
CONFIG_HDLC_X25,TODO,UNRESOLVED,,,,0,,,
CONFIG_HDMI,TODO,UNRESOLVED,,,,0,,,
CONFIG_HDMI_LPE_AUDIO,TODO,UNRESOLVED,,,,0,,,
CONFIG_HDQ_MASTER_OMAP,TODO,UNRESOLVED,,,,0,,,
CONFIG_HEADERS_INSTALL,TODO,UNRESOLVED,,,,0,,,
CONFIG_HFI1_DEBUG_SDMA_ORDER,TODO,UNRESOLVED,,,,0,,,
CONFIG_HFSPLUS_FS,TODO,UNRESOLVED,,,,0,,,
CONFIG_HFS_FS,TODO,UNRESOLVED,,,,0,,,
CONFIG_HI13X1_GMAC,TODO,UNRESOLVED,,,,0,,,
CONFIG_HI3660_MBOX,TODO,UNRESOLVED,,,,0,,,
CONFIG_HI6220_MBOX,TODO,UNRESOLVED,,,,0,,,
CONFIG_HI6421V600_IRQ,TODO,UNRESOLVED,,,,0,,,
CONFIG_HI8435,TODO,UNRESOLVED,,,,0,,,
CONFIG_HIBERNATE_CALLBACKS,TODO,UNRESOLVED,,,,0,,,
CONFIG_HIBERNATION,TODO,UNRESOLVED,,,,0,,,
CONFIG_HIBERNATION_COMP_LZ4,TODO,UNRESOLVED,,,,0,,,
CONFIG_HIBERNATION_COMP_LZO,TODO,UNRESOLVED,,,,0,,,
CONFIG_HIBERNATION_DEF_COMP,TODO,UNRESOLVED,,,,0,,,
CONFIG_HIBERNATION_SNAPSHOT_DEV,TODO,UNRESOLVED,,,,0,,,
CONFIG_HIBMCGE,TODO,UNRESOLVED,,,,0,,,
CONFIG_HID,TODO,UNRESOLVED,,,,0,,,
CONFIG_HIDRAW,TODO,UNRESOLVED,,,,0,,,
CONFIG_HID_A4TECH,TODO,UNRESOLVED,,,,0,,,
CONFIG_HID_ACCUTOUCH,TODO,UNRESOLVED,,,,0,,,
CONFIG_HID_ACRUX,TODO,UNRESOLVED,,,,0,,,
CONFIG_HID_ACRUX_FF,TODO,UNRESOLVED,,,,0,,,
CONFIG_HID_ALPS,TODO,UNRESOLVED,,,,0,,,
CONFIG_HID_APPLE,TODO,UNRESOLVED,,,,0,,,
CONFIG_HID_APPLEIR,TODO,UNRESOLVED,,,,0,,,
CONFIG_HID_APPLETB_BL,TODO,UNRESOLVED,,,,0,,,
CONFIG_HID_APPLETB_KBD,TODO,UNRESOLVED,,,,0,,,
CONFIG_HID_ASUS,TODO,UNRESOLVED,,,,0,,,
CONFIG_HID_AUREAL,TODO,UNRESOLVED,,,,0,,,
CONFIG_HID_BATTERY_STRENGTH,TODO,UNRESOLVED,,,,0,,,
CONFIG_HID_BELKIN,TODO,UNRESOLVED,,,,0,,,
CONFIG_HID_BETOP_FF,TODO,UNRESOLVED,,,,0,,,
CONFIG_HID_BIGBEN_FF,TODO,UNRESOLVED,,,,0,,,
CONFIG_HID_BPF,TODO,UNRESOLVED,,,,0,,,
CONFIG_HID_CHERRY,TODO,UNRESOLVED,,,,0,,,
CONFIG_HID_CHICONY,TODO,UNRESOLVED,,,,0,,,
CONFIG_HID_CMEDIA,TODO,UNRESOLVED,,,,0,,,
CONFIG_HID_CORSAIR,TODO,UNRESOLVED,,,,0,,,
CONFIG_HID_COUGAR,TODO,UNRESOLVED,,,,0,,,
CONFIG_HID_CP2112,TODO,UNRESOLVED,,,,0,,,
CONFIG_HID_CREATIVE_SB0540,TODO,UNRESOLVED,,,,0,,,
CONFIG_HID_CYPRESS,TODO,UNRESOLVED,,,,0,,,
CONFIG_HID_DRAGONRISE,TODO,UNRESOLVED,,,,0,,,
CONFIG_HID_ELAN,TODO,UNRESOLVED,,,,0,,,
CONFIG_HID_ELECOM,TODO,UNRESOLVED,,,,0,,,
CONFIG_HID_ELO,TODO,UNRESOLVED,,,,0,,,
CONFIG_HID_EMS_FF,TODO,UNRESOLVED,,,,0,,,
CONFIG_HID_EVISION,TODO,UNRESOLVED,,,,0,,,
CONFIG_HID_EZKEY,TODO,UNRESOLVED,,,,0,,,
CONFIG_HID_FT260,TODO,UNRESOLVED,,,,0,,,
CONFIG_HID_GEMBIRD,TODO,UNRESOLVED,,,,0,,,
CONFIG_HID_GENERIC,TODO,UNRESOLVED,,,,0,,,
CONFIG_HID_GFRM,TODO,UNRESOLVED,,,,0,,,
CONFIG_HID_GLORIOUS,TODO,UNRESOLVED,,,,0,,,
CONFIG_HID_GOODIX_SPI,TODO,UNRESOLVED,,,,0,,,
CONFIG_HID_GOOGLE_HAMMER,TODO,UNRESOLVED,,,,0,,,
CONFIG_HID_GOOGLE_STADIA_FF,TODO,UNRESOLVED,,,,0,,,
CONFIG_HID_GREENASIA,TODO,UNRESOLVED,,,,0,,,
CONFIG_HID_GT683R,TODO,UNRESOLVED,,,,0,,,
CONFIG_HID_GYRATION,TODO,UNRESOLVED,,,,0,,,
CONFIG_HID_HAPTIC,TODO,UNRESOLVED,,,,0,,,
CONFIG_HID_HOLTEK,TODO,UNRESOLVED,,,,0,,,
CONFIG_HID_HYPERV_MOUSE,TODO,UNRESOLVED,,,,0,,,
CONFIG_HID_ICADE,TODO,UNRESOLVED,,,,0,,,
CONFIG_HID_ITE,TODO,UNRESOLVED,,,,0,,,
CONFIG_HID_JABRA,TODO,UNRESOLVED,,,,0,,,
CONFIG_HID_KENSINGTON,TODO,UNRESOLVED,,,,0,,,
CONFIG_HID_KEYTOUCH,TODO,UNRESOLVED,,,,0,,,
CONFIG_HID_KUNIT_TEST,TODO,UNRESOLVED,,,,0,,,
CONFIG_HID_KYE,TODO,UNRESOLVED,,,,0,,,
CONFIG_HID_KYSONA,TODO,UNRESOLVED,,,,0,,,
CONFIG_HID_LCPOWER,TODO,UNRESOLVED,,,,0,,,
CONFIG_HID_LED,TODO,UNRESOLVED,,,,0,,,
CONFIG_HID_LENOVO,TODO,UNRESOLVED,,,,0,,,
CONFIG_HID_LETSKETCH,TODO,UNRESOLVED,,,,0,,,
CONFIG_HID_LOGITECH,TODO,UNRESOLVED,,,,0,,,
CONFIG_HID_LOGITECH_DJ,TODO,UNRESOLVED,,,,0,,,
CONFIG_HID_LOGITECH_HIDPP,TODO,UNRESOLVED,,,,0,,,
CONFIG_HID_MACALLY,TODO,UNRESOLVED,,,,0,,,
CONFIG_HID_MAGICMOUSE,TODO,UNRESOLVED,,,,0,,,
CONFIG_HID_MALTRON,TODO,UNRESOLVED,,,,0,,,
CONFIG_HID_MAYFLASH,TODO,UNRESOLVED,,,,0,,,
CONFIG_HID_MCP2200,TODO,UNRESOLVED,,,,0,,,
CONFIG_HID_MCP2221,TODO,UNRESOLVED,,,,0,,,
CONFIG_HID_MEGAWORLD_FF,TODO,UNRESOLVED,,,,0,,,
CONFIG_HID_MICROSOFT,TODO,UNRESOLVED,,,,0,,,
CONFIG_HID_MONTEREY,TODO,UNRESOLVED,,,,0,,,
CONFIG_HID_MULTITOUCH,TODO,UNRESOLVED,,,,0,,,
CONFIG_HID_NINTENDO,TODO,UNRESOLVED,,,,0,,,
CONFIG_HID_NTI,TODO,UNRESOLVED,,,,0,,,
CONFIG_HID_NTRIG,TODO,UNRESOLVED,,,,0,,,
CONFIG_HID_NVIDIA_SHIELD,TODO,UNRESOLVED,,,,0,,,
CONFIG_HID_ORTEK,TODO,UNRESOLVED,,,,0,,,
CONFIG_HID_PANTHERLORD,TODO,UNRESOLVED,,,,0,,,
CONFIG_HID_PENMOUNT,TODO,UNRESOLVED,,,,0,,,
CONFIG_HID_PETALYNX,TODO,UNRESOLVED,,,,0,,,
CONFIG_HID_PICOLCD,TODO,UNRESOLVED,,,,0,,,
CONFIG_HID_PICOLCD_BACKLIGHT,TODO,UNRESOLVED,,,,0,,,
CONFIG_HID_PICOLCD_CIR,TODO,UNRESOLVED,,,,0,,,
CONFIG_HID_PICOLCD_FB,TODO,UNRESOLVED,,,,0,,,
CONFIG_HID_PICOLCD_LCD,TODO,UNRESOLVED,,,,0,,,
CONFIG_HID_PICOLCD_LEDS,TODO,UNRESOLVED,,,,0,,,
CONFIG_HID_PID,TODO,UNRESOLVED,,,,0,,,
CONFIG_HID_PLANTRONICS,TODO,UNRESOLVED,,,,0,,,
CONFIG_HID_PLAYSTATION,TODO,UNRESOLVED,,,,0,,,
CONFIG_HID_PRIMAX,TODO,UNRESOLVED,,,,0,,,
CONFIG_HID_PRODIKEYS,TODO,UNRESOLVED,,,,0,,,
CONFIG_HID_PXRC,TODO,UNRESOLVED,,,,0,,,
CONFIG_HID_RAZER,TODO,UNRESOLVED,,,,0,,,
CONFIG_HID_REDRAGON,TODO,UNRESOLVED,,,,0,,,
CONFIG_HID_RETRODE,TODO,UNRESOLVED,,,,0,,,
CONFIG_HID_RMI,TODO,UNRESOLVED,,,,0,,,
CONFIG_HID_ROCCAT,TODO,UNRESOLVED,,,,0,,,
CONFIG_HID_SAITEK,TODO,UNRESOLVED,,,,0,,,
CONFIG_HID_SAMSUNG,TODO,UNRESOLVED,,,,0,,,
CONFIG_HID_SEMITEK,TODO,UNRESOLVED,,,,0,,,
CONFIG_HID_SENSOR_ACCEL_3D,TODO,UNRESOLVED,,,,0,,,
CONFIG_HID_SENSOR_ALS,TODO,UNRESOLVED,,,,0,,,
CONFIG_HID_SENSOR_CUSTOM_INTEL_HINGE,TODO,UNRESOLVED,,,,0,,,
CONFIG_HID_SENSOR_CUSTOM_SENSOR,TODO,UNRESOLVED,,,,0,,,
CONFIG_HID_SENSOR_DEVICE_ROTATION,TODO,UNRESOLVED,,,,0,,,
CONFIG_HID_SENSOR_GYRO_3D,TODO,UNRESOLVED,,,,0,,,
CONFIG_HID_SENSOR_HUB,TODO,UNRESOLVED,,,,0,,,
CONFIG_HID_SENSOR_HUMIDITY,TODO,UNRESOLVED,,,,0,,,
CONFIG_HID_SENSOR_IIO_COMMON,TODO,UNRESOLVED,,,,0,,,
CONFIG_HID_SENSOR_IIO_TRIGGER,TODO,UNRESOLVED,,,,0,,,
CONFIG_HID_SENSOR_INCLINOMETER_3D,TODO,UNRESOLVED,,,,0,,,
CONFIG_HID_SENSOR_MAGNETOMETER_3D,TODO,UNRESOLVED,,,,0,,,
CONFIG_HID_SENSOR_PRESS,TODO,UNRESOLVED,,,,0,,,
CONFIG_HID_SENSOR_PROX,TODO,UNRESOLVED,,,,0,,,
CONFIG_HID_SENSOR_TEMP,TODO,UNRESOLVED,,,,0,,,
CONFIG_HID_SIGMAMICRO,TODO,UNRESOLVED,,,,0,,,
CONFIG_HID_SMARTJOYPLUS,TODO,UNRESOLVED,,,,0,,,
CONFIG_HID_SONY,TODO,UNRESOLVED,,,,0,,,
CONFIG_HID_SPEEDLINK,TODO,UNRESOLVED,,,,0,,,
CONFIG_HID_STEAM,TODO,UNRESOLVED,,,,0,,,
CONFIG_HID_STEELSERIES,TODO,UNRESOLVED,,,,0,,,
CONFIG_HID_SUNPLUS,TODO,UNRESOLVED,,,,0,,,
CONFIG_HID_SUPPORT,TODO,UNRESOLVED,,,,0,,,
CONFIG_HID_THINGM,TODO,UNRESOLVED,,,,0,,,
CONFIG_HID_THRUSTMASTER,TODO,UNRESOLVED,,,,0,,,
CONFIG_HID_TIVO,TODO,UNRESOLVED,,,,0,,,
CONFIG_HID_TOPRE,TODO,UNRESOLVED,,,,0,,,
CONFIG_HID_TOPSEED,TODO,UNRESOLVED,,,,0,,,
CONFIG_HID_TWINHAN,TODO,UNRESOLVED,,,,0,,,
CONFIG_HID_U2FZERO,TODO,UNRESOLVED,,,,0,,,
CONFIG_HID_UCLOGIC,TODO,UNRESOLVED,,,,0,,,
CONFIG_HID_UDRAW_PS3,TODO,UNRESOLVED,,,,0,,,
CONFIG_HID_UNIVERSAL_PIDFF,TODO,UNRESOLVED,,,,0,,,
CONFIG_HID_VIEWSONIC,TODO,UNRESOLVED,,,,0,,,
CONFIG_HID_VIVALDI,TODO,UNRESOLVED,,,,0,,,
CONFIG_HID_VIVALDI_COMMON,TODO,UNRESOLVED,,,,0,,,
CONFIG_HID_VRC2,TODO,UNRESOLVED,,,,0,,,
CONFIG_HID_WACOM,TODO,UNRESOLVED,,,,0,,,
CONFIG_HID_WALTOP,TODO,UNRESOLVED,,,,0,,,
CONFIG_HID_WIIMOTE,TODO,UNRESOLVED,,,,0,,,
CONFIG_HID_WINWING,TODO,UNRESOLVED,,,,0,,,
CONFIG_HID_XIAOMI,TODO,UNRESOLVED,,,,0,,,
CONFIG_HID_XINMO,TODO,UNRESOLVED,,,,0,,,
CONFIG_HID_ZEROPLUS,TODO,UNRESOLVED,,,,0,,,
CONFIG_HID_ZYDACRON,TODO,UNRESOLVED,,,,0,,,
CONFIG_HIGHMEM,TODO,UNRESOLVED,,,,0,,,
CONFIG_HIGHMEM4G,TODO,UNRESOLVED,,,,0,,,
CONFIG_HIGH_RES_TIMERS,TODO,UNRESOLVED,,,,0,,,
CONFIG_HIL_MLC,TODO,UNRESOLVED,,,,0,,,
CONFIG_HINIC,TODO,UNRESOLVED,,,,0,,,
CONFIG_HINIC3,TODO,UNRESOLVED,,,,0,,,
CONFIG_HIP04_ETH,TODO,UNRESOLVED,,,,0,,,
CONFIG_HIPPI,TODO,UNRESOLVED,,,,0,,,
CONFIG_HISILICON_ERRATUM_161010101,TODO,UNRESOLVED,,,,0,,,
CONFIG_HISILICON_IRQ_MBIGEN,TODO,UNRESOLVED,,,,0,,,
CONFIG_HISILICON_LPC,TODO,UNRESOLVED,,,,0,,,
CONFIG_HISI_ACC_VFIO_PCI,TODO,UNRESOLVED,,,,0,,,
CONFIG_HISI_DMA,TODO,UNRESOLVED,,,,0,,,
CONFIG_HISI_FEMAC,TODO,UNRESOLVED,,,,0,,,
CONFIG_HISI_HIKEY_USB,TODO,UNRESOLVED,,,,0,,,
CONFIG_HISI_PCIE_PMU,TODO,UNRESOLVED,,,,0,,,
CONFIG_HISI_PMU,TODO,UNRESOLVED,,,,0,,,
CONFIG_HISI_PTT,TODO,UNRESOLVED,,,,0,,,
CONFIG_HISI_THERMAL,TODO,UNRESOLVED,,,,0,,,
CONFIG_HIST_TRIGGERS,TODO,UNRESOLVED,,,,0,,,
CONFIG_HIST_TRIGGERS_DEBUG,TODO,UNRESOLVED,,,,0,,,
CONFIG_HIX5HD2_GMAC,TODO,UNRESOLVED,,,,0,,,
CONFIG_HL_HLDIO,TODO,UNRESOLVED,,,,0,,,
CONFIG_HMC425,TODO,UNRESOLVED,,,,0,,,
CONFIG_HMC6352,TODO,UNRESOLVED,,,,0,,,
CONFIG_HMC_DRV,TODO,UNRESOLVED,,,,0,,,
CONFIG_HMEM_REPORTING,TODO,UNRESOLVED,,,,0,,,
CONFIG_HMM_MIRROR,TODO,UNRESOLVED,,,,0,,,
CONFIG_HNS,TODO,UNRESOLVED,,,,0,,,
CONFIG_HNS3,TODO,UNRESOLVED,,,,0,,,
CONFIG_HNS3_DCB,TODO,UNRESOLVED,,,,0,,,
CONFIG_HNS3_ENET,TODO,UNRESOLVED,,,,0,,,
CONFIG_HNS3_HCLGE,TODO,UNRESOLVED,,,,0,,,
CONFIG_HNS3_HCLGEVF,TODO,UNRESOLVED,,,,0,,,
CONFIG_HNS3_PMU,TODO,UNRESOLVED,,,,0,,,
CONFIG_HNS_DSAF,TODO,UNRESOLVED,,,,0,,,
CONFIG_HNS_ENET,TODO,UNRESOLVED,,,,0,,,
CONFIG_HNS_MDIO,TODO,UNRESOLVED,,,,0,,,
CONFIG_HOLTEK_FF,TODO,UNRESOLVED,,,,0,,,
CONFIG_HOTPLUG_CORE_SYNC,TODO,UNRESOLVED,,,,0,,,
CONFIG_HOTPLUG_CORE_SYNC_DEAD,TODO,UNRESOLVED,,,,0,,,
CONFIG_HOTPLUG_CORE_SYNC_FULL,TODO,UNRESOLVED,,,,0,,,
CONFIG_HOTPLUG_CPU,TODO,UNRESOLVED,,,,0,,,
CONFIG_HOTPLUG_PARALLEL,TODO,UNRESOLVED,,,,0,,,
CONFIG_HOTPLUG_PCI,TODO,UNRESOLVED,,,,0,,,
CONFIG_HOTPLUG_PCI_ACPI,TODO,UNRESOLVED,,,,0,,,
CONFIG_HOTPLUG_PCI_ACPI_AMPERE_ALTRA,TODO,UNRESOLVED,,,,0,,,
CONFIG_HOTPLUG_PCI_ACPI_IBM,TODO,UNRESOLVED,,,,0,,,
CONFIG_HOTPLUG_PCI_COMPAQ,TODO,UNRESOLVED,,,,0,,,
CONFIG_HOTPLUG_PCI_COMPAQ_NVRAM,TODO,UNRESOLVED,,,,0,,,
CONFIG_HOTPLUG_PCI_CPCI,TODO,UNRESOLVED,,,,0,,,
CONFIG_HOTPLUG_PCI_CPCI_GENERIC,TODO,UNRESOLVED,,,,0,,,
CONFIG_HOTPLUG_PCI_CPCI_ZT5550,TODO,UNRESOLVED,,,,0,,,
CONFIG_HOTPLUG_PCI_IBM,TODO,UNRESOLVED,,,,0,,,
CONFIG_HOTPLUG_PCI_OCTEONEP,TODO,UNRESOLVED,,,,0,,,
CONFIG_HOTPLUG_PCI_PCIE,TODO,UNRESOLVED,,,,0,,,
CONFIG_HOTPLUG_PCI_POWERNV,TODO,UNRESOLVED,,,,0,,,
CONFIG_HOTPLUG_PCI_RPA,TODO,UNRESOLVED,,,,0,,,
CONFIG_HOTPLUG_PCI_RPA_DLPAR,TODO,UNRESOLVED,,,,0,,,
CONFIG_HOTPLUG_PCI_S390,TODO,UNRESOLVED,,,,0,,,
CONFIG_HOTPLUG_PCI_SHPC,TODO,UNRESOLVED,,,,0,,,
CONFIG_HOTPLUG_SMT,TODO,UNRESOLVED,,,,0,,,
CONFIG_HOTPLUG_SPLIT_STARTUP,TODO,UNRESOLVED,,,,0,,,
CONFIG_HP03,TODO,UNRESOLVED,,,,0,,,
CONFIG_HP206C,TODO,UNRESOLVED,,,,0,,,
CONFIG_HPET,TODO,UNRESOLVED,,,,0,,,
CONFIG_HPET_EMULATE_RTC,TODO,UNRESOLVED,,,,0,,,
CONFIG_HPET_MMAP,TODO,UNRESOLVED,,,,0,,,
CONFIG_HPET_MMAP_DEFAULT,TODO,UNRESOLVED,,,,0,,,
CONFIG_HPET_TIMER,TODO,UNRESOLVED,,,,0,,,
CONFIG_HPFS_FS,TODO,UNRESOLVED,,,,0,,,
CONFIG_HPLANCE,TODO,UNRESOLVED,,,,0,,,
CONFIG_HPWDT_NMI_DECODING,TODO,UNRESOLVED,,,,0,,,
CONFIG_HP_ACCEL,TODO,UNRESOLVED,,,,0,,,
CONFIG_HP_BIOSCFG,TODO,UNRESOLVED,,,,0,,,
CONFIG_HP_ILO,TODO,UNRESOLVED,,,,0,,,
CONFIG_HP_SDC,TODO,UNRESOLVED,,,,0,,,
CONFIG_HP_SDC_RTC,TODO,UNRESOLVED,,,,0,,,
CONFIG_HP_WATCHDOG,TODO,UNRESOLVED,,,,0,,,
CONFIG_HP_WMI,TODO,UNRESOLVED,,,,0,,,
CONFIG_HSA_AMD,TODO,UNRESOLVED,,,,0,,,
CONFIG_HSA_AMD_P2P,TODO,UNRESOLVED,,,,0,,,
CONFIG_HSA_AMD_SVM,TODO,UNRESOLVED,,,,0,,,
CONFIG_HSC030PA,TODO,UNRESOLVED,,,,0,,,
CONFIG_HSC030PA_I2C,TODO,UNRESOLVED,,,,0,,,
CONFIG_HSC030PA_SPI,TODO,UNRESOLVED,,,,0,,,
CONFIG_HSEM_U8500,TODO,UNRESOLVED,,,,0,,,
CONFIG_HSI,TODO,UNRESOLVED,,,,0,,,
CONFIG_HSI_BOARDINFO,TODO,UNRESOLVED,,,,0,,,
CONFIG_HSI_CHAR,TODO,UNRESOLVED,,,,0,,,
CONFIG_HSR,TODO,UNRESOLVED,,,,0,,,
CONFIG_HSU_DMA,TODO,UNRESOLVED,,,,0,,,
CONFIG_HSU_DMA_PCI,TODO,UNRESOLVED,,,,0,,,
CONFIG_HT16K33,TODO,UNRESOLVED,,,,0,,,
CONFIG_HTC_EGPIO,TODO,UNRESOLVED,,,,0,,,
CONFIG_HTE,TODO,UNRESOLVED,,,,0,,,
CONFIG_HTE_TEGRA194,TODO,UNRESOLVED,,,,0,,,
CONFIG_HTE_TEGRA194_TEST,TODO,UNRESOLVED,,,,0,,,
CONFIG_HTS221,TODO,UNRESOLVED,,,,0,,,
CONFIG_HTS221_I2C,TODO,UNRESOLVED,,,,0,,,
CONFIG_HTS221_SPI,TODO,UNRESOLVED,,,,0,,,
CONFIG_HTU21,TODO,UNRESOLVED,,,,0,,,
CONFIG_HUAWEI_WMI,TODO,UNRESOLVED,,,,0,,,
CONFIG_HUGETLBFS,TODO,UNRESOLVED,,,,0,,,
CONFIG_HUGETLB_PAGE,TODO,UNRESOLVED,,,,0,,,
CONFIG_HUGETLB_PAGE_OPTIMIZE_VMEMMAP,TODO,UNRESOLVED,,,,0,,,
CONFIG_HUGETLB_PAGE_OPTIMIZE_VMEMMAP_DEFAULT_ON,TODO,UNRESOLVED,,,,0,,,
CONFIG_HUGETLB_PAGE_SIZE_VARIABLE,TODO,UNRESOLVED,,,,0,,,
CONFIG_HUGETLB_PMD_PAGE_TABLE_SHARING,TODO,UNRESOLVED,,,,0,,,
CONFIG_HVCS,TODO,UNRESOLVED,,,,0,,,
CONFIG_HVC_CONSOLE,TODO,UNRESOLVED,,,,0,,,
CONFIG_HVC_DCC,TODO,UNRESOLVED,,,,0,,,
CONFIG_HVC_DCC_SERIALIZE_SMP,TODO,UNRESOLVED,,,,0,,,
CONFIG_HVC_DRIVER,REVIEWED,TRANSITIVE,DOCUMENTED_PLATFORM,WSL_CONTROL,wsl-console,1,"K-HVCORE-DIAG-001 observed missing /dev/hvc1 and /dev/console. For the WSL virtio console path, VIRTIO_CONSOLE selects this generic HVC infrastructure; defer console bundle until after the fatal VSOCK blocker.",https://github.com/microsoft/WSL2-Linux-Kernel/blob/14794180686c2fb6307fbe359c359bec765249f3/drivers/char/Kconfig,
CONFIG_HVC_IRQ,TODO,UNRESOLVED,,,,0,,,
CONFIG_HVC_IUCV,TODO,UNRESOLVED,,,,0,,,
CONFIG_HVC_OLD_HVSI,TODO,UNRESOLVED,,,,0,,,
CONFIG_HVC_OPAL,TODO,UNRESOLVED,,,,0,,,
CONFIG_HVC_RISCV_SBI,TODO,UNRESOLVED,,,,0,,,
CONFIG_HVC_RTAS,TODO,UNRESOLVED,,,,0,,,
CONFIG_HVC_UDBG,TODO,UNRESOLVED,,,,0,,,
CONFIG_HVC_XEN,TODO,UNRESOLVED,,,,0,,,
CONFIG_HVC_XEN_FRONTEND,TODO,UNRESOLVED,,,,0,,,
CONFIG_HWBM,TODO,UNRESOLVED,,,,0,,,
CONFIG_HWLAT_TRACER,TODO,UNRESOLVED,,,,0,,,
CONFIG_HWMON,TODO,UNRESOLVED,,,,0,,,
CONFIG_HWMON_DEBUG_CHIP,TODO,UNRESOLVED,,,,0,,,
CONFIG_HWMON_VID,TODO,UNRESOLVED,,,,0,,,
CONFIG_HWPOISON_INJECT,TODO,UNRESOLVED,,,,0,,,
CONFIG_HWSPINLOCK,TODO,UNRESOLVED,,,,0,,,
CONFIG_HWSPINLOCK_OMAP,TODO,UNRESOLVED,,,,0,,,
CONFIG_HWSPINLOCK_QCOM,TODO,UNRESOLVED,,,,0,,,
CONFIG_HWSPINLOCK_SPRD,TODO,UNRESOLVED,,,,0,,,
CONFIG_HWSPINLOCK_STM32,TODO,UNRESOLVED,,,,0,,,
CONFIG_HWSPINLOCK_SUN6I,TODO,UNRESOLVED,,,,0,,,
CONFIG_HW_BREAKPOINT_KUNIT_TEST,TODO,UNRESOLVED,,,,0,,,
CONFIG_HW_RANDOM,TODO,UNRESOLVED,,,,0,,,
CONFIG_HW_RANDOM_AIROHA,TODO,UNRESOLVED,,,,0,,,
CONFIG_HW_RANDOM_AMD,TODO,UNRESOLVED,,,,0,,,
CONFIG_HW_RANDOM_ARM_SMCCC_TRNG,TODO,UNRESOLVED,,,,0,,,
CONFIG_HW_RANDOM_ATMEL,TODO,UNRESOLVED,,,,0,,,
CONFIG_HW_RANDOM_BA431,TODO,UNRESOLVED,,,,0,,,
CONFIG_HW_RANDOM_BCM2835,TODO,UNRESOLVED,,,,0,,,
CONFIG_HW_RANDOM_BCM74110,TODO,UNRESOLVED,,,,0,,,
CONFIG_HW_RANDOM_CAVIUM,TODO,UNRESOLVED,,,,0,,,
CONFIG_HW_RANDOM_CCTRNG,TODO,UNRESOLVED,,,,0,,,
CONFIG_HW_RANDOM_CN10K,TODO,UNRESOLVED,,,,0,,,
CONFIG_HW_RANDOM_EXYNOS,TODO,UNRESOLVED,,,,0,,,
CONFIG_HW_RANDOM_GEODE,TODO,UNRESOLVED,,,,0,,,
CONFIG_HW_RANDOM_HISI,TODO,UNRESOLVED,,,,0,,,
CONFIG_HW_RANDOM_HISTB,TODO,UNRESOLVED,,,,0,,,
CONFIG_HW_RANDOM_IMX_RNGC,TODO,UNRESOLVED,,,,0,,,
CONFIG_HW_RANDOM_INGENIC_RNG,TODO,UNRESOLVED,,,,0,,,
CONFIG_HW_RANDOM_INGENIC_TRNG,TODO,UNRESOLVED,,,,0,,,
CONFIG_HW_RANDOM_INTEL,TODO,UNRESOLVED,,,,0,,,
CONFIG_HW_RANDOM_IPROC_RNG200,TODO,UNRESOLVED,,,,0,,,
CONFIG_HW_RANDOM_IXP4XX,TODO,UNRESOLVED,,,,0,,,
CONFIG_HW_RANDOM_JH7110,TODO,UNRESOLVED,,,,0,,,
CONFIG_HW_RANDOM_KEYSTONE,TODO,UNRESOLVED,,,,0,,,
CONFIG_HW_RANDOM_MESON,TODO,UNRESOLVED,,,,0,,,
CONFIG_HW_RANDOM_MTK,TODO,UNRESOLVED,,,,0,,,
CONFIG_HW_RANDOM_MXC_RNGA,TODO,UNRESOLVED,,,,0,,,
CONFIG_HW_RANDOM_N2RNG,TODO,UNRESOLVED,,,,0,,,
CONFIG_HW_RANDOM_NOMADIK,TODO,UNRESOLVED,,,,0,,,
CONFIG_HW_RANDOM_NPCM,TODO,UNRESOLVED,,,,0,,,
CONFIG_HW_RANDOM_OCTEON,TODO,UNRESOLVED,,,,0,,,
CONFIG_HW_RANDOM_OMAP,TODO,UNRESOLVED,,,,0,,,
CONFIG_HW_RANDOM_OMAP3_ROM,TODO,UNRESOLVED,,,,0,,,
CONFIG_HW_RANDOM_OPTEE,TODO,UNRESOLVED,,,,0,,,
CONFIG_HW_RANDOM_PASEMI,TODO,UNRESOLVED,,,,0,,,
CONFIG_HW_RANDOM_PIC32,TODO,UNRESOLVED,,,,0,,,
CONFIG_HW_RANDOM_POLARFIRE_SOC,TODO,UNRESOLVED,,,,0,,,
CONFIG_HW_RANDOM_POWERNV,TODO,UNRESOLVED,,,,0,,,
CONFIG_HW_RANDOM_PPC4XX,TODO,UNRESOLVED,,,,0,,,
CONFIG_HW_RANDOM_PSERIES,TODO,UNRESOLVED,,,,0,,,
CONFIG_HW_RANDOM_ROCKCHIP,TODO,UNRESOLVED,,,,0,,,
CONFIG_HW_RANDOM_S390,TODO,UNRESOLVED,,,,0,,,
CONFIG_HW_RANDOM_ST,TODO,UNRESOLVED,,,,0,,,
CONFIG_HW_RANDOM_STM32,TODO,UNRESOLVED,,,,0,,,
CONFIG_HW_RANDOM_TIMERIOMEM,TODO,UNRESOLVED,,,,0,,,
CONFIG_HW_RANDOM_TPM,TODO,UNRESOLVED,,,,0,,,
CONFIG_HW_RANDOM_VIA,TODO,UNRESOLVED,,,,0,,,
CONFIG_HW_RANDOM_VIRTIO,TODO,UNRESOLVED,,,,0,,,
CONFIG_HW_RANDOM_XGENE,TODO,UNRESOLVED,,,,0,,,
CONFIG_HW_RANDOM_XIPHERA,TODO,UNRESOLVED,,,,0,,,
CONFIG_HX711,TODO,UNRESOLVED,,,,0,,,
CONFIG_HX9023S,TODO,UNRESOLVED,,,,0,,,
CONFIG_HYDRA,TODO,UNRESOLVED,,,,0,,,
CONFIG_HYPERV,REVIEWED,UNRESOLVED,DOCUMENTED_PLATFORM,HYPERV,hyperv-execution,1,Microsoft Hyper-V guest core; explicit first error-directed addition after B0.,https://github.com/microsoft/WSL2-Linux-Kernel/blob/14794180686c2fb6307fbe359c359bec765249f3/drivers/hv/Kconfig,
CONFIG_HYPERVISOR_GUEST,REVIEWED,UNRESOLVED,DOCUMENTED_PLATFORM,HYPERV,hyperv-execution,1,Enables basic hypervisor detection and platform setup; explicit first error-directed addition after B0.,https://github.com/microsoft/WSL2-Linux-Kernel/blob/14794180686c2fb6307fbe359c359bec765249f3/arch/x86/Kconfig,
CONFIG_HYPERV_BALLOON,TODO,UNRESOLVED,,,,0,,,
CONFIG_HYPERV_IOMMU,TODO,UNRESOLVED,,,,0,,,
CONFIG_HYPERV_KEYBOARD,TODO,UNRESOLVED,,,,0,,,
CONFIG_HYPERV_NET,REVIEWED,DEFERRED,DOCUMENTED_SCENARIO,OPTIONAL,networking,1,"Hyper-V network driver, absent in K-HOSTCHAN-001. Networking is deferred and the trial's terminal timeout was storage LUN discovery, so do not add this to the next B3 candidate.",https://github.com/microsoft/WSL2-Linux-Kernel/blob/14794180686c2fb6307fbe359c359bec765249f3/drivers/net/hyperv/Kconfig,
CONFIG_HYPERV_STORAGE,REVIEWED,UNRESOLVED,DOCUMENTED_PLATFORM,HYPERV,hyperv-storage,1,"K-HOSTCHAN-001 reached B2, then exact WSL 2.7.12 source line 972 timed out opening the Hyper-V SCSI LUN sysfs block path. The candidate had SCSI=y but HYPERV_STORAGE=n; this is the next direct B3 discovery candidate addition.",https://github.com/microsoft/WSL/blob/68f601bba8eac1df20a0bbd403c6c87c92369ade/src/linux/init/main.cpp#L940-L990,
CONFIG_HYPERV_TESTING,TODO,UNRESOLVED,,,,0,,,
CONFIG_HYPERV_TIMER,REVIEWED,TRANSITIVE,DOCUMENTED_PLATFORM,HYPERV,hyperv-execution,1,Defaults to CONFIG_HYPERV; resulting member of the initial core bundle.,https://github.com/microsoft/WSL2-Linux-Kernel/blob/14794180686c2fb6307fbe359c359bec765249f3/drivers/hv/Kconfig,
CONFIG_HYPERV_UTILS,TODO,UNRESOLVED,,,,0,,,
CONFIG_HYPERV_VMBUS,REVIEWED,TRANSITIVE,DOCUMENTED_PLATFORM,HYPERV,hyperv-execution,1,Defaults to CONFIG_HYPERV; core Hyper-V device bus and resulting member of the initial bundle.,https://github.com/microsoft/WSL2-Linux-Kernel/blob/14794180686c2fb6307fbe359c359bec765249f3/drivers/hv/Kconfig,
CONFIG_HYPERV_VSOCKETS,REVIEWED,UNRESOLVED,DOCUMENTED_PLATFORM,WSL_CONTROL,host-channel,1,Hyper-V transport required to satisfy mini_init's observed AF_VSOCK host-service connection; depends on VSOCKETS and runtime VMBus enumeration.,https://github.com/microsoft/WSL2-Linux-Kernel/blob/14794180686c2fb6307fbe359c359bec765249f3/net/vmw_vsock/Kconfig,
CONFIG_HYPERV_VTL_MODE,TODO,UNRESOLVED,,,,0,,,
CONFIG_HZ,TODO,UNRESOLVED,,,,0,,,
CONFIG_HZ_100,TODO,UNRESOLVED,,,,0,,,
CONFIG_HZ_1000,TODO,UNRESOLVED,,,,0,,,
CONFIG_HZ_250,TODO,UNRESOLVED,,,,0,,,
CONFIG_HZ_300,TODO,UNRESOLVED,,,,0,,,
CONFIG_HZ_PERIODIC,TODO,UNRESOLVED,,,,0,,,
CONFIG_I2C,TODO,UNRESOLVED,,,,0,,,
CONFIG_I2CR_SCOM,TODO,UNRESOLVED,,,,0,,,
CONFIG_I2C_ACORN,TODO,UNRESOLVED,,,,0,,,
CONFIG_I2C_ALGOBIT,TODO,UNRESOLVED,,,,0,,,
CONFIG_I2C_ALGOPCA,TODO,UNRESOLVED,,,,0,,,
CONFIG_I2C_ALGOPCF,TODO,UNRESOLVED,,,,0,,,
CONFIG_I2C_ALI1535,TODO,UNRESOLVED,,,,0,,,
CONFIG_I2C_ALI1563,TODO,UNRESOLVED,,,,0,,,
CONFIG_I2C_ALI15X3,TODO,UNRESOLVED,,,,0,,,
CONFIG_I2C_ALTERA,TODO,UNRESOLVED,,,,0,,,
CONFIG_I2C_AMD756,TODO,UNRESOLVED,,,,0,,,
CONFIG_I2C_AMD8111,TODO,UNRESOLVED,,,,0,,,
CONFIG_I2C_AMD_ASF,TODO,UNRESOLVED,,,,0,,,
CONFIG_I2C_AMD_MP2,TODO,UNRESOLVED,,,,0,,,
CONFIG_I2C_APPLE,TODO,UNRESOLVED,,,,0,,,
CONFIG_I2C_ARB_GPIO_CHALLENGE,TODO,UNRESOLVED,,,,0,,,
CONFIG_I2C_ASPEED,TODO,UNRESOLVED,,,,0,,,
CONFIG_I2C_AT91,TODO,UNRESOLVED,,,,0,,,
CONFIG_I2C_AT91_SLAVE_EXPERIMENTAL,TODO,UNRESOLVED,,,,0,,,
CONFIG_I2C_ATR,TODO,UNRESOLVED,,,,0,,,
CONFIG_I2C_AU1550,TODO,UNRESOLVED,,,,0,,,
CONFIG_I2C_AXXIA,TODO,UNRESOLVED,,,,0,,,
CONFIG_I2C_BCM2835,TODO,UNRESOLVED,,,,0,,,
CONFIG_I2C_BCM_IPROC,TODO,UNRESOLVED,,,,0,,,
CONFIG_I2C_BCM_KONA,TODO,UNRESOLVED,,,,0,,,
CONFIG_I2C_BOARDINFO,TODO,UNRESOLVED,,,,0,,,
CONFIG_I2C_BRCMSTB,TODO,UNRESOLVED,,,,0,,,
CONFIG_I2C_CADENCE,TODO,UNRESOLVED,,,,0,,,
CONFIG_I2C_CBUS_GPIO,TODO,UNRESOLVED,,,,0,,,
CONFIG_I2C_CCGX_UCSI,TODO,UNRESOLVED,,,,0,,,
CONFIG_I2C_CGBC,TODO,UNRESOLVED,,,,0,,,
CONFIG_I2C_CHARDEV,TODO,UNRESOLVED,,,,0,,,
CONFIG_I2C_CHT_WC,TODO,UNRESOLVED,,,,0,,,
CONFIG_I2C_CP2615,TODO,UNRESOLVED,,,,0,,,
CONFIG_I2C_CPM,TODO,UNRESOLVED,,,,0,,,
CONFIG_I2C_CROS_EC_TUNNEL,TODO,UNRESOLVED,,,,0,,,
CONFIG_I2C_DAVINCI,TODO,UNRESOLVED,,,,0,,,
CONFIG_I2C_DEBUG_ALGO,TODO,UNRESOLVED,,,,0,,,
CONFIG_I2C_DEBUG_BUS,TODO,UNRESOLVED,,,,0,,,
CONFIG_I2C_DEBUG_CORE,TODO,UNRESOLVED,,,,0,,,
CONFIG_I2C_DEMUX_PINCTRL,TODO,UNRESOLVED,,,,0,,,
CONFIG_I2C_DESIGNWARE_AMDISP,TODO,UNRESOLVED,,,,0,,,
CONFIG_I2C_DESIGNWARE_AMDPSP,TODO,UNRESOLVED,,,,0,,,
CONFIG_I2C_DESIGNWARE_BAYTRAIL,TODO,UNRESOLVED,,,,0,,,
CONFIG_I2C_DESIGNWARE_CORE,TODO,UNRESOLVED,,,,0,,,
CONFIG_I2C_DESIGNWARE_PCI,TODO,UNRESOLVED,,,,0,,,
CONFIG_I2C_DESIGNWARE_PLATFORM,TODO,UNRESOLVED,,,,0,,,
CONFIG_I2C_DESIGNWARE_SLAVE,TODO,UNRESOLVED,,,,0,,,
CONFIG_I2C_DIGICOLOR,TODO,UNRESOLVED,,,,0,,,
CONFIG_I2C_DIOLAN_U2C,TODO,UNRESOLVED,,,,0,,,
CONFIG_I2C_DLN2,TODO,UNRESOLVED,,,,0,,,
CONFIG_I2C_EG20T,TODO,UNRESOLVED,,,,0,,,
CONFIG_I2C_ELEKTOR,TODO,UNRESOLVED,,,,0,,,
CONFIG_I2C_EMEV2,TODO,UNRESOLVED,,,,0,,,
CONFIG_I2C_EXYNOS5,TODO,UNRESOLVED,,,,0,,,
CONFIG_I2C_FSI,TODO,UNRESOLVED,,,,0,,,
CONFIG_I2C_GPIO,TODO,UNRESOLVED,,,,0,,,
CONFIG_I2C_GPIO_FAULT_INJECTOR,TODO,UNRESOLVED,,,,0,,,
CONFIG_I2C_GXP,TODO,UNRESOLVED,,,,0,,,
CONFIG_I2C_HELPER_AUTO,TODO,UNRESOLVED,,,,0,,,
CONFIG_I2C_HID,TODO,UNRESOLVED,,,,0,,,
CONFIG_I2C_HID_ACPI,TODO,UNRESOLVED,,,,0,,,
CONFIG_I2C_HID_CORE,TODO,UNRESOLVED,,,,0,,,
CONFIG_I2C_HID_OF,TODO,UNRESOLVED,,,,0,,,
CONFIG_I2C_HID_OF_ELAN,TODO,UNRESOLVED,,,,0,,,
CONFIG_I2C_HID_OF_GOODIX,TODO,UNRESOLVED,,,,0,,,
CONFIG_I2C_HIGHLANDER,TODO,UNRESOLVED,,,,0,,,
CONFIG_I2C_HISI,TODO,UNRESOLVED,,,,0,,,
CONFIG_I2C_HIX5HD2,TODO,UNRESOLVED,,,,0,,,
CONFIG_I2C_HYDRA,TODO,UNRESOLVED,,,,0,,,
CONFIG_I2C_I801,TODO,UNRESOLVED,,,,0,,,
CONFIG_I2C_I801_MUX,TODO,UNRESOLVED,,,,0,,,
CONFIG_I2C_IBM_IIC,TODO,UNRESOLVED,,,,0,,,
CONFIG_I2C_ICY,TODO,UNRESOLVED,,,,0,,,
CONFIG_I2C_IMG,TODO,UNRESOLVED,,,,0,,,
CONFIG_I2C_IMX,TODO,UNRESOLVED,,,,0,,,
CONFIG_I2C_IMX_LPI2C,TODO,UNRESOLVED,,,,0,,,
CONFIG_I2C_IOP3XX,TODO,UNRESOLVED,,,,0,,,
CONFIG_I2C_ISCH,TODO,UNRESOLVED,,,,0,,,
CONFIG_I2C_ISMT,TODO,UNRESOLVED,,,,0,,,
CONFIG_I2C_JZ4780,TODO,UNRESOLVED,,,,0,,,
CONFIG_I2C_K1,TODO,UNRESOLVED,,,,0,,,
CONFIG_I2C_KEBA,TODO,UNRESOLVED,,,,0,,,
CONFIG_I2C_KEMPLD,TODO,UNRESOLVED,,,,0,,,
CONFIG_I2C_LJCA,TODO,UNRESOLVED,,,,0,,,
CONFIG_I2C_LPC2K,TODO,UNRESOLVED,,,,0,,,
CONFIG_I2C_LS2X,TODO,UNRESOLVED,,,,0,,,
CONFIG_I2C_MESON,TODO,UNRESOLVED,,,,0,,,
CONFIG_I2C_MICROCHIP_CORE,TODO,UNRESOLVED,,,,0,,,
CONFIG_I2C_MLXBF,TODO,UNRESOLVED,,,,0,,,
CONFIG_I2C_MLXCPLD,TODO,UNRESOLVED,,,,0,,,
CONFIG_I2C_MPC,TODO,UNRESOLVED,,,,0,,,
CONFIG_I2C_MT65XX,TODO,UNRESOLVED,,,,0,,,
CONFIG_I2C_MT7621,TODO,UNRESOLVED,,,,0,,,
CONFIG_I2C_MUX,TODO,UNRESOLVED,,,,0,,,
CONFIG_I2C_MUX_GPIO,TODO,UNRESOLVED,,,,0,,,
CONFIG_I2C_MUX_GPMUX,TODO,UNRESOLVED,,,,0,,,
CONFIG_I2C_MUX_LTC4306,TODO,UNRESOLVED,,,,0,,,
CONFIG_I2C_MUX_MLXCPLD,TODO,UNRESOLVED,,,,0,,,
CONFIG_I2C_MUX_MULE,TODO,UNRESOLVED,,,,0,,,
CONFIG_I2C_MUX_PCA9541,TODO,UNRESOLVED,,,,0,,,
CONFIG_I2C_MUX_PCA954x,TODO,UNRESOLVED,,,,0,,,
CONFIG_I2C_MUX_PINCTRL,TODO,UNRESOLVED,,,,0,,,
CONFIG_I2C_MUX_REG,TODO,UNRESOLVED,,,,0,,,
CONFIG_I2C_MV64XXX,TODO,UNRESOLVED,,,,0,,,
CONFIG_I2C_MXS,TODO,UNRESOLVED,,,,0,,,
CONFIG_I2C_NCT6694,TODO,UNRESOLVED,,,,0,,,
CONFIG_I2C_NFORCE2,TODO,UNRESOLVED,,,,0,,,
CONFIG_I2C_NOMADIK,TODO,UNRESOLVED,,,,0,,,
CONFIG_I2C_NPCM,TODO,UNRESOLVED,,,,0,,,
CONFIG_I2C_NVIDIA_GPU,TODO,UNRESOLVED,,,,0,,,
CONFIG_I2C_OCORES,TODO,UNRESOLVED,,,,0,,,
CONFIG_I2C_OCTEON,TODO,UNRESOLVED,,,,0,,,
CONFIG_I2C_OMAP,TODO,UNRESOLVED,,,,0,,,
CONFIG_I2C_OPAL,TODO,UNRESOLVED,,,,0,,,
CONFIG_I2C_OWL,TODO,UNRESOLVED,,,,0,,,
CONFIG_I2C_PARPORT,TODO,UNRESOLVED,,,,0,,,
CONFIG_I2C_PASEMI,TODO,UNRESOLVED,,,,0,,,
CONFIG_I2C_PCA_ISA,TODO,UNRESOLVED,,,,0,,,
CONFIG_I2C_PCA_PLATFORM,TODO,UNRESOLVED,,,,0,,,
CONFIG_I2C_PCI1XXXX,TODO,UNRESOLVED,,,,0,,,
CONFIG_I2C_PIIX4,TODO,UNRESOLVED,,,,0,,,
CONFIG_I2C_PNX,TODO,UNRESOLVED,,,,0,,,
CONFIG_I2C_POWERMAC,TODO,UNRESOLVED,,,,0,,,
CONFIG_I2C_PXA,TODO,UNRESOLVED,,,,0,,,
CONFIG_I2C_PXA_PCI,TODO,UNRESOLVED,,,,0,,,
CONFIG_I2C_PXA_SLAVE,TODO,UNRESOLVED,,,,0,,,
CONFIG_I2C_QCOM_CCI,TODO,UNRESOLVED,,,,0,,,
CONFIG_I2C_QCOM_GENI,TODO,UNRESOLVED,,,,0,,,
CONFIG_I2C_QUP,TODO,UNRESOLVED,,,,0,,,
CONFIG_I2C_RCAR,TODO,UNRESOLVED,,,,0,,,
CONFIG_I2C_RIIC,TODO,UNRESOLVED,,,,0,,,
CONFIG_I2C_RK3X,TODO,UNRESOLVED,,,,0,,,
CONFIG_I2C_ROBOTFUZZ_OSIF,TODO,UNRESOLVED,,,,0,,,
CONFIG_I2C_RTL9300,TODO,UNRESOLVED,,,,0,,,
CONFIG_I2C_RZV2M,TODO,UNRESOLVED,,,,0,,,
CONFIG_I2C_S3C2410,TODO,UNRESOLVED,,,,0,,,
CONFIG_I2C_SCMI,TODO,UNRESOLVED,,,,0,,,
CONFIG_I2C_SH7760,TODO,UNRESOLVED,,,,0,,,
CONFIG_I2C_SH_MOBILE,TODO,UNRESOLVED,,,,0,,,
CONFIG_I2C_SI470X,TODO,UNRESOLVED,,,,0,,,
CONFIG_I2C_SI4713,TODO,UNRESOLVED,,,,0,,,
CONFIG_I2C_SIBYTE,TODO,UNRESOLVED,,,,0,,,
CONFIG_I2C_SIMTEC,TODO,UNRESOLVED,,,,0,,,
CONFIG_I2C_SIS5595,TODO,UNRESOLVED,,,,0,,,
CONFIG_I2C_SIS630,TODO,UNRESOLVED,,,,0,,,
CONFIG_I2C_SIS96X,TODO,UNRESOLVED,,,,0,,,
CONFIG_I2C_SLAVE,TODO,UNRESOLVED,,,,0,,,
CONFIG_I2C_SLAVE_EEPROM,TODO,UNRESOLVED,,,,0,,,
CONFIG_I2C_SLAVE_TESTUNIT,TODO,UNRESOLVED,,,,0,,,
CONFIG_I2C_SMBUS,TODO,UNRESOLVED,,,,0,,,
CONFIG_I2C_SPRD,TODO,UNRESOLVED,,,,0,,,
CONFIG_I2C_ST,TODO,UNRESOLVED,,,,0,,,
CONFIG_I2C_STM32F4,TODO,UNRESOLVED,,,,0,,,
CONFIG_I2C_STM32F7,TODO,UNRESOLVED,,,,0,,,
CONFIG_I2C_STUB,TODO,UNRESOLVED,,,,0,,,
CONFIG_I2C_SUN6I_P2WI,TODO,UNRESOLVED,,,,0,,,
CONFIG_I2C_SYNQUACER,TODO,UNRESOLVED,,,,0,,,
CONFIG_I2C_TAOS_EVM,TODO,UNRESOLVED,,,,0,,,
CONFIG_I2C_TEGRA,TODO,UNRESOLVED,,,,0,,,
CONFIG_I2C_TEGRA_BPMP,TODO,UNRESOLVED,,,,0,,,
CONFIG_I2C_THUNDERX,TODO,UNRESOLVED,,,,0,,,
CONFIG_I2C_TINY_USB,TODO,UNRESOLVED,,,,0,,,
CONFIG_I2C_UNIPHIER,TODO,UNRESOLVED,,,,0,,,
CONFIG_I2C_UNIPHIER_F,TODO,UNRESOLVED,,,,0,,,
CONFIG_I2C_USBIO,TODO,UNRESOLVED,,,,0,,,
CONFIG_I2C_VERSATILE,TODO,UNRESOLVED,,,,0,,,
CONFIG_I2C_VIA,TODO,UNRESOLVED,,,,0,,,
CONFIG_I2C_VIAPRO,TODO,UNRESOLVED,,,,0,,,
CONFIG_I2C_VIPERBOARD,TODO,UNRESOLVED,,,,0,,,
CONFIG_I2C_VIRTIO,TODO,UNRESOLVED,,,,0,,,
CONFIG_I2C_WMT,TODO,UNRESOLVED,,,,0,,,
CONFIG_I2C_XGENE_SLIMPRO,TODO,UNRESOLVED,,,,0,,,
CONFIG_I2C_XILINX,TODO,UNRESOLVED,,,,0,,,
CONFIG_I2C_XLP9XX,TODO,UNRESOLVED,,,,0,,,
CONFIG_I2C_ZHAOXIN,TODO,UNRESOLVED,,,,0,,,
CONFIG_I3C,TODO,UNRESOLVED,,,,0,,,
CONFIG_I40E,TODO,UNRESOLVED,,,,0,,,
CONFIG_I40EVF,TODO,UNRESOLVED,,,,0,,,
CONFIG_I40E_DCB,TODO,UNRESOLVED,,,,0,,,
CONFIG_I6300ESB_WDT,TODO,UNRESOLVED,,,,0,,,
CONFIG_I82092,TODO,UNRESOLVED,,,,0,,,
CONFIG_I82365,TODO,UNRESOLVED,,,,0,,,
CONFIG_I8253_LOCK,TODO,UNRESOLVED,,,,0,,,
CONFIG_I8254,TODO,UNRESOLVED,,,,0,,,
CONFIG_I8259,TODO,UNRESOLVED,,,,0,,,
CONFIG_I8K,TODO,UNRESOLVED,,,,0,,,
CONFIG_IA32_EMULATION,TODO,UNRESOLVED,,,,0,,,
CONFIG_IA32_EMULATION_DEFAULT_DISABLED,TODO,UNRESOLVED,,,,0,,,
CONFIG_IA32_FEAT_CTL,TODO,UNRESOLVED,,,,0,,,
CONFIG_IAQCORE,TODO,UNRESOLVED,,,,0,,,
CONFIG_IAVF,TODO,UNRESOLVED,,,,0,,,
CONFIG_IB700_WDT,TODO,UNRESOLVED,,,,0,,,
CONFIG_IBMASR,TODO,UNRESOLVED,,,,0,,,
CONFIG_IBMVETH,TODO,UNRESOLVED,,,,0,,,
CONFIG_IBMVETH_KUNIT_TEST,TODO,UNRESOLVED,,,,0,,,
CONFIG_IBMVMC,TODO,UNRESOLVED,,,,0,,,
CONFIG_IBMVNIC,TODO,UNRESOLVED,,,,0,,,
CONFIG_IBM_ASM,TODO,UNRESOLVED,,,,0,,,
CONFIG_IBM_BSR,TODO,UNRESOLVED,,,,0,,,
CONFIG_IBM_EMAC,TODO,UNRESOLVED,,,,0,,,
CONFIG_IBM_EMAC_DEBUG,TODO,UNRESOLVED,,,,0,,,
CONFIG_IBM_EMAC_EMAC4,TODO,UNRESOLVED,,,,0,,,
CONFIG_IBM_EMAC_MAL_CLR_ICINTSTAT,TODO,UNRESOLVED,,,,0,,,
CONFIG_IBM_EMAC_MAL_COMMON_ERR,TODO,UNRESOLVED,,,,0,,,
CONFIG_IBM_EMAC_NO_FLOW_CTRL,TODO,UNRESOLVED,,,,0,,,
CONFIG_IBM_EMAC_POLL_WEIGHT,TODO,UNRESOLVED,,,,0,,,
CONFIG_IBM_EMAC_RGMII,TODO,UNRESOLVED,,,,0,,,
CONFIG_IBM_EMAC_RXB,TODO,UNRESOLVED,,,,0,,,
CONFIG_IBM_EMAC_RX_COPY_THRESHOLD,TODO,UNRESOLVED,,,,0,,,
CONFIG_IBM_EMAC_TAH,TODO,UNRESOLVED,,,,0,,,
CONFIG_IBM_EMAC_TXB,TODO,UNRESOLVED,,,,0,,,
CONFIG_IBM_EMAC_ZMII,TODO,UNRESOLVED,,,,0,,,
CONFIG_IBM_PARTITION,TODO,UNRESOLVED,,,,0,,,
CONFIG_IBM_RTL,TODO,UNRESOLVED,,,,0,,,
CONFIG_ICE,TODO,UNRESOLVED,,,,0,,,
CONFIG_ICE_HWMON,TODO,UNRESOLVED,,,,0,,,
CONFIG_ICE_HWTS,TODO,UNRESOLVED,,,,0,,,
CONFIG_ICE_SWITCHDEV,TODO,UNRESOLVED,,,,0,,,
CONFIG_ICP10100,TODO,UNRESOLVED,,,,0,,,
CONFIG_ICPLUS_PHY,TODO,UNRESOLVED,,,,0,,,
CONFIG_ICS932S401,TODO,UNRESOLVED,,,,0,,,
CONFIG_IDEAPAD_LAPTOP,TODO,UNRESOLVED,,,,0,,,
CONFIG_IDLE_INJECT,TODO,UNRESOLVED,,,,0,,,
CONFIG_IDLE_PAGE_TRACKING,TODO,UNRESOLVED,,,,0,,,
CONFIG_IDPF,TODO,UNRESOLVED,,,,0,,,
CONFIG_IDPF_SINGLEQ,TODO,UNRESOLVED,,,,0,,,
CONFIG_IE6XX_WDT,TODO,UNRESOLVED,,,,0,,,
CONFIG_IEEE802154,TODO,UNRESOLVED,,,,0,,,
CONFIG_IEEE802154_6LOWPAN,TODO,UNRESOLVED,,,,0,,,
CONFIG_IEEE802154_ADF7242,TODO,UNRESOLVED,,,,0,,,
CONFIG_IEEE802154_AT86RF230,TODO,UNRESOLVED,,,,0,,,
CONFIG_IEEE802154_ATUSB,TODO,UNRESOLVED,,,,0,,,
CONFIG_IEEE802154_CA8210,TODO,UNRESOLVED,,,,0,,,
CONFIG_IEEE802154_CA8210_DEBUGFS,TODO,UNRESOLVED,,,,0,,,
CONFIG_IEEE802154_CC2520,TODO,UNRESOLVED,,,,0,,,
CONFIG_IEEE802154_DRIVERS,TODO,UNRESOLVED,,,,0,,,
CONFIG_IEEE802154_FAKELB,TODO,UNRESOLVED,,,,0,,,
CONFIG_IEEE802154_HWSIM,TODO,UNRESOLVED,,,,0,,,
CONFIG_IEEE802154_MCR20A,TODO,UNRESOLVED,,,,0,,,
CONFIG_IEEE802154_MRF24J40,TODO,UNRESOLVED,,,,0,,,
CONFIG_IEEE802154_NL802154_EXPERIMENTAL,TODO,UNRESOLVED,,,,0,,,
CONFIG_IEEE802154_SOCKET,TODO,UNRESOLVED,,,,0,,,
CONFIG_IFB,TODO,UNRESOLVED,,,,0,,,
CONFIG_IFCVF,TODO,UNRESOLVED,,,,0,,,
CONFIG_IGB,TODO,UNRESOLVED,,,,0,,,
CONFIG_IGBVF,TODO,UNRESOLVED,,,,0,,,
CONFIG_IGB_DCA,TODO,UNRESOLVED,,,,0,,,
CONFIG_IGB_HWMON,TODO,UNRESOLVED,,,,0,,,
CONFIG_IGC,TODO,UNRESOLVED,,,,0,,,
CONFIG_IGC_LEDS,TODO,UNRESOLVED,,,,0,,,
CONFIG_IIO,TODO,UNRESOLVED,,,,0,,,
CONFIG_IIO_ADC_HELPER,TODO,UNRESOLVED,,,,0,,,
CONFIG_IIO_ADIS_LIB,TODO,UNRESOLVED,,,,0,,,
CONFIG_IIO_ADIS_LIB_BUFFER,TODO,UNRESOLVED,,,,0,,,
CONFIG_IIO_BACKEND,TODO,UNRESOLVED,,,,0,,,
CONFIG_IIO_BUFFER,TODO,UNRESOLVED,,,,0,,,
CONFIG_IIO_BUFFER_CB,TODO,UNRESOLVED,,,,0,,,
CONFIG_IIO_BUFFER_DMA,TODO,UNRESOLVED,,,,0,,,
CONFIG_IIO_BUFFER_DMAENGINE,TODO,UNRESOLVED,,,,0,,,
CONFIG_IIO_BUFFER_HW_CONSUMER,TODO,UNRESOLVED,,,,0,,,
CONFIG_IIO_CONFIGFS,TODO,UNRESOLVED,,,,0,,,
CONFIG_IIO_CONSUMERS_PER_TRIGGER,TODO,UNRESOLVED,,,,0,,,
CONFIG_IIO_CROS_EC_ACCEL_LEGACY,TODO,UNRESOLVED,,,,0,,,
CONFIG_IIO_CROS_EC_ACTIVITY,TODO,UNRESOLVED,,,,0,,,
CONFIG_IIO_CROS_EC_BARO,TODO,UNRESOLVED,,,,0,,,
CONFIG_IIO_CROS_EC_LIGHT_PROX,TODO,UNRESOLVED,,,,0,,,
CONFIG_IIO_CROS_EC_SENSORS,TODO,UNRESOLVED,,,,0,,,
CONFIG_IIO_CROS_EC_SENSORS_CORE,TODO,UNRESOLVED,,,,0,,,
CONFIG_IIO_CROS_EC_SENSORS_LID_ANGLE,TODO,UNRESOLVED,,,,0,,,
CONFIG_IIO_DUMMY_EVGEN,TODO,UNRESOLVED,,,,0,,,
CONFIG_IIO_FORMAT_KUNIT_TEST,TODO,UNRESOLVED,,,,0,,,
CONFIG_IIO_GTS_HELPER,TODO,UNRESOLVED,,,,0,,,
CONFIG_IIO_GTS_KUNIT_TEST,TODO,UNRESOLVED,,,,0,,,
CONFIG_IIO_HRTIMER_TRIGGER,TODO,UNRESOLVED,,,,0,,,
CONFIG_IIO_INTERRUPT_TRIGGER,TODO,UNRESOLVED,,,,0,,,
CONFIG_IIO_INV_SENSORS_TIMESTAMP,TODO,UNRESOLVED,,,,0,,,
CONFIG_IIO_KFIFO_BUF,TODO,UNRESOLVED,,,,0,,,
CONFIG_IIO_KX022A,TODO,UNRESOLVED,,,,0,,,
CONFIG_IIO_KX022A_I2C,TODO,UNRESOLVED,,,,0,,,
CONFIG_IIO_KX022A_SPI,TODO,UNRESOLVED,,,,0,,,
CONFIG_IIO_MS_SENSORS_I2C,TODO,UNRESOLVED,,,,0,,,
CONFIG_IIO_MULTIPLY_KUNIT_TEST,TODO,UNRESOLVED,,,,0,,,
CONFIG_IIO_MUX,TODO,UNRESOLVED,,,,0,,,
CONFIG_IIO_RESCALE,TODO,UNRESOLVED,,,,0,,,
CONFIG_IIO_RESCALE_KUNIT_TEST,TODO,UNRESOLVED,,,,0,,,
CONFIG_IIO_SCMI,TODO,UNRESOLVED,,,,0,,,
CONFIG_IIO_SIMPLE_DUMMY,TODO,UNRESOLVED,,,,0,,,
CONFIG_IIO_SIMPLE_DUMMY_BUFFER,TODO,UNRESOLVED,,,,0,,,
CONFIG_IIO_SIMPLE_DUMMY_EVENTS,TODO,UNRESOLVED,,,,0,,,
CONFIG_IIO_SSP_SENSORHUB,TODO,UNRESOLVED,,,,0,,,
CONFIG_IIO_SSP_SENSORS_COMMONS,TODO,UNRESOLVED,,,,0,,,
CONFIG_IIO_STM32_LPTIMER_TRIGGER,TODO,UNRESOLVED,,,,0,,,
CONFIG_IIO_STM32_TIMER_TRIGGER,TODO,UNRESOLVED,,,,0,,,
CONFIG_IIO_ST_ACCEL_3AXIS,TODO,UNRESOLVED,,,,0,,,
CONFIG_IIO_ST_ACCEL_I2C_3AXIS,TODO,UNRESOLVED,,,,0,,,
CONFIG_IIO_ST_ACCEL_SPI_3AXIS,TODO,UNRESOLVED,,,,0,,,
CONFIG_IIO_ST_GYRO_3AXIS,TODO,UNRESOLVED,,,,0,,,
CONFIG_IIO_ST_GYRO_I2C_3AXIS,TODO,UNRESOLVED,,,,0,,,
CONFIG_IIO_ST_GYRO_SPI_3AXIS,TODO,UNRESOLVED,,,,0,,,
CONFIG_IIO_ST_LSM6DSX,TODO,UNRESOLVED,,,,0,,,
CONFIG_IIO_ST_LSM6DSX_I2C,TODO,UNRESOLVED,,,,0,,,
CONFIG_IIO_ST_LSM6DSX_I3C,TODO,UNRESOLVED,,,,0,,,
CONFIG_IIO_ST_LSM6DSX_SPI,TODO,UNRESOLVED,,,,0,,,
CONFIG_IIO_ST_LSM9DS0,TODO,UNRESOLVED,,,,0,,,
CONFIG_IIO_ST_LSM9DS0_I2C,TODO,UNRESOLVED,,,,0,,,
CONFIG_IIO_ST_LSM9DS0_SPI,TODO,UNRESOLVED,,,,0,,,
CONFIG_IIO_ST_MAGN_3AXIS,TODO,UNRESOLVED,,,,0,,,
CONFIG_IIO_ST_MAGN_I2C_3AXIS,TODO,UNRESOLVED,,,,0,,,
CONFIG_IIO_ST_MAGN_SPI_3AXIS,TODO,UNRESOLVED,,,,0,,,
CONFIG_IIO_ST_PRESS,TODO,UNRESOLVED,,,,0,,,
CONFIG_IIO_ST_PRESS_I2C,TODO,UNRESOLVED,,,,0,,,
CONFIG_IIO_ST_PRESS_SPI,TODO,UNRESOLVED,,,,0,,,
CONFIG_IIO_ST_SENSORS_CORE,TODO,UNRESOLVED,,,,0,,,
CONFIG_IIO_ST_SENSORS_I2C,TODO,UNRESOLVED,,,,0,,,
CONFIG_IIO_ST_SENSORS_SPI,TODO,UNRESOLVED,,,,0,,,
CONFIG_IIO_SW_DEVICE,TODO,UNRESOLVED,,,,0,,,
CONFIG_IIO_SW_TRIGGER,TODO,UNRESOLVED,,,,0,,,
CONFIG_IIO_SYSFS_TRIGGER,TODO,UNRESOLVED,,,,0,,,
CONFIG_IIO_TIGHTLOOP_TRIGGER,TODO,UNRESOLVED,,,,0,,,
CONFIG_IIO_TRIGGER,TODO,UNRESOLVED,,,,0,,,
CONFIG_IIO_TRIGGERED_BUFFER,TODO,UNRESOLVED,,,,0,,,
CONFIG_IIO_TRIGGERED_EVENT,TODO,UNRESOLVED,,,,0,,,
CONFIG_IKCONFIG,TODO,UNRESOLVED,,,,0,,,
CONFIG_IKCONFIG_PROC,TODO,UNRESOLVED,,,,0,,,
CONFIG_IKHEADERS,TODO,UNRESOLVED,,,,0,,,
CONFIG_ILLEGAL_POINTER_VALUE,TODO,UNRESOLVED,,,,0,,,
CONFIG_IMA,TODO,UNRESOLVED,,,,0,,,
CONFIG_IMA_APPRAISE,TODO,UNRESOLVED,,,,0,,,
CONFIG_IMA_APPRAISE_BOOTPARAM,TODO,UNRESOLVED,,,,0,,,
CONFIG_IMA_APPRAISE_BUILD_POLICY,TODO,UNRESOLVED,,,,0,,,
CONFIG_IMA_APPRAISE_MODSIG,TODO,UNRESOLVED,,,,0,,,
CONFIG_IMA_APPRAISE_REQUIRE_FIRMWARE_SIGS,TODO,UNRESOLVED,,,,0,,,
CONFIG_IMA_APPRAISE_REQUIRE_KEXEC_SIGS,TODO,UNRESOLVED,,,,0,,,
CONFIG_IMA_APPRAISE_REQUIRE_MODULE_SIGS,TODO,UNRESOLVED,,,,0,,,
CONFIG_IMA_APPRAISE_REQUIRE_POLICY_SIGS,TODO,UNRESOLVED,,,,0,,,
CONFIG_IMA_APPRAISE_SIGNED_INIT,TODO,UNRESOLVED,,,,0,,,
CONFIG_IMA_ARCH_POLICY,TODO,UNRESOLVED,,,,0,,,
CONFIG_IMA_BLACKLIST_KEYRING,TODO,UNRESOLVED,,,,0,,,
CONFIG_IMA_DEFAULT_HASH,TODO,UNRESOLVED,,,,0,,,
CONFIG_IMA_DEFAULT_HASH_SHA1,TODO,UNRESOLVED,,,,0,,,
CONFIG_IMA_DEFAULT_HASH_SHA256,TODO,UNRESOLVED,,,,0,,,
CONFIG_IMA_DEFAULT_HASH_SHA512,TODO,UNRESOLVED,,,,0,,,
CONFIG_IMA_DEFAULT_HASH_SM3,TODO,UNRESOLVED,,,,0,,,
CONFIG_IMA_DEFAULT_HASH_WP512,TODO,UNRESOLVED,,,,0,,,
CONFIG_IMA_DEFAULT_TEMPLATE,TODO,UNRESOLVED,,,,0,,,
CONFIG_IMA_DISABLE_HTABLE,TODO,UNRESOLVED,,,,0,,,
CONFIG_IMA_KEXEC,TODO,UNRESOLVED,,,,0,,,
CONFIG_IMA_KEXEC_EXTRA_MEMORY_KB,TODO,UNRESOLVED,,,,0,,,
CONFIG_IMA_KEYRINGS_PERMIT_SIGNED_BY_BUILTIN_OR_SECONDARY,TODO,UNRESOLVED,,,,0,,,
CONFIG_IMA_LOAD_X509,TODO,UNRESOLVED,,,,0,,,
CONFIG_IMA_LSM_RULES,TODO,UNRESOLVED,,,,0,,,
CONFIG_IMA_MEASURE_ASYMMETRIC_KEYS,TODO,UNRESOLVED,,,,0,,,
CONFIG_IMA_MEASURE_PCR_IDX,TODO,UNRESOLVED,,,,0,,,
CONFIG_IMA_NG_TEMPLATE,TODO,UNRESOLVED,,,,0,,,
CONFIG_IMA_QUEUE_EARLY_BOOT_KEYS,TODO,UNRESOLVED,,,,0,,,
CONFIG_IMA_READ_POLICY,TODO,UNRESOLVED,,,,0,,,
CONFIG_IMA_SECURE_AND_OR_TRUSTED_BOOT,TODO,UNRESOLVED,,,,0,,,
CONFIG_IMA_SIG_TEMPLATE,TODO,UNRESOLVED,,,,0,,,
CONFIG_IMA_WRITE_POLICY,TODO,UNRESOLVED,,,,0,,,
CONFIG_IMA_X509_PATH,TODO,UNRESOLVED,,,,0,,,
CONFIG_IMGPDC_IRQ,TODO,UNRESOLVED,,,,0,,,
CONFIG_IMGPDC_WDT,TODO,UNRESOLVED,,,,0,,,
CONFIG_IMG_ASCII_LCD,TODO,UNRESOLVED,,,,0,,,
CONFIG_IMG_MDC_DMA,TODO,UNRESOLVED,,,,0,,,
CONFIG_IMX2_WDT,TODO,UNRESOLVED,,,,0,,,
CONFIG_IMX7D_ADC,TODO,UNRESOLVED,,,,0,,,
CONFIG_IMX7ULP_WDT,TODO,UNRESOLVED,,,,0,,,
CONFIG_IMX8MM_THERMAL,TODO,UNRESOLVED,,,,0,,,
CONFIG_IMX8M_BLK_CTRL,TODO,UNRESOLVED,,,,0,,,
CONFIG_IMX8QXP_ADC,TODO,UNRESOLVED,,,,0,,,
CONFIG_IMX93_ADC,TODO,UNRESOLVED,,,,0,,,
CONFIG_IMX9_BLK_CTRL,TODO,UNRESOLVED,,,,0,,,
CONFIG_IMX_AIPSTZ,TODO,UNRESOLVED,,,,0,,,
CONFIG_IMX_DMA,TODO,UNRESOLVED,,,,0,,,
CONFIG_IMX_DSP,TODO,UNRESOLVED,,,,0,,,
CONFIG_IMX_DSP_REMOTEPROC,TODO,UNRESOLVED,,,,0,,,
CONFIG_IMX_GPCV2,TODO,UNRESOLVED,,,,0,,,
CONFIG_IMX_GPCV2_PM_DOMAINS,TODO,UNRESOLVED,,,,0,,,
CONFIG_IMX_INTMUX,TODO,UNRESOLVED,,,,0,,,
CONFIG_IMX_IPUV3_CORE,TODO,UNRESOLVED,,,,0,,,
CONFIG_IMX_IRQSTEER,TODO,UNRESOLVED,,,,0,,,
CONFIG_IMX_MBOX,TODO,UNRESOLVED,,,,0,,,
CONFIG_IMX_MU_MSI,TODO,UNRESOLVED,,,,0,,,
CONFIG_IMX_REMOTEPROC,TODO,UNRESOLVED,,,,0,,,
CONFIG_IMX_SCMI_BBM_EXT,TODO,UNRESOLVED,,,,0,,,
CONFIG_IMX_SCMI_CPU_DRV,TODO,UNRESOLVED,,,,0,,,
CONFIG_IMX_SCMI_CPU_EXT,TODO,UNRESOLVED,,,,0,,,
CONFIG_IMX_SCMI_LMM_DRV,TODO,UNRESOLVED,,,,0,,,
CONFIG_IMX_SCMI_LMM_EXT,TODO,UNRESOLVED,,,,0,,,
CONFIG_IMX_SCMI_MISC_DRV,TODO,UNRESOLVED,,,,0,,,
CONFIG_IMX_SCMI_MISC_EXT,TODO,UNRESOLVED,,,,0,,,
CONFIG_IMX_SCU,TODO,UNRESOLVED,,,,0,,,
CONFIG_IMX_SCU_PD,TODO,UNRESOLVED,,,,0,,,
CONFIG_IMX_SC_THERMAL,TODO,UNRESOLVED,,,,0,,,
CONFIG_IMX_SC_WDT,TODO,UNRESOLVED,,,,0,,,
CONFIG_IMX_SDMA,TODO,UNRESOLVED,,,,0,,,
CONFIG_IMX_THERMAL,TODO,UNRESOLVED,,,,0,,,
CONFIG_IMX_WEIM,TODO,UNRESOLVED,,,,0,,,
CONFIG_INA2XX_ADC,TODO,UNRESOLVED,,,,0,,,
CONFIG_INDIRECT_IOMEM,TODO,UNRESOLVED,,,,0,,,
CONFIG_INDIRECT_IOMEM_FALLBACK,TODO,UNRESOLVED,,,,0,,,
CONFIG_INDIRECT_PIO,TODO,UNRESOLVED,,,,0,,,
CONFIG_INDYDOG,TODO,UNRESOLVED,,,,0,,,
CONFIG_INET,TODO,UNRESOLVED,,,,0,,,
CONFIG_INET6_AH,TODO,UNRESOLVED,,,,0,,,
CONFIG_INET6_ESP,TODO,UNRESOLVED,,,,0,,,
CONFIG_INET6_ESPINTCP,TODO,UNRESOLVED,,,,0,,,
CONFIG_INET6_ESP_OFFLOAD,TODO,UNRESOLVED,,,,0,,,
CONFIG_INET6_IPCOMP,TODO,UNRESOLVED,,,,0,,,
CONFIG_INET6_TUNNEL,TODO,UNRESOLVED,,,,0,,,
CONFIG_INET6_XFRM_TUNNEL,TODO,UNRESOLVED,,,,0,,,
CONFIG_INET_AH,TODO,UNRESOLVED,,,,0,,,
CONFIG_INET_DIAG,TODO,UNRESOLVED,,,,0,,,
CONFIG_INET_DIAG_DESTROY,TODO,UNRESOLVED,,,,0,,,
CONFIG_INET_ESP,TODO,UNRESOLVED,,,,0,,,
CONFIG_INET_ESPINTCP,TODO,UNRESOLVED,,,,0,,,
CONFIG_INET_ESP_OFFLOAD,TODO,UNRESOLVED,,,,0,,,
CONFIG_INET_IPCOMP,TODO,UNRESOLVED,,,,0,,,
CONFIG_INET_MPTCP_DIAG,TODO,UNRESOLVED,,,,0,,,
CONFIG_INET_PSP,TODO,UNRESOLVED,,,,0,,,
CONFIG_INET_RAW_DIAG,TODO,UNRESOLVED,,,,0,,,
CONFIG_INET_SCTP_DIAG,TODO,UNRESOLVED,,,,0,,,
CONFIG_INET_TABLE_PERTURB_ORDER,TODO,UNRESOLVED,,,,0,,,
CONFIG_INET_TCP_DIAG,TODO,UNRESOLVED,,,,0,,,
CONFIG_INET_TUNNEL,TODO,UNRESOLVED,,,,0,,,
CONFIG_INET_UDP_DIAG,TODO,UNRESOLVED,,,,0,,,
CONFIG_INET_XFRM_TUNNEL,TODO,UNRESOLVED,,,,0,,,
CONFIG_INFINEON_TLV493D,TODO,UNRESOLVED,,,,0,,,
CONFIG_INFINIBAND,TODO,UNRESOLVED,,,,0,,,
CONFIG_INFINIBAND_ADDR_TRANS,TODO,UNRESOLVED,,,,0,,,
CONFIG_INFINIBAND_ADDR_TRANS_CONFIGFS,TODO,UNRESOLVED,,,,0,,,
CONFIG_INFINIBAND_BNXT_RE,TODO,UNRESOLVED,,,,0,,,
CONFIG_INFINIBAND_CXGB4,TODO,UNRESOLVED,,,,0,,,
CONFIG_INFINIBAND_EFA,TODO,UNRESOLVED,,,,0,,,
CONFIG_INFINIBAND_ERDMA,TODO,UNRESOLVED,,,,0,,,
CONFIG_INFINIBAND_HFI1,TODO,UNRESOLVED,,,,0,,,
CONFIG_INFINIBAND_HNS_HIP08,TODO,UNRESOLVED,,,,0,,,
CONFIG_INFINIBAND_IONIC,TODO,UNRESOLVED,,,,0,,,
CONFIG_INFINIBAND_IPOIB,TODO,UNRESOLVED,,,,0,,,
CONFIG_INFINIBAND_IPOIB_CM,TODO,UNRESOLVED,,,,0,,,
CONFIG_INFINIBAND_IPOIB_DEBUG,TODO,UNRESOLVED,,,,0,,,
CONFIG_INFINIBAND_IPOIB_DEBUG_DATA,TODO,UNRESOLVED,,,,0,,,
CONFIG_INFINIBAND_IRDMA,TODO,UNRESOLVED,,,,0,,,
CONFIG_INFINIBAND_ISER,TODO,UNRESOLVED,,,,0,,,
CONFIG_INFINIBAND_ISERT,TODO,UNRESOLVED,,,,0,,,
CONFIG_INFINIBAND_MTHCA,TODO,UNRESOLVED,,,,0,,,
CONFIG_INFINIBAND_MTHCA_DEBUG,TODO,UNRESOLVED,,,,0,,,
CONFIG_INFINIBAND_OCRDMA,TODO,UNRESOLVED,,,,0,,,
CONFIG_INFINIBAND_ON_DEMAND_PAGING,TODO,UNRESOLVED,,,,0,,,
CONFIG_INFINIBAND_OPA_VNIC,TODO,UNRESOLVED,,,,0,,,
CONFIG_INFINIBAND_QEDR,TODO,UNRESOLVED,,,,0,,,
CONFIG_INFINIBAND_RDMAVT,TODO,UNRESOLVED,,,,0,,,
CONFIG_INFINIBAND_RTRS,TODO,UNRESOLVED,,,,0,,,
CONFIG_INFINIBAND_RTRS_CLIENT,TODO,UNRESOLVED,,,,0,,,
CONFIG_INFINIBAND_RTRS_SERVER,TODO,UNRESOLVED,,,,0,,,
CONFIG_INFINIBAND_SRP,TODO,UNRESOLVED,,,,0,,,
CONFIG_INFINIBAND_SRPT,TODO,UNRESOLVED,,,,0,,,
CONFIG_INFINIBAND_USER_ACCESS,TODO,UNRESOLVED,,,,0,,,
CONFIG_INFINIBAND_USER_MAD,TODO,UNRESOLVED,,,,0,,,
CONFIG_INFINIBAND_USER_MEM,TODO,UNRESOLVED,,,,0,,,
CONFIG_INFINIBAND_USNIC,TODO,UNRESOLVED,,,,0,,,
CONFIG_INFINIBAND_VIRT_DMA,TODO,UNRESOLVED,,,,0,,,
CONFIG_INFINIBAND_VMWARE_PVRDMA,TODO,UNRESOLVED,,,,0,,,
CONFIG_INFTL,TODO,UNRESOLVED,,,,0,,,
CONFIG_INGENIC_ADC,TODO,UNRESOLVED,,,,0,,,
CONFIG_INGENIC_CGU_COMMON,TODO,UNRESOLVED,,,,0,,,
CONFIG_INGENIC_CGU_JZ4725B,TODO,UNRESOLVED,,,,0,,,
CONFIG_INGENIC_CGU_JZ4740,TODO,UNRESOLVED,,,,0,,,
CONFIG_INGENIC_CGU_JZ4755,TODO,UNRESOLVED,,,,0,,,
CONFIG_INGENIC_CGU_JZ4760,TODO,UNRESOLVED,,,,0,,,
CONFIG_INGENIC_CGU_JZ4770,TODO,UNRESOLVED,,,,0,,,
CONFIG_INGENIC_CGU_JZ4780,TODO,UNRESOLVED,,,,0,,,
CONFIG_INGENIC_CGU_X1000,TODO,UNRESOLVED,,,,0,,,
CONFIG_INGENIC_CGU_X1830,TODO,UNRESOLVED,,,,0,,,
CONFIG_INGENIC_IRQ,TODO,UNRESOLVED,,,,0,,,
CONFIG_INGENIC_OST,TODO,UNRESOLVED,,,,0,,,
CONFIG_INGENIC_SYSOST,TODO,UNRESOLVED,,,,0,,,
CONFIG_INGENIC_TCU_CLK,TODO,UNRESOLVED,,,,0,,,
CONFIG_INGENIC_TCU_IRQ,TODO,UNRESOLVED,,,,0,,,
CONFIG_INGENIC_TIMER,TODO,UNRESOLVED,,,,0,,,
CONFIG_INGENIC_VPU_RPROC,TODO,UNRESOLVED,,,,0,,,
CONFIG_INITRAMFS_COMPRESSION_BZIP2,TODO,UNRESOLVED,,,,0,,,
CONFIG_INITRAMFS_COMPRESSION_GZIP,TODO,UNRESOLVED,,,,0,,,
CONFIG_INITRAMFS_COMPRESSION_LZ4,TODO,UNRESOLVED,,,,0,,,
CONFIG_INITRAMFS_COMPRESSION_LZMA,TODO,UNRESOLVED,,,,0,,,
CONFIG_INITRAMFS_COMPRESSION_LZO,TODO,UNRESOLVED,,,,0,,,
CONFIG_INITRAMFS_COMPRESSION_NONE,TODO,UNRESOLVED,,,,0,,,
CONFIG_INITRAMFS_COMPRESSION_XZ,TODO,UNRESOLVED,,,,0,,,
CONFIG_INITRAMFS_COMPRESSION_ZSTD,TODO,UNRESOLVED,,,,0,,,
CONFIG_INITRAMFS_FORCE,TODO,UNRESOLVED,,,,0,,,
CONFIG_INITRAMFS_PRESERVE_MTIME,TODO,UNRESOLVED,,,,0,,,
CONFIG_INITRAMFS_ROOT_GID,TODO,UNRESOLVED,,,,0,,,
CONFIG_INITRAMFS_ROOT_UID,TODO,UNRESOLVED,,,,0,,,
CONFIG_INITRAMFS_SOURCE,TODO,UNRESOLVED,,,,0,,,
CONFIG_INITRAMFS_TEST,TODO,UNRESOLVED,,,,0,,,
CONFIG_INIT_ALL_POSSIBLE,TODO,UNRESOLVED,,,,0,,,
CONFIG_INIT_ENV_ARG_LIMIT,TODO,UNRESOLVED,,,,0,,,
CONFIG_INIT_ON_ALLOC_DEFAULT_ON,TODO,UNRESOLVED,,,,0,,,
CONFIG_INIT_ON_FREE_DEFAULT_ON,TODO,UNRESOLVED,,,,0,,,
CONFIG_INIT_STACK_ALL_PATTERN,TODO,UNRESOLVED,,,,0,,,
CONFIG_INIT_STACK_ALL_ZERO,TODO,UNRESOLVED,,,,0,,,
CONFIG_INIT_STACK_NONE,TODO,UNRESOLVED,,,,0,,,
CONFIG_INLINE_READ_LOCK,TODO,UNRESOLVED,,,,0,,,
CONFIG_INLINE_READ_LOCK_BH,TODO,UNRESOLVED,,,,0,,,
CONFIG_INLINE_READ_LOCK_IRQ,TODO,UNRESOLVED,,,,0,,,
CONFIG_INLINE_READ_LOCK_IRQSAVE,TODO,UNRESOLVED,,,,0,,,
CONFIG_INLINE_READ_TRYLOCK,TODO,UNRESOLVED,,,,0,,,
CONFIG_INLINE_READ_UNLOCK,TODO,UNRESOLVED,,,,0,,,
CONFIG_INLINE_READ_UNLOCK_BH,TODO,UNRESOLVED,,,,0,,,
CONFIG_INLINE_READ_UNLOCK_IRQ,TODO,UNRESOLVED,,,,0,,,
CONFIG_INLINE_READ_UNLOCK_IRQRESTORE,TODO,UNRESOLVED,,,,0,,,
CONFIG_INLINE_SPIN_LOCK,TODO,UNRESOLVED,,,,0,,,
CONFIG_INLINE_SPIN_LOCK_BH,TODO,UNRESOLVED,,,,0,,,
CONFIG_INLINE_SPIN_LOCK_IRQ,TODO,UNRESOLVED,,,,0,,,
CONFIG_INLINE_SPIN_LOCK_IRQSAVE,TODO,UNRESOLVED,,,,0,,,
CONFIG_INLINE_SPIN_TRYLOCK,TODO,UNRESOLVED,,,,0,,,
CONFIG_INLINE_SPIN_TRYLOCK_BH,TODO,UNRESOLVED,,,,0,,,
CONFIG_INLINE_SPIN_UNLOCK_BH,TODO,UNRESOLVED,,,,0,,,
CONFIG_INLINE_SPIN_UNLOCK_IRQ,TODO,UNRESOLVED,,,,0,,,
CONFIG_INLINE_SPIN_UNLOCK_IRQRESTORE,TODO,UNRESOLVED,,,,0,,,
CONFIG_INLINE_WRITE_LOCK,TODO,UNRESOLVED,,,,0,,,
CONFIG_INLINE_WRITE_LOCK_BH,TODO,UNRESOLVED,,,,0,,,
CONFIG_INLINE_WRITE_LOCK_IRQ,TODO,UNRESOLVED,,,,0,,,
CONFIG_INLINE_WRITE_LOCK_IRQSAVE,TODO,UNRESOLVED,,,,0,,,
CONFIG_INLINE_WRITE_TRYLOCK,TODO,UNRESOLVED,,,,0,,,
CONFIG_INLINE_WRITE_UNLOCK,TODO,UNRESOLVED,,,,0,,,
CONFIG_INLINE_WRITE_UNLOCK_BH,TODO,UNRESOLVED,,,,0,,,
CONFIG_INLINE_WRITE_UNLOCK_IRQ,TODO,UNRESOLVED,,,,0,,,
CONFIG_INLINE_WRITE_UNLOCK_IRQRESTORE,TODO,UNRESOLVED,,,,0,,,
CONFIG_INOTIFY_USER,TODO,UNRESOLVED,,,,0,,,
CONFIG_INPUT,TODO,UNRESOLVED,,,,0,,,
CONFIG_INPUT_88PM80X_ONKEY,TODO,UNRESOLVED,,,,0,,,
CONFIG_INPUT_88PM860X_ONKEY,TODO,UNRESOLVED,,,,0,,,
CONFIG_INPUT_88PM886_ONKEY,TODO,UNRESOLVED,,,,0,,,
CONFIG_INPUT_AB8500_PONKEY,TODO,UNRESOLVED,,,,0,,,
CONFIG_INPUT_AD714X,TODO,UNRESOLVED,,,,0,,,
CONFIG_INPUT_AD714X_I2C,TODO,UNRESOLVED,,,,0,,,
CONFIG_INPUT_AD714X_SPI,TODO,UNRESOLVED,,,,0,,,
CONFIG_INPUT_ADBHID,TODO,UNRESOLVED,,,,0,,,
CONFIG_INPUT_ADXL34X,TODO,UNRESOLVED,,,,0,,,
CONFIG_INPUT_ADXL34X_I2C,TODO,UNRESOLVED,,,,0,,,
CONFIG_INPUT_ADXL34X_SPI,TODO,UNRESOLVED,,,,0,,,
CONFIG_INPUT_APANEL,TODO,UNRESOLVED,,,,0,,,
CONFIG_INPUT_APMPOWER,TODO,UNRESOLVED,,,,0,,,
CONFIG_INPUT_ARIEL_PWRBUTTON,TODO,UNRESOLVED,,,,0,,,
CONFIG_INPUT_ARIZONA_HAPTICS,TODO,UNRESOLVED,,,,0,,,
CONFIG_INPUT_ATC260X_ONKEY,TODO,UNRESOLVED,,,,0,,,
CONFIG_INPUT_ATI_REMOTE2,TODO,UNRESOLVED,,,,0,,,
CONFIG_INPUT_ATLAS_BTNS,TODO,UNRESOLVED,,,,0,,,
CONFIG_INPUT_ATMEL_CAPTOUCH,TODO,UNRESOLVED,,,,0,,,
CONFIG_INPUT_AW86927,TODO,UNRESOLVED,,,,0,,,
CONFIG_INPUT_AXP20X_PEK,TODO,UNRESOLVED,,,,0,,,
CONFIG_INPUT_BBNSM_PWRKEY,TODO,UNRESOLVED,,,,0,,,
CONFIG_INPUT_BMA150,TODO,UNRESOLVED,,,,0,,,
CONFIG_INPUT_CM109,TODO,UNRESOLVED,,,,0,,,
CONFIG_INPUT_CMA3000,TODO,UNRESOLVED,,,,0,,,
CONFIG_INPUT_CMA3000_I2C,TODO,UNRESOLVED,,,,0,,,
CONFIG_INPUT_COBALT_BTNS,TODO,UNRESOLVED,,,,0,,,
CONFIG_INPUT_CPCAP_PWRBUTTON,TODO,UNRESOLVED,,,,0,,,
CONFIG_INPUT_CS40L50_VIBRA,TODO,UNRESOLVED,,,,0,,,
CONFIG_INPUT_DA7280_HAPTICS,TODO,UNRESOLVED,,,,0,,,
CONFIG_INPUT_DA9052_ONKEY,TODO,UNRESOLVED,,,,0,,,
CONFIG_INPUT_DA9055_ONKEY,TODO,UNRESOLVED,,,,0,,,
CONFIG_INPUT_DA9063_ONKEY,TODO,UNRESOLVED,,,,0,,,
CONFIG_INPUT_DRV260X_HAPTICS,TODO,UNRESOLVED,,,,0,,,
CONFIG_INPUT_DRV2665_HAPTICS,TODO,UNRESOLVED,,,,0,,,
CONFIG_INPUT_DRV2667_HAPTICS,TODO,UNRESOLVED,,,,0,,,
CONFIG_INPUT_E3X0_BUTTON,TODO,UNRESOLVED,,,,0,,,
CONFIG_INPUT_EVDEV,TODO,UNRESOLVED,,,,0,,,
CONFIG_INPUT_FF_MEMLESS,TODO,UNRESOLVED,,,,0,,,
CONFIG_INPUT_GPIO_BEEPER,TODO,UNRESOLVED,,,,0,,,
CONFIG_INPUT_GPIO_DECODER,TODO,UNRESOLVED,,,,0,,,
CONFIG_INPUT_GPIO_ROTARY_ENCODER,TODO,UNRESOLVED,,,,0,,,
CONFIG_INPUT_GPIO_VIBRA,TODO,UNRESOLVED,,,,0,,,
CONFIG_INPUT_HISI_POWERKEY,TODO,UNRESOLVED,,,,0,,,
CONFIG_INPUT_IBM_PANEL,TODO,UNRESOLVED,,,,0,,,
CONFIG_INPUT_IDEAPAD_SLIDEBAR,TODO,UNRESOLVED,,,,0,,,
CONFIG_INPUT_IMS_PCU,TODO,UNRESOLVED,,,,0,,,
CONFIG_INPUT_IQS269A,TODO,UNRESOLVED,,,,0,,,
CONFIG_INPUT_IQS626A,TODO,UNRESOLVED,,,,0,,,
CONFIG_INPUT_IQS7222,TODO,UNRESOLVED,,,,0,,,
CONFIG_INPUT_JOYDEV,TODO,UNRESOLVED,,,,0,,,
CONFIG_INPUT_JOYSTICK,TODO,UNRESOLVED,,,,0,,,
CONFIG_INPUT_KEYBOARD,TODO,UNRESOLVED,,,,0,,,
CONFIG_INPUT_KEYSPAN_REMOTE,TODO,UNRESOLVED,,,,0,,,
CONFIG_INPUT_KUNIT_TEST,TODO,UNRESOLVED,,,,0,,,
CONFIG_INPUT_KXTJ9,TODO,UNRESOLVED,,,,0,,,
CONFIG_INPUT_LEDS,TODO,UNRESOLVED,,,,0,,,
CONFIG_INPUT_M68K_BEEP,TODO,UNRESOLVED,,,,0,,,
CONFIG_INPUT_MATRIXKMAP,TODO,UNRESOLVED,,,,0,,,
CONFIG_INPUT_MAX7360_ROTARY,TODO,UNRESOLVED,,,,0,,,
CONFIG_INPUT_MAX77650_ONKEY,TODO,UNRESOLVED,,,,0,,,
CONFIG_INPUT_MAX77693_HAPTIC,TODO,UNRESOLVED,,,,0,,,
CONFIG_INPUT_MAX8925_ONKEY,TODO,UNRESOLVED,,,,0,,,
CONFIG_INPUT_MAX8997_HAPTIC,TODO,UNRESOLVED,,,,0,,,
CONFIG_INPUT_MC13783_PWRBUTTON,TODO,UNRESOLVED,,,,0,,,
CONFIG_INPUT_MISC,TODO,UNRESOLVED,,,,0,,,
CONFIG_INPUT_MMA8450,TODO,UNRESOLVED,,,,0,,,
CONFIG_INPUT_MOUSE,TODO,UNRESOLVED,,,,0,,,
CONFIG_INPUT_MOUSEDEV,TODO,UNRESOLVED,,,,0,,,
CONFIG_INPUT_MOUSEDEV_PSAUX,TODO,UNRESOLVED,,,,0,,,
CONFIG_INPUT_MOUSEDEV_SCREEN_X,TODO,UNRESOLVED,,,,0,,,
CONFIG_INPUT_MOUSEDEV_SCREEN_Y,TODO,UNRESOLVED,,,,0,,,
CONFIG_INPUT_PALMAS_PWRBUTTON,TODO,UNRESOLVED,,,,0,,,
CONFIG_INPUT_PCAP,TODO,UNRESOLVED,,,,0,,,
CONFIG_INPUT_PCF8574,TODO,UNRESOLVED,,,,0,,,
CONFIG_INPUT_PCSPKR,TODO,UNRESOLVED,,,,0,,,
CONFIG_INPUT_PM8941_PWRKEY,TODO,UNRESOLVED,,,,0,,,
CONFIG_INPUT_PM8XXX_VIBRATOR,TODO,UNRESOLVED,,,,0,,,
CONFIG_INPUT_PMIC8XXX_PWRKEY,TODO,UNRESOLVED,,,,0,,,
CONFIG_INPUT_POWERMATE,TODO,UNRESOLVED,,,,0,,,
CONFIG_INPUT_PWM_BEEPER,TODO,UNRESOLVED,,,,0,,,
CONFIG_INPUT_PWM_VIBRA,TODO,UNRESOLVED,,,,0,,,
CONFIG_INPUT_QNAP_MCU,TODO,UNRESOLVED,,,,0,,,
CONFIG_INPUT_RAVE_SP_PWRBUTTON,TODO,UNRESOLVED,,,,0,,,
CONFIG_INPUT_RB532_BUTTON,TODO,UNRESOLVED,,,,0,,,
CONFIG_INPUT_REGULATOR_HAPTIC,TODO,UNRESOLVED,,,,0,,,
CONFIG_INPUT_RETU_PWRBUTTON,TODO,UNRESOLVED,,,,0,,,
CONFIG_INPUT_RK805_PWRKEY,TODO,UNRESOLVED,,,,0,,,
CONFIG_INPUT_RT5120_PWRKEY,TODO,UNRESOLVED,,,,0,,,
CONFIG_INPUT_SC27XX_VIBRA,TODO,UNRESOLVED,,,,0,,,
CONFIG_INPUT_SGI_BTNS,TODO,UNRESOLVED,,,,0,,,
CONFIG_INPUT_SOC_BUTTON_ARRAY,TODO,UNRESOLVED,,,,0,,,
CONFIG_INPUT_SPARCSPKR,TODO,UNRESOLVED,,,,0,,,
CONFIG_INPUT_SPARSEKMAP,TODO,UNRESOLVED,,,,0,,,
CONFIG_INPUT_STPMIC1_ONKEY,TODO,UNRESOLVED,,,,0,,,
CONFIG_INPUT_TABLET,TODO,UNRESOLVED,,,,0,,,
CONFIG_INPUT_TOUCHSCREEN,TODO,UNRESOLVED,,,,0,,,
CONFIG_INPUT_TPS65218_PWRBUTTON,TODO,UNRESOLVED,,,,0,,,
CONFIG_INPUT_TPS65219_PWRBUTTON,TODO,UNRESOLVED,,,,0,,,
CONFIG_INPUT_TPS6594_PWRBUTTON,TODO,UNRESOLVED,,,,0,,,
CONFIG_INPUT_TWL4030_PWRBUTTON,TODO,UNRESOLVED,,,,0,,,
CONFIG_INPUT_TWL4030_VIBRA,TODO,UNRESOLVED,,,,0,,,
CONFIG_INPUT_TWL6040_VIBRA,TODO,UNRESOLVED,,,,0,,,
CONFIG_INPUT_UINPUT,TODO,UNRESOLVED,,,,0,,,
CONFIG_INPUT_VIVALDIFMAP,TODO,UNRESOLVED,,,,0,,,
CONFIG_INPUT_WISTRON_BTNS,TODO,UNRESOLVED,,,,0,,,
CONFIG_INPUT_WM831X_ON,TODO,UNRESOLVED,,,,0,,,
CONFIG_INPUT_XEN_KBDDEV_FRONTEND,TODO,UNRESOLVED,,,,0,,,
CONFIG_INPUT_YEALINK,TODO,UNRESOLVED,,,,0,,,
CONFIG_INSPUR_PLATFORM_PROFILE,TODO,UNRESOLVED,,,,0,,,
CONFIG_INSTRUCTION_DECODER,TODO,UNRESOLVED,,,,0,,,
CONFIG_INT3406_THERMAL,TODO,UNRESOLVED,,,,0,,,
CONFIG_INT340X_THERMAL,TODO,UNRESOLVED,,,,0,,,
CONFIG_INTEGRATOR_AP_TIMER,TODO,UNRESOLVED,,,,0,,,
CONFIG_INTEGRITY,TODO,UNRESOLVED,,,,0,,,
CONFIG_INTEGRITY_ASYMMETRIC_KEYS,TODO,UNRESOLVED,,,,0,,,
CONFIG_INTEGRITY_AUDIT,TODO,UNRESOLVED,,,,0,,,
CONFIG_INTEGRITY_CA_MACHINE_KEYRING,TODO,UNRESOLVED,,,,0,,,
CONFIG_INTEGRITY_CA_MACHINE_KEYRING_MAX,TODO,UNRESOLVED,,,,0,,,
CONFIG_INTEGRITY_MACHINE_KEYRING,TODO,UNRESOLVED,,,,0,,,
CONFIG_INTEGRITY_PLATFORM_KEYRING,TODO,UNRESOLVED,,,,0,,,
CONFIG_INTEGRITY_SIGNATURE,TODO,UNRESOLVED,,,,0,,,
CONFIG_INTEGRITY_TRUSTED_KEYRING,TODO,UNRESOLVED,,,,0,,,
CONFIG_INTEL_ATOMISP,TODO,UNRESOLVED,,,,0,,,
CONFIG_INTEL_ATOMISP2_LED,TODO,UNRESOLVED,,,,0,,,
CONFIG_INTEL_ATOMISP2_PDX86,TODO,UNRESOLVED,,,,0,,,
CONFIG_INTEL_ATOMISP2_PM,TODO,UNRESOLVED,,,,0,,,
CONFIG_INTEL_BXTWC_PMIC_TMU,TODO,UNRESOLVED,,,,0,,,
CONFIG_INTEL_BXT_PMIC_THERMAL,TODO,UNRESOLVED,,,,0,,,
CONFIG_INTEL_BYTCRC_PWRSRC,TODO,UNRESOLVED,,,,0,,,
CONFIG_INTEL_CHTDC_TI_PWRBTN,TODO,UNRESOLVED,,,,0,,,
CONFIG_INTEL_CHTWC_INT33FE,TODO,UNRESOLVED,,,,0,,,
CONFIG_INTEL_DC_TI_ADC,TODO,UNRESOLVED,,,,0,,,
CONFIG_INTEL_GTT,TODO,UNRESOLVED,,,,0,,,
CONFIG_INTEL_HFI_THERMAL,TODO,UNRESOLVED,,,,0,,,
CONFIG_INTEL_HID_EVENT,TODO,UNRESOLVED,,,,0,,,
CONFIG_INTEL_IDLE,TODO,UNRESOLVED,,,,0,,,
CONFIG_INTEL_IDMA64,TODO,UNRESOLVED,,,,0,,,
CONFIG_INTEL_IDXD,TODO,UNRESOLVED,,,,0,,,
CONFIG_INTEL_IDXD_BUS,TODO,UNRESOLVED,,,,0,,,
CONFIG_INTEL_IDXD_COMPAT,TODO,UNRESOLVED,,,,0,,,
CONFIG_INTEL_IDXD_PERFMON,TODO,UNRESOLVED,,,,0,,,
CONFIG_INTEL_IDXD_SVM,TODO,UNRESOLVED,,,,0,,,
CONFIG_INTEL_IFS,TODO,UNRESOLVED,,,,0,,,
CONFIG_INTEL_IMR,TODO,UNRESOLVED,,,,0,,,
CONFIG_INTEL_INT0002_VGPIO,TODO,UNRESOLVED,,,,0,,,
CONFIG_INTEL_IOATDMA,TODO,UNRESOLVED,,,,0,,,
CONFIG_INTEL_IOMMU,TODO,UNRESOLVED,,,,0,,,
CONFIG_INTEL_IOMMU_DEBUGFS,TODO,UNRESOLVED,,,,0,,,
CONFIG_INTEL_IOMMU_DEFAULT_ON,TODO,UNRESOLVED,,,,0,,,
CONFIG_INTEL_IOMMU_FLOPPY_WA,TODO,UNRESOLVED,,,,0,,,
CONFIG_INTEL_IOMMU_PERF_EVENTS,TODO,UNRESOLVED,,,,0,,,
CONFIG_INTEL_IOMMU_SCALABLE_MODE_DEFAULT_ON,TODO,UNRESOLVED,,,,0,,,
CONFIG_INTEL_IOMMU_SVM,TODO,UNRESOLVED,,,,0,,,
CONFIG_INTEL_IPS,TODO,UNRESOLVED,,,,0,,,
CONFIG_INTEL_ISHTP_ECLITE,TODO,UNRESOLVED,,,,0,,,
CONFIG_INTEL_ISH_FIRMWARE_DOWNLOADER,TODO,UNRESOLVED,,,,0,,,
CONFIG_INTEL_ISH_HID,TODO,UNRESOLVED,,,,0,,,
CONFIG_INTEL_IXP4XX_EB,TODO,UNRESOLVED,,,,0,,,
CONFIG_INTEL_LDMA,TODO,UNRESOLVED,,,,0,,,
CONFIG_INTEL_MEI,TODO,UNRESOLVED,,,,0,,,
CONFIG_INTEL_MEI_GSC,TODO,UNRESOLVED,,,,0,,,
CONFIG_INTEL_MEI_GSC_PROXY,TODO,UNRESOLVED,,,,0,,,
CONFIG_INTEL_MEI_HDCP,TODO,UNRESOLVED,,,,0,,,
CONFIG_INTEL_MEI_LB,TODO,UNRESOLVED,,,,0,,,
CONFIG_INTEL_MEI_ME,TODO,UNRESOLVED,,,,0,,,
CONFIG_INTEL_MEI_PXP,TODO,UNRESOLVED,,,,0,,,
CONFIG_INTEL_MEI_TXE,TODO,UNRESOLVED,,,,0,,,
CONFIG_INTEL_MEI_VSC,TODO,UNRESOLVED,,,,0,,,
CONFIG_INTEL_MEI_VSC_HW,TODO,UNRESOLVED,,,,0,,,
CONFIG_INTEL_MEI_WDT,TODO,UNRESOLVED,,,,0,,,
CONFIG_INTEL_MID_WATCHDOG,TODO,UNRESOLVED,,,,0,,,
CONFIG_INTEL_MRFLD_ADC,TODO,UNRESOLVED,,,,0,,,
CONFIG_INTEL_MRFLD_PWRBTN,TODO,UNRESOLVED,,,,0,,,
CONFIG_INTEL_OAKTRAIL,TODO,UNRESOLVED,,,,0,,,
CONFIG_INTEL_OC_WATCHDOG,TODO,UNRESOLVED,,,,0,,,
CONFIG_INTEL_PCH_THERMAL,TODO,UNRESOLVED,,,,0,,,
CONFIG_INTEL_PLR_TPMI,TODO,UNRESOLVED,,,,0,,,
CONFIG_INTEL_PMC_CORE,TODO,UNRESOLVED,,,,0,,,
CONFIG_INTEL_PMC_SSRAM_TELEMETRY,TODO,UNRESOLVED,,,,0,,,
CONFIG_INTEL_PMT_CLASS,TODO,UNRESOLVED,,,,0,,,
CONFIG_INTEL_PMT_CRASHLOG,TODO,UNRESOLVED,,,,0,,,
CONFIG_INTEL_PMT_DISCOVERY,TODO,UNRESOLVED,,,,0,,,
CONFIG_INTEL_PMT_KUNIT_TEST,TODO,UNRESOLVED,,,,0,,,
CONFIG_INTEL_PMT_TELEMETRY,TODO,UNRESOLVED,,,,0,,,
CONFIG_INTEL_POWERCLAMP,TODO,UNRESOLVED,,,,0,,,
CONFIG_INTEL_PUNIT_IPC,TODO,UNRESOLVED,,,,0,,,
CONFIG_INTEL_QEP,TODO,UNRESOLVED,,,,0,,,
CONFIG_INTEL_QUARK_DTS_THERMAL,TODO,UNRESOLVED,,,,0,,,
CONFIG_INTEL_QUICKI2C,TODO,UNRESOLVED,,,,0,,,
CONFIG_INTEL_QUICKSPI,TODO,UNRESOLVED,,,,0,,,
CONFIG_INTEL_RAPL,TODO,UNRESOLVED,,,,0,,,
CONFIG_INTEL_RAPL_CORE,TODO,UNRESOLVED,,,,0,,,
CONFIG_INTEL_RAPL_TPMI,TODO,UNRESOLVED,,,,0,,,
CONFIG_INTEL_RST,TODO,UNRESOLVED,,,,0,,,
CONFIG_INTEL_SAR_INT1092,TODO,UNRESOLVED,,,,0,,,
CONFIG_INTEL_SCU,TODO,UNRESOLVED,,,,0,,,
CONFIG_INTEL_SCU_IPC,TODO,UNRESOLVED,,,,0,,,
CONFIG_INTEL_SCU_IPC_UTIL,TODO,UNRESOLVED,,,,0,,,
CONFIG_INTEL_SCU_PCI,TODO,UNRESOLVED,,,,0,,,
CONFIG_INTEL_SCU_PLATFORM,TODO,UNRESOLVED,,,,0,,,
CONFIG_INTEL_SCU_WDT,TODO,UNRESOLVED,,,,0,,,
CONFIG_INTEL_SDSI,TODO,UNRESOLVED,,,,0,,,
CONFIG_INTEL_SKL_INT3472,TODO,UNRESOLVED,,,,0,,,
CONFIG_INTEL_SMARTCONNECT,TODO,UNRESOLVED,,,,0,,,
CONFIG_INTEL_SOC_DTS_IOSF_CORE,TODO,UNRESOLVED,,,,0,,,
CONFIG_INTEL_SOC_DTS_THERMAL,TODO,UNRESOLVED,,,,0,,,
CONFIG_INTEL_SOC_PMIC,TODO,UNRESOLVED,,,,0,,,
CONFIG_INTEL_SOC_PMIC_BXTWC,TODO,UNRESOLVED,,,,0,,,
CONFIG_INTEL_SOC_PMIC_CHTDC_TI,TODO,UNRESOLVED,,,,0,,,
CONFIG_INTEL_SOC_PMIC_CHTWC,TODO,UNRESOLVED,,,,0,,,
CONFIG_INTEL_SOC_PMIC_MRFLD,TODO,UNRESOLVED,,,,0,,,
CONFIG_INTEL_SPEED_SELECT_INTERFACE,TODO,UNRESOLVED,,,,0,,,
CONFIG_INTEL_SPEED_SELECT_TPMI,TODO,UNRESOLVED,,,,0,,,
CONFIG_INTEL_STRATIX10_RSU,TODO,UNRESOLVED,,,,0,,,
CONFIG_INTEL_STRATIX10_SERVICE,TODO,UNRESOLVED,,,,0,,,
CONFIG_INTEL_TCC,TODO,UNRESOLVED,,,,0,,,
CONFIG_INTEL_TCC_COOLING,TODO,UNRESOLVED,,,,0,,,
CONFIG_INTEL_TDX_GUEST,TODO,UNRESOLVED,,,,0,,,
CONFIG_INTEL_TDX_HOST,TODO,UNRESOLVED,,,,0,,,
CONFIG_INTEL_TELEMETRY,TODO,UNRESOLVED,,,,0,,,
CONFIG_INTEL_TH,TODO,UNRESOLVED,,,,0,,,
CONFIG_INTEL_THC_HID,TODO,UNRESOLVED,,,,0,,,
CONFIG_INTEL_TH_ACPI,TODO,UNRESOLVED,,,,0,,,
CONFIG_INTEL_TH_DEBUG,TODO,UNRESOLVED,,,,0,,,
CONFIG_INTEL_TH_GTH,TODO,UNRESOLVED,,,,0,,,
CONFIG_INTEL_TH_MSU,TODO,UNRESOLVED,,,,0,,,
CONFIG_INTEL_TH_PCI,TODO,UNRESOLVED,,,,0,,,
CONFIG_INTEL_TH_PTI,TODO,UNRESOLVED,,,,0,,,
CONFIG_INTEL_TH_STH,TODO,UNRESOLVED,,,,0,,,
CONFIG_INTEL_TPMI,TODO,UNRESOLVED,,,,0,,,
CONFIG_INTEL_TPMI_POWER_DOMAINS,TODO,UNRESOLVED,,,,0,,,
CONFIG_INTEL_TURBO_MAX_3,TODO,UNRESOLVED,,,,0,,,
CONFIG_INTEL_TXT,TODO,UNRESOLVED,,,,0,,,
CONFIG_INTEL_UNCORE_FREQ_CONTROL,TODO,UNRESOLVED,,,,0,,,
CONFIG_INTEL_UNCORE_FREQ_CONTROL_TPMI,TODO,UNRESOLVED,,,,0,,,
CONFIG_INTEL_VBTN,TODO,UNRESOLVED,,,,0,,,
CONFIG_INTEL_VSC,TODO,UNRESOLVED,,,,0,,,
CONFIG_INTEL_VSEC,TODO,UNRESOLVED,,,,0,,,
CONFIG_INTEL_WMI,TODO,UNRESOLVED,,,,0,,,
CONFIG_INTEL_WMI_SBL_FW_UPDATE,TODO,UNRESOLVED,,,,0,,,
CONFIG_INTEL_WMI_THUNDERBOLT,TODO,UNRESOLVED,,,,0,,,
CONFIG_INTEL_XWAY_PHY,TODO,UNRESOLVED,,,,0,,,
CONFIG_INTERCONNECT,TODO,UNRESOLVED,,,,0,,,
CONFIG_INTERCONNECT_CLK,TODO,UNRESOLVED,,,,0,,,
CONFIG_INTERCONNECT_EXYNOS,TODO,UNRESOLVED,,,,0,,,
CONFIG_INTERCONNECT_IMX,TODO,UNRESOLVED,,,,0,,,
CONFIG_INTERCONNECT_IMX8MM,TODO,UNRESOLVED,,,,0,,,
CONFIG_INTERCONNECT_IMX8MN,TODO,UNRESOLVED,,,,0,,,
CONFIG_INTERCONNECT_IMX8MP,TODO,UNRESOLVED,,,,0,,,
CONFIG_INTERCONNECT_IMX8MQ,TODO,UNRESOLVED,,,,0,,,
CONFIG_INTERCONNECT_MTK,TODO,UNRESOLVED,,,,0,,,
CONFIG_INTERCONNECT_MTK_DVFSRC_EMI,TODO,UNRESOLVED,,,,0,,,
CONFIG_INTERCONNECT_MTK_MT8183,TODO,UNRESOLVED,,,,0,,,
CONFIG_INTERCONNECT_MTK_MT8195,TODO,UNRESOLVED,,,,0,,,
CONFIG_INTERCONNECT_QCOM,TODO,UNRESOLVED,,,,0,,,
CONFIG_INTERCONNECT_QCOM_BCM_VOTER,TODO,UNRESOLVED,,,,0,,,
CONFIG_INTERCONNECT_QCOM_GLYMUR,TODO,UNRESOLVED,,,,0,,,
CONFIG_INTERCONNECT_QCOM_MILOS,TODO,UNRESOLVED,,,,0,,,
CONFIG_INTERCONNECT_QCOM_MSM8909,TODO,UNRESOLVED,,,,0,,,
CONFIG_INTERCONNECT_QCOM_MSM8916,TODO,UNRESOLVED,,,,0,,,
CONFIG_INTERCONNECT_QCOM_MSM8937,TODO,UNRESOLVED,,,,0,,,
CONFIG_INTERCONNECT_QCOM_MSM8939,TODO,UNRESOLVED,,,,0,,,
CONFIG_INTERCONNECT_QCOM_MSM8953,TODO,UNRESOLVED,,,,0,,,
CONFIG_INTERCONNECT_QCOM_MSM8974,TODO,UNRESOLVED,,,,0,,,
CONFIG_INTERCONNECT_QCOM_MSM8976,TODO,UNRESOLVED,,,,0,,,
CONFIG_INTERCONNECT_QCOM_MSM8996,TODO,UNRESOLVED,,,,0,,,
CONFIG_INTERCONNECT_QCOM_OSM_L3,TODO,UNRESOLVED,,,,0,,,
CONFIG_INTERCONNECT_QCOM_QCM2290,TODO,UNRESOLVED,,,,0,,,
CONFIG_INTERCONNECT_QCOM_QCS404,TODO,UNRESOLVED,,,,0,,,
CONFIG_INTERCONNECT_QCOM_QCS615,TODO,UNRESOLVED,,,,0,,,
CONFIG_INTERCONNECT_QCOM_QCS8300,TODO,UNRESOLVED,,,,0,,,
CONFIG_INTERCONNECT_QCOM_QDU1000,TODO,UNRESOLVED,,,,0,,,
CONFIG_INTERCONNECT_QCOM_RPMH,TODO,UNRESOLVED,,,,0,,,
CONFIG_INTERCONNECT_QCOM_RPMH_POSSIBLE,TODO,UNRESOLVED,,,,0,,,
CONFIG_INTERCONNECT_QCOM_SA8775P,TODO,UNRESOLVED,,,,0,,,
CONFIG_INTERCONNECT_QCOM_SAR2130P,TODO,UNRESOLVED,,,,0,,,
CONFIG_INTERCONNECT_QCOM_SC7180,TODO,UNRESOLVED,,,,0,,,
CONFIG_INTERCONNECT_QCOM_SC7280,TODO,UNRESOLVED,,,,0,,,
CONFIG_INTERCONNECT_QCOM_SC8180X,TODO,UNRESOLVED,,,,0,,,
CONFIG_INTERCONNECT_QCOM_SC8280XP,TODO,UNRESOLVED,,,,0,,,
CONFIG_INTERCONNECT_QCOM_SDM660,TODO,UNRESOLVED,,,,0,,,
CONFIG_INTERCONNECT_QCOM_SDM670,TODO,UNRESOLVED,,,,0,,,
CONFIG_INTERCONNECT_QCOM_SDM845,TODO,UNRESOLVED,,,,0,,,
CONFIG_INTERCONNECT_QCOM_SDX55,TODO,UNRESOLVED,,,,0,,,
CONFIG_INTERCONNECT_QCOM_SDX65,TODO,UNRESOLVED,,,,0,,,
CONFIG_INTERCONNECT_QCOM_SDX75,TODO,UNRESOLVED,,,,0,,,
CONFIG_INTERCONNECT_QCOM_SM6115,TODO,UNRESOLVED,,,,0,,,
CONFIG_INTERCONNECT_QCOM_SM6350,TODO,UNRESOLVED,,,,0,,,
CONFIG_INTERCONNECT_QCOM_SM7150,TODO,UNRESOLVED,,,,0,,,
CONFIG_INTERCONNECT_QCOM_SM8150,TODO,UNRESOLVED,,,,0,,,
CONFIG_INTERCONNECT_QCOM_SM8250,TODO,UNRESOLVED,,,,0,,,
CONFIG_INTERCONNECT_QCOM_SM8350,TODO,UNRESOLVED,,,,0,,,
CONFIG_INTERCONNECT_QCOM_SM8450,TODO,UNRESOLVED,,,,0,,,
CONFIG_INTERCONNECT_QCOM_SM8550,TODO,UNRESOLVED,,,,0,,,
CONFIG_INTERCONNECT_QCOM_SM8650,TODO,UNRESOLVED,,,,0,,,
CONFIG_INTERCONNECT_QCOM_SM8750,TODO,UNRESOLVED,,,,0,,,
CONFIG_INTERCONNECT_QCOM_SMD_RPM,TODO,UNRESOLVED,,,,0,,,
CONFIG_INTERCONNECT_QCOM_X1E80100,TODO,UNRESOLVED,,,,0,,,
CONFIG_INTERCONNECT_SAMSUNG,TODO,UNRESOLVED,,,,0,,,
CONFIG_INTERRUPT_CNT,TODO,UNRESOLVED,,,,0,,,
CONFIG_INTERVAL_TREE,TODO,UNRESOLVED,,,,0,,,
CONFIG_INTERVAL_TREE_SPAN_ITER,TODO,UNRESOLVED,,,,0,,,
CONFIG_INTERVAL_TREE_TEST,TODO,UNRESOLVED,,,,0,,,
CONFIG_INT_LOG_KUNIT_TEST,TODO,UNRESOLVED,,,,0,,,
CONFIG_INT_POW_KUNIT_TEST,TODO,UNRESOLVED,,,,0,,,
CONFIG_INT_SQRT_KUNIT_TEST,TODO,UNRESOLVED,,,,0,,,
CONFIG_INV_ICM42600,TODO,UNRESOLVED,,,,0,,,
CONFIG_INV_ICM42600_I2C,TODO,UNRESOLVED,,,,0,,,
CONFIG_INV_ICM42600_SPI,TODO,UNRESOLVED,,,,0,,,
CONFIG_INV_MPU6050_I2C,TODO,UNRESOLVED,,,,0,,,
CONFIG_INV_MPU6050_IIO,TODO,UNRESOLVED,,,,0,,,
CONFIG_INV_MPU6050_SPI,TODO,UNRESOLVED,,,,0,,,
CONFIG_IOMMUFD,TODO,UNRESOLVED,,,,0,,,
CONFIG_IOMMUFD_DRIVER,TODO,UNRESOLVED,,,,0,,,
CONFIG_IOMMUFD_DRIVER_CORE,TODO,UNRESOLVED,,,,0,,,
CONFIG_IOMMUFD_TEST,TODO,UNRESOLVED,,,,0,,,
CONFIG_IOMMUFD_VFIO_CONTAINER,TODO,UNRESOLVED,,,,0,,,
CONFIG_IOMMU_API,TODO,UNRESOLVED,,,,0,,,
CONFIG_IOMMU_DEBUG,TODO,UNRESOLVED,,,,0,,,
CONFIG_IOMMU_DEBUGFS,TODO,UNRESOLVED,,,,0,,,
CONFIG_IOMMU_DEFAULT_DMA_LAZY,TODO,UNRESOLVED,,,,0,,,
CONFIG_IOMMU_DEFAULT_DMA_STRICT,TODO,UNRESOLVED,,,,0,,,
CONFIG_IOMMU_DEFAULT_PASSTHROUGH,TODO,UNRESOLVED,,,,0,,,
CONFIG_IOMMU_DMA,TODO,UNRESOLVED,,,,0,,,
CONFIG_IOMMU_HELPER,TODO,UNRESOLVED,,,,0,,,
CONFIG_IOMMU_IOPF,TODO,UNRESOLVED,,,,0,,,
CONFIG_IOMMU_IOVA,TODO,UNRESOLVED,,,,0,,,
CONFIG_IOMMU_IO_PGTABLE,TODO,UNRESOLVED,,,,0,,,
CONFIG_IOMMU_IO_PGTABLE_ARMV7S,TODO,UNRESOLVED,,,,0,,,
CONFIG_IOMMU_IO_PGTABLE_ARMV7S_SELFTEST,TODO,UNRESOLVED,,,,0,,,
CONFIG_IOMMU_IO_PGTABLE_DART,TODO,UNRESOLVED,,,,0,,,
CONFIG_IOMMU_IO_PGTABLE_LPAE,TODO,UNRESOLVED,,,,0,,,
CONFIG_IOMMU_IO_PGTABLE_LPAE_SELFTEST,TODO,UNRESOLVED,,,,0,,,
CONFIG_IOMMU_LEAK,TODO,UNRESOLVED,,,,0,,,
CONFIG_IOMMU_MM_DATA,TODO,UNRESOLVED,,,,0,,,
CONFIG_IOMMU_SUPPORT,TODO,UNRESOLVED,,,,0,,,
CONFIG_IOMMU_SVA,TODO,UNRESOLVED,,,,0,,,
CONFIG_IONIC,TODO,UNRESOLVED,,,,0,,,
CONFIG_IOSCHED_BFQ,TODO,UNRESOLVED,,,,0,,,
CONFIG_IOSF_MBI,TODO,UNRESOLVED,,,,0,,,
CONFIG_IOSF_MBI_DEBUG,TODO,UNRESOLVED,,,,0,,,
CONFIG_IOSM,TODO,UNRESOLVED,,,,0,,,
CONFIG_IO_DELAY_0X80,TODO,UNRESOLVED,,,,0,,,
CONFIG_IO_DELAY_0XED,TODO,UNRESOLVED,,,,0,,,
CONFIG_IO_DELAY_NONE,TODO,UNRESOLVED,,,,0,,,
CONFIG_IO_DELAY_UDELAY,TODO,UNRESOLVED,,,,0,,,
CONFIG_IO_STRICT_DEVMEM,TODO,UNRESOLVED,,,,0,,,
CONFIG_IO_URING,TODO,UNRESOLVED,,,,0,,,
CONFIG_IO_URING_MOCK_FILE,TODO,UNRESOLVED,,,,0,,,
CONFIG_IO_URING_ZCRX,TODO,UNRESOLVED,,,,0,,,
CONFIG_IO_WQ,TODO,UNRESOLVED,,,,0,,,
CONFIG_IP5XXX_POWER,TODO,UNRESOLVED,,,,0,,,
CONFIG_IP6_NF_FILTER,TODO,UNRESOLVED,,,,0,,,
CONFIG_IP6_NF_IPTABLES,TODO,UNRESOLVED,,,,0,,,
CONFIG_IP6_NF_IPTABLES_LEGACY,TODO,UNRESOLVED,,,,0,,,
CONFIG_IP6_NF_MANGLE,TODO,UNRESOLVED,,,,0,,,
CONFIG_IP6_NF_MATCH_AH,TODO,UNRESOLVED,,,,0,,,
CONFIG_IP6_NF_MATCH_EUI64,TODO,UNRESOLVED,,,,0,,,
CONFIG_IP6_NF_MATCH_FRAG,TODO,UNRESOLVED,,,,0,,,
CONFIG_IP6_NF_MATCH_HL,TODO,UNRESOLVED,,,,0,,,
CONFIG_IP6_NF_MATCH_IPV6HEADER,TODO,UNRESOLVED,,,,0,,,
CONFIG_IP6_NF_MATCH_MH,TODO,UNRESOLVED,,,,0,,,
CONFIG_IP6_NF_MATCH_OPTS,TODO,UNRESOLVED,,,,0,,,
CONFIG_IP6_NF_MATCH_RPFILTER,TODO,UNRESOLVED,,,,0,,,
CONFIG_IP6_NF_MATCH_RT,TODO,UNRESOLVED,,,,0,,,
CONFIG_IP6_NF_MATCH_SRH,TODO,UNRESOLVED,,,,0,,,
CONFIG_IP6_NF_NAT,TODO,UNRESOLVED,,,,0,,,
CONFIG_IP6_NF_RAW,TODO,UNRESOLVED,,,,0,,,
CONFIG_IP6_NF_SECURITY,TODO,UNRESOLVED,,,,0,,,
CONFIG_IP6_NF_TARGET_HL,TODO,UNRESOLVED,,,,0,,,
CONFIG_IP6_NF_TARGET_MASQUERADE,TODO,UNRESOLVED,,,,0,,,
CONFIG_IP6_NF_TARGET_NPT,TODO,UNRESOLVED,,,,0,,,
CONFIG_IP6_NF_TARGET_REJECT,TODO,UNRESOLVED,,,,0,,,
CONFIG_IP6_NF_TARGET_SYNPROXY,TODO,UNRESOLVED,,,,0,,,
CONFIG_IPACK_BUS,TODO,UNRESOLVED,,,,0,,,
CONFIG_IPC_NS,TODO,UNRESOLVED,,,,0,,,
CONFIG_IPE_BOOT_POLICY,TODO,UNRESOLVED,,,,0,,,
CONFIG_IPE_POLICY_SIG_PLATFORM_KEYRING,TODO,UNRESOLVED,,,,0,,,
CONFIG_IPE_POLICY_SIG_SECONDARY_KEYRING,TODO,UNRESOLVED,,,,0,,,
CONFIG_IPE_PROP_DM_VERITY,TODO,UNRESOLVED,,,,0,,,
CONFIG_IPE_PROP_DM_VERITY_SIGNATURE,TODO,UNRESOLVED,,,,0,,,
CONFIG_IPE_PROP_FS_VERITY,TODO,UNRESOLVED,,,,0,,,
CONFIG_IPE_PROP_FS_VERITY_BUILTIN_SIG,TODO,UNRESOLVED,,,,0,,,
CONFIG_IPMB_DEVICE_INTERFACE,TODO,UNRESOLVED,,,,0,,,
CONFIG_IPMI_DEVICE_INTERFACE,TODO,UNRESOLVED,,,,0,,,
CONFIG_IPMI_DMI_DECODE,TODO,UNRESOLVED,,,,0,,,
CONFIG_IPMI_HANDLER,TODO,UNRESOLVED,,,,0,,,
CONFIG_IPMI_IPMB,TODO,UNRESOLVED,,,,0,,,
CONFIG_IPMI_KCS_BMC,TODO,UNRESOLVED,,,,0,,,
CONFIG_IPMI_KCS_BMC_CDEV_IPMI,TODO,UNRESOLVED,,,,0,,,
CONFIG_IPMI_KCS_BMC_SERIO,TODO,UNRESOLVED,,,,0,,,
CONFIG_IPMI_LS2K,TODO,UNRESOLVED,,,,0,,,
CONFIG_IPMI_PANIC_EVENT,TODO,UNRESOLVED,,,,0,,,
CONFIG_IPMI_PANIC_STRING,TODO,UNRESOLVED,,,,0,,,
CONFIG_IPMI_PLAT_DATA,TODO,UNRESOLVED,,,,0,,,
CONFIG_IPMI_POWERNV,TODO,UNRESOLVED,,,,0,,,
CONFIG_IPMI_POWEROFF,TODO,UNRESOLVED,,,,0,,,
CONFIG_IPMI_SI,TODO,UNRESOLVED,,,,0,,,
CONFIG_IPMI_SSIF,TODO,UNRESOLVED,,,,0,,,
CONFIG_IPMI_WATCHDOG,TODO,UNRESOLVED,,,,0,,,
CONFIG_IPMMU_VMSA,TODO,UNRESOLVED,,,,0,,,
CONFIG_IPQ_APSS_5424,TODO,UNRESOLVED,,,,0,,,
CONFIG_IPQ_APSS_6018,TODO,UNRESOLVED,,,,0,,,
CONFIG_IPQ_APSS_PLL,TODO,UNRESOLVED,,,,0,,,
CONFIG_IPQ_CMN_PLL,TODO,UNRESOLVED,,,,0,,,
CONFIG_IPQ_GCC_4019,TODO,UNRESOLVED,,,,0,,,
CONFIG_IPQ_GCC_5018,TODO,UNRESOLVED,,,,0,,,
CONFIG_IPQ_GCC_5332,TODO,UNRESOLVED,,,,0,,,
CONFIG_IPQ_GCC_5424,TODO,UNRESOLVED,,,,0,,,
CONFIG_IPQ_GCC_6018,TODO,UNRESOLVED,,,,0,,,
CONFIG_IPQ_GCC_806X,TODO,UNRESOLVED,,,,0,,,
CONFIG_IPQ_GCC_8074,TODO,UNRESOLVED,,,,0,,,
CONFIG_IPQ_GCC_9574,TODO,UNRESOLVED,,,,0,,,
CONFIG_IPQ_LCC_806X,TODO,UNRESOLVED,,,,0,,,
CONFIG_IPQ_NSSCC_9574,TODO,UNRESOLVED,,,,0,,,
CONFIG_IPQ_NSSCC_QCA8K,TODO,UNRESOLVED,,,,0,,,
CONFIG_IPU_BRIDGE,TODO,UNRESOLVED,,,,0,,,
CONFIG_IPV6,TODO,UNRESOLVED,,,,0,,,
CONFIG_IPV6_FOU,TODO,UNRESOLVED,,,,0,,,
CONFIG_IPV6_FOU_TUNNEL,TODO,UNRESOLVED,,,,0,,,
CONFIG_IPV6_GRE,TODO,UNRESOLVED,,,,0,,,
CONFIG_IPV6_ILA,TODO,UNRESOLVED,,,,0,,,
CONFIG_IPV6_IOAM6_LWTUNNEL,TODO,UNRESOLVED,,,,0,,,
CONFIG_IPV6_MIP6,TODO,UNRESOLVED,,,,0,,,
CONFIG_IPV6_MROUTE,TODO,UNRESOLVED,,,,0,,,
CONFIG_IPV6_MROUTE_MULTIPLE_TABLES,TODO,UNRESOLVED,,,,0,,,
CONFIG_IPV6_MULTIPLE_TABLES,TODO,UNRESOLVED,,,,0,,,
CONFIG_IPV6_NDISC_NODETYPE,TODO,UNRESOLVED,,,,0,,,
CONFIG_IPV6_OPTIMISTIC_DAD,TODO,UNRESOLVED,,,,0,,,
CONFIG_IPV6_PIMSM_V2,TODO,UNRESOLVED,,,,0,,,
CONFIG_IPV6_ROUTER_PREF,TODO,UNRESOLVED,,,,0,,,
CONFIG_IPV6_ROUTE_INFO,TODO,UNRESOLVED,,,,0,,,
CONFIG_IPV6_RPL_LWTUNNEL,TODO,UNRESOLVED,,,,0,,,
CONFIG_IPV6_SEG6_BPF,TODO,UNRESOLVED,,,,0,,,
CONFIG_IPV6_SEG6_HMAC,TODO,UNRESOLVED,,,,0,,,
CONFIG_IPV6_SEG6_LWTUNNEL,TODO,UNRESOLVED,,,,0,,,
CONFIG_IPV6_SIT,TODO,UNRESOLVED,,,,0,,,
CONFIG_IPV6_SIT_6RD,TODO,UNRESOLVED,,,,0,,,
CONFIG_IPV6_SUBTREES,TODO,UNRESOLVED,,,,0,,,
CONFIG_IPV6_TUNNEL,TODO,UNRESOLVED,,,,0,,,
CONFIG_IPV6_VTI,TODO,UNRESOLVED,,,,0,,,
CONFIG_IPVLAN,TODO,UNRESOLVED,,,,0,,,
CONFIG_IPVLAN_L3S,TODO,UNRESOLVED,,,,0,,,
CONFIG_IPVTAP,TODO,UNRESOLVED,,,,0,,,
CONFIG_IPW2100,TODO,UNRESOLVED,,,,0,,,
CONFIG_IPW2100_DEBUG,TODO,UNRESOLVED,,,,0,,,
CONFIG_IPW2100_MONITOR,TODO,UNRESOLVED,,,,0,,,
CONFIG_IPW2200,TODO,UNRESOLVED,,,,0,,,
CONFIG_IPW2200_DEBUG,TODO,UNRESOLVED,,,,0,,,
CONFIG_IPW2200_MONITOR,TODO,UNRESOLVED,,,,0,,,
CONFIG_IPW2200_PROMISCUOUS,TODO,UNRESOLVED,,,,0,,,
CONFIG_IPW2200_QOS,TODO,UNRESOLVED,,,,0,,,
CONFIG_IPW2200_RADIOTAP,TODO,UNRESOLVED,,,,0,,,
CONFIG_IPWIRELESS,TODO,UNRESOLVED,,,,0,,,
CONFIG_IP_ADVANCED_ROUTER,TODO,UNRESOLVED,,,,0,,,
CONFIG_IP_FIB_TRIE_STATS,TODO,UNRESOLVED,,,,0,,,
CONFIG_IP_MROUTE,TODO,UNRESOLVED,,,,0,,,
CONFIG_IP_MROUTE_COMMON,TODO,UNRESOLVED,,,,0,,,
CONFIG_IP_MROUTE_MULTIPLE_TABLES,TODO,UNRESOLVED,,,,0,,,
CONFIG_IP_MULTICAST,TODO,UNRESOLVED,,,,0,,,
CONFIG_IP_MULTIPLE_TABLES,TODO,UNRESOLVED,,,,0,,,
CONFIG_IP_NF_ARPFILTER,TODO,UNRESOLVED,,,,0,,,
CONFIG_IP_NF_ARPTABLES,TODO,UNRESOLVED,,,,0,,,
CONFIG_IP_NF_ARP_MANGLE,TODO,UNRESOLVED,,,,0,,,
CONFIG_IP_NF_FILTER,TODO,UNRESOLVED,,,,0,,,
CONFIG_IP_NF_IPTABLES,TODO,UNRESOLVED,,,,0,,,
CONFIG_IP_NF_IPTABLES_LEGACY,TODO,UNRESOLVED,,,,0,,,
CONFIG_IP_NF_MANGLE,TODO,UNRESOLVED,,,,0,,,
CONFIG_IP_NF_MATCH_AH,TODO,UNRESOLVED,,,,0,,,
CONFIG_IP_NF_MATCH_ECN,TODO,UNRESOLVED,,,,0,,,
CONFIG_IP_NF_MATCH_RPFILTER,TODO,UNRESOLVED,,,,0,,,
CONFIG_IP_NF_MATCH_TTL,TODO,UNRESOLVED,,,,0,,,
CONFIG_IP_NF_NAT,TODO,UNRESOLVED,,,,0,,,
CONFIG_IP_NF_RAW,TODO,UNRESOLVED,,,,0,,,
CONFIG_IP_NF_SECURITY,TODO,UNRESOLVED,,,,0,,,
CONFIG_IP_NF_TARGET_ECN,TODO,UNRESOLVED,,,,0,,,
CONFIG_IP_NF_TARGET_MASQUERADE,TODO,UNRESOLVED,,,,0,,,
CONFIG_IP_NF_TARGET_NETMAP,TODO,UNRESOLVED,,,,0,,,
CONFIG_IP_NF_TARGET_REDIRECT,TODO,UNRESOLVED,,,,0,,,
CONFIG_IP_NF_TARGET_REJECT,TODO,UNRESOLVED,,,,0,,,
CONFIG_IP_NF_TARGET_SYNPROXY,TODO,UNRESOLVED,,,,0,,,
CONFIG_IP_NF_TARGET_TTL,TODO,UNRESOLVED,,,,0,,,
CONFIG_IP_PIMSM_V1,TODO,UNRESOLVED,,,,0,,,
CONFIG_IP_PIMSM_V2,TODO,UNRESOLVED,,,,0,,,
CONFIG_IP_PNP,TODO,UNRESOLVED,,,,0,,,
CONFIG_IP_PNP_BOOTP,TODO,UNRESOLVED,,,,0,,,
CONFIG_IP_PNP_DHCP,TODO,UNRESOLVED,,,,0,,,
CONFIG_IP_PNP_RARP,TODO,UNRESOLVED,,,,0,,,
CONFIG_IP_ROUTE_CLASSID,TODO,UNRESOLVED,,,,0,,,
CONFIG_IP_ROUTE_MULTIPATH,TODO,UNRESOLVED,,,,0,,,
CONFIG_IP_ROUTE_VERBOSE,TODO,UNRESOLVED,,,,0,,,
CONFIG_IP_SCTP,TODO,UNRESOLVED,,,,0,,,
CONFIG_IP_SET,TODO,UNRESOLVED,,,,0,,,
CONFIG_IP_SET_BITMAP_IP,TODO,UNRESOLVED,,,,0,,,
CONFIG_IP_SET_BITMAP_IPMAC,TODO,UNRESOLVED,,,,0,,,
CONFIG_IP_SET_BITMAP_PORT,TODO,UNRESOLVED,,,,0,,,
CONFIG_IP_SET_HASH_IP,TODO,UNRESOLVED,,,,0,,,
CONFIG_IP_SET_HASH_IPMAC,TODO,UNRESOLVED,,,,0,,,
CONFIG_IP_SET_HASH_IPMARK,TODO,UNRESOLVED,,,,0,,,
CONFIG_IP_SET_HASH_IPPORT,TODO,UNRESOLVED,,,,0,,,
CONFIG_IP_SET_HASH_IPPORTIP,TODO,UNRESOLVED,,,,0,,,
CONFIG_IP_SET_HASH_IPPORTNET,TODO,UNRESOLVED,,,,0,,,
CONFIG_IP_SET_HASH_MAC,TODO,UNRESOLVED,,,,0,,,
CONFIG_IP_SET_HASH_NET,TODO,UNRESOLVED,,,,0,,,
CONFIG_IP_SET_HASH_NETIFACE,TODO,UNRESOLVED,,,,0,,,
CONFIG_IP_SET_HASH_NETNET,TODO,UNRESOLVED,,,,0,,,
CONFIG_IP_SET_HASH_NETPORT,TODO,UNRESOLVED,,,,0,,,
CONFIG_IP_SET_HASH_NETPORTNET,TODO,UNRESOLVED,,,,0,,,
CONFIG_IP_SET_LIST_SET,TODO,UNRESOLVED,,,,0,,,
CONFIG_IP_SET_MAX,TODO,UNRESOLVED,,,,0,,,
CONFIG_IP_VS,TODO,UNRESOLVED,,,,0,,,
CONFIG_IP_VS_DEBUG,TODO,UNRESOLVED,,,,0,,,
CONFIG_IP_VS_DH,TODO,UNRESOLVED,,,,0,,,
CONFIG_IP_VS_FO,TODO,UNRESOLVED,,,,0,,,
CONFIG_IP_VS_FTP,TODO,UNRESOLVED,,,,0,,,
CONFIG_IP_VS_IPV6,TODO,UNRESOLVED,,,,0,,,
CONFIG_IP_VS_LBLC,TODO,UNRESOLVED,,,,0,,,
CONFIG_IP_VS_LBLCR,TODO,UNRESOLVED,,,,0,,,
CONFIG_IP_VS_LC,TODO,UNRESOLVED,,,,0,,,
CONFIG_IP_VS_MH,TODO,UNRESOLVED,,,,0,,,
CONFIG_IP_VS_MH_TAB_INDEX,TODO,UNRESOLVED,,,,0,,,
CONFIG_IP_VS_NFCT,TODO,UNRESOLVED,,,,0,,,
CONFIG_IP_VS_NQ,TODO,UNRESOLVED,,,,0,,,
CONFIG_IP_VS_OVF,TODO,UNRESOLVED,,,,0,,,
CONFIG_IP_VS_PE_SIP,TODO,UNRESOLVED,,,,0,,,
CONFIG_IP_VS_PROTO_AH,TODO,UNRESOLVED,,,,0,,,
CONFIG_IP_VS_PROTO_AH_ESP,TODO,UNRESOLVED,,,,0,,,
CONFIG_IP_VS_PROTO_ESP,TODO,UNRESOLVED,,,,0,,,
CONFIG_IP_VS_PROTO_SCTP,TODO,UNRESOLVED,,,,0,,,
CONFIG_IP_VS_PROTO_TCP,TODO,UNRESOLVED,,,,0,,,
CONFIG_IP_VS_PROTO_UDP,TODO,UNRESOLVED,,,,0,,,
CONFIG_IP_VS_RR,TODO,UNRESOLVED,,,,0,,,
CONFIG_IP_VS_SED,TODO,UNRESOLVED,,,,0,,,
CONFIG_IP_VS_SH,TODO,UNRESOLVED,,,,0,,,
CONFIG_IP_VS_SH_TAB_BITS,TODO,UNRESOLVED,,,,0,,,
CONFIG_IP_VS_TAB_BITS,TODO,UNRESOLVED,,,,0,,,
CONFIG_IP_VS_TWOS,TODO,UNRESOLVED,,,,0,,,
CONFIG_IP_VS_WLC,TODO,UNRESOLVED,,,,0,,,
CONFIG_IP_VS_WRR,TODO,UNRESOLVED,,,,0,,,
CONFIG_IQS620AT_TEMP,TODO,UNRESOLVED,,,,0,,,
CONFIG_IQS621_ALS,TODO,UNRESOLVED,,,,0,,,
CONFIG_IQS624_POS,TODO,UNRESOLVED,,,,0,,,
CONFIG_IRQCHIP,TODO,UNRESOLVED,,,,0,,,
CONFIG_IRQSOFF_TRACER,TODO,UNRESOLVED,,,,0,,,
CONFIG_IRQ_BYPASS_MANAGER,TODO,UNRESOLVED,,,,0,,,
CONFIG_IRQ_CROSSBAR,TODO,UNRESOLVED,,,,0,,,
CONFIG_IRQ_DOMAIN,TODO,UNRESOLVED,,,,0,,,
CONFIG_IRQ_DOMAIN_HIERARCHY,TODO,UNRESOLVED,,,,0,,,
CONFIG_IRQ_DOMAIN_NOMAP,TODO,UNRESOLVED,,,,0,,,
CONFIG_IRQ_FASTEOI_HIERARCHY_HANDLERS,TODO,UNRESOLVED,,,,0,,,
CONFIG_IRQ_FORCED_THREADING,TODO,UNRESOLVED,,,,0,,,
CONFIG_IRQ_IDT3243X,TODO,UNRESOLVED,,,,0,,,
CONFIG_IRQ_KUNIT_TEST,TODO,UNRESOLVED,,,,0,,,
CONFIG_IRQ_LOONGARCH_CPU,TODO,UNRESOLVED,,,,0,,,
CONFIG_IRQ_MIPS_CPU,TODO,UNRESOLVED,,,,0,,,
CONFIG_IRQ_MSI_IOMMU,TODO,UNRESOLVED,,,,0,,,
CONFIG_IRQ_MSI_LIB,TODO,UNRESOLVED,,,,0,,,
CONFIG_IRQ_MXS,TODO,UNRESOLVED,,,,0,,,
CONFIG_IRQ_POLL,TODO,UNRESOLVED,,,,0,,,
CONFIG_IRQ_REMAP,TODO,UNRESOLVED,,,,0,,,
CONFIG_IRQ_SIM,TODO,UNRESOLVED,,,,0,,,
CONFIG_IRQ_TIME_ACCOUNTING,TODO,UNRESOLVED,,,,0,,,
CONFIG_IRQ_TIMINGS,TODO,UNRESOLVED,,,,0,,,
CONFIG_IRQ_UNIPHIER_AIDET,TODO,UNRESOLVED,,,,0,,,
CONFIG_IRQ_WORK,TODO,UNRESOLVED,,,,0,,,
CONFIG_IRSD200,TODO,UNRESOLVED,,,,0,,,
CONFIG_IR_ENE,TODO,UNRESOLVED,,,,0,,,
CONFIG_IR_FINTEK,TODO,UNRESOLVED,,,,0,,,
CONFIG_IR_GPIO_CIR,TODO,UNRESOLVED,,,,0,,,
CONFIG_IR_GPIO_TX,TODO,UNRESOLVED,,,,0,,,
CONFIG_IR_HIX5HD2,TODO,UNRESOLVED,,,,0,,,
CONFIG_IR_IGORPLUGUSB,TODO,UNRESOLVED,,,,0,,,
CONFIG_IR_IGUANA,TODO,UNRESOLVED,,,,0,,,
CONFIG_IR_IMG,TODO,UNRESOLVED,,,,0,,,
CONFIG_IR_IMG_HW,TODO,UNRESOLVED,,,,0,,,
CONFIG_IR_IMG_JVC,TODO,UNRESOLVED,,,,0,,,
CONFIG_IR_IMG_NEC,TODO,UNRESOLVED,,,,0,,,
CONFIG_IR_IMG_RAW,TODO,UNRESOLVED,,,,0,,,
CONFIG_IR_IMG_RC5,TODO,UNRESOLVED,,,,0,,,
CONFIG_IR_IMG_RC6,TODO,UNRESOLVED,,,,0,,,
CONFIG_IR_IMG_SANYO,TODO,UNRESOLVED,,,,0,,,
CONFIG_IR_IMG_SHARP,TODO,UNRESOLVED,,,,0,,,
CONFIG_IR_IMG_SONY,TODO,UNRESOLVED,,,,0,,,
CONFIG_IR_IMON,TODO,UNRESOLVED,,,,0,,,
CONFIG_IR_IMON_DECODER,TODO,UNRESOLVED,,,,0,,,
CONFIG_IR_IMON_RAW,TODO,UNRESOLVED,,,,0,,,
CONFIG_IR_ITE_CIR,TODO,UNRESOLVED,,,,0,,,
CONFIG_IR_JVC_DECODER,TODO,UNRESOLVED,,,,0,,,
CONFIG_IR_MCEUSB,TODO,UNRESOLVED,,,,0,,,
CONFIG_IR_MCE_KBD_DECODER,TODO,UNRESOLVED,,,,0,,,
CONFIG_IR_MESON,TODO,UNRESOLVED,,,,0,,,
CONFIG_IR_MESON_TX,TODO,UNRESOLVED,,,,0,,,
CONFIG_IR_MTK,TODO,UNRESOLVED,,,,0,,,
CONFIG_IR_NEC_DECODER,TODO,UNRESOLVED,,,,0,,,
CONFIG_IR_NUVOTON,TODO,UNRESOLVED,,,,0,,,
CONFIG_IR_PWM_TX,TODO,UNRESOLVED,,,,0,,,
CONFIG_IR_RC5_DECODER,TODO,UNRESOLVED,,,,0,,,
CONFIG_IR_RC6_DECODER,TODO,UNRESOLVED,,,,0,,,
CONFIG_IR_RCMM_DECODER,TODO,UNRESOLVED,,,,0,,,
CONFIG_IR_REDRAT3,TODO,UNRESOLVED,,,,0,,,
CONFIG_IR_SANYO_DECODER,TODO,UNRESOLVED,,,,0,,,
CONFIG_IR_SERIAL,TODO,UNRESOLVED,,,,0,,,
CONFIG_IR_SERIAL_TRANSMITTER,TODO,UNRESOLVED,,,,0,,,
CONFIG_IR_SHARP_DECODER,TODO,UNRESOLVED,,,,0,,,
CONFIG_IR_SONY_DECODER,TODO,UNRESOLVED,,,,0,,,
CONFIG_IR_SPI,TODO,UNRESOLVED,,,,0,,,
CONFIG_IR_STREAMZAP,TODO,UNRESOLVED,,,,0,,,
CONFIG_IR_SUNXI,TODO,UNRESOLVED,,,,0,,,
CONFIG_IR_TOY,TODO,UNRESOLVED,,,,0,,,
CONFIG_IR_TTUSBIR,TODO,UNRESOLVED,,,,0,,,
CONFIG_IR_WINBOND_CIR,TODO,UNRESOLVED,,,,0,,,
CONFIG_IR_XMP_DECODER,TODO,UNRESOLVED,,,,0,,,
CONFIG_ISA,TODO,UNRESOLVED,,,,0,,,
CONFIG_ISAPNP,TODO,UNRESOLVED,,,,0,,,
CONFIG_ISA_BUS,TODO,UNRESOLVED,,,,0,,,
CONFIG_ISA_BUS_API,TODO,UNRESOLVED,,,,0,,,
CONFIG_ISA_DMA_API,TODO,UNRESOLVED,,,,0,,,
CONFIG_ISCSI_BOOT_SYSFS,REVIEWED,DEFERRED,DOCUMENTED_SCENARIO,OPTIONAL,held-storage-default,1,Exposed when SCSI_LOWLEVEL enabled for K-STORAGE-001; remained disabled and is unrelated to the evidence-selected Hyper-V storage path.,https://github.com/microsoft/WSL2-Linux-Kernel/tree/14794180686c2fb6307fbe359c359bec765249f3/drivers/scsi,
CONFIG_ISCSI_IBFT,REVIEWED,DEFERRED,DOCUMENTED_SCENARIO,OPTIONAL,held-storage-default,1,Exposed when SCSI_LOWLEVEL enabled for K-STORAGE-001; remained disabled and is unrelated to the evidence-selected Hyper-V storage path.,https://github.com/microsoft/WSL2-Linux-Kernel/tree/14794180686c2fb6307fbe359c359bec765249f3/drivers/scsi,
CONFIG_ISCSI_IBFT_FIND,TODO,UNRESOLVED,,,,0,,,
CONFIG_ISCSI_TARGET,TODO,UNRESOLVED,,,,0,,,
CONFIG_ISCSI_TARGET_CXGB4,TODO,UNRESOLVED,,,,0,,,
CONFIG_ISCSI_TCP,REVIEWED,DEFERRED,DOCUMENTED_SCENARIO,OPTIONAL,held-storage-default,1,Exposed when SCSI_LOWLEVEL enabled for K-STORAGE-001; remained disabled and is unrelated to the evidence-selected Hyper-V storage path.,https://github.com/microsoft/WSL2-Linux-Kernel/tree/14794180686c2fb6307fbe359c359bec765249f3/drivers/scsi,
CONFIG_ISDN,TODO,UNRESOLVED,,,,0,,,
CONFIG_ISDN_CAPI,TODO,UNRESOLVED,,,,0,,,
CONFIG_ISDN_CAPI_MIDDLEWARE,TODO,UNRESOLVED,,,,0,,,
CONFIG_ISL29003,TODO,UNRESOLVED,,,,0,,,
CONFIG_ISL29020,TODO,UNRESOLVED,,,,0,,,
CONFIG_ISL29125,TODO,UNRESOLVED,,,,0,,,
CONFIG_ISL29501,TODO,UNRESOLVED,,,,0,,,
CONFIG_ISL76682,TODO,UNRESOLVED,,,,0,,,
CONFIG_ISM,TODO,UNRESOLVED,,,,0,,,
CONFIG_ISO9660_FS,TODO,UNRESOLVED,,,,0,,,
CONFIG_IS_SIGNED_TYPE_KUNIT_TEST,TODO,UNRESOLVED,,,,0,,,
CONFIG_IT8712F_WDT,TODO,UNRESOLVED,,,,0,,,
CONFIG_IT87_WDT,TODO,UNRESOLVED,,,,0,,,
CONFIG_ITCO_VENDOR_SUPPORT,TODO,UNRESOLVED,,,,0,,,
CONFIG_ITCO_WDT,TODO,UNRESOLVED,,,,0,,,
CONFIG_ITG3200,TODO,UNRESOLVED,,,,0,,,
CONFIG_IUCV,TODO,UNRESOLVED,,,,0,,,
CONFIG_IWL3945,TODO,UNRESOLVED,,,,0,,,
CONFIG_IWL4965,TODO,UNRESOLVED,,,,0,,,
CONFIG_IWLDVM,TODO,UNRESOLVED,,,,0,,,
CONFIG_IWLEGACY,TODO,UNRESOLVED,,,,0,,,
CONFIG_IWLEGACY_DEBUG,TODO,UNRESOLVED,,,,0,,,
CONFIG_IWLEGACY_DEBUGFS,TODO,UNRESOLVED,,,,0,,,
CONFIG_IWLMEI,TODO,UNRESOLVED,,,,0,,,
CONFIG_IWLMLD,TODO,UNRESOLVED,,,,0,,,
CONFIG_IWLMVM,TODO,UNRESOLVED,,,,0,,,
CONFIG_IWLWIFI,TODO,UNRESOLVED,,,,0,,,
CONFIG_IWLWIFI_DEBUG,TODO,UNRESOLVED,,,,0,,,
CONFIG_IWLWIFI_DEBUGFS,TODO,UNRESOLVED,,,,0,,,
CONFIG_IWLWIFI_DEVICE_TRACING,TODO,UNRESOLVED,,,,0,,,
CONFIG_IWLWIFI_KUNIT_TESTS,TODO,UNRESOLVED,,,,0,,,
CONFIG_IWLWIFI_LEDS,TODO,UNRESOLVED,,,,0,,,
CONFIG_IWLWIFI_OPMODE_MODULAR,TODO,UNRESOLVED,,,,0,,,
CONFIG_IXGBE,TODO,UNRESOLVED,,,,0,,,
CONFIG_IXGBEVF,TODO,UNRESOLVED,,,,0,,,
CONFIG_IXGBEVF_IPSEC,TODO,UNRESOLVED,,,,0,,,
CONFIG_IXGBE_DCA,TODO,UNRESOLVED,,,,0,,,
CONFIG_IXGBE_DCB,TODO,UNRESOLVED,,,,0,,,
CONFIG_IXGBE_HWMON,TODO,UNRESOLVED,,,,0,,,
CONFIG_IXGBE_IPSEC,TODO,UNRESOLVED,,,,0,,,
CONFIG_IXP4XX_ETH,TODO,UNRESOLVED,,,,0,,,
CONFIG_IXP4XX_HSS,TODO,UNRESOLVED,,,,0,,,
CONFIG_IXP4XX_IRQ,TODO,UNRESOLVED,,,,0,,,
CONFIG_IXP4XX_NPE,TODO,UNRESOLVED,,,,0,,,
CONFIG_IXP4XX_QMGR,TODO,UNRESOLVED,,,,0,,,
CONFIG_IXP4XX_TIMER,TODO,UNRESOLVED,,,,0,,,
CONFIG_IXP4XX_WATCHDOG,TODO,UNRESOLVED,,,,0,,,
CONFIG_JAILHOUSE_GUEST,TODO,UNRESOLVED,,,,0,,,
CONFIG_JAZZ_ESP,TODO,UNRESOLVED,,,,0,,,
CONFIG_JBD2,TODO,UNRESOLVED,,,,0,,,
CONFIG_JBD2_DEBUG,TODO,UNRESOLVED,,,,0,,,
CONFIG_JCORE_AIC,TODO,UNRESOLVED,,,,0,,,
CONFIG_JFFS2_CMODE_FAVOURLZO,TODO,UNRESOLVED,,,,0,,,
CONFIG_JFFS2_CMODE_NONE,TODO,UNRESOLVED,,,,0,,,
CONFIG_JFFS2_CMODE_PRIORITY,TODO,UNRESOLVED,,,,0,,,
CONFIG_JFFS2_CMODE_SIZE,TODO,UNRESOLVED,,,,0,,,
CONFIG_JFFS2_COMPRESSION_OPTIONS,TODO,UNRESOLVED,,,,0,,,
CONFIG_JFFS2_FS,TODO,UNRESOLVED,,,,0,,,
CONFIG_JFFS2_FS_DEBUG,TODO,UNRESOLVED,,,,0,,,
CONFIG_JFFS2_FS_POSIX_ACL,TODO,UNRESOLVED,,,,0,,,
CONFIG_JFFS2_FS_SECURITY,TODO,UNRESOLVED,,,,0,,,
CONFIG_JFFS2_FS_WBUF_VERIFY,TODO,UNRESOLVED,,,,0,,,
CONFIG_JFFS2_FS_WRITEBUFFER,TODO,UNRESOLVED,,,,0,,,
CONFIG_JFFS2_FS_XATTR,TODO,UNRESOLVED,,,,0,,,
CONFIG_JFFS2_LZO,TODO,UNRESOLVED,,,,0,,,
CONFIG_JFFS2_RTIME,TODO,UNRESOLVED,,,,0,,,
CONFIG_JFFS2_RUBIN,TODO,UNRESOLVED,,,,0,,,
CONFIG_JFFS2_SUMMARY,TODO,UNRESOLVED,,,,0,,,
CONFIG_JFFS2_ZLIB,TODO,UNRESOLVED,,,,0,,,
CONFIG_JFS_DEBUG,TODO,UNRESOLVED,,,,0,,,
CONFIG_JFS_FS,TODO,UNRESOLVED,,,,0,,,
CONFIG_JFS_POSIX_ACL,TODO,UNRESOLVED,,,,0,,,
CONFIG_JFS_SECURITY,TODO,UNRESOLVED,,,,0,,,
CONFIG_JFS_STATISTICS,TODO,UNRESOLVED,,,,0,,,
CONFIG_JH71XX_PMU,TODO,UNRESOLVED,,,,0,,,
CONFIG_JME,TODO,UNRESOLVED,,,,0,,,
CONFIG_JOLIET,TODO,UNRESOLVED,,,,0,,,
CONFIG_JOYSTICK_A3D,TODO,UNRESOLVED,,,,0,,,
CONFIG_JOYSTICK_ADC,TODO,UNRESOLVED,,,,0,,,
CONFIG_JOYSTICK_ADI,TODO,UNRESOLVED,,,,0,,,
CONFIG_JOYSTICK_AMIGA,TODO,UNRESOLVED,,,,0,,,
CONFIG_JOYSTICK_ANALOG,TODO,UNRESOLVED,,,,0,,,
CONFIG_JOYSTICK_AS5011,TODO,UNRESOLVED,,,,0,,,
CONFIG_JOYSTICK_COBRA,TODO,UNRESOLVED,,,,0,,,
CONFIG_JOYSTICK_DB9,TODO,UNRESOLVED,,,,0,,,
CONFIG_JOYSTICK_FSIA6B,TODO,UNRESOLVED,,,,0,,,
CONFIG_JOYSTICK_GAMECON,TODO,UNRESOLVED,,,,0,,,
CONFIG_JOYSTICK_GF2K,TODO,UNRESOLVED,,,,0,,,
CONFIG_JOYSTICK_GRIP,TODO,UNRESOLVED,,,,0,,,
CONFIG_JOYSTICK_GRIP_MP,TODO,UNRESOLVED,,,,0,,,
CONFIG_JOYSTICK_GUILLEMOT,TODO,UNRESOLVED,,,,0,,,
CONFIG_JOYSTICK_IFORCE,TODO,UNRESOLVED,,,,0,,,
CONFIG_JOYSTICK_IFORCE_232,TODO,UNRESOLVED,,,,0,,,
CONFIG_JOYSTICK_IFORCE_USB,TODO,UNRESOLVED,,,,0,,,
CONFIG_JOYSTICK_INTERACT,TODO,UNRESOLVED,,,,0,,,
CONFIG_JOYSTICK_JOYDUMP,TODO,UNRESOLVED,,,,0,,,
CONFIG_JOYSTICK_MAGELLAN,TODO,UNRESOLVED,,,,0,,,
CONFIG_JOYSTICK_MAPLE,TODO,UNRESOLVED,,,,0,,,
CONFIG_JOYSTICK_N64,TODO,UNRESOLVED,,,,0,,,
CONFIG_JOYSTICK_PSXPAD_SPI,TODO,UNRESOLVED,,,,0,,,
CONFIG_JOYSTICK_PSXPAD_SPI_FF,TODO,UNRESOLVED,,,,0,,,
CONFIG_JOYSTICK_PXRC,TODO,UNRESOLVED,,,,0,,,
CONFIG_JOYSTICK_QWIIC,TODO,UNRESOLVED,,,,0,,,
CONFIG_JOYSTICK_SEESAW,TODO,UNRESOLVED,,,,0,,,
CONFIG_JOYSTICK_SENSEHAT,TODO,UNRESOLVED,,,,0,,,
CONFIG_JOYSTICK_SIDEWINDER,TODO,UNRESOLVED,,,,0,,,
CONFIG_JOYSTICK_SPACEBALL,TODO,UNRESOLVED,,,,0,,,
CONFIG_JOYSTICK_SPACEORB,TODO,UNRESOLVED,,,,0,,,
CONFIG_JOYSTICK_STINGER,TODO,UNRESOLVED,,,,0,,,
CONFIG_JOYSTICK_TMDC,TODO,UNRESOLVED,,,,0,,,
CONFIG_JOYSTICK_TURBOGRAFX,TODO,UNRESOLVED,,,,0,,,
CONFIG_JOYSTICK_TWIDJOY,TODO,UNRESOLVED,,,,0,,,
CONFIG_JOYSTICK_WALKERA0701,TODO,UNRESOLVED,,,,0,,,
CONFIG_JOYSTICK_WARRIOR,TODO,UNRESOLVED,,,,0,,,
CONFIG_JOYSTICK_XPAD,TODO,UNRESOLVED,,,,0,,,
CONFIG_JOYSTICK_XPAD_FF,TODO,UNRESOLVED,,,,0,,,
CONFIG_JOYSTICK_XPAD_LEDS,TODO,UNRESOLVED,,,,0,,,
CONFIG_JOYSTICK_ZHENHUA,TODO,UNRESOLVED,,,,0,,,
CONFIG_JSA1212,TODO,UNRESOLVED,,,,0,,,
CONFIG_JUMP_LABEL,TODO,UNRESOLVED,,,,0,,,
CONFIG_JZ4740_WDT,TODO,UNRESOLVED,,,,0,,,
CONFIG_JZ4780_NEMC,TODO,UNRESOLVED,,,,0,,,
CONFIG_K3_DMA,TODO,UNRESOLVED,,,,0,,,
CONFIG_K3_RTI_WATCHDOG,TODO,UNRESOLVED,,,,0,,,
CONFIG_K3_THERMAL,TODO,UNRESOLVED,,,,0,,,
CONFIG_KALLSYMS,TODO,UNRESOLVED,,,,0,,,
CONFIG_KALLSYMS_ALL,TODO,UNRESOLVED,,,,0,,,
CONFIG_KALLSYMS_SELFTEST,TODO,UNRESOLVED,,,,0,,,
CONFIG_KARMA_PARTITION,TODO,UNRESOLVED,,,,0,,,
CONFIG_KASAN,TODO,UNRESOLVED,,,,0,,,
CONFIG_KASAN_EXTRA_INFO,TODO,UNRESOLVED,,,,0,,,
CONFIG_KASAN_GENERIC,TODO,UNRESOLVED,,,,0,,,
CONFIG_KASAN_HW_TAGS,TODO,UNRESOLVED,,,,0,,,
CONFIG_KASAN_INLINE,TODO,UNRESOLVED,,,,0,,,
CONFIG_KASAN_KUNIT_TEST,TODO,UNRESOLVED,,,,0,,,
CONFIG_KASAN_OUTLINE,TODO,UNRESOLVED,,,,0,,,
CONFIG_KASAN_SHADOW_OFFSET,TODO,UNRESOLVED,,,,0,,,
CONFIG_KASAN_STACK,TODO,UNRESOLVED,,,,0,,,
CONFIG_KASAN_SW_TAGS,TODO,UNRESOLVED,,,,0,,,
CONFIG_KASAN_VMALLOC,TODO,UNRESOLVED,,,,0,,,
CONFIG_KCMP,TODO,UNRESOLVED,,,,0,,,
CONFIG_KCOV,TODO,UNRESOLVED,,,,0,,,
CONFIG_KCOV_ENABLE_COMPARISONS,TODO,UNRESOLVED,,,,0,,,
CONFIG_KCOV_INSTRUMENT_ALL,TODO,UNRESOLVED,,,,0,,,
CONFIG_KCOV_IRQ_AREA_SIZE,TODO,UNRESOLVED,,,,0,,,
CONFIG_KCOV_SELFTEST,TODO,UNRESOLVED,,,,0,,,
CONFIG_KCSAN,TODO,UNRESOLVED,,,,0,,,
CONFIG_KCSAN_ASSUME_PLAIN_WRITES_ATOMIC,TODO,UNRESOLVED,,,,0,,,
CONFIG_KCSAN_DELAY_RANDOMIZE,TODO,UNRESOLVED,,,,0,,,
CONFIG_KCSAN_EARLY_ENABLE,TODO,UNRESOLVED,,,,0,,,
CONFIG_KCSAN_IGNORE_ATOMICS,TODO,UNRESOLVED,,,,0,,,
CONFIG_KCSAN_INTERRUPT_WATCHER,TODO,UNRESOLVED,,,,0,,,
CONFIG_KCSAN_KUNIT_TEST,TODO,UNRESOLVED,,,,0,,,
CONFIG_KCSAN_NUM_WATCHPOINTS,TODO,UNRESOLVED,,,,0,,,
CONFIG_KCSAN_PERMISSIVE,TODO,UNRESOLVED,,,,0,,,
CONFIG_KCSAN_REPORT_ONCE_IN_MS,TODO,UNRESOLVED,,,,0,,,
CONFIG_KCSAN_REPORT_RACE_UNKNOWN_ORIGIN,TODO,UNRESOLVED,,,,0,,,
CONFIG_KCSAN_REPORT_VALUE_CHANGE_ONLY,TODO,UNRESOLVED,,,,0,,,
CONFIG_KCSAN_SELFTEST,TODO,UNRESOLVED,,,,0,,,
CONFIG_KCSAN_SKIP_WATCH,TODO,UNRESOLVED,,,,0,,,
CONFIG_KCSAN_SKIP_WATCH_RANDOMIZE,TODO,UNRESOLVED,,,,0,,,
CONFIG_KCSAN_STRICT,TODO,UNRESOLVED,,,,0,,,
CONFIG_KCSAN_UDELAY_INTERRUPT,TODO,UNRESOLVED,,,,0,,,
CONFIG_KCSAN_UDELAY_TASK,TODO,UNRESOLVED,,,,0,,,
CONFIG_KCSAN_VERBOSE,TODO,UNRESOLVED,,,,0,,,
CONFIG_KCSAN_WEAK_MEMORY,TODO,UNRESOLVED,,,,0,,,
CONFIG_KDB_CONTINUE_CATASTROPHIC,TODO,UNRESOLVED,,,,0,,,
CONFIG_KDB_DEFAULT_ENABLE,TODO,UNRESOLVED,,,,0,,,
CONFIG_KDB_KEYBOARD,TODO,UNRESOLVED,,,,0,,,
CONFIG_KEBA_CP500,TODO,UNRESOLVED,,,,0,,,
CONFIG_KEBA_LAN9252,TODO,UNRESOLVED,,,,0,,,
CONFIG_KEEMBAY_WATCHDOG,TODO,UNRESOLVED,,,,0,,,
CONFIG_KEMPLD_WDT,TODO,UNRESOLVED,,,,0,,,
CONFIG_KERNEL_BZIP2,TODO,UNRESOLVED,,,,0,,,
CONFIG_KERNEL_GZIP,TODO,UNRESOLVED,,,,0,,,
CONFIG_KERNEL_LZ4,TODO,UNRESOLVED,,,,0,,,
CONFIG_KERNEL_LZMA,TODO,UNRESOLVED,,,,0,,,
CONFIG_KERNEL_LZO,TODO,UNRESOLVED,,,,0,,,
CONFIG_KERNEL_UNCOMPRESSED,TODO,UNRESOLVED,,,,0,,,
CONFIG_KERNEL_XZ,TODO,UNRESOLVED,,,,0,,,
CONFIG_KERNEL_ZSTD,TODO,UNRESOLVED,,,,0,,,
CONFIG_KERNFS,TODO,UNRESOLVED,,,,0,,,
CONFIG_KEXEC,TODO,UNRESOLVED,,,,0,,,
CONFIG_KEXEC_BZIMAGE_VERIFY_SIG,TODO,UNRESOLVED,,,,0,,,
CONFIG_KEXEC_CORE,TODO,UNRESOLVED,,,,0,,,
CONFIG_KEXEC_ELF,TODO,UNRESOLVED,,,,0,,,
CONFIG_KEXEC_FILE,TODO,UNRESOLVED,,,,0,,,
CONFIG_KEXEC_HANDOVER,TODO,UNRESOLVED,,,,0,,,
CONFIG_KEXEC_HANDOVER_DEBUG,TODO,UNRESOLVED,,,,0,,,
CONFIG_KEXEC_HANDOVER_DEBUGFS,TODO,UNRESOLVED,,,,0,,,
CONFIG_KEXEC_IMAGE_VERIFY_SIG,TODO,UNRESOLVED,,,,0,,,
CONFIG_KEXEC_JUMP,TODO,UNRESOLVED,,,,0,,,
CONFIG_KEXEC_SIG,TODO,UNRESOLVED,,,,0,,,
CONFIG_KEXEC_SIG_FORCE,TODO,UNRESOLVED,,,,0,,,
CONFIG_KEYBOARD_ADC,TODO,UNRESOLVED,,,,0,,,
CONFIG_KEYBOARD_ADP5520,TODO,UNRESOLVED,,,,0,,,
CONFIG_KEYBOARD_ADP5585,TODO,UNRESOLVED,,,,0,,,
CONFIG_KEYBOARD_ADP5588,TODO,UNRESOLVED,,,,0,,,
CONFIG_KEYBOARD_AMIGA,TODO,UNRESOLVED,,,,0,,,
CONFIG_KEYBOARD_APPLESPI,TODO,UNRESOLVED,,,,0,,,
CONFIG_KEYBOARD_ATARI,TODO,UNRESOLVED,,,,0,,,
CONFIG_KEYBOARD_ATKBD,TODO,UNRESOLVED,,,,0,,,
CONFIG_KEYBOARD_ATKBD_HP_KEYCODES,TODO,UNRESOLVED,,,,0,,,
CONFIG_KEYBOARD_ATKBD_RDI_KEYCODES,TODO,UNRESOLVED,,,,0,,,
CONFIG_KEYBOARD_BCM,TODO,UNRESOLVED,,,,0,,,
CONFIG_KEYBOARD_CAP11XX,TODO,UNRESOLVED,,,,0,,,
CONFIG_KEYBOARD_CLPS711X,TODO,UNRESOLVED,,,,0,,,
CONFIG_KEYBOARD_CROS_EC,TODO,UNRESOLVED,,,,0,,,
CONFIG_KEYBOARD_CYPRESS_SF,TODO,UNRESOLVED,,,,0,,,
CONFIG_KEYBOARD_DLINK_DIR685,TODO,UNRESOLVED,,,,0,,,
CONFIG_KEYBOARD_EP93XX,TODO,UNRESOLVED,,,,0,,,
CONFIG_KEYBOARD_GOLDFISH_EVENTS,TODO,UNRESOLVED,,,,0,,,
CONFIG_KEYBOARD_GPIO,TODO,UNRESOLVED,,,,0,,,
CONFIG_KEYBOARD_GPIO_POLLED,TODO,UNRESOLVED,,,,0,,,
CONFIG_KEYBOARD_HIL,TODO,UNRESOLVED,,,,0,,,
CONFIG_KEYBOARD_HIL_OLD,TODO,UNRESOLVED,,,,0,,,
CONFIG_KEYBOARD_HP6XX,TODO,UNRESOLVED,,,,0,,,
CONFIG_KEYBOARD_HP7XX,TODO,UNRESOLVED,,,,0,,,
CONFIG_KEYBOARD_IMX,TODO,UNRESOLVED,,,,0,,,
CONFIG_KEYBOARD_IMX_BBM_SCMI,TODO,UNRESOLVED,,,,0,,,
CONFIG_KEYBOARD_IMX_SC_KEY,TODO,UNRESOLVED,,,,0,,,
CONFIG_KEYBOARD_IPAQ_MICRO,TODO,UNRESOLVED,,,,0,,,
CONFIG_KEYBOARD_IQS62X,TODO,UNRESOLVED,,,,0,,,
CONFIG_KEYBOARD_LKKBD,TODO,UNRESOLVED,,,,0,,,
CONFIG_KEYBOARD_LM8323,TODO,UNRESOLVED,,,,0,,,
CONFIG_KEYBOARD_LM8333,TODO,UNRESOLVED,,,,0,,,
CONFIG_KEYBOARD_LOCOMO,TODO,UNRESOLVED,,,,0,,,
CONFIG_KEYBOARD_LPC32XX,TODO,UNRESOLVED,,,,0,,,
CONFIG_KEYBOARD_MAPLE,TODO,UNRESOLVED,,,,0,,,
CONFIG_KEYBOARD_MATRIX,TODO,UNRESOLVED,,,,0,,,
CONFIG_KEYBOARD_MAX7359,TODO,UNRESOLVED,,,,0,,,
CONFIG_KEYBOARD_MAX7360,TODO,UNRESOLVED,,,,0,,,
CONFIG_KEYBOARD_MPR121,TODO,UNRESOLVED,,,,0,,,
CONFIG_KEYBOARD_MT6779,TODO,UNRESOLVED,,,,0,,,
CONFIG_KEYBOARD_MTK_PMIC,TODO,UNRESOLVED,,,,0,,,
CONFIG_KEYBOARD_NEWTON,TODO,UNRESOLVED,,,,0,,,
CONFIG_KEYBOARD_NSPIRE,TODO,UNRESOLVED,,,,0,,,
CONFIG_KEYBOARD_NVEC,TODO,UNRESOLVED,,,,0,,,
CONFIG_KEYBOARD_OMAP,TODO,UNRESOLVED,,,,0,,,
CONFIG_KEYBOARD_OMAP4,TODO,UNRESOLVED,,,,0,,,
CONFIG_KEYBOARD_OPENCORES,TODO,UNRESOLVED,,,,0,,,
CONFIG_KEYBOARD_PINEPHONE,TODO,UNRESOLVED,,,,0,,,
CONFIG_KEYBOARD_PMIC8XXX,TODO,UNRESOLVED,,,,0,,,
CONFIG_KEYBOARD_PXA27x,TODO,UNRESOLVED,,,,0,,,
CONFIG_KEYBOARD_QT1050,TODO,UNRESOLVED,,,,0,,,
CONFIG_KEYBOARD_QT1070,TODO,UNRESOLVED,,,,0,,,
CONFIG_KEYBOARD_QT2160,TODO,UNRESOLVED,,,,0,,,
CONFIG_KEYBOARD_SAMSUNG,TODO,UNRESOLVED,,,,0,,,
CONFIG_KEYBOARD_SH_KEYSC,TODO,UNRESOLVED,,,,0,,,
CONFIG_KEYBOARD_SNVS_PWRKEY,TODO,UNRESOLVED,,,,0,,,
CONFIG_KEYBOARD_SPEAR,TODO,UNRESOLVED,,,,0,,,
CONFIG_KEYBOARD_STMPE,TODO,UNRESOLVED,,,,0,,,
CONFIG_KEYBOARD_STOWAWAY,TODO,UNRESOLVED,,,,0,,,
CONFIG_KEYBOARD_ST_KEYSCAN,TODO,UNRESOLVED,,,,0,,,
CONFIG_KEYBOARD_SUN4I_LRADC,TODO,UNRESOLVED,,,,0,,,
CONFIG_KEYBOARD_SUNKBD,TODO,UNRESOLVED,,,,0,,,
CONFIG_KEYBOARD_TC3589X,TODO,UNRESOLVED,,,,0,,,
CONFIG_KEYBOARD_TCA8418,TODO,UNRESOLVED,,,,0,,,
CONFIG_KEYBOARD_TEGRA,TODO,UNRESOLVED,,,,0,,,
CONFIG_KEYBOARD_TM2_TOUCHKEY,TODO,UNRESOLVED,,,,0,,,
CONFIG_KEYBOARD_TWL4030,TODO,UNRESOLVED,,,,0,,,
CONFIG_KEYBOARD_XTKBD,TODO,UNRESOLVED,,,,0,,,
CONFIG_KEYS,TODO,UNRESOLVED,,,,0,,,
CONFIG_KEYSTONE_IRQ,TODO,UNRESOLVED,,,,0,,,
CONFIG_KEYSTONE_NAVIGATOR_DMA,TODO,UNRESOLVED,,,,0,,,
CONFIG_KEYSTONE_NAVIGATOR_QMSS,TODO,UNRESOLVED,,,,0,,,
CONFIG_KEYSTONE_REMOTEPROC,TODO,UNRESOLVED,,,,0,,,
CONFIG_KEYSTONE_TIMER,TODO,UNRESOLVED,,,,0,,,
CONFIG_KEYSTONE_USB_PHY,TODO,UNRESOLVED,,,,0,,,
CONFIG_KEYS_REQUEST_CACHE,TODO,UNRESOLVED,,,,0,,,
CONFIG_KEY_DH_OPERATIONS,TODO,UNRESOLVED,,,,0,,,
CONFIG_KEY_NOTIFICATIONS,TODO,UNRESOLVED,,,,0,,,
CONFIG_KFENCE,TODO,UNRESOLVED,,,,0,,,
CONFIG_KFENCE_DEFERRABLE,TODO,UNRESOLVED,,,,0,,,
CONFIG_KFENCE_KUNIT_TEST,TODO,UNRESOLVED,,,,0,,,
CONFIG_KFENCE_NUM_OBJECTS,TODO,UNRESOLVED,,,,0,,,
CONFIG_KFENCE_SAMPLE_INTERVAL,TODO,UNRESOLVED,,,,0,,,
CONFIG_KFENCE_STATIC_KEYS,TODO,UNRESOLVED,,,,0,,,
CONFIG_KFENCE_STRESS_TEST_FAULTS,TODO,UNRESOLVED,,,,0,,,
CONFIG_KFIFO_KUNIT_TEST,TODO,UNRESOLVED,,,,0,,,
CONFIG_KGDB,TODO,UNRESOLVED,,,,0,,,
CONFIG_KGDB_HONOUR_BLOCKLIST,TODO,UNRESOLVED,,,,0,,,
CONFIG_KGDB_KDB,TODO,UNRESOLVED,,,,0,,,
CONFIG_KGDB_LOW_LEVEL_TRAP,TODO,UNRESOLVED,,,,0,,,
CONFIG_KGDB_SERIAL_CONSOLE,TODO,UNRESOLVED,,,,0,,,
CONFIG_KGDB_TESTS,TODO,UNRESOLVED,,,,0,,,
CONFIG_KGDB_TESTS_BOOT_STRING,TODO,UNRESOLVED,,,,0,,,
CONFIG_KGDB_TESTS_ON_BOOT,TODO,UNRESOLVED,,,,0,,,
CONFIG_KHADAS_MCU_FAN_THERMAL,TODO,UNRESOLVED,,,,0,,,
CONFIG_KIRKWOOD_CLK,TODO,UNRESOLVED,,,,0,,,
CONFIG_KIRKWOOD_THERMAL,TODO,UNRESOLVED,,,,0,,,
CONFIG_KMAP_LOCAL,TODO,UNRESOLVED,,,,0,,,
CONFIG_KMAP_LOCAL_NON_LINEAR_PTE_ARRAY,TODO,UNRESOLVED,,,,0,,,
CONFIG_KMSAN,TODO,UNRESOLVED,,,,0,,,
CONFIG_KMSAN_CHECK_PARAM_RETVAL,TODO,UNRESOLVED,,,,0,,,
CONFIG_KMSAN_KUNIT_TEST,TODO,UNRESOLVED,,,,0,,,
CONFIG_KMX61,TODO,UNRESOLVED,,,,0,,,
CONFIG_KORINA,TODO,UNRESOLVED,,,,0,,,
CONFIG_KPROBES,TODO,UNRESOLVED,,,,0,,,
CONFIG_KPROBES_ON_FTRACE,TODO,UNRESOLVED,,,,0,,,
CONFIG_KPROBES_SANITY_TEST,TODO,UNRESOLVED,,,,0,,,
CONFIG_KPROBE_EVENTS,TODO,UNRESOLVED,,,,0,,,
CONFIG_KPROBE_EVENTS_ON_NOTRACE,TODO,UNRESOLVED,,,,0,,,
CONFIG_KPROBE_EVENT_GEN_TEST,TODO,UNRESOLVED,,,,0,,,
CONFIG_KPSS_XCC,TODO,UNRESOLVED,,,,0,,,
CONFIG_KRAITCC,TODO,UNRESOLVED,,,,0,,,
CONFIG_KRAIT_CLOCKS,TODO,UNRESOLVED,,,,0,,,
CONFIG_KRETPROBES,TODO,UNRESOLVED,,,,0,,,
CONFIG_KRETPROBE_ON_RETHOOK,TODO,UNRESOLVED,,,,0,,,
CONFIG_KS0108,TODO,UNRESOLVED,,,,0,,,
CONFIG_KS0108_DELAY,TODO,UNRESOLVED,,,,0,,,
CONFIG_KS0108_PORT,TODO,UNRESOLVED,,,,0,,,
CONFIG_KS8842,TODO,UNRESOLVED,,,,0,,,
CONFIG_KS8851,TODO,UNRESOLVED,,,,0,,,
CONFIG_KS8851_MLL,TODO,UNRESOLVED,,,,0,,,
CONFIG_KSM,TODO,UNRESOLVED,,,,0,,,
CONFIG_KSTACK_ERASE,TODO,UNRESOLVED,,,,0,,,
CONFIG_KSTACK_ERASE_METRICS,TODO,UNRESOLVED,,,,0,,,
CONFIG_KSTACK_ERASE_RUNTIME_DISABLE,TODO,UNRESOLVED,,,,0,,,
CONFIG_KSTACK_ERASE_TRACK_MIN_SIZE,TODO,UNRESOLVED,,,,0,,,
CONFIG_KSZ884X_PCI,TODO,UNRESOLVED,,,,0,,,
CONFIG_KUNIT,TODO,UNRESOLVED,,,,0,,,
CONFIG_KUNIT_ALL_TESTS,TODO,UNRESOLVED,,,,0,,,
CONFIG_KUNIT_AUTORUN_ENABLED,TODO,UNRESOLVED,,,,0,,,
CONFIG_KUNIT_DEBUGFS,TODO,UNRESOLVED,,,,0,,,
CONFIG_KUNIT_DEFAULT_ENABLED,TODO,UNRESOLVED,,,,0,,,
CONFIG_KUNIT_DEFAULT_TIMEOUT,TODO,UNRESOLVED,,,,0,,,
CONFIG_KUNIT_EXAMPLE_TEST,TODO,UNRESOLVED,,,,0,,,
CONFIG_KUNIT_FAULT_TEST,TODO,UNRESOLVED,,,,0,,,
CONFIG_KUNIT_TEST,TODO,UNRESOLVED,,,,0,,,
CONFIG_KUNIT_UML_PCI,TODO,UNRESOLVED,,,,0,,,
CONFIG_KUNPENG_HCCS,TODO,UNRESOLVED,,,,0,,,
CONFIG_KVFREE_RCU_BATCHED,TODO,UNRESOLVED,,,,0,,,
CONFIG_KVM,TODO,UNRESOLVED,,,,0,,,
CONFIG_KVM_AMD,TODO,UNRESOLVED,,,,0,,,
CONFIG_KVM_AMD_SEV,TODO,UNRESOLVED,,,,0,,,
CONFIG_KVM_ASYNC_PF,TODO,UNRESOLVED,,,,0,,,
CONFIG_KVM_ASYNC_PF_SYNC,TODO,UNRESOLVED,,,,0,,,
CONFIG_KVM_COMMON,TODO,UNRESOLVED,,,,0,,,
CONFIG_KVM_COMPAT,TODO,UNRESOLVED,,,,0,,,
CONFIG_KVM_ELIDE_TLB_FLUSH_IF_YOUNG,TODO,UNRESOLVED,,,,0,,,
CONFIG_KVM_EXTERNAL_WRITE_TRACKING,TODO,UNRESOLVED,,,,0,,,
CONFIG_KVM_GENERIC_DIRTYLOG_READ_PROTECT,TODO,UNRESOLVED,,,,0,,,
CONFIG_KVM_GENERIC_HARDWARE_ENABLING,TODO,UNRESOLVED,,,,0,,,
CONFIG_KVM_GENERIC_MEMORY_ATTRIBUTES,TODO,UNRESOLVED,,,,0,,,
CONFIG_KVM_GENERIC_MMU_NOTIFIER,TODO,UNRESOLVED,,,,0,,,
CONFIG_KVM_GENERIC_PRE_FAULT_MEMORY,TODO,UNRESOLVED,,,,0,,,
CONFIG_KVM_GUEST,TODO,UNRESOLVED,,,,0,,,
CONFIG_KVM_GUEST_MEMFD,TODO,UNRESOLVED,,,,0,,,
CONFIG_KVM_HYPERV,TODO,UNRESOLVED,,,,0,,,
CONFIG_KVM_INTEL,TODO,UNRESOLVED,,,,0,,,
CONFIG_KVM_INTEL_PROVE_VE,TODO,UNRESOLVED,,,,0,,,
CONFIG_KVM_INTEL_TDX,TODO,UNRESOLVED,,,,0,,,
CONFIG_KVM_IOAPIC,TODO,UNRESOLVED,,,,0,,,
CONFIG_KVM_MAX_NR_VCPUS,TODO,UNRESOLVED,,,,0,,,
CONFIG_KVM_MMIO,TODO,UNRESOLVED,,,,0,,,
CONFIG_KVM_MMU_LOCKLESS_AGING,TODO,UNRESOLVED,,,,0,,,
CONFIG_KVM_PROVE_MMU,TODO,UNRESOLVED,,,,0,,,
CONFIG_KVM_SMM,TODO,UNRESOLVED,,,,0,,,
CONFIG_KVM_SW_PROTECTED_VM,TODO,UNRESOLVED,,,,0,,,
CONFIG_KVM_VFIO,TODO,UNRESOLVED,,,,0,,,
CONFIG_KVM_WERROR,TODO,UNRESOLVED,,,,0,,,
CONFIG_KVM_X86,TODO,UNRESOLVED,,,,0,,,
CONFIG_KVM_XEN,TODO,UNRESOLVED,,,,0,,,
CONFIG_KXCJK1013,TODO,UNRESOLVED,,,,0,,,
CONFIG_KXSD9,TODO,UNRESOLVED,,,,0,,,
CONFIG_KXSD9_I2C,TODO,UNRESOLVED,,,,0,,,
CONFIG_KXSD9_SPI,TODO,UNRESOLVED,,,,0,,,
CONFIG_L2TP,TODO,UNRESOLVED,,,,0,,,
CONFIG_L2TP_DEBUGFS,TODO,UNRESOLVED,,,,0,,,
CONFIG_L2TP_ETH,TODO,UNRESOLVED,,,,0,,,
CONFIG_L2TP_IP,TODO,UNRESOLVED,,,,0,,,
CONFIG_L2TP_V3,TODO,UNRESOLVED,,,,0,,,
CONFIG_LAN743X,TODO,UNRESOLVED,,,,0,,,
CONFIG_LAN865X,TODO,UNRESOLVED,,,,0,,,
CONFIG_LAN966X_DCB,TODO,UNRESOLVED,,,,0,,,
CONFIG_LAN966X_OIC,TODO,UNRESOLVED,,,,0,,,
CONFIG_LAN966X_SWITCH,TODO,UNRESOLVED,,,,0,,,
CONFIG_LAN969X_SWITCH,TODO,UNRESOLVED,,,,0,,,
CONFIG_LANCE,TODO,UNRESOLVED,,,,0,,,
CONFIG_LANTIQ_ETOP,TODO,UNRESOLVED,,,,0,,,
CONFIG_LANTIQ_WDT,TODO,UNRESOLVED,,,,0,,,
CONFIG_LANTIQ_XRX200,TODO,UNRESOLVED,,,,0,,,
CONFIG_LAPB,TODO,UNRESOLVED,,,,0,,,
CONFIG_LAPBETHER,TODO,UNRESOLVED,,,,0,,,
CONFIG_LASI_82596,TODO,UNRESOLVED,,,,0,,,
CONFIG_LATENCYTOP,TODO,UNRESOLVED,,,,0,,,
CONFIG_LATTICE_ECP3_CONFIG,TODO,UNRESOLVED,,,,0,,,
CONFIG_LCD2S,TODO,UNRESOLVED,,,,0,,,
CONFIG_LCD_AMS369FG06,TODO,UNRESOLVED,,,,0,,,
CONFIG_LCD_CLASS_DEVICE,TODO,UNRESOLVED,,,,0,,,
CONFIG_LCD_CORGI,TODO,UNRESOLVED,,,,0,,,
CONFIG_LCD_HP700,TODO,UNRESOLVED,,,,0,,,
CONFIG_LCD_HX8357,TODO,UNRESOLVED,,,,0,,,
CONFIG_LCD_ILI922X,TODO,UNRESOLVED,,,,0,,,
CONFIG_LCD_ILI9320,TODO,UNRESOLVED,,,,0,,,
CONFIG_LCD_L4F00242T03,TODO,UNRESOLVED,,,,0,,,
CONFIG_LCD_LMS283GF05,TODO,UNRESOLVED,,,,0,,,
CONFIG_LCD_LMS501KF03,TODO,UNRESOLVED,,,,0,,,
CONFIG_LCD_LTV350QV,TODO,UNRESOLVED,,,,0,,,
CONFIG_LCD_OTM3225A,TODO,UNRESOLVED,,,,0,,,
CONFIG_LCD_PLATFORM,TODO,UNRESOLVED,,,,0,,,
CONFIG_LCD_TDO24M,TODO,UNRESOLVED,,,,0,,,
CONFIG_LCD_VGG2432A4,TODO,UNRESOLVED,,,,0,,,
CONFIG_LDISC_AUTOLOAD,TODO,UNRESOLVED,,,,0,,,
CONFIG_LDMVSW,TODO,UNRESOLVED,,,,0,,,
CONFIG_LDM_DEBUG,TODO,UNRESOLVED,,,,0,,,
CONFIG_LDM_PARTITION,TODO,UNRESOLVED,,,,0,,,
CONFIG_LD_CAN_USE_KEEP_IN_OVERLAY,TODO,UNRESOLVED,,,,0,,,
CONFIG_LD_DEAD_CODE_DATA_ELIMINATION,TODO,UNRESOLVED,,,,0,,,
CONFIG_LD_IS_BFD,TODO,UNRESOLVED,,,,0,,,
CONFIG_LD_IS_LLD,TODO,UNRESOLVED,,,,0,,,
CONFIG_LD_ORPHAN_WARN,TODO,UNRESOLVED,,,,0,,,
CONFIG_LD_ORPHAN_WARN_LEVEL,TODO,UNRESOLVED,,,,0,,,
CONFIG_LD_VERSION,TODO,UNRESOLVED,,,,0,,,
CONFIG_LEDS_88PM860X,TODO,UNRESOLVED,,,,0,,,
CONFIG_LEDS_AAT1290,TODO,UNRESOLVED,,,,0,,,
CONFIG_LEDS_ACER_A500,TODO,UNRESOLVED,,,,0,,,
CONFIG_LEDS_ADP5520,TODO,UNRESOLVED,,,,0,,,
CONFIG_LEDS_AN30259A,TODO,UNRESOLVED,,,,0,,,
CONFIG_LEDS_APU,TODO,UNRESOLVED,,,,0,,,
CONFIG_LEDS_ARIEL,TODO,UNRESOLVED,,,,0,,,
CONFIG_LEDS_AS3645A,TODO,UNRESOLVED,,,,0,,,
CONFIG_LEDS_AW200XX,TODO,UNRESOLVED,,,,0,,,
CONFIG_LEDS_AW2013,TODO,UNRESOLVED,,,,0,,,
CONFIG_LEDS_BCM63138,TODO,UNRESOLVED,,,,0,,,
CONFIG_LEDS_BCM6328,TODO,UNRESOLVED,,,,0,,,
CONFIG_LEDS_BCM6358,TODO,UNRESOLVED,,,,0,,,
CONFIG_LEDS_BD2606MVV,TODO,UNRESOLVED,,,,0,,,
CONFIG_LEDS_BD2802,TODO,UNRESOLVED,,,,0,,,
CONFIG_LEDS_BLINKM,TODO,UNRESOLVED,,,,0,,,
CONFIG_LEDS_BLINKM_MULTICOLOR,TODO,UNRESOLVED,,,,0,,,
CONFIG_LEDS_BRIGHTNESS_HW_CHANGED,TODO,UNRESOLVED,,,,0,,,
CONFIG_LEDS_CHT_WCOVE,TODO,UNRESOLVED,,,,0,,,
CONFIG_LEDS_CLASS,TODO,UNRESOLVED,,,,0,,,
CONFIG_LEDS_CLASS_FLASH,TODO,UNRESOLVED,,,,0,,,
CONFIG_LEDS_CLASS_MULTICOLOR,TODO,UNRESOLVED,,,,0,,,
CONFIG_LEDS_CLEVO_MAIL,TODO,UNRESOLVED,,,,0,,,
CONFIG_LEDS_COBALT_QUBE,TODO,UNRESOLVED,,,,0,,,
CONFIG_LEDS_COBALT_RAQ,TODO,UNRESOLVED,,,,0,,,
CONFIG_LEDS_CPCAP,TODO,UNRESOLVED,,,,0,,,
CONFIG_LEDS_CR0014114,TODO,UNRESOLVED,,,,0,,,
CONFIG_LEDS_CROS_EC,TODO,UNRESOLVED,,,,0,,,
CONFIG_LEDS_DA903X,TODO,UNRESOLVED,,,,0,,,
CONFIG_LEDS_DA9052,TODO,UNRESOLVED,,,,0,,,
CONFIG_LEDS_DAC124S085,TODO,UNRESOLVED,,,,0,,,
CONFIG_LEDS_EL15203000,TODO,UNRESOLVED,,,,0,,,
CONFIG_LEDS_EXPRESSWIRE,TODO,UNRESOLVED,,,,0,,,
CONFIG_LEDS_GPIO,TODO,UNRESOLVED,,,,0,,,
CONFIG_LEDS_GPIO_REGISTER,TODO,UNRESOLVED,,,,0,,,
CONFIG_LEDS_GROUP_MULTICOLOR,TODO,UNRESOLVED,,,,0,,,
CONFIG_LEDS_HP6XX,TODO,UNRESOLVED,,,,0,,,
CONFIG_LEDS_INTEL_SS4200,TODO,UNRESOLVED,,,,0,,,
CONFIG_LEDS_IP30,TODO,UNRESOLVED,,,,0,,,
CONFIG_LEDS_IPAQ_MICRO,TODO,UNRESOLVED,,,,0,,,
CONFIG_LEDS_IS31FL319X,TODO,UNRESOLVED,,,,0,,,
CONFIG_LEDS_IS31FL32XX,TODO,UNRESOLVED,,,,0,,,
CONFIG_LEDS_KTD202X,TODO,UNRESOLVED,,,,0,,,
CONFIG_LEDS_KTD2692,TODO,UNRESOLVED,,,,0,,,
CONFIG_LEDS_KUNIT_TEST,TODO,UNRESOLVED,,,,0,,,
CONFIG_LEDS_LGM,TODO,UNRESOLVED,,,,0,,,
CONFIG_LEDS_LM3530,TODO,UNRESOLVED,,,,0,,,
CONFIG_LEDS_LM3532,TODO,UNRESOLVED,,,,0,,,
CONFIG_LEDS_LM3533,TODO,UNRESOLVED,,,,0,,,
CONFIG_LEDS_LM355x,TODO,UNRESOLVED,,,,0,,,
CONFIG_LEDS_LM3601X,TODO,UNRESOLVED,,,,0,,,
CONFIG_LEDS_LM36274,TODO,UNRESOLVED,,,,0,,,
CONFIG_LEDS_LM3642,TODO,UNRESOLVED,,,,0,,,
CONFIG_LEDS_LM3692X,TODO,UNRESOLVED,,,,0,,,
CONFIG_LEDS_LM3697,TODO,UNRESOLVED,,,,0,,,
CONFIG_LEDS_LOCOMO,TODO,UNRESOLVED,,,,0,,,
CONFIG_LEDS_LP3944,TODO,UNRESOLVED,,,,0,,,
CONFIG_LEDS_LP3952,TODO,UNRESOLVED,,,,0,,,
CONFIG_LEDS_LP50XX,TODO,UNRESOLVED,,,,0,,,
CONFIG_LEDS_LP5521,TODO,UNRESOLVED,,,,0,,,
CONFIG_LEDS_LP5523,TODO,UNRESOLVED,,,,0,,,
CONFIG_LEDS_LP5562,TODO,UNRESOLVED,,,,0,,,
CONFIG_LEDS_LP5569,TODO,UNRESOLVED,,,,0,,,
CONFIG_LEDS_LP55XX_COMMON,TODO,UNRESOLVED,,,,0,,,
CONFIG_LEDS_LP8501,TODO,UNRESOLVED,,,,0,,,
CONFIG_LEDS_LP8788,TODO,UNRESOLVED,,,,0,,,
CONFIG_LEDS_LP8860,TODO,UNRESOLVED,,,,0,,,
CONFIG_LEDS_LP8864,TODO,UNRESOLVED,,,,0,,,
CONFIG_LEDS_LT3593,TODO,UNRESOLVED,,,,0,,,
CONFIG_LEDS_MAX5970,TODO,UNRESOLVED,,,,0,,,
CONFIG_LEDS_MAX77650,TODO,UNRESOLVED,,,,0,,,
CONFIG_LEDS_MAX77693,TODO,UNRESOLVED,,,,0,,,
CONFIG_LEDS_MAX77705,TODO,UNRESOLVED,,,,0,,,
CONFIG_LEDS_MAX8997,TODO,UNRESOLVED,,,,0,,,
CONFIG_LEDS_MC13783,TODO,UNRESOLVED,,,,0,,,
CONFIG_LEDS_MENF21BMC,TODO,UNRESOLVED,,,,0,,,
CONFIG_LEDS_MIKROTIK_RB532,TODO,UNRESOLVED,,,,0,,,
CONFIG_LEDS_MLXCPLD,TODO,UNRESOLVED,,,,0,,,
CONFIG_LEDS_MLXREG,TODO,UNRESOLVED,,,,0,,,
CONFIG_LEDS_MT6323,TODO,UNRESOLVED,,,,0,,,
CONFIG_LEDS_MT6360,TODO,UNRESOLVED,,,,0,,,
CONFIG_LEDS_MT6370_FLASH,TODO,UNRESOLVED,,,,0,,,
CONFIG_LEDS_MT6370_RGB,TODO,UNRESOLVED,,,,0,,,
CONFIG_LEDS_NCP5623,TODO,UNRESOLVED,,,,0,,,
CONFIG_LEDS_NET48XX,TODO,UNRESOLVED,,,,0,,,
CONFIG_LEDS_NETXBIG,TODO,UNRESOLVED,,,,0,,,
CONFIG_LEDS_NIC78BX,TODO,UNRESOLVED,,,,0,,,
CONFIG_LEDS_NS2,TODO,UNRESOLVED,,,,0,,,
CONFIG_LEDS_OT200,TODO,UNRESOLVED,,,,0,,,
CONFIG_LEDS_PCA9532,TODO,UNRESOLVED,,,,0,,,
CONFIG_LEDS_PCA9532_GPIO,TODO,UNRESOLVED,,,,0,,,
CONFIG_LEDS_PCA955X,TODO,UNRESOLVED,,,,0,,,
CONFIG_LEDS_PCA955X_GPIO,TODO,UNRESOLVED,,,,0,,,
CONFIG_LEDS_PCA963X,TODO,UNRESOLVED,,,,0,,,
CONFIG_LEDS_PCA995X,TODO,UNRESOLVED,,,,0,,,
CONFIG_LEDS_PM8058,TODO,UNRESOLVED,,,,0,,,
CONFIG_LEDS_POWERNV,TODO,UNRESOLVED,,,,0,,,
CONFIG_LEDS_PWM,TODO,UNRESOLVED,,,,0,,,
CONFIG_LEDS_PWM_MULTICOLOR,TODO,UNRESOLVED,,,,0,,,
CONFIG_LEDS_QCOM_FLASH,TODO,UNRESOLVED,,,,0,,,
CONFIG_LEDS_QCOM_LPG,TODO,UNRESOLVED,,,,0,,,
CONFIG_LEDS_QNAP_MCU,TODO,UNRESOLVED,,,,0,,,
CONFIG_LEDS_REGULATOR,TODO,UNRESOLVED,,,,0,,,
CONFIG_LEDS_RT4505,TODO,UNRESOLVED,,,,0,,,
CONFIG_LEDS_RT8515,TODO,UNRESOLVED,,,,0,,,
CONFIG_LEDS_SC27XX_BLTC,TODO,UNRESOLVED,,,,0,,,
CONFIG_LEDS_SGM3140,TODO,UNRESOLVED,,,,0,,,
CONFIG_LEDS_SIEMENS_SIMATIC_IPC,TODO,UNRESOLVED,,,,0,,,
CONFIG_LEDS_SIEMENS_SIMATIC_IPC_APOLLOLAKE,TODO,UNRESOLVED,,,,0,,,
CONFIG_LEDS_SIEMENS_SIMATIC_IPC_ELKHARTLAKE,TODO,UNRESOLVED,,,,0,,,
CONFIG_LEDS_SIEMENS_SIMATIC_IPC_F7188X,TODO,UNRESOLVED,,,,0,,,
CONFIG_LEDS_SPI_BYTE,TODO,UNRESOLVED,,,,0,,,
CONFIG_LEDS_ST1202,TODO,UNRESOLVED,,,,0,,,
CONFIG_LEDS_SUN50I_A100,TODO,UNRESOLVED,,,,0,,,
CONFIG_LEDS_SUNFIRE,TODO,UNRESOLVED,,,,0,,,
CONFIG_LEDS_SY7802,TODO,UNRESOLVED,,,,0,,,
CONFIG_LEDS_SYSCON,TODO,UNRESOLVED,,,,0,,,
CONFIG_LEDS_TCA6507,TODO,UNRESOLVED,,,,0,,,
CONFIG_LEDS_TI_LMU_COMMON,TODO,UNRESOLVED,,,,0,,,
CONFIG_LEDS_TLC591XX,TODO,UNRESOLVED,,,,0,,,
CONFIG_LEDS_TPS6105X,TODO,UNRESOLVED,,,,0,,,
CONFIG_LEDS_TPS6131X,TODO,UNRESOLVED,,,,0,,,
CONFIG_LEDS_TRIGGERS,TODO,UNRESOLVED,,,,0,,,
CONFIG_LEDS_TRIGGER_ACTIVITY,TODO,UNRESOLVED,,,,0,,,
CONFIG_LEDS_TRIGGER_BACKLIGHT,TODO,UNRESOLVED,,,,0,,,
CONFIG_LEDS_TRIGGER_CAMERA,TODO,UNRESOLVED,,,,0,,,
CONFIG_LEDS_TRIGGER_CPU,TODO,UNRESOLVED,,,,0,,,
CONFIG_LEDS_TRIGGER_DEFAULT_ON,TODO,UNRESOLVED,,,,0,,,
CONFIG_LEDS_TRIGGER_DISK,TODO,UNRESOLVED,,,,0,,,
CONFIG_LEDS_TRIGGER_GPIO,TODO,UNRESOLVED,,,,0,,,
CONFIG_LEDS_TRIGGER_HEARTBEAT,TODO,UNRESOLVED,,,,0,,,
CONFIG_LEDS_TRIGGER_INPUT_EVENTS,TODO,UNRESOLVED,,,,0,,,
CONFIG_LEDS_TRIGGER_MTD,TODO,UNRESOLVED,,,,0,,,
CONFIG_LEDS_TRIGGER_NETDEV,TODO,UNRESOLVED,,,,0,,,
CONFIG_LEDS_TRIGGER_ONESHOT,TODO,UNRESOLVED,,,,0,,,
CONFIG_LEDS_TRIGGER_PANIC,TODO,UNRESOLVED,,,,0,,,
CONFIG_LEDS_TRIGGER_PATTERN,TODO,UNRESOLVED,,,,0,,,
CONFIG_LEDS_TRIGGER_TIMER,TODO,UNRESOLVED,,,,0,,,
CONFIG_LEDS_TRIGGER_TRANSIENT,TODO,UNRESOLVED,,,,0,,,
CONFIG_LEDS_TRIGGER_TTY,TODO,UNRESOLVED,,,,0,,,
CONFIG_LEDS_TURRIS_OMNIA,TODO,UNRESOLVED,,,,0,,,
CONFIG_LEDS_UPBOARD,TODO,UNRESOLVED,,,,0,,,
CONFIG_LEDS_USER,TODO,UNRESOLVED,,,,0,,,
CONFIG_LEDS_WM831X_STATUS,TODO,UNRESOLVED,,,,0,,,
CONFIG_LEDS_WM8350,TODO,UNRESOLVED,,,,0,,,
CONFIG_LEDS_WRAP,TODO,UNRESOLVED,,,,0,,,
CONFIG_LED_TRIGGER_PHY,TODO,UNRESOLVED,,,,0,,,
CONFIG_LEGACY_DIRECT_IO,TODO,UNRESOLVED,,,,0,,,
CONFIG_LEGACY_PTYS,TODO,UNRESOLVED,,,,0,,,
CONFIG_LEGACY_PTY_COUNT,TODO,UNRESOLVED,,,,0,,,
CONFIG_LEGACY_TIMER_TICK,TODO,UNRESOLVED,,,,0,,,
CONFIG_LEGACY_TIOCSTI,TODO,UNRESOLVED,,,,0,,,
CONFIG_LEGACY_VSYSCALL_NONE,TODO,UNRESOLVED,,,,0,,,
CONFIG_LEGACY_VSYSCALL_XONLY,TODO,UNRESOLVED,,,,0,,,
CONFIG_LENOVO_SE10_WDT,TODO,UNRESOLVED,,,,0,,,
CONFIG_LENOVO_SE30_WDT,TODO,UNRESOLVED,,,,0,,,
CONFIG_LENOVO_WMI_CAMERA,TODO,UNRESOLVED,,,,0,,,
CONFIG_LENOVO_WMI_DATA01,TODO,UNRESOLVED,,,,0,,,
CONFIG_LENOVO_WMI_EVENTS,TODO,UNRESOLVED,,,,0,,,
CONFIG_LENOVO_WMI_GAMEZONE,TODO,UNRESOLVED,,,,0,,,
CONFIG_LENOVO_WMI_HELPERS,TODO,UNRESOLVED,,,,0,,,
CONFIG_LENOVO_WMI_HOTKEY_UTILITIES,TODO,UNRESOLVED,,,,0,,,
CONFIG_LENOVO_WMI_TUNING,TODO,UNRESOLVED,,,,0,,,
CONFIG_LENOVO_YMC,TODO,UNRESOLVED,,,,0,,,
CONFIG_LG_LAPTOP,TODO,UNRESOLVED,,,,0,,,
CONFIG_LIBERTAS,TODO,UNRESOLVED,,,,0,,,
CONFIG_LIBERTAS_DEBUG,TODO,UNRESOLVED,,,,0,,,
CONFIG_LIBERTAS_MESH,TODO,UNRESOLVED,,,,0,,,
CONFIG_LIBERTAS_SDIO,TODO,UNRESOLVED,,,,0,,,
CONFIG_LIBERTAS_SPI,TODO,UNRESOLVED,,,,0,,,
CONFIG_LIBERTAS_THINFIRM,TODO,UNRESOLVED,,,,0,,,
CONFIG_LIBERTAS_THINFIRM_DEBUG,TODO,UNRESOLVED,,,,0,,,
CONFIG_LIBERTAS_THINFIRM_USB,TODO,UNRESOLVED,,,,0,,,
CONFIG_LIBERTAS_USB,TODO,UNRESOLVED,,,,0,,,
CONFIG_LIBETH,TODO,UNRESOLVED,,,,0,,,
CONFIG_LIBETH_XDP,TODO,UNRESOLVED,,,,0,,,
CONFIG_LIBFC,TODO,UNRESOLVED,,,,0,,,
CONFIG_LIBFCOE,TODO,UNRESOLVED,,,,0,,,
CONFIG_LIBFDT,TODO,UNRESOLVED,,,,0,,,
CONFIG_LIBIE,TODO,UNRESOLVED,,,,0,,,
CONFIG_LIBIE_ADMINQ,TODO,UNRESOLVED,,,,0,,,
CONFIG_LIBIE_FWLOG,TODO,UNRESOLVED,,,,0,,,
CONFIG_LIBIPW,TODO,UNRESOLVED,,,,0,,,
CONFIG_LIBIPW_DEBUG,TODO,UNRESOLVED,,,,0,,,
CONFIG_LIBNVDIMM,TODO,UNRESOLVED,,,,0,,,
CONFIG_LIBWX,TODO,UNRESOLVED,,,,0,,,
CONFIG_LIDAR_LITE_V2,TODO,UNRESOLVED,,,,0,,,
CONFIG_LINEAR_RANGES,TODO,UNRESOLVED,,,,0,,,
CONFIG_LINEAR_RANGES_TEST,TODO,UNRESOLVED,,,,0,,,
CONFIG_LINEDISP,TODO,UNRESOLVED,,,,0,,,
CONFIG_LIQUIDIO,TODO,UNRESOLVED,,,,0,,,
CONFIG_LIQUIDIO_CORE,TODO,UNRESOLVED,,,,0,,,
CONFIG_LIQUIDIO_VF,TODO,UNRESOLVED,,,,0,,,
CONFIG_LIRC,TODO,UNRESOLVED,,,,0,,,
CONFIG_LIST_HARDENED,TODO,UNRESOLVED,,,,0,,,
CONFIG_LIST_KUNIT_TEST,TODO,UNRESOLVED,,,,0,,,
CONFIG_LITEX,TODO,UNRESOLVED,,,,0,,,
CONFIG_LITEX_LITEETH,TODO,UNRESOLVED,,,,0,,,
CONFIG_LITEX_SOC_CONTROLLER,TODO,UNRESOLVED,,,,0,,,
CONFIG_LIVEPATCH,TODO,UNRESOLVED,,,,0,,,
CONFIG_LKDTM,TODO,UNRESOLVED,,,,0,,,
CONFIG_LLC,TODO,UNRESOLVED,,,,0,,,
CONFIG_LLC2,TODO,UNRESOLVED,,,,0,,,
CONFIG_LLD_VERSION,TODO,UNRESOLVED,,,,0,,,
CONFIG_LMK04832,TODO,UNRESOLVED,,,,0,,,
CONFIG_LMP91000,TODO,UNRESOLVED,,,,0,,,
CONFIG_LOAD_IPL_KEYS,TODO,UNRESOLVED,,,,0,,,
CONFIG_LOAD_PPC_KEYS,TODO,UNRESOLVED,,,,0,,,
CONFIG_LOAD_UEFI_KEYS,TODO,UNRESOLVED,,,,0,,,
CONFIG_LOCALVERSION,TODO,UNRESOLVED,,,,0,,,
CONFIG_LOCALVERSION_AUTO,TODO,UNRESOLVED,,,,0,,,
CONFIG_LOCKD,TODO,UNRESOLVED,,,,0,,,
CONFIG_LOCKDEP,TODO,UNRESOLVED,,,,0,,,
CONFIG_LOCKDEP_BITS,TODO,UNRESOLVED,,,,0,,,
CONFIG_LOCKDEP_CHAINS_BITS,TODO,UNRESOLVED,,,,0,,,
CONFIG_LOCKDEP_CIRCULAR_QUEUE_BITS,TODO,UNRESOLVED,,,,0,,,
CONFIG_LOCKDEP_SMALL,TODO,UNRESOLVED,,,,0,,,
CONFIG_LOCKDEP_STACK_TRACE_BITS,TODO,UNRESOLVED,,,,0,,,
CONFIG_LOCKDEP_STACK_TRACE_HASH_BITS,TODO,UNRESOLVED,,,,0,,,
CONFIG_LOCKDEP_SUPPORT,TODO,UNRESOLVED,,,,0,,,
CONFIG_LOCKD_V4,TODO,UNRESOLVED,,,,0,,,
CONFIG_LOCKUP_DETECTOR,TODO,UNRESOLVED,,,,0,,,
CONFIG_LOCK_DEBUGGING_SUPPORT,TODO,UNRESOLVED,,,,0,,,
CONFIG_LOCK_DOWN_KERNEL_FORCE_CONFIDENTIALITY,TODO,UNRESOLVED,,,,0,,,
CONFIG_LOCK_DOWN_KERNEL_FORCE_INTEGRITY,TODO,UNRESOLVED,,,,0,,,
CONFIG_LOCK_DOWN_KERNEL_FORCE_NONE,TODO,UNRESOLVED,,,,0,,,
CONFIG_LOCK_EVENT_COUNTS,TODO,UNRESOLVED,,,,0,,,
CONFIG_LOCK_MM_AND_FIND_VMA,TODO,UNRESOLVED,,,,0,,,
CONFIG_LOCK_SPIN_ON_OWNER,TODO,UNRESOLVED,,,,0,,,
CONFIG_LOCK_STAT,TODO,UNRESOLVED,,,,0,,,
CONFIG_LOCK_TORTURE_TEST,TODO,UNRESOLVED,,,,0,,,
CONFIG_LOGIG940_FF,TODO,UNRESOLVED,,,,0,,,
CONFIG_LOGIRUMBLEPAD2_FF,TODO,UNRESOLVED,,,,0,,,
CONFIG_LOGITECH_FF,TODO,UNRESOLVED,,,,0,,,
CONFIG_LOGIWHEELS_FF,TODO,UNRESOLVED,,,,0,,,
CONFIG_LOGO,TODO,UNRESOLVED,,,,0,,,
CONFIG_LOGO_DEC_CLUT224,TODO,UNRESOLVED,,,,0,,,
CONFIG_LOGO_LINUX_CLUT224,TODO,UNRESOLVED,,,,0,,,
CONFIG_LOGO_LINUX_MONO,TODO,UNRESOLVED,,,,0,,,
CONFIG_LOGO_LINUX_VGA16,TODO,UNRESOLVED,,,,0,,,
CONFIG_LOGO_MAC_CLUT224,TODO,UNRESOLVED,,,,0,,,
CONFIG_LOGO_PARISC_CLUT224,TODO,UNRESOLVED,,,,0,,,
CONFIG_LOGO_SGI_CLUT224,TODO,UNRESOLVED,,,,0,,,
CONFIG_LOGO_SUN_CLUT224,TODO,UNRESOLVED,,,,0,,,
CONFIG_LOGO_SUPERH_CLUT224,TODO,UNRESOLVED,,,,0,,,
CONFIG_LOGO_SUPERH_MONO,TODO,UNRESOLVED,,,,0,,,
CONFIG_LOGO_SUPERH_VGA16,TODO,UNRESOLVED,,,,0,,,
CONFIG_LOG_BUF_SHIFT,TODO,UNRESOLVED,,,,0,,,
CONFIG_LOG_CPU_MAX_BUF_SHIFT,TODO,UNRESOLVED,,,,0,,,
CONFIG_LONGEST_SYM_KUNIT_TEST,TODO,UNRESOLVED,,,,0,,,
CONFIG_LOONGARCH_PLATFORM_DEVICES,TODO,UNRESOLVED,,,,0,,,
CONFIG_LOONGSON1_APB_DMA,TODO,UNRESOLVED,,,,0,,,
CONFIG_LOONGSON1_WDT,TODO,UNRESOLVED,,,,0,,,
CONFIG_LOONGSON2_APB_DMA,TODO,UNRESOLVED,,,,0,,,
CONFIG_LOONGSON2_CPUFREQ,TODO,UNRESOLVED,,,,0,,,
CONFIG_LOONGSON2_GUTS,TODO,UNRESOLVED,,,,0,,,
CONFIG_LOONGSON2_PM,TODO,UNRESOLVED,,,,0,,,
CONFIG_LOONGSON2_THERMAL,TODO,UNRESOLVED,,,,0,,,
CONFIG_LOONGSON3_CPUFREQ,TODO,UNRESOLVED,,,,0,,,
CONFIG_LOONGSON_EIOINTC,TODO,UNRESOLVED,,,,0,,,
CONFIG_LOONGSON_HTPIC,TODO,UNRESOLVED,,,,0,,,
CONFIG_LOONGSON_HTVEC,TODO,UNRESOLVED,,,,0,,,
CONFIG_LOONGSON_LAPTOP,TODO,UNRESOLVED,,,,0,,,
CONFIG_LOONGSON_LIOINTC,TODO,UNRESOLVED,,,,0,,,
CONFIG_LOONGSON_PCH_LPC,TODO,UNRESOLVED,,,,0,,,
CONFIG_LOONGSON_PCH_MSI,TODO,UNRESOLVED,,,,0,,,
CONFIG_LOONGSON_PCH_PIC,TODO,UNRESOLVED,,,,0,,,
CONFIG_LOOPBACK_TARGET,TODO,UNRESOLVED,,,,0,,,
CONFIG_LP8788_ADC,TODO,UNRESOLVED,,,,0,,,
CONFIG_LPC18XX_ADC,TODO,UNRESOLVED,,,,0,,,
CONFIG_LPC18XX_DAC,TODO,UNRESOLVED,,,,0,,,
CONFIG_LPC18XX_DMAMUX,TODO,UNRESOLVED,,,,0,,,
CONFIG_LPC18XX_WATCHDOG,TODO,UNRESOLVED,,,,0,,,
CONFIG_LPC32XX_ADC,TODO,UNRESOLVED,,,,0,,,
CONFIG_LPC32XX_DMAMUX,TODO,UNRESOLVED,,,,0,,,
CONFIG_LPC_ENET,TODO,UNRESOLVED,,,,0,,,
CONFIG_LPC_ICH,TODO,UNRESOLVED,,,,0,,,
CONFIG_LPC_SCH,TODO,UNRESOLVED,,,,0,,,
CONFIG_LP_CONSOLE,TODO,UNRESOLVED,,,,0,,,
CONFIG_LRU_CACHE,TODO,UNRESOLVED,,,,0,,,
CONFIG_LRU_GEN,TODO,UNRESOLVED,,,,0,,,
CONFIG_LRU_GEN_ENABLED,TODO,UNRESOLVED,,,,0,,,
CONFIG_LRU_GEN_STATS,TODO,UNRESOLVED,,,,0,,,
CONFIG_LRU_GEN_WALKS_MMU,TODO,UNRESOLVED,,,,0,,,
CONFIG_LS1X_IRQ,TODO,UNRESOLVED,,,,0,,,
CONFIG_LS2K_RESET,TODO,UNRESOLVED,,,,0,,,
CONFIG_LSI_ET1011C_PHY,TODO,UNRESOLVED,,,,0,,,
CONFIG_LSM,TODO,UNRESOLVED,,,,0,,,
CONFIG_LSM_MMAP_MIN_ADDR,TODO,UNRESOLVED,,,,0,,,
CONFIG_LS_EXTIRQ,TODO,UNRESOLVED,,,,0,,,
CONFIG_LS_SCFG_MSI,TODO,UNRESOLVED,,,,0,,,
CONFIG_LTC1660,TODO,UNRESOLVED,,,,0,,,
CONFIG_LTC2309,TODO,UNRESOLVED,,,,0,,,
CONFIG_LTC2471,TODO,UNRESOLVED,,,,0,,,
CONFIG_LTC2485,TODO,UNRESOLVED,,,,0,,,
CONFIG_LTC2496,TODO,UNRESOLVED,,,,0,,,
CONFIG_LTC2497,TODO,UNRESOLVED,,,,0,,,
CONFIG_LTC2632,TODO,UNRESOLVED,,,,0,,,
CONFIG_LTC2664,TODO,UNRESOLVED,,,,0,,,
CONFIG_LTC2688,TODO,UNRESOLVED,,,,0,,,
CONFIG_LTC2983,TODO,UNRESOLVED,,,,0,,,
CONFIG_LTL_MON_EVENTS_ID,TODO,UNRESOLVED,,,,0,,,
CONFIG_LTO,TODO,UNRESOLVED,,,,0,,,
CONFIG_LTO_CLANG,TODO,UNRESOLVED,,,,0,,,
CONFIG_LTO_CLANG_FULL,TODO,UNRESOLVED,,,,0,,,
CONFIG_LTO_CLANG_THIN,TODO,UNRESOLVED,,,,0,,,
CONFIG_LTO_NONE,TODO,UNRESOLVED,,,,0,,,
CONFIG_LTR390,TODO,UNRESOLVED,,,,0,,,
CONFIG_LTR501,TODO,UNRESOLVED,,,,0,,,
CONFIG_LTRF216A,TODO,UNRESOLVED,,,,0,,,
CONFIG_LV0104CS,TODO,UNRESOLVED,,,,0,,,
CONFIG_LWQ_TEST,TODO,UNRESOLVED,,,,0,,,
CONFIG_LWTUNNEL,TODO,UNRESOLVED,,,,0,,,
CONFIG_LWTUNNEL_BPF,TODO,UNRESOLVED,,,,0,,,
CONFIG_LXT_PHY,TODO,UNRESOLVED,,,,0,,,
CONFIG_LZ4HC_COMPRESS,TODO,UNRESOLVED,,,,0,,,
CONFIG_LZ4_COMPRESS,TODO,UNRESOLVED,,,,0,,,
CONFIG_LZ4_DECOMPRESS,TODO,UNRESOLVED,,,,0,,,
CONFIG_LZO_COMPRESS,TODO,UNRESOLVED,,,,0,,,
CONFIG_LZO_DECOMPRESS,TODO,UNRESOLVED,,,,0,,,
CONFIG_M486,TODO,UNRESOLVED,,,,0,,,
CONFIG_M486SX,TODO,UNRESOLVED,,,,0,,,
CONFIG_M54xx_WATCHDOG,TODO,UNRESOLVED,,,,0,,,
CONFIG_M586,TODO,UNRESOLVED,,,,0,,,
CONFIG_M586MMX,TODO,UNRESOLVED,,,,0,,,
CONFIG_M586TSC,TODO,UNRESOLVED,,,,0,,,
CONFIG_M62332,TODO,UNRESOLVED,,,,0,,,
CONFIG_M686,TODO,UNRESOLVED,,,,0,,,
CONFIG_MAC80211,TODO,UNRESOLVED,,,,0,,,
CONFIG_MAC80211_DEBUGFS,TODO,UNRESOLVED,,,,0,,,
CONFIG_MAC80211_DEBUG_COUNTERS,TODO,UNRESOLVED,,,,0,,,
CONFIG_MAC80211_DEBUG_MENU,TODO,UNRESOLVED,,,,0,,,
CONFIG_MAC80211_HAS_RC,TODO,UNRESOLVED,,,,0,,,
CONFIG_MAC80211_HT_DEBUG,TODO,UNRESOLVED,,,,0,,,
CONFIG_MAC80211_HWSIM,TODO,UNRESOLVED,,,,0,,,
CONFIG_MAC80211_IBSS_DEBUG,TODO,UNRESOLVED,,,,0,,,
CONFIG_MAC80211_KUNIT_TEST,TODO,UNRESOLVED,,,,0,,,
CONFIG_MAC80211_LEDS,TODO,UNRESOLVED,,,,0,,,
CONFIG_MAC80211_MESH,TODO,UNRESOLVED,,,,0,,,
CONFIG_MAC80211_MESH_CSA_DEBUG,TODO,UNRESOLVED,,,,0,,,
CONFIG_MAC80211_MESH_PS_DEBUG,TODO,UNRESOLVED,,,,0,,,
CONFIG_MAC80211_MESH_SYNC_DEBUG,TODO,UNRESOLVED,,,,0,,,
CONFIG_MAC80211_MESSAGE_TRACING,TODO,UNRESOLVED,,,,0,,,
CONFIG_MAC80211_MHWMP_DEBUG,TODO,UNRESOLVED,,,,0,,,
CONFIG_MAC80211_MLME_DEBUG,TODO,UNRESOLVED,,,,0,,,
CONFIG_MAC80211_MPATH_DEBUG,TODO,UNRESOLVED,,,,0,,,
CONFIG_MAC80211_MPL_DEBUG,TODO,UNRESOLVED,,,,0,,,
CONFIG_MAC80211_NOINLINE,TODO,UNRESOLVED,,,,0,,,
CONFIG_MAC80211_OCB_DEBUG,TODO,UNRESOLVED,,,,0,,,
CONFIG_MAC80211_PS_DEBUG,TODO,UNRESOLVED,,,,0,,,
CONFIG_MAC80211_RC_DEFAULT,TODO,UNRESOLVED,,,,0,,,
CONFIG_MAC80211_RC_DEFAULT_MINSTREL,TODO,UNRESOLVED,,,,0,,,
CONFIG_MAC80211_RC_MINSTREL,TODO,UNRESOLVED,,,,0,,,
CONFIG_MAC80211_STA_DEBUG,TODO,UNRESOLVED,,,,0,,,
CONFIG_MAC80211_STA_HASH_MAX_SIZE,TODO,UNRESOLVED,,,,0,,,
CONFIG_MAC80211_TDLS_DEBUG,TODO,UNRESOLVED,,,,0,,,
CONFIG_MAC80211_VERBOSE_DEBUG,TODO,UNRESOLVED,,,,0,,,
CONFIG_MAC802154,TODO,UNRESOLVED,,,,0,,,
CONFIG_MAC8390,TODO,UNRESOLVED,,,,0,,,
CONFIG_MAC89x0,TODO,UNRESOLVED,,,,0,,,
CONFIG_MACB,TODO,UNRESOLVED,,,,0,,,
CONFIG_MACB_PCI,TODO,UNRESOLVED,,,,0,,,
CONFIG_MACB_USE_HWSTAMP,TODO,UNRESOLVED,,,,0,,,
CONFIG_MACE,TODO,UNRESOLVED,,,,0,,,
CONFIG_MACE_AAUI_PORT,TODO,UNRESOLVED,,,,0,,,
CONFIG_MACHZ_WDT,TODO,UNRESOLVED,,,,0,,,
CONFIG_MACINTOSH_DRIVERS,TODO,UNRESOLVED,,,,0,,,
CONFIG_MACMACE,TODO,UNRESOLVED,,,,0,,,
CONFIG_MACSEC,TODO,UNRESOLVED,,,,0,,,
CONFIG_MACSONIC,TODO,UNRESOLVED,,,,0,,,
CONFIG_MACVLAN,TODO,UNRESOLVED,,,,0,,,
CONFIG_MACVTAP,TODO,UNRESOLVED,,,,0,,,
CONFIG_MAC_EMUMOUSEBTN,TODO,UNRESOLVED,,,,0,,,
CONFIG_MAC_FLOPPY,TODO,UNRESOLVED,,,,0,,,
CONFIG_MAC_PARTITION,TODO,UNRESOLVED,,,,0,,,
CONFIG_MAC_SCSI,TODO,UNRESOLVED,,,,0,,,
CONFIG_MADERA_IRQ,TODO,UNRESOLVED,,,,0,,,
CONFIG_MAG3110,TODO,UNRESOLVED,,,,0,,,
CONFIG_MAGIC_SYSRQ,TODO,UNRESOLVED,,,,0,,,
CONFIG_MAGIC_SYSRQ_DEFAULT_ENABLE,TODO,UNRESOLVED,,,,0,,,
CONFIG_MAGIC_SYSRQ_SERIAL,TODO,UNRESOLVED,,,,0,,,
CONFIG_MAGIC_SYSRQ_SERIAL_SEQUENCE,TODO,UNRESOLVED,,,,0,,,
CONFIG_MAILBOX,TODO,UNRESOLVED,,,,0,,,
CONFIG_MAILBOX_TEST,TODO,UNRESOLVED,,,,0,,,
CONFIG_MANAGER_SBS,TODO,UNRESOLVED,,,,0,,,
CONFIG_MANA_INFINIBAND,TODO,UNRESOLVED,,,,0,,,
CONFIG_MANTIS_CORE,TODO,UNRESOLVED,,,,0,,,
CONFIG_MAPPING_DIRTY_HELPERS,TODO,UNRESOLVED,,,,0,,,
CONFIG_MARVELL_10G_PHY,TODO,UNRESOLVED,,,,0,,,
CONFIG_MARVELL_88Q2XXX_PHY,TODO,UNRESOLVED,,,,0,,,
CONFIG_MARVELL_88X2222_PHY,TODO,UNRESOLVED,,,,0,,,
CONFIG_MARVELL_CN10K_DDR_PMU,TODO,UNRESOLVED,,,,0,,,
CONFIG_MARVELL_CN10K_DPI,TODO,UNRESOLVED,,,,0,,,
CONFIG_MARVELL_CN10K_TAD_PMU,TODO,UNRESOLVED,,,,0,,,
CONFIG_MARVELL_GTI_WDT,TODO,UNRESOLVED,,,,0,,,
CONFIG_MARVELL_PEM_PMU,TODO,UNRESOLVED,,,,0,,,
CONFIG_MARVELL_PHY,TODO,UNRESOLVED,,,,0,,,
CONFIG_MATH_EMULATION,TODO,UNRESOLVED,,,,0,,,
CONFIG_MATOM,TODO,UNRESOLVED,,,,0,,,
CONFIG_MAX1027,TODO,UNRESOLVED,,,,0,,,
CONFIG_MAX11100,TODO,UNRESOLVED,,,,0,,,
CONFIG_MAX1118,TODO,UNRESOLVED,,,,0,,,
CONFIG_MAX11205,TODO,UNRESOLVED,,,,0,,,
CONFIG_MAX11410,TODO,UNRESOLVED,,,,0,,,
CONFIG_MAX1241,TODO,UNRESOLVED,,,,0,,,
CONFIG_MAX1363,TODO,UNRESOLVED,,,,0,,,
CONFIG_MAX30100,TODO,UNRESOLVED,,,,0,,,
CONFIG_MAX30102,TODO,UNRESOLVED,,,,0,,,
CONFIG_MAX30208,TODO,UNRESOLVED,,,,0,,,
CONFIG_MAX31827,TODO,UNRESOLVED,,,,0,,,
CONFIG_MAX31856,TODO,UNRESOLVED,,,,0,,,
CONFIG_MAX31865,TODO,UNRESOLVED,,,,0,,,
CONFIG_MAX34408,TODO,UNRESOLVED,,,,0,,,
CONFIG_MAX44000,TODO,UNRESOLVED,,,,0,,,
CONFIG_MAX44009,TODO,UNRESOLVED,,,,0,,,
CONFIG_MAX517,TODO,UNRESOLVED,,,,0,,,
CONFIG_MAX5432,TODO,UNRESOLVED,,,,0,,,
CONFIG_MAX5481,TODO,UNRESOLVED,,,,0,,,
CONFIG_MAX5487,TODO,UNRESOLVED,,,,0,,,
CONFIG_MAX5522,TODO,UNRESOLVED,,,,0,,,
CONFIG_MAX5821,TODO,UNRESOLVED,,,,0,,,
CONFIG_MAX63XX_WATCHDOG,TODO,UNRESOLVED,,,,0,,,
CONFIG_MAX6959,TODO,UNRESOLVED,,,,0,,,
CONFIG_MAX77541_ADC,TODO,UNRESOLVED,,,,0,,,
CONFIG_MAX77620_THERMAL,TODO,UNRESOLVED,,,,0,,,
CONFIG_MAX77620_WATCHDOG,TODO,UNRESOLVED,,,,0,,,
CONFIG_MAX8925_POWER,TODO,UNRESOLVED,,,,0,,,
CONFIG_MAX9611,TODO,UNRESOLVED,,,,0,,,
CONFIG_MAXIM_THERMOCOUPLE,TODO,UNRESOLVED,,,,0,,,
CONFIG_MAXLINEAR_86110_PHY,TODO,UNRESOLVED,,,,0,,,
CONFIG_MAXLINEAR_GPHY,TODO,UNRESOLVED,,,,0,,,
CONFIG_MAXSMP,TODO,UNRESOLVED,,,,0,,,
CONFIG_MAX_SKB_FRAGS,TODO,UNRESOLVED,,,,0,,,
CONFIG_MAY_HAVE_SPARSE_IRQ,TODO,UNRESOLVED,,,,0,,,
CONFIG_MB1232,TODO,UNRESOLVED,,,,0,,,
CONFIG_MC3230,TODO,UNRESOLVED,,,,0,,,
CONFIG_MCB,TODO,UNRESOLVED,,,,0,,,
CONFIG_MCB_LPC,TODO,UNRESOLVED,,,,0,,,
CONFIG_MCB_PCI,TODO,UNRESOLVED,,,,0,,,
CONFIG_MCF8390,TODO,UNRESOLVED,,,,0,,,
CONFIG_MCF_EDMA,TODO,UNRESOLVED,,,,0,,,
CONFIG_MCHP_CLK_MPFS,TODO,UNRESOLVED,,,,0,,,
CONFIG_MCHP_EIC,TODO,UNRESOLVED,,,,0,,,
CONFIG_MCHP_LAN966X_PCI,TODO,UNRESOLVED,,,,0,,,
CONFIG_MCHP_SBI_IPC_MBOX,TODO,UNRESOLVED,,,,0,,,
CONFIG_MCP,TODO,UNRESOLVED,,,,0,,,
CONFIG_MCP320X,TODO,UNRESOLVED,,,,0,,,
CONFIG_MCP3422,TODO,UNRESOLVED,,,,0,,,
CONFIG_MCP3564,TODO,UNRESOLVED,,,,0,,,
CONFIG_MCP3911,TODO,UNRESOLVED,,,,0,,,
CONFIG_MCP4018,TODO,UNRESOLVED,,,,0,,,
CONFIG_MCP41010,TODO,UNRESOLVED,,,,0,,,
CONFIG_MCP4131,TODO,UNRESOLVED,,,,0,,,
CONFIG_MCP4531,TODO,UNRESOLVED,,,,0,,,
CONFIG_MCP4725,TODO,UNRESOLVED,,,,0,,,
CONFIG_MCP4728,TODO,UNRESOLVED,,,,0,,,
CONFIG_MCP4821,TODO,UNRESOLVED,,,,0,,,
CONFIG_MCP4922,TODO,UNRESOLVED,,,,0,,,
CONFIG_MCP9600,TODO,UNRESOLVED,,,,0,,,
CONFIG_MCP_SA11X0,TODO,UNRESOLVED,,,,0,,,
CONFIG_MCP_UCB1200,TODO,UNRESOLVED,,,,0,,,
CONFIG_MCP_UCB1200_TS,TODO,UNRESOLVED,,,,0,,,
CONFIG_MCRUSOE,TODO,UNRESOLVED,,,,0,,,
CONFIG_MCTP,TODO,UNRESOLVED,,,,0,,,
CONFIG_MCTP_FLOWS,TODO,UNRESOLVED,,,,0,,,
CONFIG_MCTP_SERIAL,TODO,UNRESOLVED,,,,0,,,
CONFIG_MCTP_SERIAL_TEST,TODO,UNRESOLVED,,,,0,,,
CONFIG_MCTP_TEST,TODO,UNRESOLVED,,,,0,,,
CONFIG_MCTP_TRANSPORT_I2C,TODO,UNRESOLVED,,,,0,,,
CONFIG_MCTP_TRANSPORT_I3C,TODO,UNRESOLVED,,,,0,,,
CONFIG_MCTP_TRANSPORT_USB,TODO,UNRESOLVED,,,,0,,,
CONFIG_MCYRIXIII,TODO,UNRESOLVED,,,,0,,,
CONFIG_MD,TODO,UNRESOLVED,,,,0,,,
CONFIG_MDA_CONSOLE,TODO,UNRESOLVED,,,,0,,,
CONFIG_MDIO,TODO,UNRESOLVED,,,,0,,,
CONFIG_MDIO_AIROHA,TODO,UNRESOLVED,,,,0,,,
CONFIG_MDIO_ASPEED,TODO,UNRESOLVED,,,,0,,,
CONFIG_MDIO_BCM_IPROC,TODO,UNRESOLVED,,,,0,,,
CONFIG_MDIO_BCM_UNIMAC,TODO,UNRESOLVED,,,,0,,,
CONFIG_MDIO_BITBANG,TODO,UNRESOLVED,,,,0,,,
CONFIG_MDIO_BUS,TODO,UNRESOLVED,,,,0,,,
CONFIG_MDIO_BUS_MUX,TODO,UNRESOLVED,,,,0,,,
CONFIG_MDIO_BUS_MUX_BCM6368,TODO,UNRESOLVED,,,,0,,,
CONFIG_MDIO_BUS_MUX_BCM_IPROC,TODO,UNRESOLVED,,,,0,,,
CONFIG_MDIO_BUS_MUX_GPIO,TODO,UNRESOLVED,,,,0,,,
CONFIG_MDIO_BUS_MUX_MESON_G12A,TODO,UNRESOLVED,,,,0,,,
CONFIG_MDIO_BUS_MUX_MESON_GXL,TODO,UNRESOLVED,,,,0,,,
CONFIG_MDIO_BUS_MUX_MMIOREG,TODO,UNRESOLVED,,,,0,,,
CONFIG_MDIO_BUS_MUX_MULTIPLEXER,TODO,UNRESOLVED,,,,0,,,
CONFIG_MDIO_CAVIUM,TODO,UNRESOLVED,,,,0,,,
CONFIG_MDIO_GPIO,TODO,UNRESOLVED,,,,0,,,
CONFIG_MDIO_HISI_FEMAC,TODO,UNRESOLVED,,,,0,,,
CONFIG_MDIO_I2C,TODO,UNRESOLVED,,,,0,,,
CONFIG_MDIO_IPQ4019,TODO,UNRESOLVED,,,,0,,,
CONFIG_MDIO_IPQ8064,TODO,UNRESOLVED,,,,0,,,
CONFIG_MDIO_MOXART,TODO,UNRESOLVED,,,,0,,,
CONFIG_MDIO_MSCC_MIIM,TODO,UNRESOLVED,,,,0,,,
CONFIG_MDIO_MVUSB,TODO,UNRESOLVED,,,,0,,,
CONFIG_MDIO_OCTEON,TODO,UNRESOLVED,,,,0,,,
CONFIG_MDIO_REALTEK_RTL9300,TODO,UNRESOLVED,,,,0,,,
CONFIG_MDIO_REGMAP,TODO,UNRESOLVED,,,,0,,,
CONFIG_MDIO_SUN4I,TODO,UNRESOLVED,,,,0,,,
CONFIG_MDIO_THUNDER,TODO,UNRESOLVED,,,,0,,,
CONFIG_MDIO_XGENE,TODO,UNRESOLVED,,,,0,,,
CONFIG_MDM_GCC_9607,TODO,UNRESOLVED,,,,0,,,
CONFIG_MDM_GCC_9615,TODO,UNRESOLVED,,,,0,,,
CONFIG_MD_AUTODETECT,TODO,UNRESOLVED,,,,0,,,
CONFIG_MD_BITMAP,TODO,UNRESOLVED,,,,0,,,
CONFIG_MD_BITMAP_FILE,TODO,UNRESOLVED,,,,0,,,
CONFIG_MD_CLUSTER,TODO,UNRESOLVED,,,,0,,,
CONFIG_MD_LINEAR,TODO,UNRESOLVED,,,,0,,,
CONFIG_MD_LLBITMAP,TODO,UNRESOLVED,,,,0,,,
CONFIG_MD_RAID0,TODO,UNRESOLVED,,,,0,,,
CONFIG_MD_RAID1,TODO,UNRESOLVED,,,,0,,,
CONFIG_MD_RAID10,TODO,UNRESOLVED,,,,0,,,
CONFIG_MD_RAID456,TODO,UNRESOLVED,,,,0,,,
CONFIG_MEDIATEK_2P5GE_PHY,TODO,UNRESOLVED,,,,0,,,
CONFIG_MEDIATEK_GE_PHY,TODO,UNRESOLVED,,,,0,,,
CONFIG_MEDIATEK_GE_SOC_PHY,TODO,UNRESOLVED,,,,0,,,
CONFIG_MEDIATEK_MT6359_AUXADC,TODO,UNRESOLVED,,,,0,,,
CONFIG_MEDIATEK_MT6360_ADC,TODO,UNRESOLVED,,,,0,,,
CONFIG_MEDIATEK_MT6370_ADC,TODO,UNRESOLVED,,,,0,,,
CONFIG_MEDIATEK_MT6577_AUXADC,TODO,UNRESOLVED,,,,0,,,
CONFIG_MEDIATEK_WATCHDOG,TODO,UNRESOLVED,,,,0,,,
CONFIG_MEDIA_ALTERA_CI,TODO,UNRESOLVED,,,,0,,,
CONFIG_MEDIA_ANALOG_TV_SUPPORT,TODO,UNRESOLVED,,,,0,,,
CONFIG_MEDIA_ATTACH,TODO,UNRESOLVED,,,,0,,,
CONFIG_MEDIA_CAMERA_SUPPORT,TODO,UNRESOLVED,,,,0,,,
CONFIG_MEDIA_CEC_RC,TODO,UNRESOLVED,,,,0,,,
CONFIG_MEDIA_CEC_SUPPORT,TODO,UNRESOLVED,,,,0,,,
CONFIG_MEDIA_COMMON_OPTIONS,TODO,UNRESOLVED,,,,0,,,
CONFIG_MEDIA_CONTROLLER,TODO,UNRESOLVED,,,,0,,,
CONFIG_MEDIA_CONTROLLER_DVB,TODO,UNRESOLVED,,,,0,,,
CONFIG_MEDIA_DIGITAL_TV_SUPPORT,TODO,UNRESOLVED,,,,0,,,
CONFIG_MEDIA_HIDE_ANCILLARY_SUBDRV,TODO,UNRESOLVED,,,,0,,,
CONFIG_MEDIA_PCI_SUPPORT,TODO,UNRESOLVED,,,,0,,,
CONFIG_MEDIA_PLATFORM_DRIVERS,TODO,UNRESOLVED,,,,0,,,
CONFIG_MEDIA_PLATFORM_SUPPORT,TODO,UNRESOLVED,,,,0,,,
CONFIG_MEDIA_RADIO_SUPPORT,TODO,UNRESOLVED,,,,0,,,
CONFIG_MEDIA_SDR_SUPPORT,TODO,UNRESOLVED,,,,0,,,
CONFIG_MEDIA_SUBDRV_AUTOSELECT,TODO,UNRESOLVED,,,,0,,,
CONFIG_MEDIA_SUPPORT,TODO,UNRESOLVED,,,,0,,,
CONFIG_MEDIA_SUPPORT_FILTER,TODO,UNRESOLVED,,,,0,,,
CONFIG_MEDIA_TEST_SUPPORT,TODO,UNRESOLVED,,,,0,,,
CONFIG_MEDIA_TUNER,TODO,UNRESOLVED,,,,0,,,
CONFIG_MEDIA_TUNER_E4000,TODO,UNRESOLVED,,,,0,,,
CONFIG_MEDIA_TUNER_FC0011,TODO,UNRESOLVED,,,,0,,,
CONFIG_MEDIA_TUNER_FC0012,TODO,UNRESOLVED,,,,0,,,
CONFIG_MEDIA_TUNER_FC0013,TODO,UNRESOLVED,,,,0,,,
CONFIG_MEDIA_TUNER_FC2580,TODO,UNRESOLVED,,,,0,,,
CONFIG_MEDIA_TUNER_IT913X,TODO,UNRESOLVED,,,,0,,,
CONFIG_MEDIA_TUNER_M88RS6000T,TODO,UNRESOLVED,,,,0,,,
CONFIG_MEDIA_TUNER_MAX2165,TODO,UNRESOLVED,,,,0,,,
CONFIG_MEDIA_TUNER_MC44S803,TODO,UNRESOLVED,,,,0,,,
CONFIG_MEDIA_TUNER_MSI001,TODO,UNRESOLVED,,,,0,,,
CONFIG_MEDIA_TUNER_MT2060,TODO,UNRESOLVED,,,,0,,,
CONFIG_MEDIA_TUNER_MT2063,TODO,UNRESOLVED,,,,0,,,
CONFIG_MEDIA_TUNER_MT20XX,TODO,UNRESOLVED,,,,0,,,
CONFIG_MEDIA_TUNER_MT2131,TODO,UNRESOLVED,,,,0,,,
CONFIG_MEDIA_TUNER_MT2266,TODO,UNRESOLVED,,,,0,,,
CONFIG_MEDIA_TUNER_MXL301RF,TODO,UNRESOLVED,,,,0,,,
CONFIG_MEDIA_TUNER_MXL5005S,TODO,UNRESOLVED,,,,0,,,
CONFIG_MEDIA_TUNER_MXL5007T,TODO,UNRESOLVED,,,,0,,,
CONFIG_MEDIA_TUNER_QM1D1B0004,TODO,UNRESOLVED,,,,0,,,
CONFIG_MEDIA_TUNER_QM1D1C0042,TODO,UNRESOLVED,,,,0,,,
CONFIG_MEDIA_TUNER_QT1010,TODO,UNRESOLVED,,,,0,,,
CONFIG_MEDIA_TUNER_R820T,TODO,UNRESOLVED,,,,0,,,
CONFIG_MEDIA_TUNER_SI2157,TODO,UNRESOLVED,,,,0,,,
CONFIG_MEDIA_TUNER_SIMPLE,TODO,UNRESOLVED,,,,0,,,
CONFIG_MEDIA_TUNER_TDA18212,TODO,UNRESOLVED,,,,0,,,
CONFIG_MEDIA_TUNER_TDA18218,TODO,UNRESOLVED,,,,0,,,
CONFIG_MEDIA_TUNER_TDA18250,TODO,UNRESOLVED,,,,0,,,
CONFIG_MEDIA_TUNER_TDA18271,TODO,UNRESOLVED,,,,0,,,
CONFIG_MEDIA_TUNER_TDA827X,TODO,UNRESOLVED,,,,0,,,
CONFIG_MEDIA_TUNER_TDA8290,TODO,UNRESOLVED,,,,0,,,
CONFIG_MEDIA_TUNER_TDA9887,TODO,UNRESOLVED,,,,0,,,
CONFIG_MEDIA_TUNER_TEA5761,TODO,UNRESOLVED,,,,0,,,
CONFIG_MEDIA_TUNER_TEA5767,TODO,UNRESOLVED,,,,0,,,
CONFIG_MEDIA_TUNER_TUA9001,TODO,UNRESOLVED,,,,0,,,
CONFIG_MEDIA_TUNER_XC2028,TODO,UNRESOLVED,,,,0,,,
CONFIG_MEDIA_TUNER_XC4000,TODO,UNRESOLVED,,,,0,,,
CONFIG_MEDIA_TUNER_XC5000,TODO,UNRESOLVED,,,,0,,,
CONFIG_MEDIA_USB_SUPPORT,TODO,UNRESOLVED,,,,0,,,
CONFIG_MEEGOPAD_ANX7428,TODO,UNRESOLVED,,,,0,,,
CONFIG_MEFFICEON,TODO,UNRESOLVED,,,,0,,,
CONFIG_MEGARAID_LEGACY,REVIEWED,DEFERRED,DOCUMENTED_SCENARIO,OPTIONAL,held-storage-default,1,Exposed when SCSI_LOWLEVEL enabled for K-STORAGE-001; remained disabled and is unrelated to the evidence-selected Hyper-V storage path.,https://github.com/microsoft/WSL2-Linux-Kernel/tree/14794180686c2fb6307fbe359c359bec765249f3/drivers/scsi,
CONFIG_MEGARAID_MAILBOX,TODO,UNRESOLVED,,,,0,,,
CONFIG_MEGARAID_MM,TODO,UNRESOLVED,,,,0,,,
CONFIG_MEGARAID_NEWGEN,REVIEWED,DEFERRED,DOCUMENTED_SCENARIO,OPTIONAL,held-storage-default,1,Exposed when SCSI_LOWLEVEL enabled for K-STORAGE-001; remained disabled and is unrelated to the evidence-selected Hyper-V storage path.,https://github.com/microsoft/WSL2-Linux-Kernel/tree/14794180686c2fb6307fbe359c359bec765249f3/drivers/scsi,
CONFIG_MEGARAID_SAS,REVIEWED,DEFERRED,DOCUMENTED_SCENARIO,OPTIONAL,held-storage-default,1,Exposed when SCSI_LOWLEVEL enabled for K-STORAGE-001; remained disabled and is unrelated to the evidence-selected Hyper-V storage path.,https://github.com/microsoft/WSL2-Linux-Kernel/tree/14794180686c2fb6307fbe359c359bec765249f3/drivers/scsi,
CONFIG_MELAN,TODO,UNRESOLVED,,,,0,,,
CONFIG_MELLANOX_PLATFORM,TODO,UNRESOLVED,,,,0,,,
CONFIG_MEMBARRIER,TODO,UNRESOLVED,,,,0,,,
CONFIG_MEMBLOCK_KHO_SCRATCH,TODO,UNRESOLVED,,,,0,,,
CONFIG_MEMCG,TODO,UNRESOLVED,,,,0,,,
CONFIG_MEMCG_NMI_SAFETY_REQUIRES_ATOMIC,TODO,UNRESOLVED,,,,0,,,
CONFIG_MEMCG_NMI_UNSAFE,TODO,UNRESOLVED,,,,0,,,
CONFIG_MEMCG_V1,TODO,UNRESOLVED,,,,0,,,
CONFIG_MEMCPY_KUNIT_TEST,TODO,UNRESOLVED,,,,0,,,
CONFIG_MEMFD_CREATE,TODO,UNRESOLVED,,,,0,,,
CONFIG_MEMORY,TODO,UNRESOLVED,,,,0,,,
CONFIG_MEMORY_BALLOON,TODO,UNRESOLVED,,,,0,,,
CONFIG_MEMORY_FAILURE,TODO,UNRESOLVED,,,,0,,,
CONFIG_MEMORY_HOTPLUG,TODO,UNRESOLVED,,,,0,,,
CONFIG_MEMORY_HOTREMOVE,TODO,UNRESOLVED,,,,0,,,
CONFIG_MEMORY_ISOLATION,TODO,UNRESOLVED,,,,0,,,
CONFIG_MEMORY_NOTIFIER_ERROR_INJECT,TODO,UNRESOLVED,,,,0,,,
CONFIG_MEMREGION,TODO,UNRESOLVED,,,,0,,,
CONFIG_MEMSTICK,TODO,UNRESOLVED,,,,0,,,
CONFIG_MEMSTICK_DEBUG,TODO,UNRESOLVED,,,,0,,,
CONFIG_MEMSTICK_JMICRON_38X,TODO,UNRESOLVED,,,,0,,,
CONFIG_MEMSTICK_R592,TODO,UNRESOLVED,,,,0,,,
CONFIG_MEMSTICK_REALTEK_USB,TODO,UNRESOLVED,,,,0,,,
CONFIG_MEMSTICK_TIFM_MS,TODO,UNRESOLVED,,,,0,,,
CONFIG_MEMSTICK_UNSAFE_RESUME,TODO,UNRESOLVED,,,,0,,,
CONFIG_MEMTEST,TODO,UNRESOLVED,,,,0,,,
CONFIG_MEM_ALLOC_PROFILING,TODO,UNRESOLVED,,,,0,,,
CONFIG_MEM_ALLOC_PROFILING_DEBUG,TODO,UNRESOLVED,,,,0,,,
CONFIG_MEM_ALLOC_PROFILING_ENABLED_BY_DEFAULT,TODO,UNRESOLVED,,,,0,,,
CONFIG_MEM_SOFT_DIRTY,TODO,UNRESOLVED,,,,0,,,
CONFIG_MENELAUS,TODO,UNRESOLVED,,,,0,,,
CONFIG_MENF21BMC_WATCHDOG,TODO,UNRESOLVED,,,,0,,,
CONFIG_MENZ069_WATCHDOG,TODO,UNRESOLVED,,,,0,,,
CONFIG_MEN_A21_WDT,TODO,UNRESOLVED,,,,0,,,
CONFIG_MEN_Z188_ADC,TODO,UNRESOLVED,,,,0,,,
CONFIG_MERAKI_MX100,TODO,UNRESOLVED,,,,0,,,
CONFIG_MESON6_TIMER,TODO,UNRESOLVED,,,,0,,,
CONFIG_MESON_CANVAS,TODO,UNRESOLVED,,,,0,,,
CONFIG_MESON_CLK_MEASURE,TODO,UNRESOLVED,,,,0,,,
CONFIG_MESON_DDR_PMU,TODO,UNRESOLVED,,,,0,,,
CONFIG_MESON_EE_PM_DOMAINS,TODO,UNRESOLVED,,,,0,,,
CONFIG_MESON_GXBB_WATCHDOG,TODO,UNRESOLVED,,,,0,,,
CONFIG_MESON_GXL_PHY,TODO,UNRESOLVED,,,,0,,,
CONFIG_MESON_GX_SOCINFO,TODO,UNRESOLVED,,,,0,,,
CONFIG_MESON_IRQ_GPIO,TODO,UNRESOLVED,,,,0,,,
CONFIG_MESON_MX_AO_ARC_REMOTEPROC,TODO,UNRESOLVED,,,,0,,,
CONFIG_MESON_MX_SOCINFO,TODO,UNRESOLVED,,,,0,,,
CONFIG_MESON_SARADC,TODO,UNRESOLVED,,,,0,,,
CONFIG_MESON_SECURE_PM_DOMAINS,TODO,UNRESOLVED,,,,0,,,
CONFIG_MESON_SM,TODO,UNRESOLVED,,,,0,,,
CONFIG_MESON_WATCHDOG,TODO,UNRESOLVED,,,,0,,,
CONFIG_MESSAGE_LOGLEVEL_DEFAULT,TODO,UNRESOLVED,,,,0,,,
CONFIG_MFD_88PM800,TODO,UNRESOLVED,,,,0,,,
CONFIG_MFD_88PM805,TODO,UNRESOLVED,,,,0,,,
CONFIG_MFD_88PM860X,TODO,UNRESOLVED,,,,0,,,
CONFIG_MFD_88PM886_PMIC,TODO,UNRESOLVED,,,,0,,,
CONFIG_MFD_AAT2870_CORE,TODO,UNRESOLVED,,,,0,,,
CONFIG_MFD_AC100,TODO,UNRESOLVED,,,,0,,,
CONFIG_MFD_ACER_A500_EC,TODO,UNRESOLVED,,,,0,,,
CONFIG_MFD_ACT8945A,TODO,UNRESOLVED,,,,0,,,
CONFIG_MFD_ADP5585,TODO,UNRESOLVED,,,,0,,,
CONFIG_MFD_ALTERA_A10SR,TODO,UNRESOLVED,,,,0,,,
CONFIG_MFD_ALTERA_SYSMGR,TODO,UNRESOLVED,,,,0,,,
CONFIG_MFD_ARIZONA,TODO,UNRESOLVED,,,,0,,,
CONFIG_MFD_ARIZONA_I2C,TODO,UNRESOLVED,,,,0,,,
CONFIG_MFD_ARIZONA_SPI,TODO,UNRESOLVED,,,,0,,,
CONFIG_MFD_AS3711,TODO,UNRESOLVED,,,,0,,,
CONFIG_MFD_AS3722,TODO,UNRESOLVED,,,,0,,,
CONFIG_MFD_AT91_USART,TODO,UNRESOLVED,,,,0,,,
CONFIG_MFD_ATC260X,TODO,UNRESOLVED,,,,0,,,
CONFIG_MFD_ATC260X_I2C,TODO,UNRESOLVED,,,,0,,,
CONFIG_MFD_ATMEL_FLEXCOM,TODO,UNRESOLVED,,,,0,,,
CONFIG_MFD_ATMEL_HLCDC,TODO,UNRESOLVED,,,,0,,,
CONFIG_MFD_ATMEL_SMC,TODO,UNRESOLVED,,,,0,,,
CONFIG_MFD_AXP20X,TODO,UNRESOLVED,,,,0,,,
CONFIG_MFD_AXP20X_I2C,TODO,UNRESOLVED,,,,0,,,
CONFIG_MFD_AXP20X_RSB,TODO,UNRESOLVED,,,,0,,,
CONFIG_MFD_BCM590XX,TODO,UNRESOLVED,,,,0,,,
CONFIG_MFD_BD9571MWV,TODO,UNRESOLVED,,,,0,,,
CONFIG_MFD_BQ257XX,TODO,UNRESOLVED,,,,0,,,
CONFIG_MFD_CGBC,TODO,UNRESOLVED,,,,0,,,
CONFIG_MFD_CORE,TODO,UNRESOLVED,,,,0,,,
CONFIG_MFD_CPCAP,TODO,UNRESOLVED,,,,0,,,
CONFIG_MFD_CROS_EC_DEV,TODO,UNRESOLVED,,,,0,,,
CONFIG_MFD_CS40L50_CORE,TODO,UNRESOLVED,,,,0,,,
CONFIG_MFD_CS40L50_I2C,TODO,UNRESOLVED,,,,0,,,
CONFIG_MFD_CS40L50_SPI,TODO,UNRESOLVED,,,,0,,,
CONFIG_MFD_CS42L43,TODO,UNRESOLVED,,,,0,,,
CONFIG_MFD_CS42L43_I2C,TODO,UNRESOLVED,,,,0,,,
CONFIG_MFD_CS42L43_SDW,TODO,UNRESOLVED,,,,0,,,
CONFIG_MFD_CS47L15,TODO,UNRESOLVED,,,,0,,,
CONFIG_MFD_CS47L24,TODO,UNRESOLVED,,,,0,,,
CONFIG_MFD_CS47L35,TODO,UNRESOLVED,,,,0,,,
CONFIG_MFD_CS47L85,TODO,UNRESOLVED,,,,0,,,
CONFIG_MFD_CS47L90,TODO,UNRESOLVED,,,,0,,,
CONFIG_MFD_CS47L92,TODO,UNRESOLVED,,,,0,,,
CONFIG_MFD_CS5535,TODO,UNRESOLVED,,,,0,,,
CONFIG_MFD_DA9052_I2C,TODO,UNRESOLVED,,,,0,,,
CONFIG_MFD_DA9052_SPI,TODO,UNRESOLVED,,,,0,,,
CONFIG_MFD_DA9055,TODO,UNRESOLVED,,,,0,,,
CONFIG_MFD_DA9062,TODO,UNRESOLVED,,,,0,,,
CONFIG_MFD_DA9063,TODO,UNRESOLVED,,,,0,,,
CONFIG_MFD_DA9150,TODO,UNRESOLVED,,,,0,,,
CONFIG_MFD_DB8500_PRCMU,TODO,UNRESOLVED,,,,0,,,
CONFIG_MFD_DLN2,TODO,UNRESOLVED,,,,0,,,
CONFIG_MFD_ENE_KB3930,TODO,UNRESOLVED,,,,0,,,
CONFIG_MFD_EXYNOS_LPASS,TODO,UNRESOLVED,,,,0,,,
CONFIG_MFD_GATEWORKS_GSC,TODO,UNRESOLVED,,,,0,,,
CONFIG_MFD_HI6421_PMIC,TODO,UNRESOLVED,,,,0,,,
CONFIG_MFD_HI6421_SPMI,TODO,UNRESOLVED,,,,0,,,
CONFIG_MFD_HI655X_PMIC,TODO,UNRESOLVED,,,,0,,,
CONFIG_MFD_INTEL_LPSS,TODO,UNRESOLVED,,,,0,,,
CONFIG_MFD_INTEL_LPSS_ACPI,TODO,UNRESOLVED,,,,0,,,
CONFIG_MFD_INTEL_LPSS_PCI,TODO,UNRESOLVED,,,,0,,,
CONFIG_MFD_INTEL_M10_BMC_CORE,TODO,UNRESOLVED,,,,0,,,
CONFIG_MFD_INTEL_M10_BMC_PMCI,TODO,UNRESOLVED,,,,0,,,
CONFIG_MFD_INTEL_M10_BMC_SPI,TODO,UNRESOLVED,,,,0,,,
CONFIG_MFD_INTEL_PMC_BXT,TODO,UNRESOLVED,,,,0,,,
CONFIG_MFD_INTEL_QUARK_I2C_GPIO,TODO,UNRESOLVED,,,,0,,,
CONFIG_MFD_IPAQ_MICRO,TODO,UNRESOLVED,,,,0,,,
CONFIG_MFD_IQS62X,TODO,UNRESOLVED,,,,0,,,
CONFIG_MFD_JANZ_CMODIO,TODO,UNRESOLVED,,,,0,,,
CONFIG_MFD_KEMPLD,TODO,UNRESOLVED,,,,0,,,
CONFIG_MFD_KHADAS_MCU,TODO,UNRESOLVED,,,,0,,,
CONFIG_MFD_LM3533,TODO,UNRESOLVED,,,,0,,,
CONFIG_MFD_LOCHNAGAR,TODO,UNRESOLVED,,,,0,,,
CONFIG_MFD_LOONGSON_SE,TODO,UNRESOLVED,,,,0,,,
CONFIG_MFD_LP3943,TODO,UNRESOLVED,,,,0,,,
CONFIG_MFD_LP8788,TODO,UNRESOLVED,,,,0,,,
CONFIG_MFD_LS2K_BMC_CORE,TODO,UNRESOLVED,,,,0,,,
CONFIG_MFD_MACSMC,TODO,UNRESOLVED,,,,0,,,
CONFIG_MFD_MADERA,TODO,UNRESOLVED,,,,0,,,
CONFIG_MFD_MADERA_I2C,TODO,UNRESOLVED,,,,0,,,
CONFIG_MFD_MADERA_SPI,TODO,UNRESOLVED,,,,0,,,
CONFIG_MFD_MAX14577,TODO,UNRESOLVED,,,,0,,,
CONFIG_MFD_MAX5970,TODO,UNRESOLVED,,,,0,,,
CONFIG_MFD_MAX7360,TODO,UNRESOLVED,,,,0,,,
CONFIG_MFD_MAX77541,TODO,UNRESOLVED,,,,0,,,
CONFIG_MFD_MAX77620,TODO,UNRESOLVED,,,,0,,,
CONFIG_MFD_MAX77650,TODO,UNRESOLVED,,,,0,,,
CONFIG_MFD_MAX77686,TODO,UNRESOLVED,,,,0,,,
CONFIG_MFD_MAX77693,TODO,UNRESOLVED,,,,0,,,
CONFIG_MFD_MAX77705,TODO,UNRESOLVED,,,,0,,,
CONFIG_MFD_MAX77714,TODO,UNRESOLVED,,,,0,,,
CONFIG_MFD_MAX77759,TODO,UNRESOLVED,,,,0,,,
CONFIG_MFD_MAX77843,TODO,UNRESOLVED,,,,0,,,
CONFIG_MFD_MAX8907,TODO,UNRESOLVED,,,,0,,,
CONFIG_MFD_MAX8925,TODO,UNRESOLVED,,,,0,,,
CONFIG_MFD_MAX8997,TODO,UNRESOLVED,,,,0,,,
CONFIG_MFD_MAX8998,TODO,UNRESOLVED,,,,0,,,
CONFIG_MFD_MC13XXX,TODO,UNRESOLVED,,,,0,,,
CONFIG_MFD_MC13XXX_I2C,TODO,UNRESOLVED,,,,0,,,
CONFIG_MFD_MC13XXX_SPI,TODO,UNRESOLVED,,,,0,,,
CONFIG_MFD_MENF21BMC,TODO,UNRESOLVED,,,,0,,,
CONFIG_MFD_MP2629,TODO,UNRESOLVED,,,,0,,,
CONFIG_MFD_MT6360,TODO,UNRESOLVED,,,,0,,,
CONFIG_MFD_MT6370,TODO,UNRESOLVED,,,,0,,,
CONFIG_MFD_MT6397,TODO,UNRESOLVED,,,,0,,,
CONFIG_MFD_MX25_TSADC,TODO,UNRESOLVED,,,,0,,,
CONFIG_MFD_MXS_LRADC,TODO,UNRESOLVED,,,,0,,,
CONFIG_MFD_NCT6694,TODO,UNRESOLVED,,,,0,,,
CONFIG_MFD_NTXEC,TODO,UNRESOLVED,,,,0,,,
CONFIG_MFD_NVEC,TODO,UNRESOLVED,,,,0,,,
CONFIG_MFD_OCELOT,TODO,UNRESOLVED,,,,0,,,
CONFIG_MFD_OMAP_USB_HOST,TODO,UNRESOLVED,,,,0,,,
CONFIG_MFD_PALMAS,TODO,UNRESOLVED,,,,0,,,
CONFIG_MFD_PM8XXX,TODO,UNRESOLVED,,,,0,,,
CONFIG_MFD_QCOM_PM8008,TODO,UNRESOLVED,,,,0,,,
CONFIG_MFD_QCOM_RPM,TODO,UNRESOLVED,,,,0,,,
CONFIG_MFD_QNAP_MCU,TODO,UNRESOLVED,,,,0,,,
CONFIG_MFD_RC5T583,TODO,UNRESOLVED,,,,0,,,
CONFIG_MFD_RDC321X,TODO,UNRESOLVED,,,,0,,,
CONFIG_MFD_RETU,TODO,UNRESOLVED,,,,0,,,
CONFIG_MFD_RK8XX,TODO,UNRESOLVED,,,,0,,,
CONFIG_MFD_RK8XX_I2C,TODO,UNRESOLVED,,,,0,,,
CONFIG_MFD_RK8XX_SPI,TODO,UNRESOLVED,,,,0,,,
CONFIG_MFD_RN5T618,TODO,UNRESOLVED,,,,0,,,
CONFIG_MFD_ROHM_BD71828,TODO,UNRESOLVED,,,,0,,,
CONFIG_MFD_ROHM_BD718XX,TODO,UNRESOLVED,,,,0,,,
CONFIG_MFD_ROHM_BD957XMUF,TODO,UNRESOLVED,,,,0,,,
CONFIG_MFD_ROHM_BD96801,TODO,UNRESOLVED,,,,0,,,
CONFIG_MFD_RSMU_I2C,TODO,UNRESOLVED,,,,0,,,
CONFIG_MFD_RSMU_SPI,TODO,UNRESOLVED,,,,0,,,
CONFIG_MFD_RT4831,TODO,UNRESOLVED,,,,0,,,
CONFIG_MFD_RT5033,TODO,UNRESOLVED,,,,0,,,
CONFIG_MFD_RT5120,TODO,UNRESOLVED,,,,0,,,
CONFIG_MFD_SC27XX_PMIC,TODO,UNRESOLVED,,,,0,,,
CONFIG_MFD_SEC_ACPM,TODO,UNRESOLVED,,,,0,,,
CONFIG_MFD_SEC_CORE,TODO,UNRESOLVED,,,,0,,,
CONFIG_MFD_SEC_I2C,TODO,UNRESOLVED,,,,0,,,
CONFIG_MFD_SI476X_CORE,TODO,UNRESOLVED,,,,0,,,
CONFIG_MFD_SIMPLE_MFD_I2C,TODO,UNRESOLVED,,,,0,,,
CONFIG_MFD_SKY81452,TODO,UNRESOLVED,,,,0,,,
CONFIG_MFD_SL28CPLD,TODO,UNRESOLVED,,,,0,,,
CONFIG_MFD_SM501,TODO,UNRESOLVED,,,,0,,,
CONFIG_MFD_SM501_GPIO,TODO,UNRESOLVED,,,,0,,,
CONFIG_MFD_SMPRO,TODO,UNRESOLVED,,,,0,,,
CONFIG_MFD_SPACEMIT_P1,TODO,UNRESOLVED,,,,0,,,
CONFIG_MFD_SPMI_PMIC,TODO,UNRESOLVED,,,,0,,,
CONFIG_MFD_STM32_LPTIMER,TODO,UNRESOLVED,,,,0,,,
CONFIG_MFD_STM32_TIMERS,TODO,UNRESOLVED,,,,0,,,
CONFIG_MFD_STMFX,TODO,UNRESOLVED,,,,0,,,
CONFIG_MFD_STMPE,TODO,UNRESOLVED,,,,0,,,
CONFIG_MFD_STPMIC1,TODO,UNRESOLVED,,,,0,,,
CONFIG_MFD_STW481X,TODO,UNRESOLVED,,,,0,,,
CONFIG_MFD_SUN4I_GPADC,TODO,UNRESOLVED,,,,0,,,
CONFIG_MFD_SUN6I_PRCM,TODO,UNRESOLVED,,,,0,,,
CONFIG_MFD_SY7636A,TODO,UNRESOLVED,,,,0,,,
CONFIG_MFD_SYSCON,TODO,UNRESOLVED,,,,0,,,
CONFIG_MFD_TC3589X,TODO,UNRESOLVED,,,,0,,,
CONFIG_MFD_TIMBERDALE,TODO,UNRESOLVED,,,,0,,,
CONFIG_MFD_TI_AM335X_TSCADC,TODO,UNRESOLVED,,,,0,,,
CONFIG_MFD_TI_LMU,TODO,UNRESOLVED,,,,0,,,
CONFIG_MFD_TI_LP873X,TODO,UNRESOLVED,,,,0,,,
CONFIG_MFD_TI_LP87565,TODO,UNRESOLVED,,,,0,,,
CONFIG_MFD_TN48M_CPLD,TODO,UNRESOLVED,,,,0,,,
CONFIG_MFD_TPS65086,TODO,UNRESOLVED,,,,0,,,
CONFIG_MFD_TPS65090,TODO,UNRESOLVED,,,,0,,,
CONFIG_MFD_TPS65217,TODO,UNRESOLVED,,,,0,,,
CONFIG_MFD_TPS65218,TODO,UNRESOLVED,,,,0,,,
CONFIG_MFD_TPS65219,TODO,UNRESOLVED,,,,0,,,
CONFIG_MFD_TPS6586X,TODO,UNRESOLVED,,,,0,,,
CONFIG_MFD_TPS65910,TODO,UNRESOLVED,,,,0,,,
CONFIG_MFD_TPS65912,TODO,UNRESOLVED,,,,0,,,
CONFIG_MFD_TPS65912_I2C,TODO,UNRESOLVED,,,,0,,,
CONFIG_MFD_TPS65912_SPI,TODO,UNRESOLVED,,,,0,,,
CONFIG_MFD_TPS6594,TODO,UNRESOLVED,,,,0,,,
CONFIG_MFD_TPS6594_I2C,TODO,UNRESOLVED,,,,0,,,
CONFIG_MFD_TPS6594_SPI,TODO,UNRESOLVED,,,,0,,,
CONFIG_MFD_TQMX86,TODO,UNRESOLVED,,,,0,,,
CONFIG_MFD_TWL4030_AUDIO,TODO,UNRESOLVED,,,,0,,,
CONFIG_MFD_UPBOARD_FPGA,TODO,UNRESOLVED,,,,0,,,
CONFIG_MFD_VEXPRESS_SYSREG,TODO,UNRESOLVED,,,,0,,,
CONFIG_MFD_VIPERBOARD,TODO,UNRESOLVED,,,,0,,,
CONFIG_MFD_VX855,TODO,UNRESOLVED,,,,0,,,
CONFIG_MFD_WCD934X,TODO,UNRESOLVED,,,,0,,,
CONFIG_MFD_WL1273_CORE,TODO,UNRESOLVED,,,,0,,,
CONFIG_MFD_WM5102,TODO,UNRESOLVED,,,,0,,,
CONFIG_MFD_WM5110,TODO,UNRESOLVED,,,,0,,,
CONFIG_MFD_WM831X,TODO,UNRESOLVED,,,,0,,,
CONFIG_MFD_WM831X_I2C,TODO,UNRESOLVED,,,,0,,,
CONFIG_MFD_WM831X_SPI,TODO,UNRESOLVED,,,,0,,,
CONFIG_MFD_WM8350,TODO,UNRESOLVED,,,,0,,,
CONFIG_MFD_WM8350_I2C,TODO,UNRESOLVED,,,,0,,,
CONFIG_MFD_WM8400,TODO,UNRESOLVED,,,,0,,,
CONFIG_MFD_WM8994,TODO,UNRESOLVED,,,,0,,,
CONFIG_MFD_WM8997,TODO,UNRESOLVED,,,,0,,,
CONFIG_MFD_WM8998,TODO,UNRESOLVED,,,,0,,,
CONFIG_MFD_WM97xx,TODO,UNRESOLVED,,,,0,,,
CONFIG_MGEODEGX1,TODO,UNRESOLVED,,,,0,,,
CONFIG_MGEODE_LX,TODO,UNRESOLVED,,,,0,,,
CONFIG_MHI_BUS,TODO,UNRESOLVED,,,,0,,,
CONFIG_MHI_BUS_DEBUG,TODO,UNRESOLVED,,,,0,,,
CONFIG_MHI_BUS_EP,TODO,UNRESOLVED,,,,0,,,
CONFIG_MHI_BUS_PCI_GENERIC,TODO,UNRESOLVED,,,,0,,,
CONFIG_MHI_NET,TODO,UNRESOLVED,,,,0,,,
CONFIG_MHI_WWAN_CTRL,TODO,UNRESOLVED,,,,0,,,
CONFIG_MHI_WWAN_MBIM,TODO,UNRESOLVED,,,,0,,,
CONFIG_MHP_DEFAULT_ONLINE_TYPE_OFFLINE,TODO,UNRESOLVED,,,,0,,,
CONFIG_MHP_DEFAULT_ONLINE_TYPE_ONLINE_AUTO,TODO,UNRESOLVED,,,,0,,,
CONFIG_MHP_DEFAULT_ONLINE_TYPE_ONLINE_KERNEL,TODO,UNRESOLVED,,,,0,,,
CONFIG_MHP_DEFAULT_ONLINE_TYPE_ONLINE_MOVABLE,TODO,UNRESOLVED,,,,0,,,
CONFIG_MHP_MEMMAP_ON_MEMORY,TODO,UNRESOLVED,,,,0,,,
CONFIG_MHZ19B,TODO,UNRESOLVED,,,,0,,,
CONFIG_MICREL_PHY,TODO,UNRESOLVED,,,,0,,,
CONFIG_MICROCHIP_PHY,TODO,UNRESOLVED,,,,0,,,
CONFIG_MICROCHIP_PHY_RDS_PTP,TODO,UNRESOLVED,,,,0,,,
CONFIG_MICROCHIP_PIT64B,TODO,UNRESOLVED,,,,0,,,
CONFIG_MICROCHIP_T1S_PHY,TODO,UNRESOLVED,,,,0,,,
CONFIG_MICROCHIP_T1_PHY,TODO,UNRESOLVED,,,,0,,,
CONFIG_MICROCHIP_TCB_CAPTURE,TODO,UNRESOLVED,,,,0,,,
CONFIG_MICROCODE,TODO,UNRESOLVED,,,,0,,,
CONFIG_MICROCODE_DBG,TODO,UNRESOLVED,,,,0,,,
CONFIG_MICROCODE_INITRD32,TODO,UNRESOLVED,,,,0,,,
CONFIG_MICROCODE_LATE_FORCE_MINREV,TODO,UNRESOLVED,,,,0,,,
CONFIG_MICROCODE_LATE_LOADING,TODO,UNRESOLVED,,,,0,,,
CONFIG_MICROSEMI_PHY,TODO,UNRESOLVED,,,,0,,,
CONFIG_MICROSOFT_MANA,TODO,UNRESOLVED,,,,0,,,
CONFIG_MIGRATION,TODO,UNRESOLVED,,,,0,,,
CONFIG_MII,TODO,UNRESOLVED,,,,0,,,
CONFIG_MILBEAUT_HDMAC,TODO,UNRESOLVED,,,,0,,,
CONFIG_MILBEAUT_TIMER,TODO,UNRESOLVED,,,,0,,,
CONFIG_MILBEAUT_XDMAC,TODO,UNRESOLVED,,,,0,,,
CONFIG_MINIX_FS,TODO,UNRESOLVED,,,,0,,,
CONFIG_MINIX_FS_BIG_ENDIAN_16BIT_INDEXED,TODO,UNRESOLVED,,,,0,,,
CONFIG_MINIX_FS_NATIVE_ENDIAN,TODO,UNRESOLVED,,,,0,,,
CONFIG_MINIX_SUBPARTITION,TODO,UNRESOLVED,,,,0,,,
CONFIG_MIN_HEAP,TODO,UNRESOLVED,,,,0,,,
CONFIG_MIPI_I3C_HCI,TODO,UNRESOLVED,,,,0,,,
CONFIG_MIPI_I3C_HCI_PCI,TODO,UNRESOLVED,,,,0,,,
CONFIG_MIPS_AU1X00_ENET,TODO,UNRESOLVED,,,,0,,,
CONFIG_MIPS_CDMM,TODO,UNRESOLVED,,,,0,,,
CONFIG_MIPS_CPS_CPUIDLE,TODO,UNRESOLVED,,,,0,,,
CONFIG_MIPS_EJTAG_FDC_EARLYCON,TODO,UNRESOLVED,,,,0,,,
CONFIG_MIPS_EJTAG_FDC_KGDB,TODO,UNRESOLVED,,,,0,,,
CONFIG_MIPS_EJTAG_FDC_KGDB_CHAN,TODO,UNRESOLVED,,,,0,,,
CONFIG_MIPS_EJTAG_FDC_TTY,TODO,UNRESOLVED,,,,0,,,
CONFIG_MIPS_GIC,TODO,UNRESOLVED,,,,0,,,
CONFIG_MIPS_JAZZ_SONIC,TODO,UNRESOLVED,,,,0,,,
CONFIG_MIPS_PLATFORM_DEVICES,TODO,UNRESOLVED,,,,0,,,
CONFIG_MISC_ALCOR_PCI,TODO,UNRESOLVED,,,,0,,,
CONFIG_MISC_FILESYSTEMS,TODO,UNRESOLVED,,,,0,,,
CONFIG_MISC_RP1,TODO,UNRESOLVED,,,,0,,,
CONFIG_MISC_RTSX,TODO,UNRESOLVED,,,,0,,,
CONFIG_MISC_RTSX_PCI,TODO,UNRESOLVED,,,,0,,,
CONFIG_MISC_RTSX_USB,TODO,UNRESOLVED,,,,0,,,
CONFIG_MISDN,TODO,UNRESOLVED,,,,0,,,
CONFIG_MISDN_AVMFRITZ,TODO,UNRESOLVED,,,,0,,,
CONFIG_MISDN_DSP,TODO,UNRESOLVED,,,,0,,,
CONFIG_MISDN_HDLC,TODO,UNRESOLVED,,,,0,,,
CONFIG_MISDN_HFCMULTI,TODO,UNRESOLVED,,,,0,,,
CONFIG_MISDN_HFCMULTI_8xx,TODO,UNRESOLVED,,,,0,,,
CONFIG_MISDN_HFCPCI,TODO,UNRESOLVED,,,,0,,,
CONFIG_MISDN_HFCUSB,TODO,UNRESOLVED,,,,0,,,
CONFIG_MISDN_INFINEON,TODO,UNRESOLVED,,,,0,,,
CONFIG_MISDN_IPAC,TODO,UNRESOLVED,,,,0,,,
CONFIG_MISDN_ISAR,TODO,UNRESOLVED,,,,0,,,
CONFIG_MISDN_L1OIP,TODO,UNRESOLVED,,,,0,,,
CONFIG_MISDN_NETJET,TODO,UNRESOLVED,,,,0,,,
CONFIG_MISDN_SPEEDFAX,TODO,UNRESOLVED,,,,0,,,
CONFIG_MISDN_W6692,TODO,UNRESOLVED,,,,0,,,
CONFIG_MITIGATION_CALL_DEPTH_TRACKING,TODO,UNRESOLVED,,,,0,,,
CONFIG_MITIGATION_GDS,TODO,UNRESOLVED,,,,0,,,
CONFIG_MITIGATION_IBPB_ENTRY,TODO,UNRESOLVED,,,,0,,,
CONFIG_MITIGATION_IBRS_ENTRY,TODO,UNRESOLVED,,,,0,,,
CONFIG_MITIGATION_ITS,TODO,UNRESOLVED,,,,0,,,
CONFIG_MITIGATION_L1TF,TODO,UNRESOLVED,,,,0,,,
CONFIG_MITIGATION_MDS,TODO,UNRESOLVED,,,,0,,,
CONFIG_MITIGATION_MMIO_STALE_DATA,TODO,UNRESOLVED,,,,0,,,
CONFIG_MITIGATION_PAGE_TABLE_ISOLATION,TODO,UNRESOLVED,,,,0,,,
CONFIG_MITIGATION_RETBLEED,TODO,UNRESOLVED,,,,0,,,
CONFIG_MITIGATION_RETHUNK,TODO,UNRESOLVED,,,,0,,,
CONFIG_MITIGATION_RETPOLINE,TODO,UNRESOLVED,,,,0,,,
CONFIG_MITIGATION_RFDS,TODO,UNRESOLVED,,,,0,,,
CONFIG_MITIGATION_SLS,TODO,UNRESOLVED,,,,0,,,
CONFIG_MITIGATION_SPECTRE_BHI,TODO,UNRESOLVED,,,,0,,,
CONFIG_MITIGATION_SPECTRE_V1,TODO,UNRESOLVED,,,,0,,,
CONFIG_MITIGATION_SPECTRE_V2,TODO,UNRESOLVED,,,,0,,,
CONFIG_MITIGATION_SRBDS,TODO,UNRESOLVED,,,,0,,,
CONFIG_MITIGATION_SRSO,TODO,UNRESOLVED,,,,0,,,
CONFIG_MITIGATION_SSB,TODO,UNRESOLVED,,,,0,,,
CONFIG_MITIGATION_TAA,TODO,UNRESOLVED,,,,0,,,
CONFIG_MITIGATION_TSA,TODO,UNRESOLVED,,,,0,,,
CONFIG_MITIGATION_UNRET_ENTRY,TODO,UNRESOLVED,,,,0,,,
CONFIG_MITIGATION_VMSCAPE,TODO,UNRESOLVED,,,,0,,,
CONFIG_MIXCOMWD,TODO,UNRESOLVED,,,,0,,,
CONFIG_MK6,TODO,UNRESOLVED,,,,0,,,
CONFIG_MK7,TODO,UNRESOLVED,,,,0,,,
CONFIG_MKISS,TODO,UNRESOLVED,,,,0,,,
CONFIG_MLX4_CORE,TODO,UNRESOLVED,,,,0,,,
CONFIG_MLX4_CORE_GEN2,TODO,UNRESOLVED,,,,0,,,
CONFIG_MLX4_DEBUG,TODO,UNRESOLVED,,,,0,,,
CONFIG_MLX4_EN,TODO,UNRESOLVED,,,,0,,,
CONFIG_MLX4_EN_DCB,TODO,UNRESOLVED,,,,0,,,
CONFIG_MLX4_INFINIBAND,TODO,UNRESOLVED,,,,0,,,
CONFIG_MLX5_BRIDGE,TODO,UNRESOLVED,,,,0,,,
CONFIG_MLX5_CLS_ACT,TODO,UNRESOLVED,,,,0,,,
CONFIG_MLX5_CORE,TODO,UNRESOLVED,,,,0,,,
CONFIG_MLX5_CORE_EN,TODO,UNRESOLVED,,,,0,,,
CONFIG_MLX5_CORE_EN_DCB,TODO,UNRESOLVED,,,,0,,,
CONFIG_MLX5_CORE_IPOIB,TODO,UNRESOLVED,,,,0,,,
CONFIG_MLX5_DPLL,TODO,UNRESOLVED,,,,0,,,
CONFIG_MLX5_EN_ARFS,TODO,UNRESOLVED,,,,0,,,
CONFIG_MLX5_EN_IPSEC,TODO,UNRESOLVED,,,,0,,,
CONFIG_MLX5_EN_PSP,TODO,UNRESOLVED,,,,0,,,
CONFIG_MLX5_EN_RXNFC,TODO,UNRESOLVED,,,,0,,,
CONFIG_MLX5_EN_TLS,TODO,UNRESOLVED,,,,0,,,
CONFIG_MLX5_ESWITCH,TODO,UNRESOLVED,,,,0,,,
CONFIG_MLX5_FPGA,TODO,UNRESOLVED,,,,0,,,
CONFIG_MLX5_HW_STEERING,TODO,UNRESOLVED,,,,0,,,
CONFIG_MLX5_INFINIBAND,TODO,UNRESOLVED,,,,0,,,
CONFIG_MLX5_MACSEC,TODO,UNRESOLVED,,,,0,,,
CONFIG_MLX5_MPFS,TODO,UNRESOLVED,,,,0,,,
CONFIG_MLX5_SF,TODO,UNRESOLVED,,,,0,,,
CONFIG_MLX5_SF_MANAGER,TODO,UNRESOLVED,,,,0,,,
CONFIG_MLX5_SW_STEERING,TODO,UNRESOLVED,,,,0,,,
CONFIG_MLX5_TC_CT,TODO,UNRESOLVED,,,,0,,,
CONFIG_MLX5_TC_SAMPLE,TODO,UNRESOLVED,,,,0,,,
CONFIG_MLX5_VDPA,TODO,UNRESOLVED,,,,0,,,
CONFIG_MLX5_VDPA_NET,TODO,UNRESOLVED,,,,0,,,
CONFIG_MLX5_VDPA_STEERING_DEBUG,TODO,UNRESOLVED,,,,0,,,
CONFIG_MLX5_VFIO_PCI,TODO,UNRESOLVED,,,,0,,,
CONFIG_MLX90614,TODO,UNRESOLVED,,,,0,,,
CONFIG_MLX90632,TODO,UNRESOLVED,,,,0,,,
CONFIG_MLX90635,TODO,UNRESOLVED,,,,0,,,
CONFIG_MLXBF_BOOTCTL,TODO,UNRESOLVED,,,,0,,,
CONFIG_MLXBF_GIGE,TODO,UNRESOLVED,,,,0,,,
CONFIG_MLXBF_PMC,TODO,UNRESOLVED,,,,0,,,
CONFIG_MLXBF_TMFIFO,TODO,UNRESOLVED,,,,0,,,
CONFIG_MLXFW,TODO,UNRESOLVED,,,,0,,,
CONFIG_MLXREG_DPU,TODO,UNRESOLVED,,,,0,,,
CONFIG_MLXREG_HOTPLUG,TODO,UNRESOLVED,,,,0,,,
CONFIG_MLXREG_IO,TODO,UNRESOLVED,,,,0,,,
CONFIG_MLXREG_LC,TODO,UNRESOLVED,,,,0,,,
CONFIG_MLXSW_CORE,TODO,UNRESOLVED,,,,0,,,
CONFIG_MLXSW_CORE_HWMON,TODO,UNRESOLVED,,,,0,,,
CONFIG_MLXSW_CORE_THERMAL,TODO,UNRESOLVED,,,,0,,,
CONFIG_MLXSW_I2C,TODO,UNRESOLVED,,,,0,,,
CONFIG_MLXSW_MINIMAL,TODO,UNRESOLVED,,,,0,,,
CONFIG_MLXSW_PCI,TODO,UNRESOLVED,,,,0,,,
CONFIG_MLXSW_SPECTRUM,TODO,UNRESOLVED,,,,0,,,
CONFIG_MLXSW_SPECTRUM_DCB,TODO,UNRESOLVED,,,,0,,,
CONFIG_MLX_PLATFORM,TODO,UNRESOLVED,,,,0,,,
CONFIG_MLX_WDT,TODO,UNRESOLVED,,,,0,,,
CONFIG_MMA7455,TODO,UNRESOLVED,,,,0,,,
CONFIG_MMA7455_I2C,TODO,UNRESOLVED,,,,0,,,
CONFIG_MMA7455_SPI,TODO,UNRESOLVED,,,,0,,,
CONFIG_MMA7660,TODO,UNRESOLVED,,,,0,,,
CONFIG_MMA8452,TODO,UNRESOLVED,,,,0,,,
CONFIG_MMA9551,TODO,UNRESOLVED,,,,0,,,
CONFIG_MMA9551_CORE,TODO,UNRESOLVED,,,,0,,,
CONFIG_MMA9553,TODO,UNRESOLVED,,,,0,,,
CONFIG_MMAP_ALLOW_UNINITIALIZED,TODO,UNRESOLVED,,,,0,,,
CONFIG_MMC,TODO,UNRESOLVED,,,,0,,,
CONFIG_MMC35240,TODO,UNRESOLVED,,,,0,,,
CONFIG_MMCONF_FAM10H,TODO,UNRESOLVED,,,,0,,,
CONFIG_MMC_ALCOR,TODO,UNRESOLVED,,,,0,,,
CONFIG_MMC_ARMMMCI,TODO,UNRESOLVED,,,,0,,,
CONFIG_MMC_ATMELMCI,TODO,UNRESOLVED,,,,0,,,
CONFIG_MMC_AU1X,TODO,UNRESOLVED,,,,0,,,
CONFIG_MMC_BCM2835,TODO,UNRESOLVED,,,,0,,,
CONFIG_MMC_BLOCK,TODO,UNRESOLVED,,,,0,,,
CONFIG_MMC_BLOCK_MINORS,TODO,UNRESOLVED,,,,0,,,
CONFIG_MMC_CAVIUM_OCTEON,TODO,UNRESOLVED,,,,0,,,
CONFIG_MMC_CAVIUM_THUNDERX,TODO,UNRESOLVED,,,,0,,,
CONFIG_MMC_CB710,TODO,UNRESOLVED,,,,0,,,
CONFIG_MMC_CQHCI,TODO,UNRESOLVED,,,,0,,,
CONFIG_MMC_CRYPTO,TODO,UNRESOLVED,,,,0,,,
CONFIG_MMC_DAVINCI,TODO,UNRESOLVED,,,,0,,,
CONFIG_MMC_DEBUG,TODO,UNRESOLVED,,,,0,,,
CONFIG_MMC_DW,TODO,UNRESOLVED,,,,0,,,
CONFIG_MMC_DW_BLUEFIELD,TODO,UNRESOLVED,,,,0,,,
CONFIG_MMC_DW_EXYNOS,TODO,UNRESOLVED,,,,0,,,
CONFIG_MMC_DW_HI3798CV200,TODO,UNRESOLVED,,,,0,,,
CONFIG_MMC_DW_HI3798MV200,TODO,UNRESOLVED,,,,0,,,
CONFIG_MMC_DW_K3,TODO,UNRESOLVED,,,,0,,,
CONFIG_MMC_DW_PCI,TODO,UNRESOLVED,,,,0,,,
CONFIG_MMC_DW_PLTFM,TODO,UNRESOLVED,,,,0,,,
CONFIG_MMC_DW_ROCKCHIP,TODO,UNRESOLVED,,,,0,,,
CONFIG_MMC_DW_STARFIVE,TODO,UNRESOLVED,,,,0,,,
CONFIG_MMC_HSQ,TODO,UNRESOLVED,,,,0,,,
CONFIG_MMC_JZ4740,TODO,UNRESOLVED,,,,0,,,
CONFIG_MMC_LITEX,TODO,UNRESOLVED,,,,0,,,
CONFIG_MMC_LOONGSON2,TODO,UNRESOLVED,,,,0,,,
CONFIG_MMC_MESON_GX,TODO,UNRESOLVED,,,,0,,,
CONFIG_MMC_MESON_MX_SDHC,TODO,UNRESOLVED,,,,0,,,
CONFIG_MMC_MESON_MX_SDIO,TODO,UNRESOLVED,,,,0,,,
CONFIG_MMC_MOXART,TODO,UNRESOLVED,,,,0,,,
CONFIG_MMC_MTK,TODO,UNRESOLVED,,,,0,,,
CONFIG_MMC_MVSDIO,TODO,UNRESOLVED,,,,0,,,
CONFIG_MMC_MXC,TODO,UNRESOLVED,,,,0,,,
CONFIG_MMC_MXS,TODO,UNRESOLVED,,,,0,,,
CONFIG_MMC_OMAP,TODO,UNRESOLVED,,,,0,,,
CONFIG_MMC_OMAP_HS,TODO,UNRESOLVED,,,,0,,,
CONFIG_MMC_OWL,TODO,UNRESOLVED,,,,0,,,
CONFIG_MMC_PXA,TODO,UNRESOLVED,,,,0,,,
CONFIG_MMC_QCOM_DML,TODO,UNRESOLVED,,,,0,,,
CONFIG_MMC_REALTEK_PCI,TODO,UNRESOLVED,,,,0,,,
CONFIG_MMC_REALTEK_USB,TODO,UNRESOLVED,,,,0,,,
CONFIG_MMC_RICOH_MMC,TODO,UNRESOLVED,,,,0,,,
CONFIG_MMC_SDHCI,TODO,UNRESOLVED,,,,0,,,
CONFIG_MMC_SDHCI_ACPI,TODO,UNRESOLVED,,,,0,,,
CONFIG_MMC_SDHCI_AM654,TODO,UNRESOLVED,,,,0,,,
CONFIG_MMC_SDHCI_BCM_KONA,TODO,UNRESOLVED,,,,0,,,
CONFIG_MMC_SDHCI_BIG_ENDIAN_32BIT_BYTE_SWAPPER,TODO,UNRESOLVED,,,,0,,,
CONFIG_MMC_SDHCI_BRCMSTB,TODO,UNRESOLVED,,,,0,,,
CONFIG_MMC_SDHCI_CADENCE,TODO,UNRESOLVED,,,,0,,,
CONFIG_MMC_SDHCI_DOVE,TODO,UNRESOLVED,,,,0,,,
CONFIG_MMC_SDHCI_ESDHC_IMX,TODO,UNRESOLVED,,,,0,,,
CONFIG_MMC_SDHCI_ESDHC_MCF,TODO,UNRESOLVED,,,,0,,,
CONFIG_MMC_SDHCI_EXTERNAL_DMA,TODO,UNRESOLVED,,,,0,,,
CONFIG_MMC_SDHCI_F_SDH30,TODO,UNRESOLVED,,,,0,,,
CONFIG_MMC_SDHCI_IO_ACCESSORS,TODO,UNRESOLVED,,,,0,,,
CONFIG_MMC_SDHCI_IPROC,TODO,UNRESOLVED,,,,0,,,
CONFIG_MMC_SDHCI_MICROCHIP_PIC32,TODO,UNRESOLVED,,,,0,,,
CONFIG_MMC_SDHCI_MILBEAUT,TODO,UNRESOLVED,,,,0,,,
CONFIG_MMC_SDHCI_MSM,TODO,UNRESOLVED,,,,0,,,
CONFIG_MMC_SDHCI_NPCM,TODO,UNRESOLVED,,,,0,,,
CONFIG_MMC_SDHCI_OF_ARASAN,TODO,UNRESOLVED,,,,0,,,
CONFIG_MMC_SDHCI_OF_ASPEED,TODO,UNRESOLVED,,,,0,,,
CONFIG_MMC_SDHCI_OF_ASPEED_TEST,TODO,UNRESOLVED,,,,0,,,
CONFIG_MMC_SDHCI_OF_AT91,TODO,UNRESOLVED,,,,0,,,
CONFIG_MMC_SDHCI_OF_DWCMSHC,TODO,UNRESOLVED,,,,0,,,
CONFIG_MMC_SDHCI_OF_ESDHC,TODO,UNRESOLVED,,,,0,,,
CONFIG_MMC_SDHCI_OF_HLWD,TODO,UNRESOLVED,,,,0,,,
CONFIG_MMC_SDHCI_OF_K1,TODO,UNRESOLVED,,,,0,,,
CONFIG_MMC_SDHCI_OF_MA35D1,TODO,UNRESOLVED,,,,0,,,
CONFIG_MMC_SDHCI_OF_SPARX5,TODO,UNRESOLVED,,,,0,,,
CONFIG_MMC_SDHCI_OMAP,TODO,UNRESOLVED,,,,0,,,
CONFIG_MMC_SDHCI_PCI,TODO,UNRESOLVED,,,,0,,,
CONFIG_MMC_SDHCI_PLTFM,TODO,UNRESOLVED,,,,0,,,
CONFIG_MMC_SDHCI_PXAV2,TODO,UNRESOLVED,,,,0,,,
CONFIG_MMC_SDHCI_PXAV3,TODO,UNRESOLVED,,,,0,,,
CONFIG_MMC_SDHCI_S3C,TODO,UNRESOLVED,,,,0,,,
CONFIG_MMC_SDHCI_S3C_DMA,TODO,UNRESOLVED,,,,0,,,
CONFIG_MMC_SDHCI_SPEAR,TODO,UNRESOLVED,,,,0,,,
CONFIG_MMC_SDHCI_SPRD,TODO,UNRESOLVED,,,,0,,,
CONFIG_MMC_SDHCI_ST,TODO,UNRESOLVED,,,,0,,,
CONFIG_MMC_SDHCI_TEGRA,TODO,UNRESOLVED,,,,0,,,
CONFIG_MMC_SDHCI_UHS2,TODO,UNRESOLVED,,,,0,,,
CONFIG_MMC_SDHCI_XENON,TODO,UNRESOLVED,,,,0,,,
CONFIG_MMC_SDHI,TODO,UNRESOLVED,,,,0,,,
CONFIG_MMC_SDHI_INTERNAL_DMAC,TODO,UNRESOLVED,,,,0,,,
CONFIG_MMC_SDHI_SYS_DMAC,TODO,UNRESOLVED,,,,0,,,
CONFIG_MMC_SDRICOH_CS,TODO,UNRESOLVED,,,,0,,,
CONFIG_MMC_SH_MMCIF,TODO,UNRESOLVED,,,,0,,,
CONFIG_MMC_SPI,TODO,UNRESOLVED,,,,0,,,
CONFIG_MMC_STM32_SDMMC,TODO,UNRESOLVED,,,,0,,,
CONFIG_MMC_SUNPLUS,TODO,UNRESOLVED,,,,0,,,
CONFIG_MMC_SUNXI,TODO,UNRESOLVED,,,,0,,,
CONFIG_MMC_TEST,TODO,UNRESOLVED,,,,0,,,
CONFIG_MMC_TIFM_SD,TODO,UNRESOLVED,,,,0,,,
CONFIG_MMC_TMIO_CORE,TODO,UNRESOLVED,,,,0,,,
CONFIG_MMC_TOSHIBA_PCI,TODO,UNRESOLVED,,,,0,,,
CONFIG_MMC_UNIPHIER,TODO,UNRESOLVED,,,,0,,,
CONFIG_MMC_USDHI6ROL0,TODO,UNRESOLVED,,,,0,,,
CONFIG_MMC_USHC,TODO,UNRESOLVED,,,,0,,,
CONFIG_MMC_VIA_SDMMC,TODO,UNRESOLVED,,,,0,,,
CONFIG_MMC_VUB300,TODO,UNRESOLVED,,,,0,,,
CONFIG_MMC_WBSD,TODO,UNRESOLVED,,,,0,,,
CONFIG_MMC_WMT,TODO,UNRESOLVED,,,,0,,,
CONFIG_MMIOTRACE,TODO,UNRESOLVED,,,,0,,,
CONFIG_MMIOTRACE_TEST,TODO,UNRESOLVED,,,,0,,,
CONFIG_MMIOWB,TODO,UNRESOLVED,,,,0,,,
CONFIG_MMP_DISP,TODO,UNRESOLVED,,,,0,,,
CONFIG_MMP_DISP_CONTROLLER,TODO,UNRESOLVED,,,,0,,,
CONFIG_MMP_DISP_SPI,TODO,UNRESOLVED,,,,0,,,
CONFIG_MMP_FB,TODO,UNRESOLVED,,,,0,,,
CONFIG_MMP_PANEL_TPOHVGA,TODO,UNRESOLVED,,,,0,,,
CONFIG_MMP_PDMA,TODO,UNRESOLVED,,,,0,,,
CONFIG_MMP_TDMA,TODO,UNRESOLVED,,,,0,,,
CONFIG_MMU,TODO,UNRESOLVED,,,,0,,,
CONFIG_MMU_GATHER_MERGE_VMAS,TODO,UNRESOLVED,,,,0,,,
CONFIG_MMU_GATHER_NO_FLUSH_CACHE,TODO,UNRESOLVED,,,,0,,,
CONFIG_MMU_GATHER_NO_GATHER,TODO,UNRESOLVED,,,,0,,,
CONFIG_MMU_GATHER_NO_RANGE,TODO,UNRESOLVED,,,,0,,,
CONFIG_MMU_GATHER_PAGE_SIZE,TODO,UNRESOLVED,,,,0,,,
CONFIG_MMU_GATHER_RCU_TABLE_FREE,TODO,UNRESOLVED,,,,0,,,
CONFIG_MMU_GATHER_TABLE_FREE,TODO,UNRESOLVED,,,,0,,,
CONFIG_MMU_LAZY_TLB_REFCOUNT,TODO,UNRESOLVED,,,,0,,,
CONFIG_MMU_LAZY_TLB_SHOOTDOWN,TODO,UNRESOLVED,,,,0,,,
CONFIG_MMU_NOTIFIER,TODO,UNRESOLVED,,,,0,,,
CONFIG_MM_ID,TODO,UNRESOLVED,,,,0,,,
CONFIG_MODIFY_LDT_SYSCALL,TODO,UNRESOLVED,,,,0,,,
CONFIG_MODPROBE_PATH,TODO,UNRESOLVED,,,,0,,,
CONFIG_MODULES,TODO,UNRESOLVED,,,,0,,,
CONFIG_MODULES_TREE_LOOKUP,TODO,UNRESOLVED,,,,0,,,
CONFIG_MODULES_USE_ELF_REL,TODO,UNRESOLVED,,,,0,,,
CONFIG_MODULES_USE_ELF_RELA,TODO,UNRESOLVED,,,,0,,,
CONFIG_MODULE_ALLOW_BTF_MISMATCH,TODO,UNRESOLVED,,,,0,,,
CONFIG_MODULE_ALLOW_MISSING_NAMESPACE_IMPORTS,TODO,UNRESOLVED,,,,0,,,
CONFIG_MODULE_COMPRESS,TODO,UNRESOLVED,,,,0,,,
CONFIG_MODULE_COMPRESS_ALL,TODO,UNRESOLVED,,,,0,,,
CONFIG_MODULE_COMPRESS_GZIP,TODO,UNRESOLVED,,,,0,,,
CONFIG_MODULE_COMPRESS_XZ,TODO,UNRESOLVED,,,,0,,,
CONFIG_MODULE_COMPRESS_ZSTD,TODO,UNRESOLVED,,,,0,,,
CONFIG_MODULE_DEBUG,TODO,UNRESOLVED,,,,0,,,
CONFIG_MODULE_DEBUGFS,TODO,UNRESOLVED,,,,0,,,
CONFIG_MODULE_DEBUG_AUTOLOAD_DUPS,TODO,UNRESOLVED,,,,0,,,
CONFIG_MODULE_DEBUG_AUTOLOAD_DUPS_TRACE,TODO,UNRESOLVED,,,,0,,,
CONFIG_MODULE_DECOMPRESS,TODO,UNRESOLVED,,,,0,,,
CONFIG_MODULE_FORCE_LOAD,TODO,UNRESOLVED,,,,0,,,
CONFIG_MODULE_FORCE_UNLOAD,TODO,UNRESOLVED,,,,0,,,
CONFIG_MODULE_SIG,TODO,UNRESOLVED,,,,0,,,
CONFIG_MODULE_SIG_ALL,TODO,UNRESOLVED,,,,0,,,
CONFIG_MODULE_SIG_FORCE,TODO,UNRESOLVED,,,,0,,,
CONFIG_MODULE_SIG_FORMAT,TODO,UNRESOLVED,,,,0,,,
CONFIG_MODULE_SIG_HASH,TODO,UNRESOLVED,,,,0,,,
CONFIG_MODULE_SIG_KEY,TODO,UNRESOLVED,,,,0,,,
CONFIG_MODULE_SIG_KEY_TYPE_ECDSA,TODO,UNRESOLVED,,,,0,,,
CONFIG_MODULE_SIG_KEY_TYPE_RSA,TODO,UNRESOLVED,,,,0,,,
CONFIG_MODULE_SIG_SHA1,TODO,UNRESOLVED,,,,0,,,
CONFIG_MODULE_SIG_SHA256,TODO,UNRESOLVED,,,,0,,,
CONFIG_MODULE_SIG_SHA384,TODO,UNRESOLVED,,,,0,,,
CONFIG_MODULE_SIG_SHA3_256,TODO,UNRESOLVED,,,,0,,,
CONFIG_MODULE_SIG_SHA3_384,TODO,UNRESOLVED,,,,0,,,
CONFIG_MODULE_SIG_SHA3_512,TODO,UNRESOLVED,,,,0,,,
CONFIG_MODULE_SIG_SHA512,TODO,UNRESOLVED,,,,0,,,
CONFIG_MODULE_SRCVERSION_ALL,TODO,UNRESOLVED,,,,0,,,
CONFIG_MODULE_STATS,TODO,UNRESOLVED,,,,0,,,
CONFIG_MODULE_UNLOAD,TODO,UNRESOLVED,,,,0,,,
CONFIG_MODULE_UNLOAD_TAINT_TRACKING,TODO,UNRESOLVED,,,,0,,,
CONFIG_MODVERSIONS,TODO,UNRESOLVED,,,,0,,,
CONFIG_MONREADER,TODO,UNRESOLVED,,,,0,,,
CONFIG_MONWRITER,TODO,UNRESOLVED,,,,0,,,
CONFIG_MOST,TODO,UNRESOLVED,,,,0,,,
CONFIG_MOST_CDEV,TODO,UNRESOLVED,,,,0,,,
CONFIG_MOST_COMPONENTS,TODO,UNRESOLVED,,,,0,,,
CONFIG_MOST_DIM2,TODO,UNRESOLVED,,,,0,,,
CONFIG_MOST_NET,TODO,UNRESOLVED,,,,0,,,
CONFIG_MOST_SND,TODO,UNRESOLVED,,,,0,,,
CONFIG_MOST_USB_HDM,TODO,UNRESOLVED,,,,0,,,
CONFIG_MOST_VIDEO,TODO,UNRESOLVED,,,,0,,,
CONFIG_MOTORCOMM_PHY,TODO,UNRESOLVED,,,,0,,,
CONFIG_MOUSE_AMIGA,TODO,UNRESOLVED,,,,0,,,
CONFIG_MOUSE_APPLETOUCH,TODO,UNRESOLVED,,,,0,,,
CONFIG_MOUSE_ATARI,TODO,UNRESOLVED,,,,0,,,
CONFIG_MOUSE_ATIXL,TODO,UNRESOLVED,,,,0,,,
CONFIG_MOUSE_BCM5974,TODO,UNRESOLVED,,,,0,,,
CONFIG_MOUSE_CYAPA,TODO,UNRESOLVED,,,,0,,,
CONFIG_MOUSE_ELAN_I2C,TODO,UNRESOLVED,,,,0,,,
CONFIG_MOUSE_ELAN_I2C_I2C,TODO,UNRESOLVED,,,,0,,,
CONFIG_MOUSE_ELAN_I2C_SMBUS,TODO,UNRESOLVED,,,,0,,,
CONFIG_MOUSE_GPIO,TODO,UNRESOLVED,,,,0,,,
CONFIG_MOUSE_INPORT,TODO,UNRESOLVED,,,,0,,,
CONFIG_MOUSE_LOGIBM,TODO,UNRESOLVED,,,,0,,,
CONFIG_MOUSE_MAPLE,TODO,UNRESOLVED,,,,0,,,
CONFIG_MOUSE_PC110PAD,TODO,UNRESOLVED,,,,0,,,
CONFIG_MOUSE_PS2,TODO,UNRESOLVED,,,,0,,,
CONFIG_MOUSE_PS2_ALPS,TODO,UNRESOLVED,,,,0,,,
CONFIG_MOUSE_PS2_BYD,TODO,UNRESOLVED,,,,0,,,
CONFIG_MOUSE_PS2_CYPRESS,TODO,UNRESOLVED,,,,0,,,
CONFIG_MOUSE_PS2_ELANTECH,TODO,UNRESOLVED,,,,0,,,
CONFIG_MOUSE_PS2_ELANTECH_SMBUS,TODO,UNRESOLVED,,,,0,,,
CONFIG_MOUSE_PS2_FOCALTECH,TODO,UNRESOLVED,,,,0,,,
CONFIG_MOUSE_PS2_LIFEBOOK,TODO,UNRESOLVED,,,,0,,,
CONFIG_MOUSE_PS2_LOGIPS2PP,TODO,UNRESOLVED,,,,0,,,
CONFIG_MOUSE_PS2_OLPC,TODO,UNRESOLVED,,,,0,,,
CONFIG_MOUSE_PS2_SENTELIC,TODO,UNRESOLVED,,,,0,,,
CONFIG_MOUSE_PS2_SMBUS,TODO,UNRESOLVED,,,,0,,,
CONFIG_MOUSE_PS2_SYNAPTICS,TODO,UNRESOLVED,,,,0,,,
CONFIG_MOUSE_PS2_SYNAPTICS_SMBUS,TODO,UNRESOLVED,,,,0,,,
CONFIG_MOUSE_PS2_TOUCHKIT,TODO,UNRESOLVED,,,,0,,,
CONFIG_MOUSE_PS2_TRACKPOINT,TODO,UNRESOLVED,,,,0,,,
CONFIG_MOUSE_PS2_VMMOUSE,TODO,UNRESOLVED,,,,0,,,
CONFIG_MOUSE_RISCPC,TODO,UNRESOLVED,,,,0,,,
CONFIG_MOUSE_SERIAL,TODO,UNRESOLVED,,,,0,,,
CONFIG_MOUSE_SYNAPTICS_I2C,TODO,UNRESOLVED,,,,0,,,
CONFIG_MOUSE_SYNAPTICS_USB,TODO,UNRESOLVED,,,,0,,,
CONFIG_MOUSE_VSXXXAA,TODO,UNRESOLVED,,,,0,,,
CONFIG_MOXART_DMA,TODO,UNRESOLVED,,,,0,,,
CONFIG_MOXART_WDT,TODO,UNRESOLVED,,,,0,,,
CONFIG_MOXA_INTELLIO,TODO,UNRESOLVED,,,,0,,,
CONFIG_MOXA_SMARTIO,TODO,UNRESOLVED,,,,0,,,
CONFIG_MOXTET,TODO,UNRESOLVED,,,,0,,,
CONFIG_MP2629_ADC,TODO,UNRESOLVED,,,,0,,,
CONFIG_MPC512X_DMA,TODO,UNRESOLVED,,,,0,,,
CONFIG_MPC5200_WDT,TODO,UNRESOLVED,,,,0,,,
CONFIG_MPENTIUM4,TODO,UNRESOLVED,,,,0,,,
CONFIG_MPENTIUMII,TODO,UNRESOLVED,,,,0,,,
CONFIG_MPENTIUMIII,TODO,UNRESOLVED,,,,0,,,
CONFIG_MPENTIUMM,TODO,UNRESOLVED,,,,0,,,
CONFIG_MPILIB,TODO,UNRESOLVED,,,,0,,,
CONFIG_MPL115,TODO,UNRESOLVED,,,,0,,,
CONFIG_MPL115_I2C,TODO,UNRESOLVED,,,,0,,,
CONFIG_MPL115_SPI,TODO,UNRESOLVED,,,,0,,,
CONFIG_MPL3115,TODO,UNRESOLVED,,,,0,,,
CONFIG_MPLS,TODO,UNRESOLVED,,,,0,,,
CONFIG_MPLS_IPTUNNEL,TODO,UNRESOLVED,,,,0,,,
CONFIG_MPLS_ROUTING,TODO,UNRESOLVED,,,,0,,,
CONFIG_MPRLS0025PA,TODO,UNRESOLVED,,,,0,,,
CONFIG_MPRLS0025PA_I2C,TODO,UNRESOLVED,,,,0,,,
CONFIG_MPRLS0025PA_SPI,TODO,UNRESOLVED,,,,0,,,
CONFIG_MPTCP,TODO,UNRESOLVED,,,,0,,,
CONFIG_MPTCP_IPV6,TODO,UNRESOLVED,,,,0,,,
CONFIG_MPTCP_KUNIT_TEST,TODO,UNRESOLVED,,,,0,,,
CONFIG_MPU3050,TODO,UNRESOLVED,,,,0,,,
CONFIG_MPU3050_I2C,TODO,UNRESOLVED,,,,0,,,
CONFIG_MQ_IOSCHED_DEADLINE,TODO,UNRESOLVED,,,,0,,,
CONFIG_MQ_IOSCHED_KYBER,TODO,UNRESOLVED,,,,0,,,
CONFIG_MRP,TODO,UNRESOLVED,,,,0,,,
CONFIG_MS5611,TODO,UNRESOLVED,,,,0,,,
CONFIG_MS5611_I2C,TODO,UNRESOLVED,,,,0,,,
CONFIG_MS5611_SPI,TODO,UNRESOLVED,,,,0,,,
CONFIG_MS5637,TODO,UNRESOLVED,,,,0,,,
CONFIG_MSA311,TODO,UNRESOLVED,,,,0,,,
CONFIG_MSC313E_TIMER,TODO,UNRESOLVED,,,,0,,,
CONFIG_MSC313E_WATCHDOG,TODO,UNRESOLVED,,,,0,,,
CONFIG_MSCC_OCELOT_IRQ,TODO,UNRESOLVED,,,,0,,,
CONFIG_MSCC_OCELOT_SWITCH,TODO,UNRESOLVED,,,,0,,,
CONFIG_MSCC_OCELOT_SWITCH_LIB,TODO,UNRESOLVED,,,,0,,,
CONFIG_MSDOS_FS,TODO,UNRESOLVED,,,,0,,,
CONFIG_MSDOS_PARTITION,TODO,UNRESOLVED,,,,0,,,
CONFIG_MSE102X,TODO,UNRESOLVED,,,,0,,,
CONFIG_MSEAL_SYSTEM_MAPPINGS,TODO,UNRESOLVED,,,,0,,,
CONFIG_MSHV_ROOT,TODO,UNRESOLVED,,,,0,,,
CONFIG_MSI_EC,TODO,UNRESOLVED,,,,0,,,
CONFIG_MSI_LAPTOP,TODO,UNRESOLVED,,,,0,,,
CONFIG_MSI_WMI,TODO,UNRESOLVED,,,,0,,,
CONFIG_MSI_WMI_PLATFORM,TODO,UNRESOLVED,,,,0,,,
CONFIG_MSM_GCC_8660,TODO,UNRESOLVED,,,,0,,,
CONFIG_MSM_GCC_8909,TODO,UNRESOLVED,,,,0,,,
CONFIG_MSM_GCC_8916,TODO,UNRESOLVED,,,,0,,,
CONFIG_MSM_GCC_8917,TODO,UNRESOLVED,,,,0,,,
CONFIG_MSM_GCC_8939,TODO,UNRESOLVED,,,,0,,,
CONFIG_MSM_GCC_8953,TODO,UNRESOLVED,,,,0,,,
CONFIG_MSM_GCC_8960,TODO,UNRESOLVED,,,,0,,,
CONFIG_MSM_GCC_8974,TODO,UNRESOLVED,,,,0,,,
CONFIG_MSM_GCC_8976,TODO,UNRESOLVED,,,,0,,,
CONFIG_MSM_GCC_8994,TODO,UNRESOLVED,,,,0,,,
CONFIG_MSM_GCC_8996,TODO,UNRESOLVED,,,,0,,,
CONFIG_MSM_GCC_8998,TODO,UNRESOLVED,,,,0,,,
CONFIG_MSM_GPUCC_8998,TODO,UNRESOLVED,,,,0,,,
CONFIG_MSM_IOMMU,TODO,UNRESOLVED,,,,0,,,
CONFIG_MSM_LCC_8960,TODO,UNRESOLVED,,,,0,,,
CONFIG_MSM_MMCC_8960,TODO,UNRESOLVED,,,,0,,,
CONFIG_MSM_MMCC_8974,TODO,UNRESOLVED,,,,0,,,
CONFIG_MSM_MMCC_8994,TODO,UNRESOLVED,,,,0,,,
CONFIG_MSM_MMCC_8996,TODO,UNRESOLVED,,,,0,,,
CONFIG_MSM_MMCC_8998,TODO,UNRESOLVED,,,,0,,,
CONFIG_MSPRO_BLOCK,TODO,UNRESOLVED,,,,0,,,
CONFIG_MSTAR_MSC313_CPUPLL,TODO,UNRESOLVED,,,,0,,,
CONFIG_MSTAR_MSC313_MPLL,TODO,UNRESOLVED,,,,0,,,
CONFIG_MST_IRQ,TODO,UNRESOLVED,,,,0,,,
CONFIG_MS_BLOCK,TODO,UNRESOLVED,,,,0,,,
CONFIG_MT7601U,TODO,UNRESOLVED,,,,0,,,
CONFIG_MT7603E,TODO,UNRESOLVED,,,,0,,,
CONFIG_MT7615E,TODO,UNRESOLVED,,,,0,,,
CONFIG_MT7615_COMMON,TODO,UNRESOLVED,,,,0,,,
CONFIG_MT7621_WDT,TODO,UNRESOLVED,,,,0,,,
CONFIG_MT7622_WMAC,TODO,UNRESOLVED,,,,0,,,
CONFIG_MT7663S,TODO,UNRESOLVED,,,,0,,,
CONFIG_MT7663U,TODO,UNRESOLVED,,,,0,,,
CONFIG_MT7663_USB_SDIO_COMMON,TODO,UNRESOLVED,,,,0,,,
CONFIG_MT76_CONNAC_LIB,TODO,UNRESOLVED,,,,0,,,
CONFIG_MT76_CORE,TODO,UNRESOLVED,,,,0,,,
CONFIG_MT76_LEDS,TODO,UNRESOLVED,,,,0,,,
CONFIG_MT76_SDIO,TODO,UNRESOLVED,,,,0,,,
CONFIG_MT76_USB,TODO,UNRESOLVED,,,,0,,,
CONFIG_MT76x02_LIB,TODO,UNRESOLVED,,,,0,,,
CONFIG_MT76x02_USB,TODO,UNRESOLVED,,,,0,,,
CONFIG_MT76x0E,TODO,UNRESOLVED,,,,0,,,
CONFIG_MT76x0U,TODO,UNRESOLVED,,,,0,,,
CONFIG_MT76x0_COMMON,TODO,UNRESOLVED,,,,0,,,
CONFIG_MT76x2E,TODO,UNRESOLVED,,,,0,,,
CONFIG_MT76x2U,TODO,UNRESOLVED,,,,0,,,
CONFIG_MT76x2_COMMON,TODO,UNRESOLVED,,,,0,,,
CONFIG_MT7915E,TODO,UNRESOLVED,,,,0,,,
CONFIG_MT7921E,TODO,UNRESOLVED,,,,0,,,
CONFIG_MT7921S,TODO,UNRESOLVED,,,,0,,,
CONFIG_MT7921U,TODO,UNRESOLVED,,,,0,,,
CONFIG_MT7921_COMMON,TODO,UNRESOLVED,,,,0,,,
CONFIG_MT7925E,TODO,UNRESOLVED,,,,0,,,
CONFIG_MT7925U,TODO,UNRESOLVED,,,,0,,,
CONFIG_MT7925_COMMON,TODO,UNRESOLVED,,,,0,,,
CONFIG_MT792x_LIB,TODO,UNRESOLVED,,,,0,,,
CONFIG_MT792x_USB,TODO,UNRESOLVED,,,,0,,,
CONFIG_MT798X_WMAC,TODO,UNRESOLVED,,,,0,,,
CONFIG_MT7996E,TODO,UNRESOLVED,,,,0,,,
CONFIG_MTD,TODO,UNRESOLVED,,,,0,,,
CONFIG_MTDRAM_ERASE_SIZE,TODO,UNRESOLVED,,,,0,,,
CONFIG_MTDRAM_TOTAL_SIZE,TODO,UNRESOLVED,,,,0,,,
CONFIG_MTD_ABSENT,TODO,UNRESOLVED,,,,0,,,
CONFIG_MTD_AFS_PARTS,TODO,UNRESOLVED,,,,0,,,
CONFIG_MTD_AMD76XROM,TODO,UNRESOLVED,,,,0,,,
CONFIG_MTD_BCM47XXSFLASH,TODO,UNRESOLVED,,,,0,,,
CONFIG_MTD_BCM47XX_PARTS,TODO,UNRESOLVED,,,,0,,,
CONFIG_MTD_BCM63XX_PARTS,TODO,UNRESOLVED,,,,0,,,
CONFIG_MTD_BLKDEVS,TODO,UNRESOLVED,,,,0,,,
CONFIG_MTD_BLOCK,TODO,UNRESOLVED,,,,0,,,
CONFIG_MTD_BLOCK2MTD,TODO,UNRESOLVED,,,,0,,,
CONFIG_MTD_BLOCK_RO,TODO,UNRESOLVED,,,,0,,,
CONFIG_MTD_BRCM_U_BOOT,TODO,UNRESOLVED,,,,0,,,
CONFIG_MTD_CFI,TODO,UNRESOLVED,,,,0,,,
CONFIG_MTD_CFI_ADV_OPTIONS,TODO,UNRESOLVED,,,,0,,,
CONFIG_MTD_CFI_AMDSTD,TODO,UNRESOLVED,,,,0,,,
CONFIG_MTD_CFI_BE_BYTE_SWAP,TODO,UNRESOLVED,,,,0,,,
CONFIG_MTD_CFI_FLAGADM,TODO,UNRESOLVED,,,,0,,,
CONFIG_MTD_CFI_GEOMETRY,TODO,UNRESOLVED,,,,0,,,
CONFIG_MTD_CFI_I1,TODO,UNRESOLVED,,,,0,,,
CONFIG_MTD_CFI_I2,TODO,UNRESOLVED,,,,0,,,
CONFIG_MTD_CFI_I4,TODO,UNRESOLVED,,,,0,,,
CONFIG_MTD_CFI_I8,TODO,UNRESOLVED,,,,0,,,
CONFIG_MTD_CFI_INTELEXT,TODO,UNRESOLVED,,,,0,,,
CONFIG_MTD_CFI_LE_BYTE_SWAP,TODO,UNRESOLVED,,,,0,,,
CONFIG_MTD_CFI_NOSWAP,TODO,UNRESOLVED,,,,0,,,
CONFIG_MTD_CFI_STAA,TODO,UNRESOLVED,,,,0,,,
CONFIG_MTD_CFI_UTIL,TODO,UNRESOLVED,,,,0,,,
CONFIG_MTD_CK804XROM,TODO,UNRESOLVED,,,,0,,,
CONFIG_MTD_CMDLINE_PARTS,TODO,UNRESOLVED,,,,0,,,
CONFIG_MTD_COMPLEX_MAPPINGS,TODO,UNRESOLVED,,,,0,,,
CONFIG_MTD_DATAFLASH,TODO,UNRESOLVED,,,,0,,,
CONFIG_MTD_DATAFLASH_OTP,TODO,UNRESOLVED,,,,0,,,
CONFIG_MTD_DATAFLASH_WRITE_VERIFY,TODO,UNRESOLVED,,,,0,,,
CONFIG_MTD_DC21285,TODO,UNRESOLVED,,,,0,,,
CONFIG_MTD_DOCG3,TODO,UNRESOLVED,,,,0,,,
CONFIG_MTD_ESB2ROM,TODO,UNRESOLVED,,,,0,,,
CONFIG_MTD_GEN_PROBE,TODO,UNRESOLVED,,,,0,,,
CONFIG_MTD_HYPERBUS,TODO,UNRESOLVED,,,,0,,,
CONFIG_MTD_ICHXROM,TODO,UNRESOLVED,,,,0,,,
CONFIG_MTD_IMPA7,TODO,UNRESOLVED,,,,0,,,
CONFIG_MTD_INTEL_DG,TODO,UNRESOLVED,,,,0,,,
CONFIG_MTD_JEDECPROBE,TODO,UNRESOLVED,,,,0,,,
CONFIG_MTD_L440GX,TODO,UNRESOLVED,,,,0,,,
CONFIG_MTD_LANTIQ,TODO,UNRESOLVED,,,,0,,,
CONFIG_MTD_LPDDR,TODO,UNRESOLVED,,,,0,,,
CONFIG_MTD_LPDDR2_NVM,TODO,UNRESOLVED,,,,0,,,
CONFIG_MTD_MAP_BANK_WIDTH_1,TODO,UNRESOLVED,,,,0,,,
CONFIG_MTD_MAP_BANK_WIDTH_16,TODO,UNRESOLVED,,,,0,,,
CONFIG_MTD_MAP_BANK_WIDTH_2,TODO,UNRESOLVED,,,,0,,,
CONFIG_MTD_MAP_BANK_WIDTH_32,TODO,UNRESOLVED,,,,0,,,
CONFIG_MTD_MAP_BANK_WIDTH_4,TODO,UNRESOLVED,,,,0,,,
CONFIG_MTD_MAP_BANK_WIDTH_8,TODO,UNRESOLVED,,,,0,,,
CONFIG_MTD_MCHP23K256,TODO,UNRESOLVED,,,,0,,,
CONFIG_MTD_MCHP48L640,TODO,UNRESOLVED,,,,0,,,
CONFIG_MTD_MS02NV,TODO,UNRESOLVED,,,,0,,,
CONFIG_MTD_MTDRAM,TODO,UNRESOLVED,,,,0,,,
CONFIG_MTD_NAND_AMS_DELTA,TODO,UNRESOLVED,,,,0,,,
CONFIG_MTD_NAND_ARASAN,TODO,UNRESOLVED,,,,0,,,
CONFIG_MTD_NAND_ATMEL,TODO,UNRESOLVED,,,,0,,,
CONFIG_MTD_NAND_AU1550,TODO,UNRESOLVED,,,,0,,,
CONFIG_MTD_NAND_BCM47XXNFLASH,TODO,UNRESOLVED,,,,0,,,
CONFIG_MTD_NAND_BRCMNAND,TODO,UNRESOLVED,,,,0,,,
CONFIG_MTD_NAND_BRCMNAND_BCM63XX,TODO,UNRESOLVED,,,,0,,,
CONFIG_MTD_NAND_BRCMNAND_BCMA,TODO,UNRESOLVED,,,,0,,,
CONFIG_MTD_NAND_BRCMNAND_BCMBCA,TODO,UNRESOLVED,,,,0,,,
CONFIG_MTD_NAND_BRCMNAND_BRCMSTB,TODO,UNRESOLVED,,,,0,,,
CONFIG_MTD_NAND_BRCMNAND_IPROC,TODO,UNRESOLVED,,,,0,,,
CONFIG_MTD_NAND_CADENCE,TODO,UNRESOLVED,,,,0,,,
CONFIG_MTD_NAND_CAFE,TODO,UNRESOLVED,,,,0,,,
CONFIG_MTD_NAND_CORE,TODO,UNRESOLVED,,,,0,,,
CONFIG_MTD_NAND_CS553X,TODO,UNRESOLVED,,,,0,,,
CONFIG_MTD_NAND_DAVINCI,TODO,UNRESOLVED,,,,0,,,
CONFIG_MTD_NAND_DENALI,TODO,UNRESOLVED,,,,0,,,
CONFIG_MTD_NAND_DENALI_DT,TODO,UNRESOLVED,,,,0,,,
CONFIG_MTD_NAND_DENALI_PCI,TODO,UNRESOLVED,,,,0,,,
CONFIG_MTD_NAND_DISKONCHIP,TODO,UNRESOLVED,,,,0,,,
CONFIG_MTD_NAND_DISKONCHIP_BBTWRITE,TODO,UNRESOLVED,,,,0,,,
CONFIG_MTD_NAND_DISKONCHIP_PROBE_ADDRESS,TODO,UNRESOLVED,,,,0,,,
CONFIG_MTD_NAND_DISKONCHIP_PROBE_ADVANCED,TODO,UNRESOLVED,,,,0,,,
CONFIG_MTD_NAND_DISKONCHIP_PROBE_HIGH,TODO,UNRESOLVED,,,,0,,,
CONFIG_MTD_NAND_ECC,TODO,UNRESOLVED,,,,0,,,
CONFIG_MTD_NAND_ECC_MEDIATEK,TODO,UNRESOLVED,,,,0,,,
CONFIG_MTD_NAND_ECC_MXIC,TODO,UNRESOLVED,,,,0,,,
CONFIG_MTD_NAND_ECC_REALTEK,TODO,UNRESOLVED,,,,0,,,
CONFIG_MTD_NAND_ECC_SW_BCH,TODO,UNRESOLVED,,,,0,,,
CONFIG_MTD_NAND_ECC_SW_HAMMING,TODO,UNRESOLVED,,,,0,,,
CONFIG_MTD_NAND_ECC_SW_HAMMING_SMC,TODO,UNRESOLVED,,,,0,,,
CONFIG_MTD_NAND_FSL_ELBC,TODO,UNRESOLVED,,,,0,,,
CONFIG_MTD_NAND_FSL_IFC,TODO,UNRESOLVED,,,,0,,,
CONFIG_MTD_NAND_FSL_UPM,TODO,UNRESOLVED,,,,0,,,
CONFIG_MTD_NAND_FSMC,TODO,UNRESOLVED,,,,0,,,
CONFIG_MTD_NAND_GPIO,TODO,UNRESOLVED,,,,0,,,
CONFIG_MTD_NAND_GPMI_NAND,TODO,UNRESOLVED,,,,0,,,
CONFIG_MTD_NAND_HISI504,TODO,UNRESOLVED,,,,0,,,
CONFIG_MTD_NAND_INGENIC_ECC,TODO,UNRESOLVED,,,,0,,,
CONFIG_MTD_NAND_INTEL_LGM,TODO,UNRESOLVED,,,,0,,,
CONFIG_MTD_NAND_JZ4725B_BCH,TODO,UNRESOLVED,,,,0,,,
CONFIG_MTD_NAND_JZ4740_ECC,TODO,UNRESOLVED,,,,0,,,
CONFIG_MTD_NAND_JZ4780,TODO,UNRESOLVED,,,,0,,,
CONFIG_MTD_NAND_JZ4780_BCH,TODO,UNRESOLVED,,,,0,,,
CONFIG_MTD_NAND_LOONGSON,TODO,UNRESOLVED,,,,0,,,
CONFIG_MTD_NAND_MARVELL,TODO,UNRESOLVED,,,,0,,,
CONFIG_MTD_NAND_MESON,TODO,UNRESOLVED,,,,0,,,
CONFIG_MTD_NAND_MLC_LPC32XX,TODO,UNRESOLVED,,,,0,,,
CONFIG_MTD_NAND_MPC5121_NFC,TODO,UNRESOLVED,,,,0,,,
CONFIG_MTD_NAND_MTK,TODO,UNRESOLVED,,,,0,,,
CONFIG_MTD_NAND_MXC,TODO,UNRESOLVED,,,,0,,,
CONFIG_MTD_NAND_MXIC,TODO,UNRESOLVED,,,,0,,,
CONFIG_MTD_NAND_NANDSIM,TODO,UNRESOLVED,,,,0,,,
CONFIG_MTD_NAND_NDFC,TODO,UNRESOLVED,,,,0,,,
CONFIG_MTD_NAND_NUVOTON_MA35,TODO,UNRESOLVED,,,,0,,,
CONFIG_MTD_NAND_OMAP2,TODO,UNRESOLVED,,,,0,,,
CONFIG_MTD_NAND_OMAP_BCH,TODO,UNRESOLVED,,,,0,,,
CONFIG_MTD_NAND_OMAP_BCH_BUILD,TODO,UNRESOLVED,,,,0,,,
CONFIG_MTD_NAND_ORION,TODO,UNRESOLVED,,,,0,,,
CONFIG_MTD_NAND_PASEMI,TODO,UNRESOLVED,,,,0,,,
CONFIG_MTD_NAND_PL35X,TODO,UNRESOLVED,,,,0,,,
CONFIG_MTD_NAND_PLATFORM,TODO,UNRESOLVED,,,,0,,,
CONFIG_MTD_NAND_QCOM,TODO,UNRESOLVED,,,,0,,,
CONFIG_MTD_NAND_RENESAS,TODO,UNRESOLVED,,,,0,,,
CONFIG_MTD_NAND_RICOH,TODO,UNRESOLVED,,,,0,,,
CONFIG_MTD_NAND_ROCKCHIP,TODO,UNRESOLVED,,,,0,,,
CONFIG_MTD_NAND_SHARPSL,TODO,UNRESOLVED,,,,0,,,
CONFIG_MTD_NAND_SH_FLCTL,TODO,UNRESOLVED,,,,0,,,
CONFIG_MTD_NAND_SLC_LPC32XX,TODO,UNRESOLVED,,,,0,,,
CONFIG_MTD_NAND_SOCRATES,TODO,UNRESOLVED,,,,0,,,
CONFIG_MTD_NAND_STM32_FMC2,TODO,UNRESOLVED,,,,0,,,
CONFIG_MTD_NAND_SUNXI,TODO,UNRESOLVED,,,,0,,,
CONFIG_MTD_NAND_TEGRA,TODO,UNRESOLVED,,,,0,,,
CONFIG_MTD_NAND_TS72XX,TODO,UNRESOLVED,,,,0,,,
CONFIG_MTD_NAND_TXX9NDFMC,TODO,UNRESOLVED,,,,0,,,
CONFIG_MTD_NAND_VF610_NFC,TODO,UNRESOLVED,,,,0,,,
CONFIG_MTD_NAND_XWAY,TODO,UNRESOLVED,,,,0,,,
CONFIG_MTD_NETSC520,TODO,UNRESOLVED,,,,0,,,
CONFIG_MTD_NETtel,TODO,UNRESOLVED,,,,0,,,
CONFIG_MTD_OF_PARTS,TODO,UNRESOLVED,,,,0,,,
CONFIG_MTD_OF_PARTS_BCM4908,TODO,UNRESOLVED,,,,0,,,
CONFIG_MTD_OF_PARTS_LINKSYS_NS,TODO,UNRESOLVED,,,,0,,,
CONFIG_MTD_ONENAND,TODO,UNRESOLVED,,,,0,,,
CONFIG_MTD_ONENAND_2X_PROGRAM,TODO,UNRESOLVED,,,,0,,,
CONFIG_MTD_ONENAND_GENERIC,TODO,UNRESOLVED,,,,0,,,
CONFIG_MTD_ONENAND_OMAP2,TODO,UNRESOLVED,,,,0,,,
CONFIG_MTD_ONENAND_OTP,TODO,UNRESOLVED,,,,0,,,
CONFIG_MTD_ONENAND_SAMSUNG,TODO,UNRESOLVED,,,,0,,,
CONFIG_MTD_ONENAND_VERIFY_WRITE,TODO,UNRESOLVED,,,,0,,,
CONFIG_MTD_OOPS,TODO,UNRESOLVED,,,,0,,,
CONFIG_MTD_OTP,TODO,UNRESOLVED,,,,0,,,
CONFIG_MTD_PARSER_IMAGETAG,TODO,UNRESOLVED,,,,0,,,
CONFIG_MTD_PARSER_TPLINK_SAFELOADER,TODO,UNRESOLVED,,,,0,,,
CONFIG_MTD_PARSER_TRX,TODO,UNRESOLVED,,,,0,,,
CONFIG_MTD_PARTITIONED_MASTER,TODO,UNRESOLVED,,,,0,,,
CONFIG_MTD_PCI,TODO,UNRESOLVED,,,,0,,,
CONFIG_MTD_PCMCIA,TODO,UNRESOLVED,,,,0,,,
CONFIG_MTD_PCMCIA_ANONYMOUS,TODO,UNRESOLVED,,,,0,,,
CONFIG_MTD_PHRAM,TODO,UNRESOLVED,,,,0,,,
CONFIG_MTD_PHYSMAP,TODO,UNRESOLVED,,,,0,,,
CONFIG_MTD_PHYSMAP_BANKWIDTH,TODO,UNRESOLVED,,,,0,,,
CONFIG_MTD_PHYSMAP_BT1_ROM,TODO,UNRESOLVED,,,,0,,,
CONFIG_MTD_PHYSMAP_COMPAT,TODO,UNRESOLVED,,,,0,,,
CONFIG_MTD_PHYSMAP_GEMINI,TODO,UNRESOLVED,,,,0,,,
CONFIG_MTD_PHYSMAP_GPIO_ADDR,TODO,UNRESOLVED,,,,0,,,
CONFIG_MTD_PHYSMAP_IXP4XX,TODO,UNRESOLVED,,,,0,,,
CONFIG_MTD_PHYSMAP_LEN,TODO,UNRESOLVED,,,,0,,,
CONFIG_MTD_PHYSMAP_OF,TODO,UNRESOLVED,,,,0,,,
CONFIG_MTD_PHYSMAP_START,TODO,UNRESOLVED,,,,0,,,
CONFIG_MTD_PHYSMAP_VERSATILE,TODO,UNRESOLVED,,,,0,,,
CONFIG_MTD_PISMO,TODO,UNRESOLVED,,,,0,,,
CONFIG_MTD_PLATRAM,TODO,UNRESOLVED,,,,0,,,
CONFIG_MTD_PMC551,TODO,UNRESOLVED,,,,0,,,
CONFIG_MTD_PMC551_BUGFIX,TODO,UNRESOLVED,,,,0,,,
CONFIG_MTD_PMC551_DEBUG,TODO,UNRESOLVED,,,,0,,,
CONFIG_MTD_POWERNV_FLASH,TODO,UNRESOLVED,,,,0,,,
CONFIG_MTD_PSTORE,TODO,UNRESOLVED,,,,0,,,
CONFIG_MTD_PXA2XX,TODO,UNRESOLVED,,,,0,,,
CONFIG_MTD_QCOMSMEM_PARTS,TODO,UNRESOLVED,,,,0,,,
CONFIG_MTD_QINFO_PROBE,TODO,UNRESOLVED,,,,0,,,
CONFIG_MTD_RAM,TODO,UNRESOLVED,,,,0,,,
CONFIG_MTD_RAW_NAND,TODO,UNRESOLVED,,,,0,,,
CONFIG_MTD_REDBOOT_DIRECTORY_BLOCK,TODO,UNRESOLVED,,,,0,,,
CONFIG_MTD_REDBOOT_PARTS,TODO,UNRESOLVED,,,,0,,,
CONFIG_MTD_REDBOOT_PARTS_READONLY,TODO,UNRESOLVED,,,,0,,,
CONFIG_MTD_REDBOOT_PARTS_UNALLOCATED,TODO,UNRESOLVED,,,,0,,,
CONFIG_MTD_ROM,TODO,UNRESOLVED,,,,0,,,
CONFIG_MTD_SA1100,TODO,UNRESOLVED,,,,0,,,
CONFIG_MTD_SBC_GXX,TODO,UNRESOLVED,,,,0,,,
CONFIG_MTD_SC520CDP,TODO,UNRESOLVED,,,,0,,,
CONFIG_MTD_SCB2_FLASH,TODO,UNRESOLVED,,,,0,,,
CONFIG_MTD_SCx200_DOCFLASH,TODO,UNRESOLVED,,,,0,,,
CONFIG_MTD_SERCOMM_PARTS,TODO,UNRESOLVED,,,,0,,,
CONFIG_MTD_SHARPSL_PARTS,TODO,UNRESOLVED,,,,0,,,
CONFIG_MTD_SLRAM,TODO,UNRESOLVED,,,,0,,,
CONFIG_MTD_SM_COMMON,TODO,UNRESOLVED,,,,0,,,
CONFIG_MTD_SOLUTIONENGINE,TODO,UNRESOLVED,,,,0,,,
CONFIG_MTD_SPEAR_SMI,TODO,UNRESOLVED,,,,0,,,
CONFIG_MTD_SPI_NAND,TODO,UNRESOLVED,,,,0,,,
CONFIG_MTD_SPI_NOR,TODO,UNRESOLVED,,,,0,,,
CONFIG_MTD_SPI_NOR_SWP_DISABLE,TODO,UNRESOLVED,,,,0,,,
CONFIG_MTD_SPI_NOR_SWP_DISABLE_ON_VOLATILE,TODO,UNRESOLVED,,,,0,,,
CONFIG_MTD_SPI_NOR_SWP_KEEP,TODO,UNRESOLVED,,,,0,,,
CONFIG_MTD_SPI_NOR_USE_4K_SECTORS,TODO,UNRESOLVED,,,,0,,,
CONFIG_MTD_SST25L,TODO,UNRESOLVED,,,,0,,,
CONFIG_MTD_ST_SPI_FSM,TODO,UNRESOLVED,,,,0,,,
CONFIG_MTD_SUN_UFLASH,TODO,UNRESOLVED,,,,0,,,
CONFIG_MTD_SWAP,TODO,UNRESOLVED,,,,0,,,
CONFIG_MTD_TESTS,TODO,UNRESOLVED,,,,0,,,
CONFIG_MTD_TS5500,TODO,UNRESOLVED,,,,0,,,
CONFIG_MTD_TSUNAMI,TODO,UNRESOLVED,,,,0,,,
CONFIG_MTD_UBI,TODO,UNRESOLVED,,,,0,,,
CONFIG_MTD_UBI_BEB_LIMIT,TODO,UNRESOLVED,,,,0,,,
CONFIG_MTD_UBI_BLOCK,TODO,UNRESOLVED,,,,0,,,
CONFIG_MTD_UBI_FASTMAP,TODO,UNRESOLVED,,,,0,,,
CONFIG_MTD_UBI_FAULT_INJECTION,TODO,UNRESOLVED,,,,0,,,
CONFIG_MTD_UBI_GLUEBI,TODO,UNRESOLVED,,,,0,,,
CONFIG_MTD_UBI_NVMEM,TODO,UNRESOLVED,,,,0,,,
CONFIG_MTD_UBI_WL_THRESHOLD,TODO,UNRESOLVED,,,,0,,,
CONFIG_MTD_UCLINUX,TODO,UNRESOLVED,,,,0,,,
CONFIG_MTD_VMU,TODO,UNRESOLVED,,,,0,,,
CONFIG_MTD_XIP,TODO,UNRESOLVED,,,,0,,,
CONFIG_MTK_ADSP_IPC,TODO,UNRESOLVED,,,,0,,,
CONFIG_MTK_ADSP_MBOX,TODO,UNRESOLVED,,,,0,,,
CONFIG_MTK_CMDQ,TODO,UNRESOLVED,,,,0,,,
CONFIG_MTK_CMDQ_MBOX,TODO,UNRESOLVED,,,,0,,,
CONFIG_MTK_CPUX_TIMER,TODO,UNRESOLVED,,,,0,,,
CONFIG_MTK_CQDMA,TODO,UNRESOLVED,,,,0,,,
CONFIG_MTK_DEVAPC,TODO,UNRESOLVED,,,,0,,,
CONFIG_MTK_DVFSRC,TODO,UNRESOLVED,,,,0,,,
CONFIG_MTK_GPUEB_MBOX,TODO,UNRESOLVED,,,,0,,,
CONFIG_MTK_HSDMA,TODO,UNRESOLVED,,,,0,,,
CONFIG_MTK_INFRACFG,TODO,UNRESOLVED,,,,0,,,
CONFIG_MTK_IOMMU,TODO,UNRESOLVED,,,,0,,,
CONFIG_MTK_IOMMU_V1,TODO,UNRESOLVED,,,,0,,,
CONFIG_MTK_LVTS_THERMAL,TODO,UNRESOLVED,,,,0,,,
CONFIG_MTK_LVTS_THERMAL_DEBUGFS,TODO,UNRESOLVED,,,,0,,,
CONFIG_MTK_MMSYS,TODO,UNRESOLVED,,,,0,,,
CONFIG_MTK_NET_PHYLIB,TODO,UNRESOLVED,,,,0,,,
CONFIG_MTK_PMIC_WRAP,TODO,UNRESOLVED,,,,0,,,
CONFIG_MTK_REGULATOR_COUPLER,TODO,UNRESOLVED,,,,0,,,
CONFIG_MTK_SCP,TODO,UNRESOLVED,,,,0,,,
CONFIG_MTK_SCPSYS,TODO,UNRESOLVED,,,,0,,,
CONFIG_MTK_SCPSYS_PM_DOMAINS,TODO,UNRESOLVED,,,,0,,,
CONFIG_MTK_SMI,TODO,UNRESOLVED,,,,0,,,
CONFIG_MTK_SOCINFO,TODO,UNRESOLVED,,,,0,,,
CONFIG_MTK_SOC_THERMAL,TODO,UNRESOLVED,,,,0,,,
CONFIG_MTK_SVS,TODO,UNRESOLVED,,,,0,,,
CONFIG_MTK_T7XX,TODO,UNRESOLVED,,,,0,,,
CONFIG_MTK_THERMAL,TODO,UNRESOLVED,,,,0,,,
CONFIG_MTK_TIMER,TODO,UNRESOLVED,,,,0,,,
CONFIG_MTK_UART_APDMA,TODO,UNRESOLVED,,,,0,,,
CONFIG_MTRR,TODO,UNRESOLVED,,,,0,,,
CONFIG_MTRR_SANITIZER,TODO,UNRESOLVED,,,,0,,,
CONFIG_MTRR_SANITIZER_ENABLE_DEFAULT,TODO,UNRESOLVED,,,,0,,,
CONFIG_MTRR_SANITIZER_SPARE_REG_NR_DEFAULT,TODO,UNRESOLVED,,,,0,,,
CONFIG_MULTIPLEXER,TODO,UNRESOLVED,,,,0,,,
CONFIG_MULTIUSER,TODO,UNRESOLVED,,,,0,,,
CONFIG_MUSB_PIO_ONLY,TODO,UNRESOLVED,,,,0,,,
CONFIG_MUTEX_SPIN_ON_OWNER,TODO,UNRESOLVED,,,,0,,,
CONFIG_MUX_ADG792A,TODO,UNRESOLVED,,,,0,,,
CONFIG_MUX_ADGS1408,TODO,UNRESOLVED,,,,0,,,
CONFIG_MUX_GPIO,TODO,UNRESOLVED,,,,0,,,
CONFIG_MUX_MMIO,TODO,UNRESOLVED,,,,0,,,
CONFIG_MV643XX_ETH,TODO,UNRESOLVED,,,,0,,,
CONFIG_MVEBU_CLK_COMMON,TODO,UNRESOLVED,,,,0,,,
CONFIG_MVEBU_CLK_COREDIV,TODO,UNRESOLVED,,,,0,,,
CONFIG_MVEBU_CLK_CPU,TODO,UNRESOLVED,,,,0,,,
CONFIG_MVEBU_DEVBUS,TODO,UNRESOLVED,,,,0,,,
CONFIG_MVEBU_GICP,TODO,UNRESOLVED,,,,0,,,
CONFIG_MVEBU_ICU,TODO,UNRESOLVED,,,,0,,,
CONFIG_MVEBU_MBUS,TODO,UNRESOLVED,,,,0,,,
CONFIG_MVEBU_ODMI,TODO,UNRESOLVED,,,,0,,,
CONFIG_MVEBU_PIC,TODO,UNRESOLVED,,,,0,,,
CONFIG_MVEBU_SEI,TODO,UNRESOLVED,,,,0,,,
CONFIG_MVIAC3_2,TODO,UNRESOLVED,,,,0,,,
CONFIG_MVIAC7,TODO,UNRESOLVED,,,,0,,,
CONFIG_MVMDIO,TODO,UNRESOLVED,,,,0,,,
CONFIG_MVME147_NET,TODO,UNRESOLVED,,,,0,,,
CONFIG_MVME147_SCSI,TODO,UNRESOLVED,,,,0,,,
CONFIG_MVME16x_NET,TODO,UNRESOLVED,,,,0,,,
CONFIG_MVME16x_SCSI,TODO,UNRESOLVED,,,,0,,,
CONFIG_MVNETA,TODO,UNRESOLVED,,,,0,,,
CONFIG_MVNETA_BM,TODO,UNRESOLVED,,,,0,,,
CONFIG_MVNETA_BM_ENABLE,TODO,UNRESOLVED,,,,0,,,
CONFIG_MVPP2,TODO,UNRESOLVED,,,,0,,,
CONFIG_MVPP2_PTP,TODO,UNRESOLVED,,,,0,,,
CONFIG_MV_XOR,TODO,UNRESOLVED,,,,0,,,
CONFIG_MV_XOR_V2,TODO,UNRESOLVED,,,,0,,,
CONFIG_MWAVE,TODO,UNRESOLVED,,,,0,,,
CONFIG_MWIFIEX,TODO,UNRESOLVED,,,,0,,,
CONFIG_MWIFIEX_PCIE,TODO,UNRESOLVED,,,,0,,,
CONFIG_MWIFIEX_SDIO,TODO,UNRESOLVED,,,,0,,,
CONFIG_MWIFIEX_USB,TODO,UNRESOLVED,,,,0,,,
CONFIG_MWINCHIP3D,TODO,UNRESOLVED,,,,0,,,
CONFIG_MWINCHIPC6,TODO,UNRESOLVED,,,,0,,,
CONFIG_MWL8K,TODO,UNRESOLVED,,,,0,,,
CONFIG_MXC4005,TODO,UNRESOLVED,,,,0,,,
CONFIG_MXC6255,TODO,UNRESOLVED,,,,0,,,
CONFIG_MXC_CLK,TODO,UNRESOLVED,,,,0,,,
CONFIG_MXC_CLK_SCU,TODO,UNRESOLVED,,,,0,,,
CONFIG_MXM_WMI,TODO,UNRESOLVED,,,,0,,,
CONFIG_MXS_DMA,TODO,UNRESOLVED,,,,0,,,
CONFIG_MXS_LRADC_ADC,TODO,UNRESOLVED,,,,0,,,
CONFIG_MXS_TIMER,TODO,UNRESOLVED,,,,0,,,
CONFIG_MYRI10GE,TODO,UNRESOLVED,,,,0,,,
CONFIG_MYRI10GE_DCA,TODO,UNRESOLVED,,,,0,,,
CONFIG_N2,TODO,UNRESOLVED,,,,0,,,
CONFIG_N64CART,TODO,UNRESOLVED,,,,0,,,
CONFIG_NAMESPACES,TODO,UNRESOLVED,,,,0,,,
CONFIG_NATIONAL_PHY,TODO,UNRESOLVED,,,,0,,,
CONFIG_NATSEMI,TODO,UNRESOLVED,,,,0,,,
CONFIG_NAU7802,TODO,UNRESOLVED,,,,0,,,
CONFIG_NBPFAXI_DMA,TODO,UNRESOLVED,,,,0,,,
CONFIG_NCN26000_PHY,TODO,UNRESOLVED,,,,0,,,
CONFIG_NCSI_OEM_CMD_GET_MAC,TODO,UNRESOLVED,,,,0,,,
CONFIG_NCSI_OEM_CMD_KEEP_PHY,TODO,UNRESOLVED,,,,0,,,
CONFIG_NCT6694_WATCHDOG,TODO,UNRESOLVED,,,,0,,,
CONFIG_NCT7201,TODO,UNRESOLVED,,,,0,,,
CONFIG_NDC_DIS_DYNAMIC_CACHING,TODO,UNRESOLVED,,,,0,,,
CONFIG_ND_BTT,TODO,UNRESOLVED,,,,0,,,
CONFIG_ND_CLAIM,TODO,UNRESOLVED,,,,0,,,
CONFIG_ND_PFN,TODO,UNRESOLVED,,,,0,,,
CONFIG_NE2000,TODO,UNRESOLVED,,,,0,,,
CONFIG_NE2K_PCI,TODO,UNRESOLVED,,,,0,,,
CONFIG_NEED_DMA_MAP_STATE,TODO,UNRESOLVED,,,,0,,,
CONFIG_NEED_KVM_DIRTY_RING_WITH_BITMAP,TODO,UNRESOLVED,,,,0,,,
CONFIG_NEED_PER_CPU_EMBED_FIRST_CHUNK,TODO,UNRESOLVED,,,,0,,,
CONFIG_NEED_PER_CPU_KM,TODO,UNRESOLVED,,,,0,,,
CONFIG_NEED_PER_CPU_PAGE_FIRST_CHUNK,TODO,UNRESOLVED,,,,0,,,
CONFIG_NEED_PROC_VMCORE_DEVICE_RAM,TODO,UNRESOLVED,,,,0,,,
CONFIG_NEED_SG_DMA_FLAGS,TODO,UNRESOLVED,,,,0,,,
CONFIG_NEED_SG_DMA_LENGTH,TODO,UNRESOLVED,,,,0,,,
CONFIG_NEED_SRCU_NMI_SAFE,TODO,UNRESOLVED,,,,0,,,
CONFIG_NEED_TASKS_RCU,TODO,UNRESOLVED,,,,0,,,
CONFIG_NET,TODO,UNRESOLVED,,,,0,,,
CONFIG_NET5501,TODO,UNRESOLVED,,,,0,,,
CONFIG_NETCONSOLE,TODO,UNRESOLVED,,,,0,,,
CONFIG_NETCONSOLE_DYNAMIC,TODO,UNRESOLVED,,,,0,,,
CONFIG_NETCONSOLE_EXTENDED_LOG,TODO,UNRESOLVED,,,,0,,,
CONFIG_NETCONSOLE_PREPEND_RELEASE,TODO,UNRESOLVED,,,,0,,,
CONFIG_NETDEVICES,TODO,UNRESOLVED,,,,0,,,
CONFIG_NETDEVSIM,TODO,UNRESOLVED,,,,0,,,
CONFIG_NETDEV_ADDR_LIST_TEST,TODO,UNRESOLVED,,,,0,,,
CONFIG_NETDEV_LEGACY_INIT,TODO,UNRESOLVED,,,,0,,,
CONFIG_NETDEV_NOTIFIER_ERROR_INJECT,TODO,UNRESOLVED,,,,0,,,
CONFIG_NETFILTER,TODO,UNRESOLVED,,,,0,,,
CONFIG_NETFILTER_ADVANCED,TODO,UNRESOLVED,,,,0,,,
CONFIG_NETFILTER_BPF_LINK,TODO,UNRESOLVED,,,,0,,,
CONFIG_NETFILTER_CONNCOUNT,TODO,UNRESOLVED,,,,0,,,
CONFIG_NETFILTER_EGRESS,TODO,UNRESOLVED,,,,0,,,
CONFIG_NETFILTER_FAMILY_ARP,TODO,UNRESOLVED,,,,0,,,
CONFIG_NETFILTER_FAMILY_BRIDGE,TODO,UNRESOLVED,,,,0,,,
CONFIG_NETFILTER_INGRESS,TODO,UNRESOLVED,,,,0,,,
CONFIG_NETFILTER_NETLINK,TODO,UNRESOLVED,,,,0,,,
CONFIG_NETFILTER_NETLINK_ACCT,TODO,UNRESOLVED,,,,0,,,
CONFIG_NETFILTER_NETLINK_GLUE_CT,TODO,UNRESOLVED,,,,0,,,
CONFIG_NETFILTER_NETLINK_HOOK,TODO,UNRESOLVED,,,,0,,,
CONFIG_NETFILTER_NETLINK_LOG,TODO,UNRESOLVED,,,,0,,,
CONFIG_NETFILTER_NETLINK_OSF,TODO,UNRESOLVED,,,,0,,,
CONFIG_NETFILTER_NETLINK_QUEUE,TODO,UNRESOLVED,,,,0,,,
CONFIG_NETFILTER_SKIP_EGRESS,TODO,UNRESOLVED,,,,0,,,
CONFIG_NETFILTER_SYNPROXY,TODO,UNRESOLVED,,,,0,,,
CONFIG_NETFILTER_XTABLES,TODO,UNRESOLVED,,,,0,,,
CONFIG_NETFILTER_XTABLES_COMPAT,TODO,UNRESOLVED,,,,0,,,
CONFIG_NETFILTER_XTABLES_LEGACY,TODO,UNRESOLVED,,,,0,,,
CONFIG_NETFILTER_XT_CONNMARK,TODO,UNRESOLVED,,,,0,,,
CONFIG_NETFILTER_XT_MARK,TODO,UNRESOLVED,,,,0,,,
CONFIG_NETFILTER_XT_MATCH_ADDRTYPE,TODO,UNRESOLVED,,,,0,,,
CONFIG_NETFILTER_XT_MATCH_BPF,TODO,UNRESOLVED,,,,0,,,
CONFIG_NETFILTER_XT_MATCH_CGROUP,TODO,UNRESOLVED,,,,0,,,
CONFIG_NETFILTER_XT_MATCH_CLUSTER,TODO,UNRESOLVED,,,,0,,,
CONFIG_NETFILTER_XT_MATCH_COMMENT,TODO,UNRESOLVED,,,,0,,,
CONFIG_NETFILTER_XT_MATCH_CONNBYTES,TODO,UNRESOLVED,,,,0,,,
CONFIG_NETFILTER_XT_MATCH_CONNLABEL,TODO,UNRESOLVED,,,,0,,,
CONFIG_NETFILTER_XT_MATCH_CONNLIMIT,TODO,UNRESOLVED,,,,0,,,
CONFIG_NETFILTER_XT_MATCH_CONNMARK,TODO,UNRESOLVED,,,,0,,,
CONFIG_NETFILTER_XT_MATCH_CONNTRACK,TODO,UNRESOLVED,,,,0,,,
CONFIG_NETFILTER_XT_MATCH_CPU,TODO,UNRESOLVED,,,,0,,,
CONFIG_NETFILTER_XT_MATCH_DCCP,TODO,UNRESOLVED,,,,0,,,
CONFIG_NETFILTER_XT_MATCH_DEVGROUP,TODO,UNRESOLVED,,,,0,,,
CONFIG_NETFILTER_XT_MATCH_DSCP,TODO,UNRESOLVED,,,,0,,,
CONFIG_NETFILTER_XT_MATCH_ECN,TODO,UNRESOLVED,,,,0,,,
CONFIG_NETFILTER_XT_MATCH_ESP,TODO,UNRESOLVED,,,,0,,,
CONFIG_NETFILTER_XT_MATCH_HASHLIMIT,TODO,UNRESOLVED,,,,0,,,
CONFIG_NETFILTER_XT_MATCH_HELPER,TODO,UNRESOLVED,,,,0,,,
CONFIG_NETFILTER_XT_MATCH_HL,TODO,UNRESOLVED,,,,0,,,
CONFIG_NETFILTER_XT_MATCH_IPCOMP,TODO,UNRESOLVED,,,,0,,,
CONFIG_NETFILTER_XT_MATCH_IPRANGE,TODO,UNRESOLVED,,,,0,,,
CONFIG_NETFILTER_XT_MATCH_IPVS,TODO,UNRESOLVED,,,,0,,,
CONFIG_NETFILTER_XT_MATCH_L2TP,TODO,UNRESOLVED,,,,0,,,
CONFIG_NETFILTER_XT_MATCH_LENGTH,TODO,UNRESOLVED,,,,0,,,
CONFIG_NETFILTER_XT_MATCH_LIMIT,TODO,UNRESOLVED,,,,0,,,
CONFIG_NETFILTER_XT_MATCH_MAC,TODO,UNRESOLVED,,,,0,,,
CONFIG_NETFILTER_XT_MATCH_MARK,TODO,UNRESOLVED,,,,0,,,
CONFIG_NETFILTER_XT_MATCH_MULTIPORT,TODO,UNRESOLVED,,,,0,,,
CONFIG_NETFILTER_XT_MATCH_NFACCT,TODO,UNRESOLVED,,,,0,,,
CONFIG_NETFILTER_XT_MATCH_OSF,TODO,UNRESOLVED,,,,0,,,
CONFIG_NETFILTER_XT_MATCH_OWNER,TODO,UNRESOLVED,,,,0,,,
CONFIG_NETFILTER_XT_MATCH_PHYSDEV,TODO,UNRESOLVED,,,,0,,,
CONFIG_NETFILTER_XT_MATCH_PKTTYPE,TODO,UNRESOLVED,,,,0,,,
CONFIG_NETFILTER_XT_MATCH_POLICY,TODO,UNRESOLVED,,,,0,,,
CONFIG_NETFILTER_XT_MATCH_QUOTA,TODO,UNRESOLVED,,,,0,,,
CONFIG_NETFILTER_XT_MATCH_RATEEST,TODO,UNRESOLVED,,,,0,,,
CONFIG_NETFILTER_XT_MATCH_REALM,TODO,UNRESOLVED,,,,0,,,
CONFIG_NETFILTER_XT_MATCH_RECENT,TODO,UNRESOLVED,,,,0,,,
CONFIG_NETFILTER_XT_MATCH_SCTP,TODO,UNRESOLVED,,,,0,,,
CONFIG_NETFILTER_XT_MATCH_SOCKET,TODO,UNRESOLVED,,,,0,,,
CONFIG_NETFILTER_XT_MATCH_STATE,TODO,UNRESOLVED,,,,0,,,
CONFIG_NETFILTER_XT_MATCH_STATISTIC,TODO,UNRESOLVED,,,,0,,,
CONFIG_NETFILTER_XT_MATCH_STRING,TODO,UNRESOLVED,,,,0,,,
CONFIG_NETFILTER_XT_MATCH_TCPMSS,TODO,UNRESOLVED,,,,0,,,
CONFIG_NETFILTER_XT_MATCH_TIME,TODO,UNRESOLVED,,,,0,,,
CONFIG_NETFILTER_XT_MATCH_U32,TODO,UNRESOLVED,,,,0,,,
CONFIG_NETFILTER_XT_NAT,TODO,UNRESOLVED,,,,0,,,
CONFIG_NETFILTER_XT_SET,TODO,UNRESOLVED,,,,0,,,
CONFIG_NETFILTER_XT_TARGET_AUDIT,TODO,UNRESOLVED,,,,0,,,
CONFIG_NETFILTER_XT_TARGET_CHECKSUM,TODO,UNRESOLVED,,,,0,,,
CONFIG_NETFILTER_XT_TARGET_CLASSIFY,TODO,UNRESOLVED,,,,0,,,
CONFIG_NETFILTER_XT_TARGET_CONNMARK,TODO,UNRESOLVED,,,,0,,,
CONFIG_NETFILTER_XT_TARGET_CONNSECMARK,TODO,UNRESOLVED,,,,0,,,
CONFIG_NETFILTER_XT_TARGET_CT,TODO,UNRESOLVED,,,,0,,,
CONFIG_NETFILTER_XT_TARGET_DSCP,TODO,UNRESOLVED,,,,0,,,
CONFIG_NETFILTER_XT_TARGET_HL,TODO,UNRESOLVED,,,,0,,,
CONFIG_NETFILTER_XT_TARGET_HMARK,TODO,UNRESOLVED,,,,0,,,
CONFIG_NETFILTER_XT_TARGET_IDLETIMER,TODO,UNRESOLVED,,,,0,,,
CONFIG_NETFILTER_XT_TARGET_LED,TODO,UNRESOLVED,,,,0,,,
CONFIG_NETFILTER_XT_TARGET_LOG,TODO,UNRESOLVED,,,,0,,,
CONFIG_NETFILTER_XT_TARGET_MARK,TODO,UNRESOLVED,,,,0,,,
CONFIG_NETFILTER_XT_TARGET_MASQUERADE,TODO,UNRESOLVED,,,,0,,,
CONFIG_NETFILTER_XT_TARGET_NETMAP,TODO,UNRESOLVED,,,,0,,,
CONFIG_NETFILTER_XT_TARGET_NFLOG,TODO,UNRESOLVED,,,,0,,,
CONFIG_NETFILTER_XT_TARGET_NFQUEUE,TODO,UNRESOLVED,,,,0,,,
CONFIG_NETFILTER_XT_TARGET_NOTRACK,TODO,UNRESOLVED,,,,0,,,
CONFIG_NETFILTER_XT_TARGET_RATEEST,TODO,UNRESOLVED,,,,0,,,
CONFIG_NETFILTER_XT_TARGET_REDIRECT,TODO,UNRESOLVED,,,,0,,,
CONFIG_NETFILTER_XT_TARGET_SECMARK,TODO,UNRESOLVED,,,,0,,,
CONFIG_NETFILTER_XT_TARGET_TCPMSS,TODO,UNRESOLVED,,,,0,,,
CONFIG_NETFILTER_XT_TARGET_TCPOPTSTRIP,TODO,UNRESOLVED,,,,0,,,
CONFIG_NETFILTER_XT_TARGET_TEE,TODO,UNRESOLVED,,,,0,,,
CONFIG_NETFILTER_XT_TARGET_TPROXY,TODO,UNRESOLVED,,,,0,,,
CONFIG_NETFILTER_XT_TARGET_TRACE,TODO,UNRESOLVED,,,,0,,,
CONFIG_NETFS_DEBUG,TODO,UNRESOLVED,,,,0,,,
CONFIG_NETFS_STATS,TODO,UNRESOLVED,,,,0,,,
CONFIG_NETFS_SUPPORT,TODO,UNRESOLVED,,,,0,,,
CONFIG_NETKIT,TODO,UNRESOLVED,,,,0,,,
CONFIG_NETLABEL,TODO,UNRESOLVED,,,,0,,,
CONFIG_NETLINK_DIAG,TODO,UNRESOLVED,,,,0,,,
CONFIG_NETPOLL,TODO,UNRESOLVED,,,,0,,,
CONFIG_NETROM,TODO,UNRESOLVED,,,,0,,,
CONFIG_NETWORK_FILESYSTEMS,TODO,UNRESOLVED,,,,0,,,
CONFIG_NETWORK_PHY_TIMESTAMPING,TODO,UNRESOLVED,,,,0,,,
CONFIG_NETWORK_SECMARK,TODO,UNRESOLVED,,,,0,,,
CONFIG_NETXEN_NIC,TODO,UNRESOLVED,,,,0,,,
CONFIG_NET_9P,TODO,UNRESOLVED,,,,0,,,
CONFIG_NET_9P_DEBUG,TODO,UNRESOLVED,,,,0,,,
CONFIG_NET_9P_FD,TODO,UNRESOLVED,,,,0,,,
CONFIG_NET_9P_RDMA,TODO,UNRESOLVED,,,,0,,,
CONFIG_NET_9P_USBG,TODO,UNRESOLVED,,,,0,,,
CONFIG_NET_9P_VIRTIO,TODO,UNRESOLVED,,,,0,,,
CONFIG_NET_9P_XEN,TODO,UNRESOLVED,,,,0,,,
CONFIG_NET_ACT_BPF,TODO,UNRESOLVED,,,,0,,,
CONFIG_NET_ACT_CONNMARK,TODO,UNRESOLVED,,,,0,,,
CONFIG_NET_ACT_CSUM,TODO,UNRESOLVED,,,,0,,,
CONFIG_NET_ACT_CT,TODO,UNRESOLVED,,,,0,,,
CONFIG_NET_ACT_CTINFO,TODO,UNRESOLVED,,,,0,,,
CONFIG_NET_ACT_GACT,TODO,UNRESOLVED,,,,0,,,
CONFIG_NET_ACT_GATE,TODO,UNRESOLVED,,,,0,,,
CONFIG_NET_ACT_IFE,TODO,UNRESOLVED,,,,0,,,
CONFIG_NET_ACT_MIRRED,TODO,UNRESOLVED,,,,0,,,
CONFIG_NET_ACT_MPLS,TODO,UNRESOLVED,,,,0,,,
CONFIG_NET_ACT_NAT,TODO,UNRESOLVED,,,,0,,,
CONFIG_NET_ACT_PEDIT,TODO,UNRESOLVED,,,,0,,,
CONFIG_NET_ACT_POLICE,TODO,UNRESOLVED,,,,0,,,
CONFIG_NET_ACT_SAMPLE,TODO,UNRESOLVED,,,,0,,,
CONFIG_NET_ACT_SIMP,TODO,UNRESOLVED,,,,0,,,
CONFIG_NET_ACT_SKBEDIT,TODO,UNRESOLVED,,,,0,,,
CONFIG_NET_ACT_SKBMOD,TODO,UNRESOLVED,,,,0,,,
CONFIG_NET_ACT_TUNNEL_KEY,TODO,UNRESOLVED,,,,0,,,
CONFIG_NET_ACT_VLAN,TODO,UNRESOLVED,,,,0,,,
CONFIG_NET_AIROHA,TODO,UNRESOLVED,,,,0,,,
CONFIG_NET_AIROHA_FLOW_STATS,TODO,UNRESOLVED,,,,0,,,
CONFIG_NET_AIROHA_NPU,TODO,UNRESOLVED,,,,0,,,
CONFIG_NET_CALXEDA_XGMAC,TODO,UNRESOLVED,,,,0,,,
CONFIG_NET_CLS,TODO,UNRESOLVED,,,,0,,,
CONFIG_NET_CLS_ACT,TODO,UNRESOLVED,,,,0,,,
CONFIG_NET_CLS_BASIC,TODO,UNRESOLVED,,,,0,,,
CONFIG_NET_CLS_BPF,TODO,UNRESOLVED,,,,0,,,
CONFIG_NET_CLS_CGROUP,TODO,UNRESOLVED,,,,0,,,
CONFIG_NET_CLS_FLOW,TODO,UNRESOLVED,,,,0,,,
CONFIG_NET_CLS_FLOWER,TODO,UNRESOLVED,,,,0,,,
CONFIG_NET_CLS_FW,TODO,UNRESOLVED,,,,0,,,
CONFIG_NET_CLS_MATCHALL,TODO,UNRESOLVED,,,,0,,,
CONFIG_NET_CLS_ROUTE4,TODO,UNRESOLVED,,,,0,,,
CONFIG_NET_CLS_U32,TODO,UNRESOLVED,,,,0,,,
CONFIG_NET_CORE,TODO,UNRESOLVED,,,,0,,,
CONFIG_NET_CRC32C,TODO,UNRESOLVED,,,,0,,,
CONFIG_NET_DEVLINK,TODO,UNRESOLVED,,,,0,,,
CONFIG_NET_DEVMEM,TODO,UNRESOLVED,,,,0,,,
CONFIG_NET_DEV_REFCNT_TRACKER,TODO,UNRESOLVED,,,,0,,,
CONFIG_NET_DROP_MONITOR,TODO,UNRESOLVED,,,,0,,,
CONFIG_NET_DSA,TODO,UNRESOLVED,,,,0,,,
CONFIG_NET_DSA_AR9331,TODO,UNRESOLVED,,,,0,,,
CONFIG_NET_DSA_BCM_SF2,TODO,UNRESOLVED,,,,0,,,
CONFIG_NET_DSA_HIRSCHMANN_HELLCREEK,TODO,UNRESOLVED,,,,0,,,
CONFIG_NET_DSA_KS8995,TODO,UNRESOLVED,,,,0,,,
CONFIG_NET_DSA_LANTIQ_GSWIP,TODO,UNRESOLVED,,,,0,,,
CONFIG_NET_DSA_LOOP,TODO,UNRESOLVED,,,,0,,,
CONFIG_NET_DSA_MICROCHIP_KSZ8863_SMI,TODO,UNRESOLVED,,,,0,,,
CONFIG_NET_DSA_MICROCHIP_KSZ9477_I2C,TODO,UNRESOLVED,,,,0,,,
CONFIG_NET_DSA_MICROCHIP_KSZ_COMMON,TODO,UNRESOLVED,,,,0,,,
CONFIG_NET_DSA_MICROCHIP_KSZ_PTP,TODO,UNRESOLVED,,,,0,,,
CONFIG_NET_DSA_MICROCHIP_KSZ_SPI,TODO,UNRESOLVED,,,,0,,,
CONFIG_NET_DSA_MSCC_FELIX,TODO,UNRESOLVED,,,,0,,,
CONFIG_NET_DSA_MSCC_FELIX_DSA_LIB,TODO,UNRESOLVED,,,,0,,,
CONFIG_NET_DSA_MSCC_OCELOT_EXT,TODO,UNRESOLVED,,,,0,,,
CONFIG_NET_DSA_MSCC_SEVILLE,TODO,UNRESOLVED,,,,0,,,
CONFIG_NET_DSA_MT7530,TODO,UNRESOLVED,,,,0,,,
CONFIG_NET_DSA_MT7530_MDIO,TODO,UNRESOLVED,,,,0,,,
CONFIG_NET_DSA_MT7530_MMIO,TODO,UNRESOLVED,,,,0,,,
CONFIG_NET_DSA_MV88E6060,TODO,UNRESOLVED,,,,0,,,
CONFIG_NET_DSA_MV88E6XXX,TODO,UNRESOLVED,,,,0,,,
CONFIG_NET_DSA_MV88E6XXX_LEDS,TODO,UNRESOLVED,,,,0,,,
CONFIG_NET_DSA_MV88E6XXX_PTP,TODO,UNRESOLVED,,,,0,,,
CONFIG_NET_DSA_QCA8K,TODO,UNRESOLVED,,,,0,,,
CONFIG_NET_DSA_QCA8K_LEDS_SUPPORT,TODO,UNRESOLVED,,,,0,,,
CONFIG_NET_DSA_REALTEK,TODO,UNRESOLVED,,,,0,,,
CONFIG_NET_DSA_REALTEK_MDIO,TODO,UNRESOLVED,,,,0,,,
CONFIG_NET_DSA_REALTEK_RTL8365MB,TODO,UNRESOLVED,,,,0,,,
CONFIG_NET_DSA_REALTEK_RTL8366RB,TODO,UNRESOLVED,,,,0,,,
CONFIG_NET_DSA_REALTEK_RTL8366RB_LEDS,TODO,UNRESOLVED,,,,0,,,
CONFIG_NET_DSA_REALTEK_SMI,TODO,UNRESOLVED,,,,0,,,
CONFIG_NET_DSA_RZN1_A5PSW,TODO,UNRESOLVED,,,,0,,,
CONFIG_NET_DSA_SJA1105,TODO,UNRESOLVED,,,,0,,,
CONFIG_NET_DSA_SJA1105_PTP,TODO,UNRESOLVED,,,,0,,,
CONFIG_NET_DSA_SJA1105_TAS,TODO,UNRESOLVED,,,,0,,,
CONFIG_NET_DSA_SJA1105_VL,TODO,UNRESOLVED,,,,0,,,
CONFIG_NET_DSA_SMSC_LAN9303,TODO,UNRESOLVED,,,,0,,,
CONFIG_NET_DSA_SMSC_LAN9303_I2C,TODO,UNRESOLVED,,,,0,,,
CONFIG_NET_DSA_SMSC_LAN9303_MDIO,TODO,UNRESOLVED,,,,0,,,
CONFIG_NET_DSA_TAG_AR9331,TODO,UNRESOLVED,,,,0,,,
CONFIG_NET_DSA_TAG_BRCM,TODO,UNRESOLVED,,,,0,,,
CONFIG_NET_DSA_TAG_BRCM_COMMON,TODO,UNRESOLVED,,,,0,,,
CONFIG_NET_DSA_TAG_BRCM_LEGACY,TODO,UNRESOLVED,,,,0,,,
CONFIG_NET_DSA_TAG_BRCM_LEGACY_FCS,TODO,UNRESOLVED,,,,0,,,
CONFIG_NET_DSA_TAG_BRCM_PREPEND,TODO,UNRESOLVED,,,,0,,,
CONFIG_NET_DSA_TAG_DSA,TODO,UNRESOLVED,,,,0,,,
CONFIG_NET_DSA_TAG_DSA_COMMON,TODO,UNRESOLVED,,,,0,,,
CONFIG_NET_DSA_TAG_EDSA,TODO,UNRESOLVED,,,,0,,,
CONFIG_NET_DSA_TAG_GSWIP,TODO,UNRESOLVED,,,,0,,,
CONFIG_NET_DSA_TAG_HELLCREEK,TODO,UNRESOLVED,,,,0,,,
CONFIG_NET_DSA_TAG_KSZ,TODO,UNRESOLVED,,,,0,,,
CONFIG_NET_DSA_TAG_LAN9303,TODO,UNRESOLVED,,,,0,,,
CONFIG_NET_DSA_TAG_MTK,TODO,UNRESOLVED,,,,0,,,
CONFIG_NET_DSA_TAG_NONE,TODO,UNRESOLVED,,,,0,,,
CONFIG_NET_DSA_TAG_OCELOT,TODO,UNRESOLVED,,,,0,,,
CONFIG_NET_DSA_TAG_OCELOT_8021Q,TODO,UNRESOLVED,,,,0,,,
CONFIG_NET_DSA_TAG_QCA,TODO,UNRESOLVED,,,,0,,,
CONFIG_NET_DSA_TAG_RTL4_A,TODO,UNRESOLVED,,,,0,,,
CONFIG_NET_DSA_TAG_RTL8_4,TODO,UNRESOLVED,,,,0,,,
CONFIG_NET_DSA_TAG_RZN1_A5PSW,TODO,UNRESOLVED,,,,0,,,
CONFIG_NET_DSA_TAG_SJA1105,TODO,UNRESOLVED,,,,0,,,
CONFIG_NET_DSA_TAG_TRAILER,TODO,UNRESOLVED,,,,0,,,
CONFIG_NET_DSA_TAG_VSC73XX_8021Q,TODO,UNRESOLVED,,,,0,,,
CONFIG_NET_DSA_TAG_XRS700X,TODO,UNRESOLVED,,,,0,,,
CONFIG_NET_DSA_VITESSE_VSC73XX,TODO,UNRESOLVED,,,,0,,,
CONFIG_NET_DSA_VITESSE_VSC73XX_PLATFORM,TODO,UNRESOLVED,,,,0,,,
CONFIG_NET_DSA_VITESSE_VSC73XX_SPI,TODO,UNRESOLVED,,,,0,,,
CONFIG_NET_DSA_XRS700X,TODO,UNRESOLVED,,,,0,,,
CONFIG_NET_DSA_XRS700X_I2C,TODO,UNRESOLVED,,,,0,,,
CONFIG_NET_DSA_XRS700X_MDIO,TODO,UNRESOLVED,,,,0,,,
CONFIG_NET_EGRESS,TODO,UNRESOLVED,,,,0,,,
CONFIG_NET_EMATCH,TODO,UNRESOLVED,,,,0,,,
CONFIG_NET_EMATCH_CANID,TODO,UNRESOLVED,,,,0,,,
CONFIG_NET_EMATCH_CMP,TODO,UNRESOLVED,,,,0,,,
CONFIG_NET_EMATCH_IPSET,TODO,UNRESOLVED,,,,0,,,
CONFIG_NET_EMATCH_IPT,TODO,UNRESOLVED,,,,0,,,
CONFIG_NET_EMATCH_META,TODO,UNRESOLVED,,,,0,,,
CONFIG_NET_EMATCH_NBYTE,TODO,UNRESOLVED,,,,0,,,
CONFIG_NET_EMATCH_STACK,TODO,UNRESOLVED,,,,0,,,
CONFIG_NET_EMATCH_TEXT,TODO,UNRESOLVED,,,,0,,,
CONFIG_NET_EMATCH_U32,TODO,UNRESOLVED,,,,0,,,
CONFIG_NET_FAILOVER,TODO,UNRESOLVED,,,,0,,,
CONFIG_NET_FC,TODO,UNRESOLVED,,,,0,,,
CONFIG_NET_FLOW_LIMIT,TODO,UNRESOLVED,,,,0,,,
CONFIG_NET_FOU,TODO,UNRESOLVED,,,,0,,,
CONFIG_NET_FOU_IP_TUNNELS,TODO,UNRESOLVED,,,,0,,,
CONFIG_NET_HANDSHAKE,TODO,UNRESOLVED,,,,0,,,
CONFIG_NET_HANDSHAKE_KUNIT_TEST,TODO,UNRESOLVED,,,,0,,,
CONFIG_NET_IEEE8021Q_HELPERS,TODO,UNRESOLVED,,,,0,,,
CONFIG_NET_IFE,TODO,UNRESOLVED,,,,0,,,
CONFIG_NET_IFE_SKBMARK,TODO,UNRESOLVED,,,,0,,,
CONFIG_NET_IFE_SKBPRIO,TODO,UNRESOLVED,,,,0,,,
CONFIG_NET_IFE_SKBTCINDEX,TODO,UNRESOLVED,,,,0,,,
CONFIG_NET_INGRESS,TODO,UNRESOLVED,,,,0,,,
CONFIG_NET_IPGRE,TODO,UNRESOLVED,,,,0,,,
CONFIG_NET_IPGRE_BROADCAST,TODO,UNRESOLVED,,,,0,,,
CONFIG_NET_IPGRE_DEMUX,TODO,UNRESOLVED,,,,0,,,
CONFIG_NET_IPIP,TODO,UNRESOLVED,,,,0,,,
CONFIG_NET_IPVTI,TODO,UNRESOLVED,,,,0,,,
CONFIG_NET_IP_TUNNEL,TODO,UNRESOLVED,,,,0,,,
CONFIG_NET_KEY,TODO,UNRESOLVED,,,,0,,,
CONFIG_NET_KEY_MIGRATE,TODO,UNRESOLVED,,,,0,,,
CONFIG_NET_L3_MASTER_DEV,TODO,UNRESOLVED,,,,0,,,
CONFIG_NET_MEDIATEK_SOC,TODO,UNRESOLVED,,,,0,,,
CONFIG_NET_MEDIATEK_SOC_WED,TODO,UNRESOLVED,,,,0,,,
CONFIG_NET_MEDIATEK_STAR_EMAC,TODO,UNRESOLVED,,,,0,,,
CONFIG_NET_MPLS_GSO,TODO,UNRESOLVED,,,,0,,,
CONFIG_NET_NCSI,TODO,UNRESOLVED,,,,0,,,
CONFIG_NET_NS,REVIEWED,DEFERRED,DOCUMENTED_SCENARIO,OPTIONAL,networking,1,"No K-HOSTCHAN-001 evidence selects NET_NS. The exact GNS path runs in the root network namespace, and the host rejected mirrored mode because SeccompAvailable=0, not because NET_NS was absent. Networking remains deferred.",https://github.com/microsoft/WSL/tree/68f601bba8eac1df20a0bbd403c6c87c92369ade/src/linux,
CONFIG_NET_NSH,TODO,UNRESOLVED,,,,0,,,
CONFIG_NET_NS_REFCNT_TRACKER,TODO,UNRESOLVED,,,,0,,,
CONFIG_NET_PKTGEN,TODO,UNRESOLVED,,,,0,,,
CONFIG_NET_POLL_CONTROLLER,TODO,UNRESOLVED,,,,0,,,
CONFIG_NET_PTP_CLASSIFY,TODO,UNRESOLVED,,,,0,,,
CONFIG_NET_REDIRECT,TODO,UNRESOLVED,,,,0,,,
CONFIG_NET_RX_BUSY_POLL,TODO,UNRESOLVED,,,,0,,,
CONFIG_NET_SCHED,TODO,UNRESOLVED,,,,0,,,
CONFIG_NET_SCH_BPF,TODO,UNRESOLVED,,,,0,,,
CONFIG_NET_SCH_CAKE,TODO,UNRESOLVED,,,,0,,,
CONFIG_NET_SCH_CBS,TODO,UNRESOLVED,,,,0,,,
CONFIG_NET_SCH_CHOKE,TODO,UNRESOLVED,,,,0,,,
CONFIG_NET_SCH_CODEL,TODO,UNRESOLVED,,,,0,,,
CONFIG_NET_SCH_DEFAULT,TODO,UNRESOLVED,,,,0,,,
CONFIG_NET_SCH_DRR,TODO,UNRESOLVED,,,,0,,,
CONFIG_NET_SCH_DUALPI2,TODO,UNRESOLVED,,,,0,,,
CONFIG_NET_SCH_ETF,TODO,UNRESOLVED,,,,0,,,
CONFIG_NET_SCH_ETS,TODO,UNRESOLVED,,,,0,,,
CONFIG_NET_SCH_FIFO,TODO,UNRESOLVED,,,,0,,,
CONFIG_NET_SCH_FQ,TODO,UNRESOLVED,,,,0,,,
CONFIG_NET_SCH_FQ_CODEL,TODO,UNRESOLVED,,,,0,,,
CONFIG_NET_SCH_FQ_PIE,TODO,UNRESOLVED,,,,0,,,
CONFIG_NET_SCH_GRED,TODO,UNRESOLVED,,,,0,,,
CONFIG_NET_SCH_HFSC,TODO,UNRESOLVED,,,,0,,,
CONFIG_NET_SCH_HHF,TODO,UNRESOLVED,,,,0,,,
CONFIG_NET_SCH_HTB,TODO,UNRESOLVED,,,,0,,,
CONFIG_NET_SCH_INGRESS,TODO,UNRESOLVED,,,,0,,,
CONFIG_NET_SCH_MQPRIO,TODO,UNRESOLVED,,,,0,,,
CONFIG_NET_SCH_MQPRIO_LIB,TODO,UNRESOLVED,,,,0,,,
CONFIG_NET_SCH_MULTIQ,TODO,UNRESOLVED,,,,0,,,
CONFIG_NET_SCH_NETEM,TODO,UNRESOLVED,,,,0,,,
CONFIG_NET_SCH_PIE,TODO,UNRESOLVED,,,,0,,,
CONFIG_NET_SCH_PLUG,TODO,UNRESOLVED,,,,0,,,
CONFIG_NET_SCH_PRIO,TODO,UNRESOLVED,,,,0,,,
CONFIG_NET_SCH_QFQ,TODO,UNRESOLVED,,,,0,,,
CONFIG_NET_SCH_RED,TODO,UNRESOLVED,,,,0,,,
CONFIG_NET_SCH_SFB,TODO,UNRESOLVED,,,,0,,,
CONFIG_NET_SCH_SFQ,TODO,UNRESOLVED,,,,0,,,
CONFIG_NET_SCH_SKBPRIO,TODO,UNRESOLVED,,,,0,,,
CONFIG_NET_SCH_TAPRIO,TODO,UNRESOLVED,,,,0,,,
CONFIG_NET_SCH_TBF,TODO,UNRESOLVED,,,,0,,,
CONFIG_NET_SCH_TEQL,TODO,UNRESOLVED,,,,0,,,
CONFIG_NET_SELFTESTS,TODO,UNRESOLVED,,,,0,,,
CONFIG_NET_SHAPER,TODO,UNRESOLVED,,,,0,,,
CONFIG_NET_SOCK_MSG,TODO,UNRESOLVED,,,,0,,,
CONFIG_NET_SWITCHDEV,TODO,UNRESOLVED,,,,0,,,
CONFIG_NET_TC_SKB_EXT,TODO,UNRESOLVED,,,,0,,,
CONFIG_NET_TEAM,TODO,UNRESOLVED,,,,0,,,
CONFIG_NET_TEAM_MODE_ACTIVEBACKUP,TODO,UNRESOLVED,,,,0,,,
CONFIG_NET_TEAM_MODE_BROADCAST,TODO,UNRESOLVED,,,,0,,,
CONFIG_NET_TEAM_MODE_LOADBALANCE,TODO,UNRESOLVED,,,,0,,,
CONFIG_NET_TEAM_MODE_RANDOM,TODO,UNRESOLVED,,,,0,,,
CONFIG_NET_TEAM_MODE_ROUNDROBIN,TODO,UNRESOLVED,,,,0,,,
CONFIG_NET_TEST,TODO,UNRESOLVED,,,,0,,,
CONFIG_NET_TULIP,TODO,UNRESOLVED,,,,0,,,
CONFIG_NET_UDP_TUNNEL,TODO,UNRESOLVED,,,,0,,,
CONFIG_NET_VENDOR_3COM,TODO,UNRESOLVED,,,,0,,,
CONFIG_NET_VENDOR_8390,TODO,UNRESOLVED,,,,0,,,
CONFIG_NET_VENDOR_ACTIONS,TODO,UNRESOLVED,,,,0,,,
CONFIG_NET_VENDOR_ADAPTEC,TODO,UNRESOLVED,,,,0,,,
CONFIG_NET_VENDOR_ADI,TODO,UNRESOLVED,,,,0,,,
CONFIG_NET_VENDOR_AGERE,TODO,UNRESOLVED,,,,0,,,
CONFIG_NET_VENDOR_AIROHA,TODO,UNRESOLVED,,,,0,,,
CONFIG_NET_VENDOR_ALACRITECH,TODO,UNRESOLVED,,,,0,,,
CONFIG_NET_VENDOR_ALLWINNER,TODO,UNRESOLVED,,,,0,,,
CONFIG_NET_VENDOR_ALTEON,TODO,UNRESOLVED,,,,0,,,
CONFIG_NET_VENDOR_AMAZON,TODO,UNRESOLVED,,,,0,,,
CONFIG_NET_VENDOR_AMD,TODO,UNRESOLVED,,,,0,,,
CONFIG_NET_VENDOR_APPLE,TODO,UNRESOLVED,,,,0,,,
CONFIG_NET_VENDOR_AQUANTIA,TODO,UNRESOLVED,,,,0,,,
CONFIG_NET_VENDOR_ARC,TODO,UNRESOLVED,,,,0,,,
CONFIG_NET_VENDOR_ASIX,TODO,UNRESOLVED,,,,0,,,
CONFIG_NET_VENDOR_ATHEROS,TODO,UNRESOLVED,,,,0,,,
CONFIG_NET_VENDOR_BROADCOM,TODO,UNRESOLVED,,,,0,,,
CONFIG_NET_VENDOR_BROCADE,TODO,UNRESOLVED,,,,0,,,
CONFIG_NET_VENDOR_CADENCE,TODO,UNRESOLVED,,,,0,,,
CONFIG_NET_VENDOR_CAVIUM,TODO,UNRESOLVED,,,,0,,,
CONFIG_NET_VENDOR_CHELSIO,TODO,UNRESOLVED,,,,0,,,
CONFIG_NET_VENDOR_CIRRUS,TODO,UNRESOLVED,,,,0,,,
CONFIG_NET_VENDOR_CISCO,TODO,UNRESOLVED,,,,0,,,
CONFIG_NET_VENDOR_CORTINA,TODO,UNRESOLVED,,,,0,,,
CONFIG_NET_VENDOR_DAVICOM,TODO,UNRESOLVED,,,,0,,,
CONFIG_NET_VENDOR_DEC,TODO,UNRESOLVED,,,,0,,,
CONFIG_NET_VENDOR_DLINK,TODO,UNRESOLVED,,,,0,,,
CONFIG_NET_VENDOR_EMULEX,TODO,UNRESOLVED,,,,0,,,
CONFIG_NET_VENDOR_ENGLEDER,TODO,UNRESOLVED,,,,0,,,
CONFIG_NET_VENDOR_EZCHIP,TODO,UNRESOLVED,,,,0,,,
CONFIG_NET_VENDOR_FARADAY,TODO,UNRESOLVED,,,,0,,,
CONFIG_NET_VENDOR_FREESCALE,TODO,UNRESOLVED,,,,0,,,
CONFIG_NET_VENDOR_FUJITSU,TODO,UNRESOLVED,,,,0,,,
CONFIG_NET_VENDOR_FUNGIBLE,TODO,UNRESOLVED,,,,0,,,
CONFIG_NET_VENDOR_GOOGLE,TODO,UNRESOLVED,,,,0,,,
CONFIG_NET_VENDOR_HISILICON,REVIEWED,DEFERRED,DOCUMENTED_SCENARIO,OPTIONAL,held-parent-default,1,Held at K-HVCORE-001 value n to prevent unrelated defaults from widening K-HOSTCHAN-001.,https://github.com/microsoft/WSL2-Linux-Kernel/tree/14794180686c2fb6307fbe359c359bec765249f3,
CONFIG_NET_VENDOR_HUAWEI,TODO,UNRESOLVED,,,,0,,,
CONFIG_NET_VENDOR_I825XX,TODO,UNRESOLVED,,,,0,,,
CONFIG_NET_VENDOR_IBM,TODO,UNRESOLVED,,,,0,,,
CONFIG_NET_VENDOR_INTEL,TODO,UNRESOLVED,,,,0,,,
CONFIG_NET_VENDOR_LITEX,TODO,UNRESOLVED,,,,0,,,
CONFIG_NET_VENDOR_MARVELL,TODO,UNRESOLVED,,,,0,,,
CONFIG_NET_VENDOR_MEDIATEK,TODO,UNRESOLVED,,,,0,,,
CONFIG_NET_VENDOR_MELLANOX,TODO,UNRESOLVED,,,,0,,,
CONFIG_NET_VENDOR_META,TODO,UNRESOLVED,,,,0,,,
CONFIG_NET_VENDOR_MICREL,TODO,UNRESOLVED,,,,0,,,
CONFIG_NET_VENDOR_MICROCHIP,TODO,UNRESOLVED,,,,0,,,
CONFIG_NET_VENDOR_MICROSEMI,TODO,UNRESOLVED,,,,0,,,
CONFIG_NET_VENDOR_MICROSOFT,TODO,UNRESOLVED,,,,0,,,
CONFIG_NET_VENDOR_MOXART,TODO,UNRESOLVED,,,,0,,,
CONFIG_NET_VENDOR_MYRI,TODO,UNRESOLVED,,,,0,,,
CONFIG_NET_VENDOR_NATSEMI,TODO,UNRESOLVED,,,,0,,,
CONFIG_NET_VENDOR_NETERION,TODO,UNRESOLVED,,,,0,,,
CONFIG_NET_VENDOR_NETRONOME,TODO,UNRESOLVED,,,,0,,,
CONFIG_NET_VENDOR_NI,TODO,UNRESOLVED,,,,0,,,
CONFIG_NET_VENDOR_NVIDIA,TODO,UNRESOLVED,,,,0,,,
CONFIG_NET_VENDOR_OKI,TODO,UNRESOLVED,,,,0,,,
CONFIG_NET_VENDOR_PACKET_ENGINES,TODO,UNRESOLVED,,,,0,,,
CONFIG_NET_VENDOR_PASEMI,TODO,UNRESOLVED,,,,0,,,
CONFIG_NET_VENDOR_PENSANDO,TODO,UNRESOLVED,,,,0,,,
CONFIG_NET_VENDOR_QLOGIC,TODO,UNRESOLVED,,,,0,,,
CONFIG_NET_VENDOR_QUALCOMM,TODO,UNRESOLVED,,,,0,,,
CONFIG_NET_VENDOR_RDC,TODO,UNRESOLVED,,,,0,,,
CONFIG_NET_VENDOR_REALTEK,TODO,UNRESOLVED,,,,0,,,
CONFIG_NET_VENDOR_RENESAS,TODO,UNRESOLVED,,,,0,,,
CONFIG_NET_VENDOR_ROCKER,TODO,UNRESOLVED,,,,0,,,
CONFIG_NET_VENDOR_SAMSUNG,TODO,UNRESOLVED,,,,0,,,
CONFIG_NET_VENDOR_SEEQ,TODO,UNRESOLVED,,,,0,,,
CONFIG_NET_VENDOR_SGI,TODO,UNRESOLVED,,,,0,,,
CONFIG_NET_VENDOR_SILAN,TODO,UNRESOLVED,,,,0,,,
CONFIG_NET_VENDOR_SIS,TODO,UNRESOLVED,,,,0,,,
CONFIG_NET_VENDOR_SMSC,TODO,UNRESOLVED,,,,0,,,
CONFIG_NET_VENDOR_SOCIONEXT,TODO,UNRESOLVED,,,,0,,,
CONFIG_NET_VENDOR_SOLARFLARE,TODO,UNRESOLVED,,,,0,,,
CONFIG_NET_VENDOR_SPACEMIT,TODO,UNRESOLVED,,,,0,,,
CONFIG_NET_VENDOR_STMICRO,TODO,UNRESOLVED,,,,0,,,
CONFIG_NET_VENDOR_SUN,TODO,UNRESOLVED,,,,0,,,
CONFIG_NET_VENDOR_SUNPLUS,TODO,UNRESOLVED,,,,0,,,
CONFIG_NET_VENDOR_SYNOPSYS,TODO,UNRESOLVED,,,,0,,,
CONFIG_NET_VENDOR_TEHUTI,TODO,UNRESOLVED,,,,0,,,
CONFIG_NET_VENDOR_TI,TODO,UNRESOLVED,,,,0,,,
CONFIG_NET_VENDOR_TOSHIBA,TODO,UNRESOLVED,,,,0,,,
CONFIG_NET_VENDOR_TUNDRA,TODO,UNRESOLVED,,,,0,,,
CONFIG_NET_VENDOR_VERTEXCOM,TODO,UNRESOLVED,,,,0,,,
CONFIG_NET_VENDOR_VIA,TODO,UNRESOLVED,,,,0,,,
CONFIG_NET_VENDOR_WANGXUN,TODO,UNRESOLVED,,,,0,,,
CONFIG_NET_VENDOR_WIZNET,TODO,UNRESOLVED,,,,0,,,
CONFIG_NET_VENDOR_XILINX,TODO,UNRESOLVED,,,,0,,,
CONFIG_NET_VENDOR_XIRCOM,TODO,UNRESOLVED,,,,0,,,
CONFIG_NET_VENDOR_XSCALE,TODO,UNRESOLVED,,,,0,,,
CONFIG_NET_VRF,TODO,UNRESOLVED,,,,0,,,
CONFIG_NET_XGENE,TODO,UNRESOLVED,,,,0,,,
CONFIG_NET_XGENE_V2,TODO,UNRESOLVED,,,,0,,,
CONFIG_NET_XGRESS,TODO,UNRESOLVED,,,,0,,,
CONFIG_NEW_LEDS,TODO,UNRESOLVED,,,,0,,,
CONFIG_NFC,TODO,UNRESOLVED,,,,0,,,
CONFIG_NFC_DIGITAL,TODO,UNRESOLVED,,,,0,,,
CONFIG_NFC_FDP,TODO,UNRESOLVED,,,,0,,,
CONFIG_NFC_FDP_I2C,TODO,UNRESOLVED,,,,0,,,
CONFIG_NFC_HCI,TODO,UNRESOLVED,,,,0,,,
CONFIG_NFC_MEI_PHY,TODO,UNRESOLVED,,,,0,,,
CONFIG_NFC_MICROREAD,TODO,UNRESOLVED,,,,0,,,
CONFIG_NFC_MICROREAD_I2C,TODO,UNRESOLVED,,,,0,,,
CONFIG_NFC_MICROREAD_MEI,TODO,UNRESOLVED,,,,0,,,
CONFIG_NFC_MRVL,TODO,UNRESOLVED,,,,0,,,
CONFIG_NFC_MRVL_I2C,TODO,UNRESOLVED,,,,0,,,
CONFIG_NFC_MRVL_SPI,TODO,UNRESOLVED,,,,0,,,
CONFIG_NFC_MRVL_UART,TODO,UNRESOLVED,,,,0,,,
CONFIG_NFC_MRVL_USB,TODO,UNRESOLVED,,,,0,,,
CONFIG_NFC_NCI,TODO,UNRESOLVED,,,,0,,,
CONFIG_NFC_NCI_SPI,TODO,UNRESOLVED,,,,0,,,
CONFIG_NFC_NCI_UART,TODO,UNRESOLVED,,,,0,,,
CONFIG_NFC_NXP_NCI,TODO,UNRESOLVED,,,,0,,,
CONFIG_NFC_NXP_NCI_I2C,TODO,UNRESOLVED,,,,0,,,
CONFIG_NFC_PN532_UART,TODO,UNRESOLVED,,,,0,,,
CONFIG_NFC_PN533,TODO,UNRESOLVED,,,,0,,,
CONFIG_NFC_PN533_I2C,TODO,UNRESOLVED,,,,0,,,
CONFIG_NFC_PN533_USB,TODO,UNRESOLVED,,,,0,,,
CONFIG_NFC_PN544,TODO,UNRESOLVED,,,,0,,,
CONFIG_NFC_PN544_I2C,TODO,UNRESOLVED,,,,0,,,
CONFIG_NFC_PN544_MEI,TODO,UNRESOLVED,,,,0,,,
CONFIG_NFC_PORT100,TODO,UNRESOLVED,,,,0,,,
CONFIG_NFC_S3FWRN5,TODO,UNRESOLVED,,,,0,,,
CONFIG_NFC_S3FWRN5_I2C,TODO,UNRESOLVED,,,,0,,,
CONFIG_NFC_S3FWRN82_UART,TODO,UNRESOLVED,,,,0,,,
CONFIG_NFC_SHDLC,TODO,UNRESOLVED,,,,0,,,
CONFIG_NFC_SIM,TODO,UNRESOLVED,,,,0,,,
CONFIG_NFC_ST21NFCA,TODO,UNRESOLVED,,,,0,,,
CONFIG_NFC_ST21NFCA_I2C,TODO,UNRESOLVED,,,,0,,,
CONFIG_NFC_ST95HF,TODO,UNRESOLVED,,,,0,,,
CONFIG_NFC_ST_NCI,TODO,UNRESOLVED,,,,0,,,
CONFIG_NFC_ST_NCI_I2C,TODO,UNRESOLVED,,,,0,,,
CONFIG_NFC_ST_NCI_SPI,TODO,UNRESOLVED,,,,0,,,
CONFIG_NFC_TRF7970A,TODO,UNRESOLVED,,,,0,,,
CONFIG_NFC_VIRTUAL_NCI,TODO,UNRESOLVED,,,,0,,,
CONFIG_NFIT_SECURITY_DEBUG,TODO,UNRESOLVED,,,,0,,,
CONFIG_NFP,TODO,UNRESOLVED,,,,0,,,
CONFIG_NFP_APP_ABM_NIC,TODO,UNRESOLVED,,,,0,,,
CONFIG_NFP_APP_FLOWER,TODO,UNRESOLVED,,,,0,,,
CONFIG_NFP_DEBUG,TODO,UNRESOLVED,,,,0,,,
CONFIG_NFP_NET_IPSEC,TODO,UNRESOLVED,,,,0,,,
CONFIG_NFSD,TODO,UNRESOLVED,,,,0,,,
CONFIG_NFSD_BLOCKLAYOUT,TODO,UNRESOLVED,,,,0,,,
CONFIG_NFSD_FLEXFILELAYOUT,TODO,UNRESOLVED,,,,0,,,
CONFIG_NFSD_LEGACY_CLIENT_TRACKING,TODO,UNRESOLVED,,,,0,,,
CONFIG_NFSD_PNFS,TODO,UNRESOLVED,,,,0,,,
CONFIG_NFSD_SCSILAYOUT,TODO,UNRESOLVED,,,,0,,,
CONFIG_NFSD_V2,TODO,UNRESOLVED,,,,0,,,
CONFIG_NFSD_V2_ACL,TODO,UNRESOLVED,,,,0,,,
CONFIG_NFSD_V3_ACL,TODO,UNRESOLVED,,,,0,,,
CONFIG_NFSD_V4,TODO,UNRESOLVED,,,,0,,,
CONFIG_NFSD_V4_2_INTER_SSC,TODO,UNRESOLVED,,,,0,,,
CONFIG_NFSD_V4_DELEG_TIMESTAMPS,TODO,UNRESOLVED,,,,0,,,
CONFIG_NFSD_V4_SECURITY_LABEL,TODO,UNRESOLVED,,,,0,,,
CONFIG_NFS_ACL_SUPPORT,TODO,UNRESOLVED,,,,0,,,
CONFIG_NFS_COMMON,TODO,UNRESOLVED,,,,0,,,
CONFIG_NFS_COMMON_LOCALIO_SUPPORT,TODO,UNRESOLVED,,,,0,,,
CONFIG_NFS_DEBUG,TODO,UNRESOLVED,,,,0,,,
CONFIG_NFS_DISABLE_UDP_SUPPORT,TODO,UNRESOLVED,,,,0,,,
CONFIG_NFS_FS,TODO,UNRESOLVED,,,,0,,,
CONFIG_NFS_FSCACHE,TODO,UNRESOLVED,,,,0,,,
CONFIG_NFS_LOCALIO,TODO,UNRESOLVED,,,,0,,,
CONFIG_NFS_SWAP,TODO,UNRESOLVED,,,,0,,,
CONFIG_NFS_USE_KERNEL_DNS,TODO,UNRESOLVED,,,,0,,,
CONFIG_NFS_USE_LEGACY_DNS,TODO,UNRESOLVED,,,,0,,,
CONFIG_NFS_V2,TODO,UNRESOLVED,,,,0,,,
CONFIG_NFS_V3,TODO,UNRESOLVED,,,,0,,,
CONFIG_NFS_V3_ACL,TODO,UNRESOLVED,,,,0,,,
CONFIG_NFS_V4,TODO,UNRESOLVED,,,,0,,,
CONFIG_NFS_V4_1,TODO,UNRESOLVED,,,,0,,,
CONFIG_NFS_V4_1_IMPLEMENTATION_ID_DOMAIN,TODO,UNRESOLVED,,,,0,,,
CONFIG_NFS_V4_1_MIGRATION,TODO,UNRESOLVED,,,,0,,,
CONFIG_NFS_V4_2,TODO,UNRESOLVED,,,,0,,,
CONFIG_NFS_V4_2_READ_PLUS,TODO,UNRESOLVED,,,,0,,,
CONFIG_NFS_V4_2_SSC_HELPER,TODO,UNRESOLVED,,,,0,,,
CONFIG_NFS_V4_SECURITY_LABEL,TODO,UNRESOLVED,,,,0,,,
CONFIG_NFTL,TODO,UNRESOLVED,,,,0,,,
CONFIG_NFTL_RW,TODO,UNRESOLVED,,,,0,,,
CONFIG_NFT_BRIDGE_META,TODO,UNRESOLVED,,,,0,,,
CONFIG_NFT_BRIDGE_REJECT,TODO,UNRESOLVED,,,,0,,,
CONFIG_NFT_COMPAT,TODO,UNRESOLVED,,,,0,,,
CONFIG_NFT_COMPAT_ARP,TODO,UNRESOLVED,,,,0,,,
CONFIG_NFT_CONNLIMIT,TODO,UNRESOLVED,,,,0,,,
CONFIG_NFT_CT,TODO,UNRESOLVED,,,,0,,,
CONFIG_NFT_DUP_IPV4,TODO,UNRESOLVED,,,,0,,,
CONFIG_NFT_DUP_IPV6,TODO,UNRESOLVED,,,,0,,,
CONFIG_NFT_DUP_NETDEV,TODO,UNRESOLVED,,,,0,,,
CONFIG_NFT_EXTHDR_DCCP,TODO,UNRESOLVED,,,,0,,,
CONFIG_NFT_FIB,TODO,UNRESOLVED,,,,0,,,
CONFIG_NFT_FIB_INET,TODO,UNRESOLVED,,,,0,,,
CONFIG_NFT_FIB_IPV4,TODO,UNRESOLVED,,,,0,,,
CONFIG_NFT_FIB_IPV6,TODO,UNRESOLVED,,,,0,,,
CONFIG_NFT_FIB_NETDEV,TODO,UNRESOLVED,,,,0,,,
CONFIG_NFT_FLOW_OFFLOAD,TODO,UNRESOLVED,,,,0,,,
CONFIG_NFT_FWD_NETDEV,TODO,UNRESOLVED,,,,0,,,
CONFIG_NFT_HASH,TODO,UNRESOLVED,,,,0,,,
CONFIG_NFT_LIMIT,TODO,UNRESOLVED,,,,0,,,
CONFIG_NFT_LOG,TODO,UNRESOLVED,,,,0,,,
CONFIG_NFT_MASQ,TODO,UNRESOLVED,,,,0,,,
CONFIG_NFT_NAT,TODO,UNRESOLVED,,,,0,,,
CONFIG_NFT_NUMGEN,TODO,UNRESOLVED,,,,0,,,
CONFIG_NFT_OSF,TODO,UNRESOLVED,,,,0,,,
CONFIG_NFT_QUEUE,TODO,UNRESOLVED,,,,0,,,
CONFIG_NFT_QUOTA,TODO,UNRESOLVED,,,,0,,,
CONFIG_NFT_REDIR,TODO,UNRESOLVED,,,,0,,,
CONFIG_NFT_REJECT,TODO,UNRESOLVED,,,,0,,,
CONFIG_NFT_REJECT_INET,TODO,UNRESOLVED,,,,0,,,
CONFIG_NFT_REJECT_IPV4,TODO,UNRESOLVED,,,,0,,,
CONFIG_NFT_REJECT_IPV6,TODO,UNRESOLVED,,,,0,,,
CONFIG_NFT_REJECT_NETDEV,TODO,UNRESOLVED,,,,0,,,
CONFIG_NFT_SOCKET,TODO,UNRESOLVED,,,,0,,,
CONFIG_NFT_SYNPROXY,TODO,UNRESOLVED,,,,0,,,
CONFIG_NFT_TPROXY,TODO,UNRESOLVED,,,,0,,,
CONFIG_NFT_TUNNEL,TODO,UNRESOLVED,,,,0,,,
CONFIG_NFT_XFRM,TODO,UNRESOLVED,,,,0,,,
CONFIG_NF_CONNTRACK,TODO,UNRESOLVED,,,,0,,,
CONFIG_NF_CONNTRACK_AMANDA,TODO,UNRESOLVED,,,,0,,,
CONFIG_NF_CONNTRACK_BRIDGE,TODO,UNRESOLVED,,,,0,,,
CONFIG_NF_CONNTRACK_BROADCAST,TODO,UNRESOLVED,,,,0,,,
CONFIG_NF_CONNTRACK_EVENTS,TODO,UNRESOLVED,,,,0,,,
CONFIG_NF_CONNTRACK_FTP,TODO,UNRESOLVED,,,,0,,,
CONFIG_NF_CONNTRACK_H323,TODO,UNRESOLVED,,,,0,,,
CONFIG_NF_CONNTRACK_IRC,TODO,UNRESOLVED,,,,0,,,
CONFIG_NF_CONNTRACK_LABELS,TODO,UNRESOLVED,,,,0,,,
CONFIG_NF_CONNTRACK_MARK,TODO,UNRESOLVED,,,,0,,,
CONFIG_NF_CONNTRACK_NETBIOS_NS,TODO,UNRESOLVED,,,,0,,,
CONFIG_NF_CONNTRACK_OVS,TODO,UNRESOLVED,,,,0,,,
CONFIG_NF_CONNTRACK_PPTP,TODO,UNRESOLVED,,,,0,,,
CONFIG_NF_CONNTRACK_PROCFS,TODO,UNRESOLVED,,,,0,,,
CONFIG_NF_CONNTRACK_SANE,TODO,UNRESOLVED,,,,0,,,
CONFIG_NF_CONNTRACK_SECMARK,TODO,UNRESOLVED,,,,0,,,
CONFIG_NF_CONNTRACK_SIP,TODO,UNRESOLVED,,,,0,,,
CONFIG_NF_CONNTRACK_SNMP,TODO,UNRESOLVED,,,,0,,,
CONFIG_NF_CONNTRACK_TFTP,TODO,UNRESOLVED,,,,0,,,
CONFIG_NF_CONNTRACK_TIMEOUT,TODO,UNRESOLVED,,,,0,,,
CONFIG_NF_CONNTRACK_TIMESTAMP,TODO,UNRESOLVED,,,,0,,,
CONFIG_NF_CONNTRACK_ZONES,TODO,UNRESOLVED,,,,0,,,
CONFIG_NF_CT_NETLINK,TODO,UNRESOLVED,,,,0,,,
CONFIG_NF_CT_NETLINK_HELPER,TODO,UNRESOLVED,,,,0,,,
CONFIG_NF_CT_NETLINK_TIMEOUT,TODO,UNRESOLVED,,,,0,,,
CONFIG_NF_CT_PROTO_GRE,TODO,UNRESOLVED,,,,0,,,
CONFIG_NF_CT_PROTO_SCTP,TODO,UNRESOLVED,,,,0,,,
CONFIG_NF_CT_PROTO_UDPLITE,TODO,UNRESOLVED,,,,0,,,
CONFIG_NF_DEFRAG_IPV4,TODO,UNRESOLVED,,,,0,,,
CONFIG_NF_DEFRAG_IPV6,TODO,UNRESOLVED,,,,0,,,
CONFIG_NF_DUP_IPV4,TODO,UNRESOLVED,,,,0,,,
CONFIG_NF_DUP_IPV6,TODO,UNRESOLVED,,,,0,,,
CONFIG_NF_DUP_NETDEV,TODO,UNRESOLVED,,,,0,,,
CONFIG_NF_FLOW_TABLE,TODO,UNRESOLVED,,,,0,,,
CONFIG_NF_FLOW_TABLE_INET,TODO,UNRESOLVED,,,,0,,,
CONFIG_NF_FLOW_TABLE_PROCFS,TODO,UNRESOLVED,,,,0,,,
CONFIG_NF_LOG_ARP,TODO,UNRESOLVED,,,,0,,,
CONFIG_NF_LOG_IPV4,TODO,UNRESOLVED,,,,0,,,
CONFIG_NF_LOG_IPV6,TODO,UNRESOLVED,,,,0,,,
CONFIG_NF_LOG_SYSLOG,TODO,UNRESOLVED,,,,0,,,
CONFIG_NF_NAT,TODO,UNRESOLVED,,,,0,,,
CONFIG_NF_NAT_AMANDA,TODO,UNRESOLVED,,,,0,,,
CONFIG_NF_NAT_FTP,TODO,UNRESOLVED,,,,0,,,
CONFIG_NF_NAT_H323,TODO,UNRESOLVED,,,,0,,,
CONFIG_NF_NAT_IRC,TODO,UNRESOLVED,,,,0,,,
CONFIG_NF_NAT_MASQUERADE,TODO,UNRESOLVED,,,,0,,,
CONFIG_NF_NAT_OVS,TODO,UNRESOLVED,,,,0,,,
CONFIG_NF_NAT_PPTP,TODO,UNRESOLVED,,,,0,,,
CONFIG_NF_NAT_REDIRECT,TODO,UNRESOLVED,,,,0,,,
CONFIG_NF_NAT_SIP,TODO,UNRESOLVED,,,,0,,,
CONFIG_NF_NAT_SNMP_BASIC,TODO,UNRESOLVED,,,,0,,,
CONFIG_NF_NAT_TFTP,TODO,UNRESOLVED,,,,0,,,
CONFIG_NF_REJECT_IPV4,TODO,UNRESOLVED,,,,0,,,
CONFIG_NF_REJECT_IPV6,TODO,UNRESOLVED,,,,0,,,
CONFIG_NF_SOCKET_IPV4,TODO,UNRESOLVED,,,,0,,,
CONFIG_NF_SOCKET_IPV6,TODO,UNRESOLVED,,,,0,,,
CONFIG_NF_TABLES,TODO,UNRESOLVED,,,,0,,,
CONFIG_NF_TABLES_ARP,TODO,UNRESOLVED,,,,0,,,
CONFIG_NF_TABLES_BRIDGE,TODO,UNRESOLVED,,,,0,,,
CONFIG_NF_TABLES_INET,TODO,UNRESOLVED,,,,0,,,
CONFIG_NF_TABLES_IPV4,TODO,UNRESOLVED,,,,0,,,
CONFIG_NF_TABLES_IPV6,TODO,UNRESOLVED,,,,0,,,
CONFIG_NF_TABLES_NETDEV,TODO,UNRESOLVED,,,,0,,,
CONFIG_NF_TPROXY_IPV4,TODO,UNRESOLVED,,,,0,,,
CONFIG_NF_TPROXY_IPV6,TODO,UNRESOLVED,,,,0,,,
CONFIG_NGBE,TODO,UNRESOLVED,,,,0,,,
CONFIG_NGBEVF,TODO,UNRESOLVED,,,,0,,,
CONFIG_NI903X_WDT,TODO,UNRESOLVED,,,,0,,,
CONFIG_NIC7018_WDT,TODO,UNRESOLVED,,,,0,,,
CONFIG_NILFS2_FS,TODO,UNRESOLVED,,,,0,,,
CONFIG_NINTENDO_FF,TODO,UNRESOLVED,,,,0,,,
CONFIG_NITRO_ENCLAVES,TODO,UNRESOLVED,,,,0,,,
CONFIG_NITRO_ENCLAVES_MISC_DEV_TEST,TODO,UNRESOLVED,,,,0,,,
CONFIG_NIU,TODO,UNRESOLVED,,,,0,,,
CONFIG_NI_XGE_MANAGEMENT_ENET,TODO,UNRESOLVED,,,,0,,,
CONFIG_NL80211_TESTMODE,TODO,UNRESOLVED,,,,0,,,
CONFIG_NLATTR,TODO,UNRESOLVED,,,,0,,,
CONFIG_NLMON,TODO,UNRESOLVED,,,,0,,,
CONFIG_NLS,TODO,UNRESOLVED,,,,0,,,
CONFIG_NLS_ASCII,TODO,UNRESOLVED,,,,0,,,
CONFIG_NLS_CODEPAGE_1250,TODO,UNRESOLVED,,,,0,,,
CONFIG_NLS_CODEPAGE_1251,TODO,UNRESOLVED,,,,0,,,
CONFIG_NLS_CODEPAGE_437,TODO,UNRESOLVED,,,,0,,,
CONFIG_NLS_CODEPAGE_737,TODO,UNRESOLVED,,,,0,,,
CONFIG_NLS_CODEPAGE_775,TODO,UNRESOLVED,,,,0,,,
CONFIG_NLS_CODEPAGE_850,TODO,UNRESOLVED,,,,0,,,
CONFIG_NLS_CODEPAGE_852,TODO,UNRESOLVED,,,,0,,,
CONFIG_NLS_CODEPAGE_855,TODO,UNRESOLVED,,,,0,,,
CONFIG_NLS_CODEPAGE_857,TODO,UNRESOLVED,,,,0,,,
CONFIG_NLS_CODEPAGE_860,TODO,UNRESOLVED,,,,0,,,
CONFIG_NLS_CODEPAGE_861,TODO,UNRESOLVED,,,,0,,,
CONFIG_NLS_CODEPAGE_862,TODO,UNRESOLVED,,,,0,,,
CONFIG_NLS_CODEPAGE_863,TODO,UNRESOLVED,,,,0,,,
CONFIG_NLS_CODEPAGE_864,TODO,UNRESOLVED,,,,0,,,
CONFIG_NLS_CODEPAGE_865,TODO,UNRESOLVED,,,,0,,,
CONFIG_NLS_CODEPAGE_866,TODO,UNRESOLVED,,,,0,,,
CONFIG_NLS_CODEPAGE_869,TODO,UNRESOLVED,,,,0,,,
CONFIG_NLS_CODEPAGE_874,TODO,UNRESOLVED,,,,0,,,
CONFIG_NLS_CODEPAGE_932,TODO,UNRESOLVED,,,,0,,,
CONFIG_NLS_CODEPAGE_936,TODO,UNRESOLVED,,,,0,,,
CONFIG_NLS_CODEPAGE_949,TODO,UNRESOLVED,,,,0,,,
CONFIG_NLS_CODEPAGE_950,TODO,UNRESOLVED,,,,0,,,
CONFIG_NLS_DEFAULT,TODO,UNRESOLVED,,,,0,,,
CONFIG_NLS_ISO8859_1,TODO,UNRESOLVED,,,,0,,,
CONFIG_NLS_ISO8859_13,TODO,UNRESOLVED,,,,0,,,
CONFIG_NLS_ISO8859_14,TODO,UNRESOLVED,,,,0,,,
CONFIG_NLS_ISO8859_15,TODO,UNRESOLVED,,,,0,,,
CONFIG_NLS_ISO8859_2,TODO,UNRESOLVED,,,,0,,,
CONFIG_NLS_ISO8859_3,TODO,UNRESOLVED,,,,0,,,
CONFIG_NLS_ISO8859_4,TODO,UNRESOLVED,,,,0,,,
CONFIG_NLS_ISO8859_5,TODO,UNRESOLVED,,,,0,,,
CONFIG_NLS_ISO8859_6,TODO,UNRESOLVED,,,,0,,,
CONFIG_NLS_ISO8859_7,TODO,UNRESOLVED,,,,0,,,
CONFIG_NLS_ISO8859_8,TODO,UNRESOLVED,,,,0,,,
CONFIG_NLS_ISO8859_9,TODO,UNRESOLVED,,,,0,,,
CONFIG_NLS_KOI8_R,TODO,UNRESOLVED,,,,0,,,
CONFIG_NLS_KOI8_U,TODO,UNRESOLVED,,,,0,,,
CONFIG_NLS_MAC_CELTIC,TODO,UNRESOLVED,,,,0,,,
CONFIG_NLS_MAC_CENTEURO,TODO,UNRESOLVED,,,,0,,,
CONFIG_NLS_MAC_CROATIAN,TODO,UNRESOLVED,,,,0,,,
CONFIG_NLS_MAC_CYRILLIC,TODO,UNRESOLVED,,,,0,,,
CONFIG_NLS_MAC_GAELIC,TODO,UNRESOLVED,,,,0,,,
CONFIG_NLS_MAC_GREEK,TODO,UNRESOLVED,,,,0,,,
CONFIG_NLS_MAC_ICELAND,TODO,UNRESOLVED,,,,0,,,
CONFIG_NLS_MAC_INUIT,TODO,UNRESOLVED,,,,0,,,
CONFIG_NLS_MAC_ROMAN,TODO,UNRESOLVED,,,,0,,,
CONFIG_NLS_MAC_ROMANIAN,TODO,UNRESOLVED,,,,0,,,
CONFIG_NLS_MAC_TURKISH,TODO,UNRESOLVED,,,,0,,,
CONFIG_NLS_UCS2_UTILS,TODO,UNRESOLVED,,,,0,,,
CONFIG_NLS_UTF8,TODO,UNRESOLVED,,,,0,,,
CONFIG_NMI_CHECK_CPU,TODO,UNRESOLVED,,,,0,,,
CONFIG_NOA1305,TODO,UNRESOLVED,,,,0,,,
CONFIG_NODES_SHIFT,TODO,UNRESOLVED,,,,0,,,
CONFIG_NOINSTR_VALIDATION,TODO,UNRESOLVED,,,,0,,,
CONFIG_NOKIA_MODEM,TODO,UNRESOLVED,,,,0,,,
CONFIG_NOMMU_INITIAL_TRIM_EXCESS,TODO,UNRESOLVED,,,,0,,,
CONFIG_NOP_TRACER,TODO,UNRESOLVED,,,,0,,,
CONFIG_NOP_USB_XCEIV,TODO,UNRESOLVED,,,,0,,,
CONFIG_NOTIFIER_ERROR_INJECTION,TODO,UNRESOLVED,,,,0,,,
CONFIG_NOUVEAU_DEBUG,TODO,UNRESOLVED,,,,0,,,
CONFIG_NOUVEAU_DEBUG_DEFAULT,TODO,UNRESOLVED,,,,0,,,
CONFIG_NOUVEAU_DEBUG_MMU,TODO,UNRESOLVED,,,,0,,,
CONFIG_NOUVEAU_DEBUG_PUSH,TODO,UNRESOLVED,,,,0,,,
CONFIG_NOUVEAU_PLATFORM_DRIVER,TODO,UNRESOLVED,,,,0,,,
CONFIG_NOVA_CORE,TODO,UNRESOLVED,,,,0,,,
CONFIG_NOZOMI,TODO,UNRESOLVED,,,,0,,,
CONFIG_NO_DMA,TODO,UNRESOLVED,,,,0,,,
CONFIG_NO_GENERIC_PCI_IOPORT_MAP,TODO,UNRESOLVED,,,,0,,,
CONFIG_NO_HZ,TODO,UNRESOLVED,,,,0,,,
CONFIG_NO_HZ_COMMON,TODO,UNRESOLVED,,,,0,,,
CONFIG_NO_HZ_FULL,TODO,UNRESOLVED,,,,0,,,
CONFIG_NO_HZ_IDLE,TODO,UNRESOLVED,,,,0,,,
CONFIG_NO_PAGE_MAPCOUNT,TODO,UNRESOLVED,,,,0,,,
CONFIG_NPCM7XX_KCS_IPMI_BMC,TODO,UNRESOLVED,,,,0,,,
CONFIG_NPCM7XX_TIMER,TODO,UNRESOLVED,,,,0,,,
CONFIG_NPCM7XX_WATCHDOG,TODO,UNRESOLVED,,,,0,,,
CONFIG_NPCM_ADC,TODO,UNRESOLVED,,,,0,,,
CONFIG_NR_CPUS,TODO,UNRESOLVED,,,,0,,,
CONFIG_NR_CPUS_DEFAULT,TODO,UNRESOLVED,,,,0,,,
CONFIG_NR_CPUS_RANGE_BEGIN,TODO,UNRESOLVED,,,,0,,,
CONFIG_NR_CPUS_RANGE_END,TODO,UNRESOLVED,,,,0,,,
CONFIG_NS83820,TODO,UNRESOLVED,,,,0,,,
CONFIG_NSC_GPIO,TODO,UNRESOLVED,,,,0,,,
CONFIG_NSM,TODO,UNRESOLVED,,,,0,,,
CONFIG_NSPIRE_TIMER,TODO,UNRESOLVED,,,,0,,,
CONFIG_NTB,TODO,UNRESOLVED,,,,0,,,
CONFIG_NTB_AMD,TODO,UNRESOLVED,,,,0,,,
CONFIG_NTB_EPF,TODO,UNRESOLVED,,,,0,,,
CONFIG_NTB_IDT,TODO,UNRESOLVED,,,,0,,,
CONFIG_NTB_INTEL,TODO,UNRESOLVED,,,,0,,,
CONFIG_NTB_MSI,TODO,UNRESOLVED,,,,0,,,
CONFIG_NTB_MSI_TEST,TODO,UNRESOLVED,,,,0,,,
CONFIG_NTB_NETDEV,TODO,UNRESOLVED,,,,0,,,
CONFIG_NTB_PERF,TODO,UNRESOLVED,,,,0,,,
CONFIG_NTB_PINGPONG,TODO,UNRESOLVED,,,,0,,,
CONFIG_NTB_SWITCHTEC,TODO,UNRESOLVED,,,,0,,,
CONFIG_NTB_TOOL,TODO,UNRESOLVED,,,,0,,,
CONFIG_NTB_TRANSPORT,TODO,UNRESOLVED,,,,0,,,
CONFIG_NTFS3_64BIT_CLUSTER,TODO,UNRESOLVED,,,,0,,,
CONFIG_NTFS3_FS,TODO,UNRESOLVED,,,,0,,,
CONFIG_NTFS3_FS_POSIX_ACL,TODO,UNRESOLVED,,,,0,,,
CONFIG_NTFS3_LZX_XPRESS,TODO,UNRESOLVED,,,,0,,,
CONFIG_NTFS_FS,TODO,UNRESOLVED,,,,0,,,
CONFIG_NTP_PPS,TODO,UNRESOLVED,,,,0,,,
CONFIG_NTSYNC,TODO,UNRESOLVED,,,,0,,,
CONFIG_NULL_TTY,TODO,UNRESOLVED,,,,0,,,
CONFIG_NULL_TTY_DEFAULT_CONSOLE,TODO,UNRESOLVED,,,,0,,,
CONFIG_NUMA,TODO,UNRESOLVED,,,,0,,,
CONFIG_NUMA_BALANCING,TODO,UNRESOLVED,,,,0,,,
CONFIG_NUMA_BALANCING_DEFAULT_ENABLED,TODO,UNRESOLVED,,,,0,,,
CONFIG_NUMA_EMU,TODO,UNRESOLVED,,,,0,,,
CONFIG_NUMA_KEEP_MEMINFO,TODO,UNRESOLVED,,,,0,,,
CONFIG_NUMA_MEMBLKS,TODO,UNRESOLVED,,,,0,,,
CONFIG_NVDIMM_DAX,TODO,UNRESOLVED,,,,0,,,
CONFIG_NVDIMM_KEYS,TODO,UNRESOLVED,,,,0,,,
CONFIG_NVDIMM_KMSAN,TODO,UNRESOLVED,,,,0,,,
CONFIG_NVDIMM_PFN,TODO,UNRESOLVED,,,,0,,,
CONFIG_NVDIMM_SECURITY_TEST,TODO,UNRESOLVED,,,,0,,,
CONFIG_NVDIMM_TEST_BUILD,TODO,UNRESOLVED,,,,0,,,
CONFIG_NVEC_PAZ00,TODO,UNRESOLVED,,,,0,,,
CONFIG_NVEC_POWER,TODO,UNRESOLVED,,,,0,,,
CONFIG_NVGRACE_GPU_VFIO_PCI,TODO,UNRESOLVED,,,,0,,,
CONFIG_NVIDIA_CORESIGHT_PMU_ARCH_SYSTEM_PMU,TODO,UNRESOLVED,,,,0,,,
CONFIG_NVIDIA_SHIELD_FF,TODO,UNRESOLVED,,,,0,,,
CONFIG_NVIDIA_WMI_EC_BACKLIGHT,TODO,UNRESOLVED,,,,0,,,
CONFIG_NVMEM,TODO,UNRESOLVED,,,,0,,,
CONFIG_NVMEM_AN8855_EFUSE,TODO,UNRESOLVED,,,,0,,,
CONFIG_NVMEM_APPLE_EFUSES,TODO,UNRESOLVED,,,,0,,,
CONFIG_NVMEM_APPLE_SPMI,TODO,UNRESOLVED,,,,0,,,
CONFIG_NVMEM_BCM_OCOTP,TODO,UNRESOLVED,,,,0,,,
CONFIG_NVMEM_BRCM_NVRAM,TODO,UNRESOLVED,,,,0,,,
CONFIG_NVMEM_IMX_IIM,TODO,UNRESOLVED,,,,0,,,
CONFIG_NVMEM_IMX_OCOTP,TODO,UNRESOLVED,,,,0,,,
CONFIG_NVMEM_IMX_OCOTP_ELE,TODO,UNRESOLVED,,,,0,,,
CONFIG_NVMEM_IMX_OCOTP_SCU,TODO,UNRESOLVED,,,,0,,,
CONFIG_NVMEM_JZ4780_EFUSE,TODO,UNRESOLVED,,,,0,,,
CONFIG_NVMEM_LAN9662_OTPC,TODO,UNRESOLVED,,,,0,,,
CONFIG_NVMEM_LAYERSCAPE_SFP,TODO,UNRESOLVED,,,,0,,,
CONFIG_NVMEM_LAYOUTS,TODO,UNRESOLVED,,,,0,,,
CONFIG_NVMEM_LAYOUT_ONIE_TLV,TODO,UNRESOLVED,,,,0,,,
CONFIG_NVMEM_LAYOUT_SL28_VPD,TODO,UNRESOLVED,,,,0,,,
CONFIG_NVMEM_LAYOUT_U_BOOT_ENV,TODO,UNRESOLVED,,,,0,,,
CONFIG_NVMEM_LPC18XX_EEPROM,TODO,UNRESOLVED,,,,0,,,
CONFIG_NVMEM_LPC18XX_OTP,TODO,UNRESOLVED,,,,0,,,
CONFIG_NVMEM_MAX77759,TODO,UNRESOLVED,,,,0,,,
CONFIG_NVMEM_MESON_EFUSE,TODO,UNRESOLVED,,,,0,,,
CONFIG_NVMEM_MESON_MX_EFUSE,TODO,UNRESOLVED,,,,0,,,
CONFIG_NVMEM_MICROCHIP_OTPC,TODO,UNRESOLVED,,,,0,,,
CONFIG_NVMEM_MTK_EFUSE,TODO,UNRESOLVED,,,,0,,,
CONFIG_NVMEM_MXS_OCOTP,TODO,UNRESOLVED,,,,0,,,
CONFIG_NVMEM_NINTENDO_OTP,TODO,UNRESOLVED,,,,0,,,
CONFIG_NVMEM_QCOM_QFPROM,TODO,UNRESOLVED,,,,0,,,
CONFIG_NVMEM_QCOM_SEC_QFPROM,TODO,UNRESOLVED,,,,0,,,
CONFIG_NVMEM_QORIQ_EFUSE,TODO,UNRESOLVED,,,,0,,,
CONFIG_NVMEM_RAVE_SP_EEPROM,TODO,UNRESOLVED,,,,0,,,
CONFIG_NVMEM_RCAR_EFUSE,TODO,UNRESOLVED,,,,0,,,
CONFIG_NVMEM_REBOOT_MODE,TODO,UNRESOLVED,,,,0,,,
CONFIG_NVMEM_RMEM,TODO,UNRESOLVED,,,,0,,,
CONFIG_NVMEM_ROCKCHIP_EFUSE,TODO,UNRESOLVED,,,,0,,,
CONFIG_NVMEM_ROCKCHIP_OTP,TODO,UNRESOLVED,,,,0,,,
CONFIG_NVMEM_S32G_OCOTP,TODO,UNRESOLVED,,,,0,,,
CONFIG_NVMEM_SC27XX_EFUSE,TODO,UNRESOLVED,,,,0,,,
CONFIG_NVMEM_SNVS_LPGPR,TODO,UNRESOLVED,,,,0,,,
CONFIG_NVMEM_SPMI_SDAM,TODO,UNRESOLVED,,,,0,,,
CONFIG_NVMEM_SPRD_EFUSE,TODO,UNRESOLVED,,,,0,,,
CONFIG_NVMEM_STM32_BSEC_OPTEE_TA,TODO,UNRESOLVED,,,,0,,,
CONFIG_NVMEM_STM32_ROMEM,TODO,UNRESOLVED,,,,0,,,
CONFIG_NVMEM_SUNPLUS_OCOTP,TODO,UNRESOLVED,,,,0,,,
CONFIG_NVMEM_SUNXI_SID,TODO,UNRESOLVED,,,,0,,,
CONFIG_NVMEM_SYSFS,TODO,UNRESOLVED,,,,0,,,
CONFIG_NVMEM_UNIPHIER_EFUSE,TODO,UNRESOLVED,,,,0,,,
CONFIG_NVMEM_U_BOOT_ENV,TODO,UNRESOLVED,,,,0,,,
CONFIG_NVMEM_VF610_OCOTP,TODO,UNRESOLVED,,,,0,,,
CONFIG_NVMEM_ZYNQMP,TODO,UNRESOLVED,,,,0,,,
CONFIG_NVME_APPLE,TODO,UNRESOLVED,,,,0,,,
CONFIG_NVME_AUTH,TODO,UNRESOLVED,,,,0,,,
CONFIG_NVME_CORE,TODO,UNRESOLVED,,,,0,,,
CONFIG_NVME_FABRICS,TODO,UNRESOLVED,,,,0,,,
CONFIG_NVME_FC,TODO,UNRESOLVED,,,,0,,,
CONFIG_NVME_HOST_AUTH,TODO,UNRESOLVED,,,,0,,,
CONFIG_NVME_HWMON,TODO,UNRESOLVED,,,,0,,,
CONFIG_NVME_KEYRING,TODO,UNRESOLVED,,,,0,,,
CONFIG_NVME_MULTIPATH,TODO,UNRESOLVED,,,,0,,,
CONFIG_NVME_RDMA,TODO,UNRESOLVED,,,,0,,,
CONFIG_NVME_TARGET,TODO,UNRESOLVED,,,,0,,,
CONFIG_NVME_TARGET_AUTH,TODO,UNRESOLVED,,,,0,,,
CONFIG_NVME_TARGET_DEBUGFS,TODO,UNRESOLVED,,,,0,,,
CONFIG_NVME_TARGET_FC,TODO,UNRESOLVED,,,,0,,,
CONFIG_NVME_TARGET_FCLOOP,TODO,UNRESOLVED,,,,0,,,
CONFIG_NVME_TARGET_LOOP,TODO,UNRESOLVED,,,,0,,,
CONFIG_NVME_TARGET_PASSTHRU,TODO,UNRESOLVED,,,,0,,,
CONFIG_NVME_TARGET_PCI_EPF,TODO,UNRESOLVED,,,,0,,,
CONFIG_NVME_TARGET_RDMA,TODO,UNRESOLVED,,,,0,,,
CONFIG_NVME_TARGET_TCP,TODO,UNRESOLVED,,,,0,,,
CONFIG_NVME_TARGET_TCP_TLS,TODO,UNRESOLVED,,,,0,,,
CONFIG_NVME_TCP,TODO,UNRESOLVED,,,,0,,,
CONFIG_NVME_TCP_TLS,TODO,UNRESOLVED,,,,0,,,
CONFIG_NVME_VERBOSE_ERRORS,TODO,UNRESOLVED,,,,0,,,
CONFIG_NVRAM,TODO,UNRESOLVED,,,,0,,,
CONFIG_NVSW_SN2201,TODO,UNRESOLVED,,,,0,,,
CONFIG_NV_TCO,TODO,UNRESOLVED,,,,0,,,
CONFIG_NWBUTTON,TODO,UNRESOLVED,,,,0,,,
CONFIG_NWBUTTON_REBOOT,TODO,UNRESOLVED,,,,0,,,
CONFIG_NWFLASH,TODO,UNRESOLVED,,,,0,,,
CONFIG_NXP_C45_TJA11XX_PHY,TODO,UNRESOLVED,,,,0,,,
CONFIG_NXP_CBTX_PHY,TODO,UNRESOLVED,,,,0,,,
CONFIG_NXP_ENETC4,TODO,UNRESOLVED,,,,0,,,
CONFIG_NXP_ENETC_PF_COMMON,TODO,UNRESOLVED,,,,0,,,
CONFIG_NXP_NETC_BLK_CTRL,TODO,UNRESOLVED,,,,0,,,
CONFIG_NXP_NETC_LIB,TODO,UNRESOLVED,,,,0,,,
CONFIG_NXP_NTMP,TODO,UNRESOLVED,,,,0,,,
CONFIG_NXP_PIT_TIMER,TODO,UNRESOLVED,,,,0,,,
CONFIG_NXP_STM_TIMER,TODO,UNRESOLVED,,,,0,,,
CONFIG_NXP_TJA11XX_PHY,TODO,UNRESOLVED,,,,0,,,
CONFIG_N_GSM,TODO,UNRESOLVED,,,,0,,,
CONFIG_N_HDLC,TODO,UNRESOLVED,,,,0,,,
CONFIG_OA_TC6,TODO,UNRESOLVED,,,,0,,,
CONFIG_OBJAGG,TODO,UNRESOLVED,,,,0,,,
CONFIG_OBJTOOL,TODO,UNRESOLVED,,,,0,,,
CONFIG_OBJTOOL_WERROR,TODO,UNRESOLVED,,,,0,,,
CONFIG_OCFS2_DEBUG_FS,TODO,UNRESOLVED,,,,0,,,
CONFIG_OCFS2_DEBUG_MASKLOG,TODO,UNRESOLVED,,,,0,,,
CONFIG_OCFS2_FS,TODO,UNRESOLVED,,,,0,,,
CONFIG_OCFS2_FS_O2CB,TODO,UNRESOLVED,,,,0,,,
CONFIG_OCFS2_FS_STATS,TODO,UNRESOLVED,,,,0,,,
CONFIG_OCFS2_FS_USERSPACE_CLUSTER,TODO,UNRESOLVED,,,,0,,,
CONFIG_OCTEONEP_VDPA,TODO,UNRESOLVED,,,,0,,,
CONFIG_OCTEONTX2_AF,TODO,UNRESOLVED,,,,0,,,
CONFIG_OCTEONTX2_MBOX,TODO,UNRESOLVED,,,,0,,,
CONFIG_OCTEONTX2_PF,TODO,UNRESOLVED,,,,0,,,
CONFIG_OCTEONTX2_VF,TODO,UNRESOLVED,,,,0,,,
CONFIG_OCTEON_EP,TODO,UNRESOLVED,,,,0,,,
CONFIG_OCTEON_EP_VF,TODO,UNRESOLVED,,,,0,,,
CONFIG_OCTEON_ETHERNET,TODO,UNRESOLVED,,,,0,,,
CONFIG_OCTEON_MGMT_ETHERNET,TODO,UNRESOLVED,,,,0,,,
CONFIG_OCTEON_WDT,TODO,UNRESOLVED,,,,0,,,
CONFIG_OCXL,TODO,UNRESOLVED,,,,0,,,
CONFIG_OCXL_BASE,TODO,UNRESOLVED,,,,0,,,
CONFIG_ODD_RT_SIGACTION,TODO,UNRESOLVED,,,,0,,,
CONFIG_OF,TODO,UNRESOLVED,,,,0,,,
CONFIG_OF_ADDRESS,TODO,UNRESOLVED,,,,0,,,
CONFIG_OF_ALL_DTBS,TODO,UNRESOLVED,,,,0,,,
CONFIG_OF_DYNAMIC,TODO,UNRESOLVED,,,,0,,,
CONFIG_OF_EARLY_FLATTREE,TODO,UNRESOLVED,,,,0,,,
CONFIG_OF_FLATTREE,TODO,UNRESOLVED,,,,0,,,
CONFIG_OF_FPGA_REGION,TODO,UNRESOLVED,,,,0,,,
CONFIG_OF_GPIO,TODO,UNRESOLVED,,,,0,,,
CONFIG_OF_GPIO_MM_GPIOCHIP,TODO,UNRESOLVED,,,,0,,,
CONFIG_OF_IOMMU,TODO,UNRESOLVED,,,,0,,,
CONFIG_OF_IRQ,TODO,UNRESOLVED,,,,0,,,
CONFIG_OF_KOBJ,TODO,UNRESOLVED,,,,0,,,
CONFIG_OF_KUNIT_TEST,TODO,UNRESOLVED,,,,0,,,
CONFIG_OF_MDIO,TODO,UNRESOLVED,,,,0,,,
CONFIG_OF_NUMA,TODO,UNRESOLVED,,,,0,,,
CONFIG_OF_OVERLAY,TODO,UNRESOLVED,,,,0,,,
CONFIG_OF_OVERLAY_KUNIT_TEST,TODO,UNRESOLVED,,,,0,,,
CONFIG_OF_PARTITION,TODO,UNRESOLVED,,,,0,,,
CONFIG_OF_PMEM,TODO,UNRESOLVED,,,,0,,,
CONFIG_OF_PROMTREE,TODO,UNRESOLVED,,,,0,,,
CONFIG_OF_RECONFIG_NOTIFIER_ERROR_INJECT,TODO,UNRESOLVED,,,,0,,,
CONFIG_OF_RESERVED_MEM,TODO,UNRESOLVED,,,,0,,,
CONFIG_OF_RESOLVE,TODO,UNRESOLVED,,,,0,,,
CONFIG_OF_UNITTEST,TODO,UNRESOLVED,,,,0,,,
CONFIG_OID_REGISTRY,TODO,UNRESOLVED,,,,0,,,
CONFIG_OLD_SIGACTION,TODO,UNRESOLVED,,,,0,,,
CONFIG_OLD_SIGSUSPEND,TODO,UNRESOLVED,,,,0,,,
CONFIG_OLD_SIGSUSPEND3,TODO,UNRESOLVED,,,,0,,,
CONFIG_OLPC,TODO,UNRESOLVED,,,,0,,,
CONFIG_OLPC_EC,TODO,UNRESOLVED,,,,0,,,
CONFIG_OLPC_XO15_SCI,TODO,UNRESOLVED,,,,0,,,
CONFIG_OLPC_XO175,TODO,UNRESOLVED,,,,0,,,
CONFIG_OLPC_XO175_EC,TODO,UNRESOLVED,,,,0,,,
CONFIG_OLPC_XO1_PM,TODO,UNRESOLVED,,,,0,,,
CONFIG_OLPC_XO1_RTC,TODO,UNRESOLVED,,,,0,,,
CONFIG_OLPC_XO1_SCI,TODO,UNRESOLVED,,,,0,,,
CONFIG_OMAP2PLUS_MBOX,TODO,UNRESOLVED,,,,0,,,
CONFIG_OMAP2PLUS_PRM,TODO,UNRESOLVED,,,,0,,,
CONFIG_OMAP2_DSS_COLLECT_IRQ_STATS,TODO,UNRESOLVED,,,,0,,,
CONFIG_OMAP2_DSS_DEBUG,TODO,UNRESOLVED,,,,0,,,
CONFIG_OMAP2_DSS_DEBUGFS,TODO,UNRESOLVED,,,,0,,,
CONFIG_OMAP2_DSS_DPI,TODO,UNRESOLVED,,,,0,,,
CONFIG_OMAP2_DSS_DSI,TODO,UNRESOLVED,,,,0,,,
CONFIG_OMAP2_DSS_HDMI_COMMON,TODO,UNRESOLVED,,,,0,,,
CONFIG_OMAP2_DSS_MIN_FCK_PER_PCK,TODO,UNRESOLVED,,,,0,,,
CONFIG_OMAP2_DSS_SDI,TODO,UNRESOLVED,,,,0,,,
CONFIG_OMAP2_DSS_SLEEP_AFTER_VENC_RESET,TODO,UNRESOLVED,,,,0,,,
CONFIG_OMAP2_DSS_VENC,TODO,UNRESOLVED,,,,0,,,
CONFIG_OMAP2_VRFB,TODO,UNRESOLVED,,,,0,,,
CONFIG_OMAP3_THERMAL,TODO,UNRESOLVED,,,,0,,,
CONFIG_OMAP4_DSS_HDMI,TODO,UNRESOLVED,,,,0,,,
CONFIG_OMAP4_DSS_HDMI_CEC,TODO,UNRESOLVED,,,,0,,,
CONFIG_OMAP4_THERMAL,TODO,UNRESOLVED,,,,0,,,
CONFIG_OMAP5_DSS_HDMI,TODO,UNRESOLVED,,,,0,,,
CONFIG_OMAP5_THERMAL,TODO,UNRESOLVED,,,,0,,,
CONFIG_OMAP_CF,TODO,UNRESOLVED,,,,0,,,
CONFIG_OMAP_CONTROL_PHY,TODO,UNRESOLVED,,,,0,,,
CONFIG_OMAP_DM_SYSTIMER,TODO,UNRESOLVED,,,,0,,,
CONFIG_OMAP_DM_TIMER,TODO,UNRESOLVED,,,,0,,,
CONFIG_OMAP_GPMC,TODO,UNRESOLVED,,,,0,,,
CONFIG_OMAP_GPMC_DEBUG,TODO,UNRESOLVED,,,,0,,,
CONFIG_OMAP_INTERCONNECT,TODO,UNRESOLVED,,,,0,,,
CONFIG_OMAP_IOMMU,TODO,UNRESOLVED,,,,0,,,
CONFIG_OMAP_IOMMU_DEBUG,TODO,UNRESOLVED,,,,0,,,
CONFIG_OMAP_IRQCHIP,TODO,UNRESOLVED,,,,0,,,
CONFIG_OMAP_OCP2SCP,TODO,UNRESOLVED,,,,0,,,
CONFIG_OMAP_OTG,TODO,UNRESOLVED,,,,0,,,
CONFIG_OMAP_REMOTEPROC,TODO,UNRESOLVED,,,,0,,,
CONFIG_OMAP_REMOTEPROC_WATCHDOG,TODO,UNRESOLVED,,,,0,,,
CONFIG_OMAP_SSI,TODO,UNRESOLVED,,,,0,,,
CONFIG_OMAP_USB2,TODO,UNRESOLVED,,,,0,,,
CONFIG_OMAP_WATCHDOG,TODO,UNRESOLVED,,,,0,,,
CONFIG_OMFS_FS,TODO,UNRESOLVED,,,,0,,,
CONFIG_OMPIC,TODO,UNRESOLVED,,,,0,,,
CONFIG_OPENVSWITCH,TODO,UNRESOLVED,,,,0,,,
CONFIG_OPENVSWITCH_GENEVE,TODO,UNRESOLVED,,,,0,,,
CONFIG_OPENVSWITCH_GRE,TODO,UNRESOLVED,,,,0,,,
CONFIG_OPENVSWITCH_VXLAN,TODO,UNRESOLVED,,,,0,,,
CONFIG_OPEN_ALLIANCE_HELPERS,TODO,UNRESOLVED,,,,0,,,
CONFIG_OPEN_DICE,TODO,UNRESOLVED,,,,0,,,
CONFIG_OPT3001,TODO,UNRESOLVED,,,,0,,,
CONFIG_OPT4001,TODO,UNRESOLVED,,,,0,,,
CONFIG_OPT4060,TODO,UNRESOLVED,,,,0,,,
CONFIG_OPTEE,TODO,UNRESOLVED,,,,0,,,
CONFIG_OPTEE_INSECURE_LOAD_IMAGE,TODO,UNRESOLVED,,,,0,,,
CONFIG_OPTEE_STATIC_PROTMEM_POOL,TODO,UNRESOLVED,,,,0,,,
CONFIG_OPTPROBES,TODO,UNRESOLVED,,,,0,,,
CONFIG_OR1K_PIC,TODO,UNRESOLVED,,,,0,,,
CONFIG_ORANGEFS_FS,TODO,UNRESOLVED,,,,0,,,
CONFIG_ORION_CLK,TODO,UNRESOLVED,,,,0,,,
CONFIG_ORION_IRQCHIP,TODO,UNRESOLVED,,,,0,,,
CONFIG_ORION_TIMER,TODO,UNRESOLVED,,,,0,,,
CONFIG_ORION_WATCHDOG,TODO,UNRESOLVED,,,,0,,,
CONFIG_OSF_PARTITION,TODO,UNRESOLVED,,,,0,,,
CONFIG_OSNOISE_TRACER,TODO,UNRESOLVED,,,,0,,,
CONFIG_OUTPUT_FORMAT,TODO,UNRESOLVED,,,,0,,,
CONFIG_OVERFLOW_KUNIT_TEST,TODO,UNRESOLVED,,,,0,,,
CONFIG_OVERLAY_FS,REVIEWED,DEFERRED,DOCUMENTED_PLATFORM,WSL_CONTROL,system-distro-overlay,1,"K-OVERLAY-DIAG-001 proved OVERLAY_FS removes the stock system-distro post-ext4 crash and allows overlay construction to return. The next blocker is excluded GNS networking, so overlayfs is a proven stock-init policy dependency but deferred from Minimal Viable WSL.",https://github.com/microsoft/WSL/blob/68f601bba8eac1df20a0bbd403c6c87c92369ade/src/linux/init/main.cpp#L2203-L2273,
CONFIG_OVERLAY_FS_DEBUG,REVIEWED,DEFERRED,DOCUMENTED_SCENARIO,OPTIONAL,held-overlay-default,1,Optional overlayfs debugging checks; disabled for the minimal runtime candidate.,https://github.com/microsoft/WSL2-Linux-Kernel/blob/14794180686c2fb6307fbe359c359bec765249f3/fs/overlayfs/Kconfig,
CONFIG_OVERLAY_FS_INDEX,REVIEWED,DEFERRED,DOCUMENTED_SCENARIO,OPTIONAL,held-overlay-default,1,Optional inode-index default; disabled for the minimal candidate and disabled in Stage 1.,https://github.com/microsoft/WSL2-Linux-Kernel/blob/14794180686c2fb6307fbe359c359bec765249f3/fs/overlayfs/Kconfig,
CONFIG_OVERLAY_FS_METACOPY,REVIEWED,DEFERRED,DOCUMENTED_SCENARIO,OPTIONAL,held-overlay-default,1,Optional metadata-only copy-up default; disabled for the minimal candidate and disabled in Stage 1.,https://github.com/microsoft/WSL2-Linux-Kernel/blob/14794180686c2fb6307fbe359c359bec765249f3/fs/overlayfs/Kconfig,
CONFIG_OVERLAY_FS_NFS_EXPORT,REVIEWED,DEFERRED,DOCUMENTED_SCENARIO,OPTIONAL,held-overlay-default,1,Optional NFS export default; dependency is invisible with overlay index disabled and NFS is outside the minimal milestone.,https://github.com/microsoft/WSL2-Linux-Kernel/blob/14794180686c2fb6307fbe359c359bec765249f3/fs/overlayfs/Kconfig,
CONFIG_OVERLAY_FS_REDIRECT_ALWAYS_FOLLOW,REVIEWED,DEFERRED,DOCUMENTED_SCENARIO,OPTIONAL,held-overlay-default,1,Backward-compatibility default that becomes y with OVERLAY_FS; explicitly disabled because WSL system-distro mounting does not request redirect behavior.,https://github.com/microsoft/WSL2-Linux-Kernel/blob/14794180686c2fb6307fbe359c359bec765249f3/fs/overlayfs/Kconfig,
CONFIG_OVERLAY_FS_REDIRECT_DIR,REVIEWED,DEFERRED,DOCUMENTED_SCENARIO,OPTIONAL,held-overlay-default,1,Optional default redirect-directory behavior; disabled for the minimal candidate and disabled in Stage 1.,https://github.com/microsoft/WSL2-Linux-Kernel/blob/14794180686c2fb6307fbe359c359bec765249f3/fs/overlayfs/Kconfig,
CONFIG_OVERLAY_FS_XINO_AUTO,REVIEWED,DEFERRED,DOCUMENTED_SCENARIO,OPTIONAL,held-overlay-default,1,Optional automatic inode-number mapping default; explicitly disabled and disabled in Stage 1.,https://github.com/microsoft/WSL2-Linux-Kernel/blob/14794180686c2fb6307fbe359c359bec765249f3/fs/overlayfs/Kconfig,
CONFIG_OVMF_DEBUG_LOG,TODO,UNRESOLVED,,,,0,,,
CONFIG_OVPN,TODO,UNRESOLVED,,,,0,,,
CONFIG_OWL_DMA,TODO,UNRESOLVED,,,,0,,,
CONFIG_OWL_EMAC,TODO,UNRESOLVED,,,,0,,,
CONFIG_OWL_PM_DOMAINS,TODO,UNRESOLVED,,,,0,,,
CONFIG_OWL_PM_DOMAINS_HELPER,TODO,UNRESOLVED,,,,0,,,
CONFIG_OWL_TIMER,TODO,UNRESOLVED,,,,0,,,
CONFIG_OXP_EC,TODO,UNRESOLVED,,,,0,,,
CONFIG_P2SB,TODO,UNRESOLVED,,,,0,,,
CONFIG_P54_COMMON,TODO,UNRESOLVED,,,,0,,,
CONFIG_P54_LEDS,TODO,UNRESOLVED,,,,0,,,
CONFIG_P54_PCI,TODO,UNRESOLVED,,,,0,,,
CONFIG_P54_SPI,TODO,UNRESOLVED,,,,0,,,
CONFIG_P54_SPI_DEFAULT_EEPROM,TODO,UNRESOLVED,,,,0,,,
CONFIG_P54_USB,TODO,UNRESOLVED,,,,0,,,
CONFIG_PA12203001,TODO,UNRESOLVED,,,,0,,,
CONFIG_PAC1921,TODO,UNRESOLVED,,,,0,,,
CONFIG_PAC1934,TODO,UNRESOLVED,,,,0,,,
CONFIG_PACKET,TODO,UNRESOLVED,,,,0,,,
CONFIG_PACKET_DIAG,TODO,UNRESOLVED,,,,0,,,
CONFIG_PACKING,TODO,UNRESOLVED,,,,0,,,
CONFIG_PACKING_KUNIT_TEST,TODO,UNRESOLVED,,,,0,,,
CONFIG_PADATA,TODO,UNRESOLVED,,,,0,,,
CONFIG_PAGE_BLOCK_MAX_ORDER,TODO,UNRESOLVED,,,,0,,,
CONFIG_PAGE_COUNTER,TODO,UNRESOLVED,,,,0,,,
CONFIG_PAGE_EXTENSION,TODO,UNRESOLVED,,,,0,,,
CONFIG_PAGE_IDLE_FLAG,TODO,UNRESOLVED,,,,0,,,
CONFIG_PAGE_MAPCOUNT,TODO,UNRESOLVED,,,,0,,,
CONFIG_PAGE_OFFSET,TODO,UNRESOLVED,,,,0,,,
CONFIG_PAGE_OWNER,TODO,UNRESOLVED,,,,0,,,
CONFIG_PAGE_POISONING,TODO,UNRESOLVED,,,,0,,,
CONFIG_PAGE_POOL,TODO,UNRESOLVED,,,,0,,,
CONFIG_PAGE_POOL_STATS,TODO,UNRESOLVED,,,,0,,,
CONFIG_PAGE_REPORTING,TODO,UNRESOLVED,,,,0,,,
CONFIG_PAGE_SHIFT,TODO,UNRESOLVED,,,,0,,,
CONFIG_PAGE_SIZE_16KB,TODO,UNRESOLVED,,,,0,,,
CONFIG_PAGE_SIZE_256KB,TODO,UNRESOLVED,,,,0,,,
CONFIG_PAGE_SIZE_32KB,TODO,UNRESOLVED,,,,0,,,
CONFIG_PAGE_SIZE_4KB,TODO,UNRESOLVED,,,,0,,,
CONFIG_PAGE_SIZE_64KB,TODO,UNRESOLVED,,,,0,,,
CONFIG_PAGE_SIZE_8KB,TODO,UNRESOLVED,,,,0,,,
CONFIG_PAGE_SIZE_LESS_THAN_256KB,TODO,UNRESOLVED,,,,0,,,
CONFIG_PAGE_SIZE_LESS_THAN_64KB,TODO,UNRESOLVED,,,,0,,,
CONFIG_PAGE_TABLE_CHECK,TODO,UNRESOLVED,,,,0,,,
CONFIG_PAGE_TABLE_CHECK_ENFORCED,TODO,UNRESOLVED,,,,0,,,
CONFIG_PAHOLE_HAS_BTF_TAG,TODO,UNRESOLVED,,,,0,,,
CONFIG_PAHOLE_HAS_LANG_EXCLUDE,TODO,UNRESOLVED,,,,0,,,
CONFIG_PAHOLE_HAS_SPLIT_BTF,TODO,UNRESOLVED,,,,0,,,
CONFIG_PAHOLE_VERSION,TODO,UNRESOLVED,,,,0,,,
CONFIG_PALMAS_GPADC,TODO,UNRESOLVED,,,,0,,,
CONFIG_PANASONIC_LAPTOP,TODO,UNRESOLVED,,,,0,,,
CONFIG_PANEL,TODO,UNRESOLVED,,,,0,,,
CONFIG_PANEL_BOOT_MESSAGE,TODO,UNRESOLVED,,,,0,,,
CONFIG_PANEL_CHANGE_MESSAGE,TODO,UNRESOLVED,,,,0,,,
CONFIG_PANEL_KEYPAD,TODO,UNRESOLVED,,,,0,,,
CONFIG_PANEL_LCD,TODO,UNRESOLVED,,,,0,,,
CONFIG_PANEL_LCD_BWIDTH,TODO,UNRESOLVED,,,,0,,,
CONFIG_PANEL_LCD_CHARSET,TODO,UNRESOLVED,,,,0,,,
CONFIG_PANEL_LCD_HEIGHT,TODO,UNRESOLVED,,,,0,,,
CONFIG_PANEL_LCD_HWIDTH,TODO,UNRESOLVED,,,,0,,,
CONFIG_PANEL_LCD_PIN_BL,TODO,UNRESOLVED,,,,0,,,
CONFIG_PANEL_LCD_PIN_E,TODO,UNRESOLVED,,,,0,,,
CONFIG_PANEL_LCD_PIN_RS,TODO,UNRESOLVED,,,,0,,,
CONFIG_PANEL_LCD_PIN_RW,TODO,UNRESOLVED,,,,0,,,
CONFIG_PANEL_LCD_PIN_SCL,TODO,UNRESOLVED,,,,0,,,
CONFIG_PANEL_LCD_PIN_SDA,TODO,UNRESOLVED,,,,0,,,
CONFIG_PANEL_LCD_PROTO,TODO,UNRESOLVED,,,,0,,,
CONFIG_PANEL_LCD_WIDTH,TODO,UNRESOLVED,,,,0,,,
CONFIG_PANEL_PARPORT,TODO,UNRESOLVED,,,,0,,,
CONFIG_PANEL_PROFILE,TODO,UNRESOLVED,,,,0,,,
CONFIG_PANIC_ON_OOPS,TODO,UNRESOLVED,,,,0,,,
CONFIG_PANIC_TIMEOUT,TODO,UNRESOLVED,,,,0,,,
CONFIG_PANTHERLORD_FF,TODO,UNRESOLVED,,,,0,,,
CONFIG_PARAVIRT,REVIEWED,TRANSITIVE,DOCUMENTED_PLATFORM,HYPERV,hyperv-execution,1,Selected by CONFIG_HYPERV on x86; do not request independently.,https://github.com/microsoft/WSL2-Linux-Kernel/blob/14794180686c2fb6307fbe359c359bec765249f3/arch/x86/Kconfig,
CONFIG_PARAVIRT_CLOCK,TODO,UNRESOLVED,,,,0,,,
CONFIG_PARAVIRT_DEBUG,TODO,UNRESOLVED,,,,0,,,
CONFIG_PARAVIRT_SPINLOCKS,TODO,UNRESOLVED,,,,0,,,
CONFIG_PARAVIRT_TIME_ACCOUNTING,TODO,UNRESOLVED,,,,0,,,
CONFIG_PARAVIRT_XXL,TODO,UNRESOLVED,,,,0,,,
CONFIG_PARMAN,TODO,UNRESOLVED,,,,0,,,
CONFIG_PARPORT,TODO,UNRESOLVED,,,,0,,,
CONFIG_PARPORT_1284,TODO,UNRESOLVED,,,,0,,,
CONFIG_PARPORT_AMIGA,TODO,UNRESOLVED,,,,0,,,
CONFIG_PARPORT_ATARI,TODO,UNRESOLVED,,,,0,,,
CONFIG_PARPORT_GSC,TODO,UNRESOLVED,,,,0,,,
CONFIG_PARPORT_IP32,TODO,UNRESOLVED,,,,0,,,
CONFIG_PARPORT_MFC3,TODO,UNRESOLVED,,,,0,,,
CONFIG_PARPORT_NOT_PC,TODO,UNRESOLVED,,,,0,,,
CONFIG_PARPORT_PANEL,TODO,UNRESOLVED,,,,0,,,
CONFIG_PARPORT_PC,TODO,UNRESOLVED,,,,0,,,
CONFIG_PARPORT_PC_FIFO,TODO,UNRESOLVED,,,,0,,,
CONFIG_PARPORT_PC_PCMCIA,TODO,UNRESOLVED,,,,0,,,
CONFIG_PARPORT_PC_SUPERIO,TODO,UNRESOLVED,,,,0,,,
CONFIG_PARPORT_SERIAL,TODO,UNRESOLVED,,,,0,,,
CONFIG_PARPORT_SUNBPP,TODO,UNRESOLVED,,,,0,,,
CONFIG_PARTITION_ADVANCED,TODO,UNRESOLVED,,,,0,,,
CONFIG_PARTITION_PERCPU,TODO,UNRESOLVED,,,,0,,,
CONFIG_PASEMI_MAC,TODO,UNRESOLVED,,,,0,,,
CONFIG_PATA_ACPI,TODO,UNRESOLVED,,,,0,,,
CONFIG_PATA_ALI,TODO,UNRESOLVED,,,,0,,,
CONFIG_PATA_AMD,TODO,UNRESOLVED,,,,0,,,
CONFIG_PATA_ARASAN_CF,TODO,UNRESOLVED,,,,0,,,
CONFIG_PATA_ARTOP,TODO,UNRESOLVED,,,,0,,,
CONFIG_PATA_ATIIXP,TODO,UNRESOLVED,,,,0,,,
CONFIG_PATA_ATP867X,TODO,UNRESOLVED,,,,0,,,
CONFIG_PATA_BUDDHA,TODO,UNRESOLVED,,,,0,,,
CONFIG_PATA_CMD640_PCI,TODO,UNRESOLVED,,,,0,,,
CONFIG_PATA_CMD64X,TODO,UNRESOLVED,,,,0,,,
CONFIG_PATA_CS5520,TODO,UNRESOLVED,,,,0,,,
CONFIG_PATA_CS5530,TODO,UNRESOLVED,,,,0,,,
CONFIG_PATA_CS5535,TODO,UNRESOLVED,,,,0,,,
CONFIG_PATA_CS5536,TODO,UNRESOLVED,,,,0,,,
CONFIG_PATA_CYPRESS,TODO,UNRESOLVED,,,,0,,,
CONFIG_PATA_EFAR,TODO,UNRESOLVED,,,,0,,,
CONFIG_PATA_EP93XX,TODO,UNRESOLVED,,,,0,,,
CONFIG_PATA_FALCON,TODO,UNRESOLVED,,,,0,,,
CONFIG_PATA_FTIDE010,TODO,UNRESOLVED,,,,0,,,
CONFIG_PATA_GAYLE,TODO,UNRESOLVED,,,,0,,,
CONFIG_PATA_HPT366,TODO,UNRESOLVED,,,,0,,,
CONFIG_PATA_HPT37X,TODO,UNRESOLVED,,,,0,,,
CONFIG_PATA_HPT3X2N,TODO,UNRESOLVED,,,,0,,,
CONFIG_PATA_HPT3X3,TODO,UNRESOLVED,,,,0,,,
CONFIG_PATA_HPT3X3_DMA,TODO,UNRESOLVED,,,,0,,,
CONFIG_PATA_ICSIDE,TODO,UNRESOLVED,,,,0,,,
CONFIG_PATA_IMX,TODO,UNRESOLVED,,,,0,,,
CONFIG_PATA_ISAPNP,TODO,UNRESOLVED,,,,0,,,
CONFIG_PATA_IT8213,TODO,UNRESOLVED,,,,0,,,
CONFIG_PATA_IT821X,TODO,UNRESOLVED,,,,0,,,
CONFIG_PATA_IXP4XX_CF,TODO,UNRESOLVED,,,,0,,,
CONFIG_PATA_JMICRON,TODO,UNRESOLVED,,,,0,,,
CONFIG_PATA_LEGACY,TODO,UNRESOLVED,,,,0,,,
CONFIG_PATA_MACIO,TODO,UNRESOLVED,,,,0,,,
CONFIG_PATA_MARVELL,TODO,UNRESOLVED,,,,0,,,
CONFIG_PATA_MPC52xx,TODO,UNRESOLVED,,,,0,,,
CONFIG_PATA_MPIIX,TODO,UNRESOLVED,,,,0,,,
CONFIG_PATA_NETCELL,TODO,UNRESOLVED,,,,0,,,
CONFIG_PATA_NINJA32,TODO,UNRESOLVED,,,,0,,,
CONFIG_PATA_NS87410,TODO,UNRESOLVED,,,,0,,,
CONFIG_PATA_NS87415,TODO,UNRESOLVED,,,,0,,,
CONFIG_PATA_OCTEON_CF,TODO,UNRESOLVED,,,,0,,,
CONFIG_PATA_OF_PLATFORM,TODO,UNRESOLVED,,,,0,,,
CONFIG_PATA_OLDPIIX,TODO,UNRESOLVED,,,,0,,,
CONFIG_PATA_OPTI,TODO,UNRESOLVED,,,,0,,,
CONFIG_PATA_OPTIDMA,TODO,UNRESOLVED,,,,0,,,
CONFIG_PATA_PARPORT,TODO,UNRESOLVED,,,,0,,,
CONFIG_PATA_PARPORT_ATEN,TODO,UNRESOLVED,,,,0,,,
CONFIG_PATA_PARPORT_BPCK,TODO,UNRESOLVED,,,,0,,,
CONFIG_PATA_PARPORT_BPCK6,TODO,UNRESOLVED,,,,0,,,
CONFIG_PATA_PARPORT_COMM,TODO,UNRESOLVED,,,,0,,,
CONFIG_PATA_PARPORT_DSTR,TODO,UNRESOLVED,,,,0,,,
CONFIG_PATA_PARPORT_EPAT,TODO,UNRESOLVED,,,,0,,,
CONFIG_PATA_PARPORT_EPATC8,TODO,UNRESOLVED,,,,0,,,
CONFIG_PATA_PARPORT_EPIA,TODO,UNRESOLVED,,,,0,,,
CONFIG_PATA_PARPORT_FIT2,TODO,UNRESOLVED,,,,0,,,
CONFIG_PATA_PARPORT_FIT3,TODO,UNRESOLVED,,,,0,,,
CONFIG_PATA_PARPORT_FRIQ,TODO,UNRESOLVED,,,,0,,,
CONFIG_PATA_PARPORT_FRPW,TODO,UNRESOLVED,,,,0,,,
CONFIG_PATA_PARPORT_KBIC,TODO,UNRESOLVED,,,,0,,,
CONFIG_PATA_PARPORT_KTTI,TODO,UNRESOLVED,,,,0,,,
CONFIG_PATA_PARPORT_ON20,TODO,UNRESOLVED,,,,0,,,
CONFIG_PATA_PARPORT_ON26,TODO,UNRESOLVED,,,,0,,,
CONFIG_PATA_PCMCIA,TODO,UNRESOLVED,,,,0,,,
CONFIG_PATA_PDC2027X,TODO,UNRESOLVED,,,,0,,,
CONFIG_PATA_PDC_OLD,TODO,UNRESOLVED,,,,0,,,
CONFIG_PATA_PLATFORM,TODO,UNRESOLVED,,,,0,,,
CONFIG_PATA_PXA,TODO,UNRESOLVED,,,,0,,,
CONFIG_PATA_QDI,TODO,UNRESOLVED,,,,0,,,
CONFIG_PATA_RADISYS,TODO,UNRESOLVED,,,,0,,,
CONFIG_PATA_RB532,TODO,UNRESOLVED,,,,0,,,
CONFIG_PATA_RDC,TODO,UNRESOLVED,,,,0,,,
CONFIG_PATA_RZ1000,TODO,UNRESOLVED,,,,0,,,
CONFIG_PATA_SC1200,TODO,UNRESOLVED,,,,0,,,
CONFIG_PATA_SCH,TODO,UNRESOLVED,,,,0,,,
CONFIG_PATA_SERVERWORKS,TODO,UNRESOLVED,,,,0,,,
CONFIG_PATA_SIL680,TODO,UNRESOLVED,,,,0,,,
CONFIG_PATA_SIS,TODO,UNRESOLVED,,,,0,,,
CONFIG_PATA_TIMINGS,TODO,UNRESOLVED,,,,0,,,
CONFIG_PATA_TOSHIBA,TODO,UNRESOLVED,,,,0,,,
CONFIG_PATA_TRIFLEX,TODO,UNRESOLVED,,,,0,,,
CONFIG_PATA_VIA,TODO,UNRESOLVED,,,,0,,,
CONFIG_PATA_WINBOND,TODO,UNRESOLVED,,,,0,,,
CONFIG_PATA_WINBOND_VLB,TODO,UNRESOLVED,,,,0,,,
CONFIG_PC104,TODO,UNRESOLVED,,,,0,,,
CONFIG_PC300TOO,TODO,UNRESOLVED,,,,0,,,
CONFIG_PC8736x_GPIO,TODO,UNRESOLVED,,,,0,,,
CONFIG_PC87413_WDT,TODO,UNRESOLVED,,,,0,,,
CONFIG_PCC,TODO,UNRESOLVED,,,,0,,,
CONFIG_PCCARD,TODO,UNRESOLVED,,,,0,,,
CONFIG_PCCARD_NONSTATIC,TODO,UNRESOLVED,,,,0,,,
CONFIG_PCENGINES_APU2,TODO,UNRESOLVED,,,,0,,,
CONFIG_PCH_DMA,TODO,UNRESOLVED,,,,0,,,
CONFIG_PCH_GBE,TODO,UNRESOLVED,,,,0,,,
CONFIG_PCH_PHUB,TODO,UNRESOLVED,,,,0,,,
CONFIG_PCI,TODO,UNRESOLVED,,,,0,,,
CONFIG_PCI200SYN,TODO,UNRESOLVED,,,,0,,,
CONFIG_PCIEAER,TODO,UNRESOLVED,,,,0,,,
CONFIG_PCIEAER_CXL,TODO,UNRESOLVED,,,,0,,,
CONFIG_PCIEAER_INJECT,TODO,UNRESOLVED,,,,0,,,
CONFIG_PCIEASPM,TODO,UNRESOLVED,,,,0,,,
CONFIG_PCIEASPM_DEFAULT,TODO,UNRESOLVED,,,,0,,,
CONFIG_PCIEASPM_PERFORMANCE,TODO,UNRESOLVED,,,,0,,,
CONFIG_PCIEASPM_POWERSAVE,TODO,UNRESOLVED,,,,0,,,
CONFIG_PCIEASPM_POWER_SUPERSAVE,TODO,UNRESOLVED,,,,0,,,
CONFIG_PCIEPORTBUS,TODO,UNRESOLVED,,,,0,,,
CONFIG_PCIE_AL,TODO,UNRESOLVED,,,,0,,,
CONFIG_PCIE_ALTERA,TODO,UNRESOLVED,,,,0,,,
CONFIG_PCIE_ALTERA_MSI,TODO,UNRESOLVED,,,,0,,,
CONFIG_PCIE_AMD_MDB,TODO,UNRESOLVED,,,,0,,,
CONFIG_PCIE_APPLE,TODO,UNRESOLVED,,,,0,,,
CONFIG_PCIE_APPLE_MSI_DOORBELL_ADDR,TODO,UNRESOLVED,,,,0,,,
CONFIG_PCIE_ARMADA_8K,TODO,UNRESOLVED,,,,0,,,
CONFIG_PCIE_ARTPEC6,TODO,UNRESOLVED,,,,0,,,
CONFIG_PCIE_ARTPEC6_EP,TODO,UNRESOLVED,,,,0,,,
CONFIG_PCIE_ARTPEC6_HOST,TODO,UNRESOLVED,,,,0,,,
CONFIG_PCIE_BRCMSTB,TODO,UNRESOLVED,,,,0,,,
CONFIG_PCIE_BT1,TODO,UNRESOLVED,,,,0,,,
CONFIG_PCIE_BUS_DEFAULT,TODO,UNRESOLVED,,,,0,,,
CONFIG_PCIE_BUS_PEER2PEER,TODO,UNRESOLVED,,,,0,,,
CONFIG_PCIE_BUS_PERFORMANCE,TODO,UNRESOLVED,,,,0,,,
CONFIG_PCIE_BUS_SAFE,TODO,UNRESOLVED,,,,0,,,
CONFIG_PCIE_BUS_TUNE_OFF,TODO,UNRESOLVED,,,,0,,,
CONFIG_PCIE_CADENCE,TODO,UNRESOLVED,,,,0,,,
CONFIG_PCIE_CADENCE_EP,TODO,UNRESOLVED,,,,0,,,
CONFIG_PCIE_CADENCE_HOST,TODO,UNRESOLVED,,,,0,,,
CONFIG_PCIE_CADENCE_PLAT,TODO,UNRESOLVED,,,,0,,,
CONFIG_PCIE_CADENCE_PLAT_EP,TODO,UNRESOLVED,,,,0,,,
CONFIG_PCIE_CADENCE_PLAT_HOST,TODO,UNRESOLVED,,,,0,,,
CONFIG_PCIE_DPC,TODO,UNRESOLVED,,,,0,,,
CONFIG_PCIE_DW,TODO,UNRESOLVED,,,,0,,,
CONFIG_PCIE_DW_DEBUGFS,TODO,UNRESOLVED,,,,0,,,
CONFIG_PCIE_DW_EP,TODO,UNRESOLVED,,,,0,,,
CONFIG_PCIE_DW_HOST,TODO,UNRESOLVED,,,,0,,,
CONFIG_PCIE_DW_PLAT,TODO,UNRESOLVED,,,,0,,,
CONFIG_PCIE_DW_PLAT_EP,TODO,UNRESOLVED,,,,0,,,
CONFIG_PCIE_DW_PLAT_HOST,TODO,UNRESOLVED,,,,0,,,
CONFIG_PCIE_ECRC,TODO,UNRESOLVED,,,,0,,,
CONFIG_PCIE_EDR,TODO,UNRESOLVED,,,,0,,,
CONFIG_PCIE_FU740,TODO,UNRESOLVED,,,,0,,,
CONFIG_PCIE_HISI_ERR,TODO,UNRESOLVED,,,,0,,,
CONFIG_PCIE_HISI_STB,TODO,UNRESOLVED,,,,0,,,
CONFIG_PCIE_INTEL_GW,TODO,UNRESOLVED,,,,0,,,
CONFIG_PCIE_IPROC,TODO,UNRESOLVED,,,,0,,,
CONFIG_PCIE_IPROC_BCMA,TODO,UNRESOLVED,,,,0,,,
CONFIG_PCIE_IPROC_MSI,TODO,UNRESOLVED,,,,0,,,
CONFIG_PCIE_IPROC_PLATFORM,TODO,UNRESOLVED,,,,0,,,
CONFIG_PCIE_KEEMBAY,TODO,UNRESOLVED,,,,0,,,
CONFIG_PCIE_KEEMBAY_EP,TODO,UNRESOLVED,,,,0,,,
CONFIG_PCIE_KEEMBAY_HOST,TODO,UNRESOLVED,,,,0,,,
CONFIG_PCIE_KIRIN,TODO,UNRESOLVED,,,,0,,,
CONFIG_PCIE_LAYERSCAPE_GEN4,TODO,UNRESOLVED,,,,0,,,
CONFIG_PCIE_MEDIATEK,TODO,UNRESOLVED,,,,0,,,
CONFIG_PCIE_MEDIATEK_GEN3,TODO,UNRESOLVED,,,,0,,,
CONFIG_PCIE_MICROCHIP_HOST,TODO,UNRESOLVED,,,,0,,,
CONFIG_PCIE_MOBIVEIL,TODO,UNRESOLVED,,,,0,,,
CONFIG_PCIE_MOBIVEIL_HOST,TODO,UNRESOLVED,,,,0,,,
CONFIG_PCIE_MOBIVEIL_PLAT,TODO,UNRESOLVED,,,,0,,,
CONFIG_PCIE_MT7621,TODO,UNRESOLVED,,,,0,,,
CONFIG_PCIE_PLDA_HOST,TODO,UNRESOLVED,,,,0,,,
CONFIG_PCIE_PME,TODO,UNRESOLVED,,,,0,,,
CONFIG_PCIE_PTM,TODO,UNRESOLVED,,,,0,,,
CONFIG_PCIE_QCOM,TODO,UNRESOLVED,,,,0,,,
CONFIG_PCIE_QCOM_COMMON,TODO,UNRESOLVED,,,,0,,,
CONFIG_PCIE_QCOM_EP,TODO,UNRESOLVED,,,,0,,,
CONFIG_PCIE_RCAR_EP,TODO,UNRESOLVED,,,,0,,,
CONFIG_PCIE_RCAR_GEN4,TODO,UNRESOLVED,,,,0,,,
CONFIG_PCIE_RCAR_GEN4_EP,TODO,UNRESOLVED,,,,0,,,
CONFIG_PCIE_RCAR_GEN4_HOST,TODO,UNRESOLVED,,,,0,,,
CONFIG_PCIE_RCAR_HOST,TODO,UNRESOLVED,,,,0,,,
CONFIG_PCIE_ROCKCHIP,TODO,UNRESOLVED,,,,0,,,
CONFIG_PCIE_ROCKCHIP_DW,TODO,UNRESOLVED,,,,0,,,
CONFIG_PCIE_ROCKCHIP_DW_EP,TODO,UNRESOLVED,,,,0,,,
CONFIG_PCIE_ROCKCHIP_DW_HOST,TODO,UNRESOLVED,,,,0,,,
CONFIG_PCIE_ROCKCHIP_EP,TODO,UNRESOLVED,,,,0,,,
CONFIG_PCIE_ROCKCHIP_HOST,TODO,UNRESOLVED,,,,0,,,
CONFIG_PCIE_SG2042_HOST,TODO,UNRESOLVED,,,,0,,,
CONFIG_PCIE_SOPHGO_DW,TODO,UNRESOLVED,,,,0,,,
CONFIG_PCIE_SPEAR13XX,TODO,UNRESOLVED,,,,0,,,
CONFIG_PCIE_STARFIVE_HOST,TODO,UNRESOLVED,,,,0,,,
CONFIG_PCIE_STM32_EP,TODO,UNRESOLVED,,,,0,,,
CONFIG_PCIE_STM32_HOST,TODO,UNRESOLVED,,,,0,,,
CONFIG_PCIE_TEGRA194,TODO,UNRESOLVED,,,,0,,,
CONFIG_PCIE_TEGRA194_EP,TODO,UNRESOLVED,,,,0,,,
CONFIG_PCIE_TEGRA194_HOST,TODO,UNRESOLVED,,,,0,,,
CONFIG_PCIE_THERMAL,TODO,UNRESOLVED,,,,0,,,
CONFIG_PCIE_TPH,TODO,UNRESOLVED,,,,0,,,
CONFIG_PCIE_UNIPHIER,TODO,UNRESOLVED,,,,0,,,
CONFIG_PCIE_UNIPHIER_EP,TODO,UNRESOLVED,,,,0,,,
CONFIG_PCIE_VISCONTI_HOST,TODO,UNRESOLVED,,,,0,,,
CONFIG_PCIE_XILINX,TODO,UNRESOLVED,,,,0,,,
CONFIG_PCIE_XILINX_CPM,TODO,UNRESOLVED,,,,0,,,
CONFIG_PCIE_XILINX_DMA_PL,TODO,UNRESOLVED,,,,0,,,
CONFIG_PCIE_XILINX_NWL,TODO,UNRESOLVED,,,,0,,,
CONFIG_PCIPCWATCHDOG,TODO,UNRESOLVED,,,,0,,,
CONFIG_PCI_AARDVARK,TODO,UNRESOLVED,,,,0,,,
CONFIG_PCI_ATS,TODO,UNRESOLVED,,,,0,,,
CONFIG_PCI_BIOS,TODO,UNRESOLVED,,,,0,,,
CONFIG_PCI_BRIDGE_EMUL,TODO,UNRESOLVED,,,,0,,,
CONFIG_PCI_CNB20LE_QUIRK,TODO,UNRESOLVED,,,,0,,,
CONFIG_PCI_DEBUG,TODO,UNRESOLVED,,,,0,,,
CONFIG_PCI_DIRECT,TODO,UNRESOLVED,,,,0,,,
CONFIG_PCI_DOE,TODO,UNRESOLVED,,,,0,,,
CONFIG_PCI_DOMAINS,TODO,UNRESOLVED,,,,0,,,
CONFIG_PCI_DOMAINS_GENERIC,TODO,UNRESOLVED,,,,0,,,
CONFIG_PCI_DRA7XX,TODO,UNRESOLVED,,,,0,,,
CONFIG_PCI_DRA7XX_EP,TODO,UNRESOLVED,,,,0,,,
CONFIG_PCI_DRA7XX_HOST,TODO,UNRESOLVED,,,,0,,,
CONFIG_PCI_DYNAMIC_OF_NODES,TODO,UNRESOLVED,,,,0,,,
CONFIG_PCI_ECAM,TODO,UNRESOLVED,,,,0,,,
CONFIG_PCI_ENDPOINT,TODO,UNRESOLVED,,,,0,,,
CONFIG_PCI_ENDPOINT_CONFIGFS,TODO,UNRESOLVED,,,,0,,,
CONFIG_PCI_ENDPOINT_MSI_DOORBELL,TODO,UNRESOLVED,,,,0,,,
CONFIG_PCI_ENDPOINT_TEST,TODO,UNRESOLVED,,,,0,,,
CONFIG_PCI_EPF_MHI,TODO,UNRESOLVED,,,,0,,,
CONFIG_PCI_EPF_NTB,TODO,UNRESOLVED,,,,0,,,
CONFIG_PCI_EPF_TEST,TODO,UNRESOLVED,,,,0,,,
CONFIG_PCI_EPF_VNTB,TODO,UNRESOLVED,,,,0,,,
CONFIG_PCI_EXYNOS,TODO,UNRESOLVED,,,,0,,,
CONFIG_PCI_FTPCI100,TODO,UNRESOLVED,,,,0,,,
CONFIG_PCI_GOANY,TODO,UNRESOLVED,,,,0,,,
CONFIG_PCI_GOBIOS,TODO,UNRESOLVED,,,,0,,,
CONFIG_PCI_GODIRECT,TODO,UNRESOLVED,,,,0,,,
CONFIG_PCI_GOMMCONFIG,TODO,UNRESOLVED,,,,0,,,
CONFIG_PCI_GOOLPC,TODO,UNRESOLVED,,,,0,,,
CONFIG_PCI_HISI,TODO,UNRESOLVED,,,,0,,,
CONFIG_PCI_HOST_COMMON,TODO,UNRESOLVED,,,,0,,,
CONFIG_PCI_HOST_GENERIC,TODO,UNRESOLVED,,,,0,,,
CONFIG_PCI_HOST_THUNDER_ECAM,TODO,UNRESOLVED,,,,0,,,
CONFIG_PCI_HOST_THUNDER_PEM,TODO,UNRESOLVED,,,,0,,,
CONFIG_PCI_HYPERV,TODO,UNRESOLVED,,,,0,,,
CONFIG_PCI_HYPERV_INTERFACE,TODO,UNRESOLVED,,,,0,,,
CONFIG_PCI_IMX6,TODO,UNRESOLVED,,,,0,,,
CONFIG_PCI_IMX6_EP,TODO,UNRESOLVED,,,,0,,,
CONFIG_PCI_IMX6_HOST,TODO,UNRESOLVED,,,,0,,,
CONFIG_PCI_IOV,TODO,UNRESOLVED,,,,0,,,
CONFIG_PCI_IXP4XX,TODO,UNRESOLVED,,,,0,,,
CONFIG_PCI_J721E,TODO,UNRESOLVED,,,,0,,,
CONFIG_PCI_J721E_EP,TODO,UNRESOLVED,,,,0,,,
CONFIG_PCI_J721E_HOST,TODO,UNRESOLVED,,,,0,,,
CONFIG_PCI_KEYSTONE,TODO,UNRESOLVED,,,,0,,,
CONFIG_PCI_KEYSTONE_EP,TODO,UNRESOLVED,,,,0,,,
CONFIG_PCI_KEYSTONE_HOST,TODO,UNRESOLVED,,,,0,,,
CONFIG_PCI_LABEL,TODO,UNRESOLVED,,,,0,,,
CONFIG_PCI_LAYERSCAPE,TODO,UNRESOLVED,,,,0,,,
CONFIG_PCI_LAYERSCAPE_EP,TODO,UNRESOLVED,,,,0,,,
CONFIG_PCI_LOCKLESS_CONFIG,TODO,UNRESOLVED,,,,0,,,
CONFIG_PCI_LOONGSON,TODO,UNRESOLVED,,,,0,,,
CONFIG_PCI_MESON,TODO,UNRESOLVED,,,,0,,,
CONFIG_PCI_MMCONFIG,REVIEWED,DEFERRED,DOCUMENTED_SCENARIO,OPTIONAL,held-parent-default,1,Held at K-HVCORE-001 value n to prevent unrelated defaults from widening K-HOSTCHAN-001.,https://github.com/microsoft/WSL2-Linux-Kernel/tree/14794180686c2fb6307fbe359c359bec765249f3,
CONFIG_PCI_MSI,TODO,UNRESOLVED,,,,0,,,
CONFIG_PCI_MSI_ARCH_FALLBACKS,TODO,UNRESOLVED,,,,0,,,
CONFIG_PCI_MVEBU,TODO,UNRESOLVED,,,,0,,,
CONFIG_PCI_NPEM,TODO,UNRESOLVED,,,,0,,,
CONFIG_PCI_OLPC,TODO,UNRESOLVED,,,,0,,,
CONFIG_PCI_P2PDMA,TODO,UNRESOLVED,,,,0,,,
CONFIG_PCI_PASID,TODO,UNRESOLVED,,,,0,,,
CONFIG_PCI_PF_STUB,TODO,UNRESOLVED,,,,0,,,
CONFIG_PCI_PRI,TODO,UNRESOLVED,,,,0,,,
CONFIG_PCI_PWRCTL_PWRSEQ,TODO,UNRESOLVED,,,,0,,,
CONFIG_PCI_PWRCTRL,TODO,UNRESOLVED,,,,0,,,
CONFIG_PCI_PWRCTRL_PWRSEQ,TODO,UNRESOLVED,,,,0,,,
CONFIG_PCI_PWRCTRL_SLOT,TODO,UNRESOLVED,,,,0,,,
CONFIG_PCI_QUIRKS,TODO,UNRESOLVED,,,,0,,,
CONFIG_PCI_RCAR_GEN2,TODO,UNRESOLVED,,,,0,,,
CONFIG_PCI_REALLOC_ENABLE_AUTO,TODO,UNRESOLVED,,,,0,,,
CONFIG_PCI_STUB,TODO,UNRESOLVED,,,,0,,,
CONFIG_PCI_SW_SWITCHTEC,TODO,UNRESOLVED,,,,0,,,
CONFIG_PCI_SYSCALL,TODO,UNRESOLVED,,,,0,,,
CONFIG_PCI_TEGRA,TODO,UNRESOLVED,,,,0,,,
CONFIG_PCI_V3_SEMI,TODO,UNRESOLVED,,,,0,,,
CONFIG_PCI_VERSATILE,TODO,UNRESOLVED,,,,0,,,
CONFIG_PCI_XEN,TODO,UNRESOLVED,,,,0,,,
CONFIG_PCI_XGENE,TODO,UNRESOLVED,,,,0,,,
CONFIG_PCI_XGENE_MSI,TODO,UNRESOLVED,,,,0,,,
CONFIG_PCMCIA,TODO,UNRESOLVED,,,,0,,,
CONFIG_PCMCIA_3C574,TODO,UNRESOLVED,,,,0,,,
CONFIG_PCMCIA_3C589,TODO,UNRESOLVED,,,,0,,,
CONFIG_PCMCIA_AHA152X,TODO,UNRESOLVED,,,,0,,,
CONFIG_PCMCIA_ALCHEMY_DEVBOARD,TODO,UNRESOLVED,,,,0,,,
CONFIG_PCMCIA_AXNET,TODO,UNRESOLVED,,,,0,,,
CONFIG_PCMCIA_BCM63XX,TODO,UNRESOLVED,,,,0,,,
CONFIG_PCMCIA_DEBUG,TODO,UNRESOLVED,,,,0,,,
CONFIG_PCMCIA_FDOMAIN,TODO,UNRESOLVED,,,,0,,,
CONFIG_PCMCIA_FMVJ18X,TODO,UNRESOLVED,,,,0,,,
CONFIG_PCMCIA_LOAD_CIS,TODO,UNRESOLVED,,,,0,,,
CONFIG_PCMCIA_MAX1600,TODO,UNRESOLVED,,,,0,,,
CONFIG_PCMCIA_NINJA_SCSI,TODO,UNRESOLVED,,,,0,,,
CONFIG_PCMCIA_NMCLAN,TODO,UNRESOLVED,,,,0,,,
CONFIG_PCMCIA_PCNET,TODO,UNRESOLVED,,,,0,,,
CONFIG_PCMCIA_PROBE,TODO,UNRESOLVED,,,,0,,,
CONFIG_PCMCIA_PXA2XX,TODO,UNRESOLVED,,,,0,,,
CONFIG_PCMCIA_QLOGIC,TODO,UNRESOLVED,,,,0,,,
CONFIG_PCMCIA_SA1100,TODO,UNRESOLVED,,,,0,,,
CONFIG_PCMCIA_SA1111,TODO,UNRESOLVED,,,,0,,,
CONFIG_PCMCIA_SA11XX_BASE,TODO,UNRESOLVED,,,,0,,,
CONFIG_PCMCIA_SMC91C92,TODO,UNRESOLVED,,,,0,,,
CONFIG_PCMCIA_SOC_COMMON,TODO,UNRESOLVED,,,,0,,,
CONFIG_PCMCIA_SYM53C500,TODO,UNRESOLVED,,,,0,,,
CONFIG_PCMCIA_XIRC2PS,TODO,UNRESOLVED,,,,0,,,
CONFIG_PCMCIA_XIRCOM,TODO,UNRESOLVED,,,,0,,,
CONFIG_PCMCIA_XXS1500,TODO,UNRESOLVED,,,,0,,,
CONFIG_PCNET32,TODO,UNRESOLVED,,,,0,,,
CONFIG_PCPU_DEV_REFCNT,TODO,UNRESOLVED,,,,0,,,
CONFIG_PCP_BATCH_SCALE_MAX,TODO,UNRESOLVED,,,,0,,,
CONFIG_PCSPKR_PLATFORM,TODO,UNRESOLVED,,,,0,,,
CONFIG_PCS_LYNX,TODO,UNRESOLVED,,,,0,,,
CONFIG_PCS_MTK_LYNXI,TODO,UNRESOLVED,,,,0,,,
CONFIG_PCS_RZN1_MIIC,TODO,UNRESOLVED,,,,0,,,
CONFIG_PCS_XPCS,TODO,UNRESOLVED,,,,0,,,
CONFIG_PCWATCHDOG,TODO,UNRESOLVED,,,,0,,,
CONFIG_PD6729,TODO,UNRESOLVED,,,,0,,,
CONFIG_PDC_ADMA,TODO,UNRESOLVED,,,,0,,,
CONFIG_PDS_CORE,TODO,UNRESOLVED,,,,0,,,
CONFIG_PDS_VDPA,TODO,UNRESOLVED,,,,0,,,
CONFIG_PDS_VFIO_PCI,TODO,UNRESOLVED,,,,0,,,
CONFIG_PECI,TODO,UNRESOLVED,,,,0,,,
CONFIG_PECI_ASPEED,TODO,UNRESOLVED,,,,0,,,
CONFIG_PECI_CPU,TODO,UNRESOLVED,,,,0,,,
CONFIG_PECI_NPCM,TODO,UNRESOLVED,,,,0,,,
CONFIG_PERCPU_STATS,TODO,UNRESOLVED,,,,0,,,
CONFIG_PERCPU_TEST,TODO,UNRESOLVED,,,,0,,,
CONFIG_PERF_EVENTS,TODO,UNRESOLVED,,,,0,,,
CONFIG_PERF_EVENTS_AMD_BRS,TODO,UNRESOLVED,,,,0,,,
CONFIG_PERF_EVENTS_AMD_POWER,TODO,UNRESOLVED,,,,0,,,
CONFIG_PERF_EVENTS_AMD_UNCORE,TODO,UNRESOLVED,,,,0,,,
CONFIG_PERF_EVENTS_INTEL_CSTATE,TODO,UNRESOLVED,,,,0,,,
CONFIG_PERF_EVENTS_INTEL_RAPL,TODO,UNRESOLVED,,,,0,,,
CONFIG_PERF_EVENTS_INTEL_UNCORE,TODO,UNRESOLVED,,,,0,,,
CONFIG_PERF_USE_VMALLOC,TODO,UNRESOLVED,,,,0,,,
CONFIG_PERSISTENT_HUGE_ZERO_FOLIO,TODO,UNRESOLVED,,,,0,,,
CONFIG_PERSISTENT_KEYRINGS,TODO,UNRESOLVED,,,,0,,,
CONFIG_PER_VMA_LOCK,TODO,UNRESOLVED,,,,0,,,
CONFIG_PER_VMA_LOCK_STATS,TODO,UNRESOLVED,,,,0,,,
CONFIG_PFCP,TODO,UNRESOLVED,,,,0,,,
CONFIG_PGTABLE_HAS_HUGE_LEAVES,TODO,UNRESOLVED,,,,0,,,
CONFIG_PGTABLE_LEVELS,TODO,UNRESOLVED,,,,0,,,
CONFIG_PHANTOM,TODO,UNRESOLVED,,,,0,,,
CONFIG_PHONET,TODO,UNRESOLVED,,,,0,,,
CONFIG_PHYLIB,TODO,UNRESOLVED,,,,0,,,
CONFIG_PHYLIB_LEDS,TODO,UNRESOLVED,,,,0,,,
CONFIG_PHYLINK,TODO,UNRESOLVED,,,,0,,,
CONFIG_PHYSICAL_ALIGN,TODO,UNRESOLVED,,,,0,,,
CONFIG_PHYSICAL_START,TODO,UNRESOLVED,,,,0,,,
CONFIG_PHYS_ADDR_T_64BIT,TODO,UNRESOLVED,,,,0,,,
CONFIG_PHY_AIROHA_PCIE,TODO,UNRESOLVED,,,,0,,,
CONFIG_PHY_AM654_SERDES,TODO,UNRESOLVED,,,,0,,,
CONFIG_PHY_ATH79_USB,TODO,UNRESOLVED,,,,0,,,
CONFIG_PHY_BCM63XX_USBH,TODO,UNRESOLVED,,,,0,,,
CONFIG_PHY_BCM_NS_USB2,TODO,UNRESOLVED,,,,0,,,
CONFIG_PHY_BCM_NS_USB3,TODO,UNRESOLVED,,,,0,,,
CONFIG_PHY_BCM_SR_PCIE,TODO,UNRESOLVED,,,,0,,,
CONFIG_PHY_BCM_SR_USB,TODO,UNRESOLVED,,,,0,,,
CONFIG_PHY_BERLIN_SATA,TODO,UNRESOLVED,,,,0,,,
CONFIG_PHY_BERLIN_USB,TODO,UNRESOLVED,,,,0,,,
CONFIG_PHY_BRCM_SATA,TODO,UNRESOLVED,,,,0,,,
CONFIG_PHY_BRCM_USB,TODO,UNRESOLVED,,,,0,,,
CONFIG_PHY_CADENCE_DPHY,TODO,UNRESOLVED,,,,0,,,
CONFIG_PHY_CADENCE_DPHY_RX,TODO,UNRESOLVED,,,,0,,,
CONFIG_PHY_CADENCE_SALVO,TODO,UNRESOLVED,,,,0,,,
CONFIG_PHY_CADENCE_SIERRA,TODO,UNRESOLVED,,,,0,,,
CONFIG_PHY_CADENCE_TORRENT,TODO,UNRESOLVED,,,,0,,,
CONFIG_PHY_CAN_TRANSCEIVER,TODO,UNRESOLVED,,,,0,,,
CONFIG_PHY_CPCAP_USB,TODO,UNRESOLVED,,,,0,,,
CONFIG_PHY_CYGNUS_PCIE,TODO,UNRESOLVED,,,,0,,,
CONFIG_PHY_DA8XX_USB,TODO,UNRESOLVED,,,,0,,,
CONFIG_PHY_DM816X_USB,TODO,UNRESOLVED,,,,0,,,
CONFIG_PHY_EXYNOS4210_USB2,TODO,UNRESOLVED,,,,0,,,
CONFIG_PHY_EXYNOS4X12_USB2,TODO,UNRESOLVED,,,,0,,,
CONFIG_PHY_EXYNOS5250_SATA,TODO,UNRESOLVED,,,,0,,,
CONFIG_PHY_EXYNOS5250_USB2,TODO,UNRESOLVED,,,,0,,,
CONFIG_PHY_EXYNOS5_USBDRD,TODO,UNRESOLVED,,,,0,,,
CONFIG_PHY_EXYNOS_DP_VIDEO,TODO,UNRESOLVED,,,,0,,,
CONFIG_PHY_EXYNOS_MIPI_VIDEO,TODO,UNRESOLVED,,,,0,,,
CONFIG_PHY_EXYNOS_PCIE,TODO,UNRESOLVED,,,,0,,,
CONFIG_PHY_FSL_IMX8MQ_USB,TODO,UNRESOLVED,,,,0,,,
CONFIG_PHY_FSL_IMX8M_PCIE,TODO,UNRESOLVED,,,,0,,,
CONFIG_PHY_FSL_IMX8QM_HSIO,TODO,UNRESOLVED,,,,0,,,
CONFIG_PHY_FSL_LYNX_28G,TODO,UNRESOLVED,,,,0,,,
CONFIG_PHY_FSL_SAMSUNG_HDMI_PHY,TODO,UNRESOLVED,,,,0,,,
CONFIG_PHY_HI3660_USB,TODO,UNRESOLVED,,,,0,,,
CONFIG_PHY_HI3670_PCIE,TODO,UNRESOLVED,,,,0,,,
CONFIG_PHY_HI3670_USB,TODO,UNRESOLVED,,,,0,,,
CONFIG_PHY_HI6220_USB,TODO,UNRESOLVED,,,,0,,,
CONFIG_PHY_HISI_INNO_USB2,TODO,UNRESOLVED,,,,0,,,
CONFIG_PHY_HISTB_COMBPHY,TODO,UNRESOLVED,,,,0,,,
CONFIG_PHY_HIX5HD2_SATA,TODO,UNRESOLVED,,,,0,,,
CONFIG_PHY_INGENIC_USB,TODO,UNRESOLVED,,,,0,,,
CONFIG_PHY_INTEL_KEEMBAY_EMMC,TODO,UNRESOLVED,,,,0,,,
CONFIG_PHY_INTEL_KEEMBAY_USB,TODO,UNRESOLVED,,,,0,,,
CONFIG_PHY_INTEL_LGM_COMBO,TODO,UNRESOLVED,,,,0,,,
CONFIG_PHY_INTEL_LGM_EMMC,TODO,UNRESOLVED,,,,0,,,
CONFIG_PHY_J721E_WIZ,TODO,UNRESOLVED,,,,0,,,
CONFIG_PHY_LAN966X_SERDES,TODO,UNRESOLVED,,,,0,,,
CONFIG_PHY_LANTIQ_RCU_USB2,TODO,UNRESOLVED,,,,0,,,
CONFIG_PHY_LANTIQ_VRX200_PCIE,TODO,UNRESOLVED,,,,0,,,
CONFIG_PHY_LPC18XX_USB_OTG,TODO,UNRESOLVED,,,,0,,,
CONFIG_PHY_MA35_USB,TODO,UNRESOLVED,,,,0,,,
CONFIG_PHY_MAPPHONE_MDM6600,TODO,UNRESOLVED,,,,0,,,
CONFIG_PHY_MESON8B_USB2,TODO,UNRESOLVED,,,,0,,,
CONFIG_PHY_MESON8_HDMI_TX,TODO,UNRESOLVED,,,,0,,,
CONFIG_PHY_MESON_AXG_MIPI_DPHY,TODO,UNRESOLVED,,,,0,,,
CONFIG_PHY_MESON_AXG_MIPI_PCIE_ANALOG,TODO,UNRESOLVED,,,,0,,,
CONFIG_PHY_MESON_AXG_PCIE,TODO,UNRESOLVED,,,,0,,,
CONFIG_PHY_MESON_G12A_MIPI_DPHY_ANALOG,TODO,UNRESOLVED,,,,0,,,
CONFIG_PHY_MESON_G12A_USB2,TODO,UNRESOLVED,,,,0,,,
CONFIG_PHY_MESON_G12A_USB3_PCIE,TODO,UNRESOLVED,,,,0,,,
CONFIG_PHY_MESON_GXL_USB2,TODO,UNRESOLVED,,,,0,,,
CONFIG_PHY_MIPHY28LP,TODO,UNRESOLVED,,,,0,,,
CONFIG_PHY_MIXEL_LVDS_PHY,TODO,UNRESOLVED,,,,0,,,
CONFIG_PHY_MIXEL_MIPI_DPHY,TODO,UNRESOLVED,,,,0,,,
CONFIG_PHY_MMP3_HSIC,TODO,UNRESOLVED,,,,0,,,
CONFIG_PHY_MMP3_USB,TODO,UNRESOLVED,,,,0,,,
CONFIG_PHY_MT7621_PCI,TODO,UNRESOLVED,,,,0,,,
CONFIG_PHY_MTK_DP,TODO,UNRESOLVED,,,,0,,,
CONFIG_PHY_MTK_HDMI,TODO,UNRESOLVED,,,,0,,,
CONFIG_PHY_MTK_MIPI_CSI_0_5,TODO,UNRESOLVED,,,,0,,,
CONFIG_PHY_MTK_MIPI_DSI,TODO,UNRESOLVED,,,,0,,,
CONFIG_PHY_MTK_PCIE,TODO,UNRESOLVED,,,,0,,,
CONFIG_PHY_MTK_TPHY,TODO,UNRESOLVED,,,,0,,,
CONFIG_PHY_MTK_UFS,TODO,UNRESOLVED,,,,0,,,
CONFIG_PHY_MTK_XFI_TPHY,TODO,UNRESOLVED,,,,0,,,
CONFIG_PHY_MTK_XSPHY,TODO,UNRESOLVED,,,,0,,,
CONFIG_PHY_MVEBU_A3700_COMPHY,TODO,UNRESOLVED,,,,0,,,
CONFIG_PHY_MVEBU_A3700_UTMI,TODO,UNRESOLVED,,,,0,,,
CONFIG_PHY_MVEBU_A38X_COMPHY,TODO,UNRESOLVED,,,,0,,,
CONFIG_PHY_MVEBU_CP110_COMPHY,TODO,UNRESOLVED,,,,0,,,
CONFIG_PHY_MVEBU_CP110_UTMI,TODO,UNRESOLVED,,,,0,,,
CONFIG_PHY_MVEBU_SATA,TODO,UNRESOLVED,,,,0,,,
CONFIG_PHY_NS2_PCIE,TODO,UNRESOLVED,,,,0,,,
CONFIG_PHY_NS2_USB_DRD,TODO,UNRESOLVED,,,,0,,,
CONFIG_PHY_NXP_PTN3222,TODO,UNRESOLVED,,,,0,,,
CONFIG_PHY_OCELOT_SERDES,TODO,UNRESOLVED,,,,0,,,
CONFIG_PHY_PACKAGE,TODO,UNRESOLVED,,,,0,,,
CONFIG_PHY_PISTACHIO_USB,TODO,UNRESOLVED,,,,0,,,
CONFIG_PHY_PXA_28NM_HSIC,TODO,UNRESOLVED,,,,0,,,
CONFIG_PHY_PXA_28NM_USB2,TODO,UNRESOLVED,,,,0,,,
CONFIG_PHY_PXA_USB,TODO,UNRESOLVED,,,,0,,,
CONFIG_PHY_QCOM_APQ8064_SATA,TODO,UNRESOLVED,,,,0,,,
CONFIG_PHY_QCOM_EDP,TODO,UNRESOLVED,,,,0,,,
CONFIG_PHY_QCOM_EUSB2_REPEATER,TODO,UNRESOLVED,,,,0,,,
CONFIG_PHY_QCOM_IPQ4019_USB,TODO,UNRESOLVED,,,,0,,,
CONFIG_PHY_QCOM_IPQ806X_SATA,TODO,UNRESOLVED,,,,0,,,
CONFIG_PHY_QCOM_IPQ806X_USB,TODO,UNRESOLVED,,,,0,,,
CONFIG_PHY_QCOM_M31_EUSB,TODO,UNRESOLVED,,,,0,,,
CONFIG_PHY_QCOM_M31_USB,TODO,UNRESOLVED,,,,0,,,
CONFIG_PHY_QCOM_PCIE2,TODO,UNRESOLVED,,,,0,,,
CONFIG_PHY_QCOM_QMP,TODO,UNRESOLVED,,,,0,,,
CONFIG_PHY_QCOM_QMP_COMBO,TODO,UNRESOLVED,,,,0,,,
CONFIG_PHY_QCOM_QMP_PCIE,TODO,UNRESOLVED,,,,0,,,
CONFIG_PHY_QCOM_QMP_PCIE_8996,TODO,UNRESOLVED,,,,0,,,
CONFIG_PHY_QCOM_QMP_UFS,TODO,UNRESOLVED,,,,0,,,
CONFIG_PHY_QCOM_QMP_USB,TODO,UNRESOLVED,,,,0,,,
CONFIG_PHY_QCOM_QMP_USB_LEGACY,TODO,UNRESOLVED,,,,0,,,
CONFIG_PHY_QCOM_QUSB2,TODO,UNRESOLVED,,,,0,,,
CONFIG_PHY_QCOM_SGMII_ETH,TODO,UNRESOLVED,,,,0,,,
CONFIG_PHY_QCOM_UNIPHY_PCIE_28LP,TODO,UNRESOLVED,,,,0,,,
CONFIG_PHY_QCOM_USB_HS,TODO,UNRESOLVED,,,,0,,,
CONFIG_PHY_QCOM_USB_HSIC,TODO,UNRESOLVED,,,,0,,,
CONFIG_PHY_QCOM_USB_HS_28NM,TODO,UNRESOLVED,,,,0,,,
CONFIG_PHY_QCOM_USB_SNPS_FEMTO_V2,TODO,UNRESOLVED,,,,0,,,
CONFIG_PHY_QCOM_USB_SS,TODO,UNRESOLVED,,,,0,,,
CONFIG_PHY_R8A779F0_ETHERNET_SERDES,TODO,UNRESOLVED,,,,0,,,
CONFIG_PHY_RALINK_USB,TODO,UNRESOLVED,,,,0,,,
CONFIG_PHY_RCAR_GEN2,TODO,UNRESOLVED,,,,0,,,
CONFIG_PHY_RCAR_GEN3_PCIE,TODO,UNRESOLVED,,,,0,,,
CONFIG_PHY_RCAR_GEN3_USB2,TODO,UNRESOLVED,,,,0,,,
CONFIG_PHY_RCAR_GEN3_USB3,TODO,UNRESOLVED,,,,0,,,
CONFIG_PHY_ROCKCHIP_DP,TODO,UNRESOLVED,,,,0,,,
CONFIG_PHY_ROCKCHIP_DPHY_RX0,TODO,UNRESOLVED,,,,0,,,
CONFIG_PHY_ROCKCHIP_EMMC,TODO,UNRESOLVED,,,,0,,,
CONFIG_PHY_ROCKCHIP_INNO_CSIDPHY,TODO,UNRESOLVED,,,,0,,,
CONFIG_PHY_ROCKCHIP_INNO_DSIDPHY,TODO,UNRESOLVED,,,,0,,,
CONFIG_PHY_ROCKCHIP_INNO_HDMI,TODO,UNRESOLVED,,,,0,,,
CONFIG_PHY_ROCKCHIP_INNO_USB2,TODO,UNRESOLVED,,,,0,,,
CONFIG_PHY_ROCKCHIP_NANENG_COMBO_PHY,TODO,UNRESOLVED,,,,0,,,
CONFIG_PHY_ROCKCHIP_PCIE,TODO,UNRESOLVED,,,,0,,,
CONFIG_PHY_ROCKCHIP_SAMSUNG_DCPHY,TODO,UNRESOLVED,,,,0,,,
CONFIG_PHY_ROCKCHIP_SAMSUNG_HDPTX,TODO,UNRESOLVED,,,,0,,,
CONFIG_PHY_ROCKCHIP_SNPS_PCIE3,TODO,UNRESOLVED,,,,0,,,
CONFIG_PHY_ROCKCHIP_TYPEC,TODO,UNRESOLVED,,,,0,,,
CONFIG_PHY_ROCKCHIP_USB,TODO,UNRESOLVED,,,,0,,,
CONFIG_PHY_ROCKCHIP_USBDP,TODO,UNRESOLVED,,,,0,,,
CONFIG_PHY_RTK_RTD_USB2PHY,TODO,UNRESOLVED,,,,0,,,
CONFIG_PHY_RTK_RTD_USB3PHY,TODO,UNRESOLVED,,,,0,,,
CONFIG_PHY_S5PV210_USB2,TODO,UNRESOLVED,,,,0,,,
CONFIG_PHY_SAMSUNG_UFS,TODO,UNRESOLVED,,,,0,,,
CONFIG_PHY_SAMSUNG_USB2,TODO,UNRESOLVED,,,,0,,,
CONFIG_PHY_SNPS_EUSB2,TODO,UNRESOLVED,,,,0,,,
CONFIG_PHY_SOPHGO_CV1800_USB2,TODO,UNRESOLVED,,,,0,,,
CONFIG_PHY_SPARX5_SERDES,TODO,UNRESOLVED,,,,0,,,
CONFIG_PHY_STARFIVE_JH7110_DPHY_RX,TODO,UNRESOLVED,,,,0,,,
CONFIG_PHY_STARFIVE_JH7110_DPHY_TX,TODO,UNRESOLVED,,,,0,,,
CONFIG_PHY_STARFIVE_JH7110_PCIE,TODO,UNRESOLVED,,,,0,,,
CONFIG_PHY_STARFIVE_JH7110_USB,TODO,UNRESOLVED,,,,0,,,
CONFIG_PHY_STIH407_USB,TODO,UNRESOLVED,,,,0,,,
CONFIG_PHY_STM32_COMBOPHY,TODO,UNRESOLVED,,,,0,,,
CONFIG_PHY_STM32_USBPHYC,TODO,UNRESOLVED,,,,0,,,
CONFIG_PHY_ST_SPEAR1310_MIPHY,TODO,UNRESOLVED,,,,0,,,
CONFIG_PHY_ST_SPEAR1340_MIPHY,TODO,UNRESOLVED,,,,0,,,
CONFIG_PHY_SUN4I_USB,TODO,UNRESOLVED,,,,0,,,
CONFIG_PHY_SUN50I_USB3,TODO,UNRESOLVED,,,,0,,,
CONFIG_PHY_SUN6I_MIPI_DPHY,TODO,UNRESOLVED,,,,0,,,
CONFIG_PHY_SUN9I_USB,TODO,UNRESOLVED,,,,0,,,
CONFIG_PHY_SUNPLUS_USB,TODO,UNRESOLVED,,,,0,,,
CONFIG_PHY_TEGRA194_P2U,TODO,UNRESOLVED,,,,0,,,
CONFIG_PHY_TEGRA_XUSB,TODO,UNRESOLVED,,,,0,,,
CONFIG_PHY_TI_GMII_SEL,TODO,UNRESOLVED,,,,0,,,
CONFIG_PHY_TUSB1210,TODO,UNRESOLVED,,,,0,,,
CONFIG_PHY_UNIPHIER_AHCI,TODO,UNRESOLVED,,,,0,,,
CONFIG_PHY_UNIPHIER_PCIE,TODO,UNRESOLVED,,,,0,,,
CONFIG_PHY_UNIPHIER_USB2,TODO,UNRESOLVED,,,,0,,,
CONFIG_PHY_UNIPHIER_USB3,TODO,UNRESOLVED,,,,0,,,
CONFIG_PHY_XGENE,TODO,UNRESOLVED,,,,0,,,
CONFIG_PHY_XILINX_ZYNQMP,TODO,UNRESOLVED,,,,0,,,
CONFIG_PIC32_DMT,TODO,UNRESOLVED,,,,0,,,
CONFIG_PIC32_EVIC,TODO,UNRESOLVED,,,,0,,,
CONFIG_PIC32_WDT,TODO,UNRESOLVED,,,,0,,,
CONFIG_PID_NS,TODO,UNRESOLVED,,,,0,,,
CONFIG_PIKA_WDT,TODO,UNRESOLVED,,,,0,,,
CONFIG_PINCONF,TODO,UNRESOLVED,,,,0,,,
CONFIG_PINCTRL,TODO,UNRESOLVED,,,,0,,,
CONFIG_PINCTRL_AB8500,TODO,UNRESOLVED,,,,0,,,
CONFIG_PINCTRL_AB8505,TODO,UNRESOLVED,,,,0,,,
CONFIG_PINCTRL_ABX500,TODO,UNRESOLVED,,,,0,,,
CONFIG_PINCTRL_AC5,TODO,UNRESOLVED,,,,0,,,
CONFIG_PINCTRL_AIROHA,TODO,UNRESOLVED,,,,0,,,
CONFIG_PINCTRL_ALDERLAKE,TODO,UNRESOLVED,,,,0,,,
CONFIG_PINCTRL_AMD,TODO,UNRESOLVED,,,,0,,,
CONFIG_PINCTRL_AMDISP,TODO,UNRESOLVED,,,,0,,,
CONFIG_PINCTRL_AMLOGIC_A4,TODO,UNRESOLVED,,,,0,,,
CONFIG_PINCTRL_AMLOGIC_C3,TODO,UNRESOLVED,,,,0,,,
CONFIG_PINCTRL_AMLOGIC_T7,TODO,UNRESOLVED,,,,0,,,
CONFIG_PINCTRL_APPLE_GPIO,TODO,UNRESOLVED,,,,0,,,
CONFIG_PINCTRL_APQ8064,TODO,UNRESOLVED,,,,0,,,
CONFIG_PINCTRL_APQ8084,TODO,UNRESOLVED,,,,0,,,
CONFIG_PINCTRL_ARMADA_370,TODO,UNRESOLVED,,,,0,,,
CONFIG_PINCTRL_ARMADA_375,TODO,UNRESOLVED,,,,0,,,
CONFIG_PINCTRL_ARMADA_37XX,TODO,UNRESOLVED,,,,0,,,
CONFIG_PINCTRL_ARMADA_38X,TODO,UNRESOLVED,,,,0,,,
CONFIG_PINCTRL_ARMADA_39X,TODO,UNRESOLVED,,,,0,,,
CONFIG_PINCTRL_ARMADA_AP806,TODO,UNRESOLVED,,,,0,,,
CONFIG_PINCTRL_ARMADA_CP110,TODO,UNRESOLVED,,,,0,,,
CONFIG_PINCTRL_ARMADA_XP,TODO,UNRESOLVED,,,,0,,,
CONFIG_PINCTRL_ARTPEC6,TODO,UNRESOLVED,,,,0,,,
CONFIG_PINCTRL_AS370,TODO,UNRESOLVED,,,,0,,,
CONFIG_PINCTRL_AS3722,TODO,UNRESOLVED,,,,0,,,
CONFIG_PINCTRL_ASPEED,TODO,UNRESOLVED,,,,0,,,
CONFIG_PINCTRL_ASPEED_G4,TODO,UNRESOLVED,,,,0,,,
CONFIG_PINCTRL_ASPEED_G5,TODO,UNRESOLVED,,,,0,,,
CONFIG_PINCTRL_ASPEED_G6,TODO,UNRESOLVED,,,,0,,,
CONFIG_PINCTRL_AT91,TODO,UNRESOLVED,,,,0,,,
CONFIG_PINCTRL_AT91PIO4,TODO,UNRESOLVED,,,,0,,,
CONFIG_PINCTRL_AW9523,TODO,UNRESOLVED,,,,0,,,
CONFIG_PINCTRL_AXP209,TODO,UNRESOLVED,,,,0,,,
CONFIG_PINCTRL_BAYTRAIL,TODO,UNRESOLVED,,,,0,,,
CONFIG_PINCTRL_BCM2712,TODO,UNRESOLVED,,,,0,,,
CONFIG_PINCTRL_BCM281XX,TODO,UNRESOLVED,,,,0,,,
CONFIG_PINCTRL_BCM2835,TODO,UNRESOLVED,,,,0,,,
CONFIG_PINCTRL_BCM4908,TODO,UNRESOLVED,,,,0,,,
CONFIG_PINCTRL_BCM6318,TODO,UNRESOLVED,,,,0,,,
CONFIG_PINCTRL_BCM63268,TODO,UNRESOLVED,,,,0,,,
CONFIG_PINCTRL_BCM6328,TODO,UNRESOLVED,,,,0,,,
CONFIG_PINCTRL_BCM6358,TODO,UNRESOLVED,,,,0,,,
CONFIG_PINCTRL_BCM6362,TODO,UNRESOLVED,,,,0,,,
CONFIG_PINCTRL_BCM6368,TODO,UNRESOLVED,,,,0,,,
CONFIG_PINCTRL_BCM63XX,TODO,UNRESOLVED,,,,0,,,
CONFIG_PINCTRL_BERLIN,TODO,UNRESOLVED,,,,0,,,
CONFIG_PINCTRL_BERLIN_BG2,TODO,UNRESOLVED,,,,0,,,
CONFIG_PINCTRL_BERLIN_BG2CD,TODO,UNRESOLVED,,,,0,,,
CONFIG_PINCTRL_BERLIN_BG2Q,TODO,UNRESOLVED,,,,0,,,
CONFIG_PINCTRL_BERLIN_BG4CT,TODO,UNRESOLVED,,,,0,,,
CONFIG_PINCTRL_BM1880,TODO,UNRESOLVED,,,,0,,,
CONFIG_PINCTRL_BRCMSTB,TODO,UNRESOLVED,,,,0,,,
CONFIG_PINCTRL_BROXTON,TODO,UNRESOLVED,,,,0,,,
CONFIG_PINCTRL_CANNONLAKE,TODO,UNRESOLVED,,,,0,,,
CONFIG_PINCTRL_CEDARFORK,TODO,UNRESOLVED,,,,0,,,
CONFIG_PINCTRL_CHERRYVIEW,TODO,UNRESOLVED,,,,0,,,
CONFIG_PINCTRL_CS42L43,TODO,UNRESOLVED,,,,0,,,
CONFIG_PINCTRL_CS47L15,TODO,UNRESOLVED,,,,0,,,
CONFIG_PINCTRL_CS47L35,TODO,UNRESOLVED,,,,0,,,
CONFIG_PINCTRL_CS47L85,TODO,UNRESOLVED,,,,0,,,
CONFIG_PINCTRL_CS47L90,TODO,UNRESOLVED,,,,0,,,
CONFIG_PINCTRL_CS47L92,TODO,UNRESOLVED,,,,0,,,
CONFIG_PINCTRL_CY8C95X0,TODO,UNRESOLVED,,,,0,,,
CONFIG_PINCTRL_CYGNUS_MUX,TODO,UNRESOLVED,,,,0,,,
CONFIG_PINCTRL_DA850_PUPD,TODO,UNRESOLVED,,,,0,,,
CONFIG_PINCTRL_DA9062,TODO,UNRESOLVED,,,,0,,,
CONFIG_PINCTRL_DB8500,TODO,UNRESOLVED,,,,0,,,
CONFIG_PINCTRL_DENVERTON,TODO,UNRESOLVED,,,,0,,,
CONFIG_PINCTRL_DIGICOLOR,TODO,UNRESOLVED,,,,0,,,
CONFIG_PINCTRL_DOVE,TODO,UNRESOLVED,,,,0,,,
CONFIG_PINCTRL_EIC7700,TODO,UNRESOLVED,,,,0,,,
CONFIG_PINCTRL_ELKHARTLAKE,TODO,UNRESOLVED,,,,0,,,
CONFIG_PINCTRL_EMMITSBURG,TODO,UNRESOLVED,,,,0,,,
CONFIG_PINCTRL_EP93XX,TODO,UNRESOLVED,,,,0,,,
CONFIG_PINCTRL_EQUILIBRIUM,TODO,UNRESOLVED,,,,0,,,
CONFIG_PINCTRL_EXYNOS,TODO,UNRESOLVED,,,,0,,,
CONFIG_PINCTRL_EXYNOS_ARM,TODO,UNRESOLVED,,,,0,,,
CONFIG_PINCTRL_EXYNOS_ARM64,TODO,UNRESOLVED,,,,0,,,
CONFIG_PINCTRL_EYEQ5,TODO,UNRESOLVED,,,,0,,,
CONFIG_PINCTRL_FALCON,TODO,UNRESOLVED,,,,0,,,
CONFIG_PINCTRL_GEMINI,TODO,UNRESOLVED,,,,0,,,
CONFIG_PINCTRL_GEMINILAKE,TODO,UNRESOLVED,,,,0,,,
CONFIG_PINCTRL_GLYMUR,TODO,UNRESOLVED,,,,0,,,
CONFIG_PINCTRL_ICELAKE,TODO,UNRESOLVED,,,,0,,,
CONFIG_PINCTRL_IMX,TODO,UNRESOLVED,,,,0,,,
CONFIG_PINCTRL_IMX1,TODO,UNRESOLVED,,,,0,,,
CONFIG_PINCTRL_IMX1_CORE,TODO,UNRESOLVED,,,,0,,,
CONFIG_PINCTRL_IMX23,TODO,UNRESOLVED,,,,0,,,
CONFIG_PINCTRL_IMX25,TODO,UNRESOLVED,,,,0,,,
CONFIG_PINCTRL_IMX27,TODO,UNRESOLVED,,,,0,,,
CONFIG_PINCTRL_IMX28,TODO,UNRESOLVED,,,,0,,,
CONFIG_PINCTRL_IMX35,TODO,UNRESOLVED,,,,0,,,
CONFIG_PINCTRL_IMX50,TODO,UNRESOLVED,,,,0,,,
CONFIG_PINCTRL_IMX51,TODO,UNRESOLVED,,,,0,,,
CONFIG_PINCTRL_IMX53,TODO,UNRESOLVED,,,,0,,,
CONFIG_PINCTRL_IMX6Q,TODO,UNRESOLVED,,,,0,,,
CONFIG_PINCTRL_IMX6SL,TODO,UNRESOLVED,,,,0,,,
CONFIG_PINCTRL_IMX6SLL,TODO,UNRESOLVED,,,,0,,,
CONFIG_PINCTRL_IMX6SX,TODO,UNRESOLVED,,,,0,,,
CONFIG_PINCTRL_IMX6UL,TODO,UNRESOLVED,,,,0,,,
CONFIG_PINCTRL_IMX7D,TODO,UNRESOLVED,,,,0,,,
CONFIG_PINCTRL_IMX7ULP,TODO,UNRESOLVED,,,,0,,,
CONFIG_PINCTRL_IMX8DXL,TODO,UNRESOLVED,,,,0,,,
CONFIG_PINCTRL_IMX8MM,TODO,UNRESOLVED,,,,0,,,
CONFIG_PINCTRL_IMX8MN,TODO,UNRESOLVED,,,,0,,,
CONFIG_PINCTRL_IMX8MP,TODO,UNRESOLVED,,,,0,,,
CONFIG_PINCTRL_IMX8MQ,TODO,UNRESOLVED,,,,0,,,
CONFIG_PINCTRL_IMX8QM,TODO,UNRESOLVED,,,,0,,,
CONFIG_PINCTRL_IMX8QXP,TODO,UNRESOLVED,,,,0,,,
CONFIG_PINCTRL_IMX8ULP,TODO,UNRESOLVED,,,,0,,,
CONFIG_PINCTRL_IMX91,TODO,UNRESOLVED,,,,0,,,
CONFIG_PINCTRL_IMX93,TODO,UNRESOLVED,,,,0,,,
CONFIG_PINCTRL_IMXRT1050,TODO,UNRESOLVED,,,,0,,,
CONFIG_PINCTRL_IMXRT1170,TODO,UNRESOLVED,,,,0,,,
CONFIG_PINCTRL_IMX_SCMI,TODO,UNRESOLVED,,,,0,,,
CONFIG_PINCTRL_IMX_SCU,TODO,UNRESOLVED,,,,0,,,
CONFIG_PINCTRL_INGENIC,TODO,UNRESOLVED,,,,0,,,
CONFIG_PINCTRL_INTEL,TODO,UNRESOLVED,,,,0,,,
CONFIG_PINCTRL_INTEL_PLATFORM,TODO,UNRESOLVED,,,,0,,,
CONFIG_PINCTRL_IPQ4019,TODO,UNRESOLVED,,,,0,,,
CONFIG_PINCTRL_IPQ5018,TODO,UNRESOLVED,,,,0,,,
CONFIG_PINCTRL_IPQ5332,TODO,UNRESOLVED,,,,0,,,
CONFIG_PINCTRL_IPQ5424,TODO,UNRESOLVED,,,,0,,,
CONFIG_PINCTRL_IPQ6018,TODO,UNRESOLVED,,,,0,,,
CONFIG_PINCTRL_IPQ8064,TODO,UNRESOLVED,,,,0,,,
CONFIG_PINCTRL_IPQ8074,TODO,UNRESOLVED,,,,0,,,
CONFIG_PINCTRL_IPQ9574,TODO,UNRESOLVED,,,,0,,,
CONFIG_PINCTRL_IPROC_GPIO,TODO,UNRESOLVED,,,,0,,,
CONFIG_PINCTRL_JASPERLAKE,TODO,UNRESOLVED,,,,0,,,
CONFIG_PINCTRL_K210,TODO,UNRESOLVED,,,,0,,,
CONFIG_PINCTRL_K230,TODO,UNRESOLVED,,,,0,,,
CONFIG_PINCTRL_KEEMBAY,TODO,UNRESOLVED,,,,0,,,
CONFIG_PINCTRL_KIRKWOOD,TODO,UNRESOLVED,,,,0,,,
CONFIG_PINCTRL_LAKEFIELD,TODO,UNRESOLVED,,,,0,,,
CONFIG_PINCTRL_LANTIQ,TODO,UNRESOLVED,,,,0,,,
CONFIG_PINCTRL_LEWISBURG,TODO,UNRESOLVED,,,,0,,,
CONFIG_PINCTRL_LOCHNAGAR,TODO,UNRESOLVED,,,,0,,,
CONFIG_PINCTRL_LOONGSON2,TODO,UNRESOLVED,,,,0,,,
CONFIG_PINCTRL_LPASS_LPI,TODO,UNRESOLVED,,,,0,,,
CONFIG_PINCTRL_LPC18XX,TODO,UNRESOLVED,,,,0,,,
CONFIG_PINCTRL_LYNXPOINT,TODO,UNRESOLVED,,,,0,,,
CONFIG_PINCTRL_MA35,TODO,UNRESOLVED,,,,0,,,
CONFIG_PINCTRL_MA35D1,TODO,UNRESOLVED,,,,0,,,
CONFIG_PINCTRL_MADERA,TODO,UNRESOLVED,,,,0,,,
CONFIG_PINCTRL_MAX7360,TODO,UNRESOLVED,,,,0,,,
CONFIG_PINCTRL_MAX77620,TODO,UNRESOLVED,,,,0,,,
CONFIG_PINCTRL_MCP23S08,TODO,UNRESOLVED,,,,0,,,
CONFIG_PINCTRL_MCP23S08_I2C,TODO,UNRESOLVED,,,,0,,,
CONFIG_PINCTRL_MCP23S08_SPI,TODO,UNRESOLVED,,,,0,,,
CONFIG_PINCTRL_MDM9607,TODO,UNRESOLVED,,,,0,,,
CONFIG_PINCTRL_MDM9615,TODO,UNRESOLVED,,,,0,,,
CONFIG_PINCTRL_MERRIFIELD,TODO,UNRESOLVED,,,,0,,,
CONFIG_PINCTRL_MESON,TODO,UNRESOLVED,,,,0,,,
CONFIG_PINCTRL_MESON8,TODO,UNRESOLVED,,,,0,,,
CONFIG_PINCTRL_MESON8B,TODO,UNRESOLVED,,,,0,,,
CONFIG_PINCTRL_MESON8_PMX,TODO,UNRESOLVED,,,,0,,,
CONFIG_PINCTRL_MESON_A1,TODO,UNRESOLVED,,,,0,,,
CONFIG_PINCTRL_MESON_AXG,TODO,UNRESOLVED,,,,0,,,
CONFIG_PINCTRL_MESON_AXG_PMX,TODO,UNRESOLVED,,,,0,,,
CONFIG_PINCTRL_MESON_G12A,TODO,UNRESOLVED,,,,0,,,
CONFIG_PINCTRL_MESON_GXBB,TODO,UNRESOLVED,,,,0,,,
CONFIG_PINCTRL_MESON_GXL,TODO,UNRESOLVED,,,,0,,,
CONFIG_PINCTRL_MESON_S4,TODO,UNRESOLVED,,,,0,,,
CONFIG_PINCTRL_METEORLAKE,TODO,UNRESOLVED,,,,0,,,
CONFIG_PINCTRL_METEORPOINT,TODO,UNRESOLVED,,,,0,,,
CONFIG_PINCTRL_MICROCHIP_SGPIO,TODO,UNRESOLVED,,,,0,,,
CONFIG_PINCTRL_MILOS,TODO,UNRESOLVED,,,,0,,,
CONFIG_PINCTRL_MLXBF3,TODO,UNRESOLVED,,,,0,,,
CONFIG_PINCTRL_MOOREFIELD,TODO,UNRESOLVED,,,,0,,,
CONFIG_PINCTRL_MSM,TODO,UNRESOLVED,,,,0,,,
CONFIG_PINCTRL_MSM8226,TODO,UNRESOLVED,,,,0,,,
CONFIG_PINCTRL_MSM8660,TODO,UNRESOLVED,,,,0,,,
CONFIG_PINCTRL_MSM8909,TODO,UNRESOLVED,,,,0,,,
CONFIG_PINCTRL_MSM8916,TODO,UNRESOLVED,,,,0,,,
CONFIG_PINCTRL_MSM8917,TODO,UNRESOLVED,,,,0,,,
CONFIG_PINCTRL_MSM8953,TODO,UNRESOLVED,,,,0,,,
CONFIG_PINCTRL_MSM8960,TODO,UNRESOLVED,,,,0,,,
CONFIG_PINCTRL_MSM8976,TODO,UNRESOLVED,,,,0,,,
CONFIG_PINCTRL_MSM8994,TODO,UNRESOLVED,,,,0,,,
CONFIG_PINCTRL_MSM8996,TODO,UNRESOLVED,,,,0,,,
CONFIG_PINCTRL_MSM8998,TODO,UNRESOLVED,,,,0,,,
CONFIG_PINCTRL_MSM8X74,TODO,UNRESOLVED,,,,0,,,
CONFIG_PINCTRL_MT2701,TODO,UNRESOLVED,,,,0,,,
CONFIG_PINCTRL_MT2712,TODO,UNRESOLVED,,,,0,,,
CONFIG_PINCTRL_MT6397,TODO,UNRESOLVED,,,,0,,,
CONFIG_PINCTRL_MT6765,TODO,UNRESOLVED,,,,0,,,
CONFIG_PINCTRL_MT6779,TODO,UNRESOLVED,,,,0,,,
CONFIG_PINCTRL_MT6795,TODO,UNRESOLVED,,,,0,,,
CONFIG_PINCTRL_MT6797,TODO,UNRESOLVED,,,,0,,,
CONFIG_PINCTRL_MT6893,TODO,UNRESOLVED,,,,0,,,
CONFIG_PINCTRL_MT7620,TODO,UNRESOLVED,,,,0,,,
CONFIG_PINCTRL_MT7621,TODO,UNRESOLVED,,,,0,,,
CONFIG_PINCTRL_MT7622,TODO,UNRESOLVED,,,,0,,,
CONFIG_PINCTRL_MT7623,TODO,UNRESOLVED,,,,0,,,
CONFIG_PINCTRL_MT7629,TODO,UNRESOLVED,,,,0,,,
CONFIG_PINCTRL_MT76X8,TODO,UNRESOLVED,,,,0,,,
CONFIG_PINCTRL_MT7981,TODO,UNRESOLVED,,,,0,,,
CONFIG_PINCTRL_MT7986,TODO,UNRESOLVED,,,,0,,,
CONFIG_PINCTRL_MT7988,TODO,UNRESOLVED,,,,0,,,
CONFIG_PINCTRL_MT8127,TODO,UNRESOLVED,,,,0,,,
CONFIG_PINCTRL_MT8135,TODO,UNRESOLVED,,,,0,,,
CONFIG_PINCTRL_MT8167,TODO,UNRESOLVED,,,,0,,,
CONFIG_PINCTRL_MT8173,TODO,UNRESOLVED,,,,0,,,
CONFIG_PINCTRL_MT8183,TODO,UNRESOLVED,,,,0,,,
CONFIG_PINCTRL_MT8186,TODO,UNRESOLVED,,,,0,,,
CONFIG_PINCTRL_MT8188,TODO,UNRESOLVED,,,,0,,,
CONFIG_PINCTRL_MT8189,TODO,UNRESOLVED,,,,0,,,
CONFIG_PINCTRL_MT8192,TODO,UNRESOLVED,,,,0,,,
CONFIG_PINCTRL_MT8195,TODO,UNRESOLVED,,,,0,,,
CONFIG_PINCTRL_MT8196,TODO,UNRESOLVED,,,,0,,,
CONFIG_PINCTRL_MT8365,TODO,UNRESOLVED,,,,0,,,
CONFIG_PINCTRL_MT8516,TODO,UNRESOLVED,,,,0,,,
CONFIG_PINCTRL_MTK,TODO,UNRESOLVED,,,,0,,,
CONFIG_PINCTRL_MTK_MOORE,TODO,UNRESOLVED,,,,0,,,
CONFIG_PINCTRL_MTK_MTMIPS,TODO,UNRESOLVED,,,,0,,,
CONFIG_PINCTRL_MTK_PARIS,TODO,UNRESOLVED,,,,0,,,
CONFIG_PINCTRL_MTK_V2,TODO,UNRESOLVED,,,,0,,,
CONFIG_PINCTRL_MVEBU,TODO,UNRESOLVED,,,,0,,,
CONFIG_PINCTRL_MXS,TODO,UNRESOLVED,,,,0,,,
CONFIG_PINCTRL_NOMADIK,TODO,UNRESOLVED,,,,0,,,
CONFIG_PINCTRL_NPCM7XX,TODO,UNRESOLVED,,,,0,,,
CONFIG_PINCTRL_NPCM8XX,TODO,UNRESOLVED,,,,0,,,
CONFIG_PINCTRL_NS,TODO,UNRESOLVED,,,,0,,,
CONFIG_PINCTRL_NS2_MUX,TODO,UNRESOLVED,,,,0,,,
CONFIG_PINCTRL_NSP_GPIO,TODO,UNRESOLVED,,,,0,,,
CONFIG_PINCTRL_NSP_MUX,TODO,UNRESOLVED,,,,0,,,
CONFIG_PINCTRL_OCELOT,TODO,UNRESOLVED,,,,0,,,
CONFIG_PINCTRL_ORION,TODO,UNRESOLVED,,,,0,,,
CONFIG_PINCTRL_OWL,TODO,UNRESOLVED,,,,0,,,
CONFIG_PINCTRL_PALMAS,TODO,UNRESOLVED,,,,0,,,
CONFIG_PINCTRL_PEF2256,TODO,UNRESOLVED,,,,0,,,
CONFIG_PINCTRL_PFC_EMEV2,TODO,UNRESOLVED,,,,0,,,
CONFIG_PINCTRL_PFC_R8A73A4,TODO,UNRESOLVED,,,,0,,,
CONFIG_PINCTRL_PFC_R8A7740,TODO,UNRESOLVED,,,,0,,,
CONFIG_PINCTRL_PFC_R8A7742,TODO,UNRESOLVED,,,,0,,,
CONFIG_PINCTRL_PFC_R8A7743,TODO,UNRESOLVED,,,,0,,,
CONFIG_PINCTRL_PFC_R8A7744,TODO,UNRESOLVED,,,,0,,,
CONFIG_PINCTRL_PFC_R8A7745,TODO,UNRESOLVED,,,,0,,,
CONFIG_PINCTRL_PFC_R8A77470,TODO,UNRESOLVED,,,,0,,,
CONFIG_PINCTRL_PFC_R8A774A1,TODO,UNRESOLVED,,,,0,,,
CONFIG_PINCTRL_PFC_R8A774B1,TODO,UNRESOLVED,,,,0,,,
CONFIG_PINCTRL_PFC_R8A774C0,TODO,UNRESOLVED,,,,0,,,
CONFIG_PINCTRL_PFC_R8A774E1,TODO,UNRESOLVED,,,,0,,,
CONFIG_PINCTRL_PFC_R8A7778,TODO,UNRESOLVED,,,,0,,,
CONFIG_PINCTRL_PFC_R8A7779,TODO,UNRESOLVED,,,,0,,,
CONFIG_PINCTRL_PFC_R8A7790,TODO,UNRESOLVED,,,,0,,,
CONFIG_PINCTRL_PFC_R8A7791,TODO,UNRESOLVED,,,,0,,,
CONFIG_PINCTRL_PFC_R8A7792,TODO,UNRESOLVED,,,,0,,,
CONFIG_PINCTRL_PFC_R8A7793,TODO,UNRESOLVED,,,,0,,,
CONFIG_PINCTRL_PFC_R8A7794,TODO,UNRESOLVED,,,,0,,,
CONFIG_PINCTRL_PFC_R8A77951,TODO,UNRESOLVED,,,,0,,,
CONFIG_PINCTRL_PFC_R8A77960,TODO,UNRESOLVED,,,,0,,,
CONFIG_PINCTRL_PFC_R8A77961,TODO,UNRESOLVED,,,,0,,,
CONFIG_PINCTRL_PFC_R8A77965,TODO,UNRESOLVED,,,,0,,,
CONFIG_PINCTRL_PFC_R8A77970,TODO,UNRESOLVED,,,,0,,,
CONFIG_PINCTRL_PFC_R8A77980,TODO,UNRESOLVED,,,,0,,,
CONFIG_PINCTRL_PFC_R8A77990,TODO,UNRESOLVED,,,,0,,,
CONFIG_PINCTRL_PFC_R8A77995,TODO,UNRESOLVED,,,,0,,,
CONFIG_PINCTRL_PFC_R8A779A0,TODO,UNRESOLVED,,,,0,,,
CONFIG_PINCTRL_PFC_R8A779F0,TODO,UNRESOLVED,,,,0,,,
CONFIG_PINCTRL_PFC_R8A779G0,TODO,UNRESOLVED,,,,0,,,
CONFIG_PINCTRL_PFC_R8A779H0,TODO,UNRESOLVED,,,,0,,,
CONFIG_PINCTRL_PFC_SH7203,TODO,UNRESOLVED,,,,0,,,
CONFIG_PINCTRL_PFC_SH7264,TODO,UNRESOLVED,,,,0,,,
CONFIG_PINCTRL_PFC_SH7269,TODO,UNRESOLVED,,,,0,,,
CONFIG_PINCTRL_PFC_SH73A0,TODO,UNRESOLVED,,,,0,,,
CONFIG_PINCTRL_PFC_SH7720,TODO,UNRESOLVED,,,,0,,,
CONFIG_PINCTRL_PFC_SH7722,TODO,UNRESOLVED,,,,0,,,
CONFIG_PINCTRL_PFC_SH7723,TODO,UNRESOLVED,,,,0,,,
CONFIG_PINCTRL_PFC_SH7724,TODO,UNRESOLVED,,,,0,,,
CONFIG_PINCTRL_PFC_SH7734,TODO,UNRESOLVED,,,,0,,,
CONFIG_PINCTRL_PFC_SH7757,TODO,UNRESOLVED,,,,0,,,
CONFIG_PINCTRL_PFC_SH7785,TODO,UNRESOLVED,,,,0,,,
CONFIG_PINCTRL_PFC_SH7786,TODO,UNRESOLVED,,,,0,,,
CONFIG_PINCTRL_PFC_SHX3,TODO,UNRESOLVED,,,,0,,,
CONFIG_PINCTRL_PIC32,TODO,UNRESOLVED,,,,0,,,
CONFIG_PINCTRL_PIC32MZDA,TODO,UNRESOLVED,,,,0,,,
CONFIG_PINCTRL_PISTACHIO,TODO,UNRESOLVED,,,,0,,,
CONFIG_PINCTRL_PXA,TODO,UNRESOLVED,,,,0,,,
CONFIG_PINCTRL_PXA25X,TODO,UNRESOLVED,,,,0,,,
CONFIG_PINCTRL_PXA27X,TODO,UNRESOLVED,,,,0,,,
CONFIG_PINCTRL_QCM2290,TODO,UNRESOLVED,,,,0,,,
CONFIG_PINCTRL_QCOM_SPMI_PMIC,TODO,UNRESOLVED,,,,0,,,
CONFIG_PINCTRL_QCOM_SSBI_PMIC,TODO,UNRESOLVED,,,,0,,,
CONFIG_PINCTRL_QCS404,TODO,UNRESOLVED,,,,0,,,
CONFIG_PINCTRL_QCS615,TODO,UNRESOLVED,,,,0,,,
CONFIG_PINCTRL_QCS8300,TODO,UNRESOLVED,,,,0,,,
CONFIG_PINCTRL_QDF2XXX,TODO,UNRESOLVED,,,,0,,,
CONFIG_PINCTRL_QDU1000,TODO,UNRESOLVED,,,,0,,,
CONFIG_PINCTRL_RENESAS,TODO,UNRESOLVED,,,,0,,,
CONFIG_PINCTRL_RK805,TODO,UNRESOLVED,,,,0,,,
CONFIG_PINCTRL_ROCKCHIP,TODO,UNRESOLVED,,,,0,,,
CONFIG_PINCTRL_RP1,TODO,UNRESOLVED,,,,0,,,
CONFIG_PINCTRL_RT2880,TODO,UNRESOLVED,,,,0,,,
CONFIG_PINCTRL_RT305X,TODO,UNRESOLVED,,,,0,,,
CONFIG_PINCTRL_RT3883,TODO,UNRESOLVED,,,,0,,,
CONFIG_PINCTRL_RTD,TODO,UNRESOLVED,,,,0,,,
CONFIG_PINCTRL_RTD1315E,TODO,UNRESOLVED,,,,0,,,
CONFIG_PINCTRL_RTD1319D,TODO,UNRESOLVED,,,,0,,,
CONFIG_PINCTRL_RTD1619B,TODO,UNRESOLVED,,,,0,,,
CONFIG_PINCTRL_RZA1,TODO,UNRESOLVED,,,,0,,,
CONFIG_PINCTRL_RZA2,TODO,UNRESOLVED,,,,0,,,
CONFIG_PINCTRL_RZG2L,TODO,UNRESOLVED,,,,0,,,
CONFIG_PINCTRL_RZN1,TODO,UNRESOLVED,,,,0,,,
CONFIG_PINCTRL_RZT2H,TODO,UNRESOLVED,,,,0,,,
CONFIG_PINCTRL_RZV2M,TODO,UNRESOLVED,,,,0,,,
CONFIG_PINCTRL_S32CC,TODO,UNRESOLVED,,,,0,,,
CONFIG_PINCTRL_S32G2,TODO,UNRESOLVED,,,,0,,,
CONFIG_PINCTRL_S3C64XX,TODO,UNRESOLVED,,,,0,,,
CONFIG_PINCTRL_S500,TODO,UNRESOLVED,,,,0,,,
CONFIG_PINCTRL_S700,TODO,UNRESOLVED,,,,0,,,
CONFIG_PINCTRL_S900,TODO,UNRESOLVED,,,,0,,,
CONFIG_PINCTRL_SA8775P,TODO,UNRESOLVED,,,,0,,,
CONFIG_PINCTRL_SAMSUNG,TODO,UNRESOLVED,,,,0,,,
CONFIG_PINCTRL_SAR2130P,TODO,UNRESOLVED,,,,0,,,
CONFIG_PINCTRL_SC7180,TODO,UNRESOLVED,,,,0,,,
CONFIG_PINCTRL_SC7280,TODO,UNRESOLVED,,,,0,,,
CONFIG_PINCTRL_SC7280_LPASS_LPI,TODO,UNRESOLVED,,,,0,,,
CONFIG_PINCTRL_SC8180X,TODO,UNRESOLVED,,,,0,,,
CONFIG_PINCTRL_SC8280XP,TODO,UNRESOLVED,,,,0,,,
CONFIG_PINCTRL_SC8280XP_LPASS_LPI,TODO,UNRESOLVED,,,,0,,,
CONFIG_PINCTRL_SCMI,TODO,UNRESOLVED,,,,0,,,
CONFIG_PINCTRL_SDM660,TODO,UNRESOLVED,,,,0,,,
CONFIG_PINCTRL_SDM660_LPASS_LPI,TODO,UNRESOLVED,,,,0,,,
CONFIG_PINCTRL_SDM670,TODO,UNRESOLVED,,,,0,,,
CONFIG_PINCTRL_SDM845,TODO,UNRESOLVED,,,,0,,,
CONFIG_PINCTRL_SDX55,TODO,UNRESOLVED,,,,0,,,
CONFIG_PINCTRL_SDX65,TODO,UNRESOLVED,,,,0,,,
CONFIG_PINCTRL_SDX75,TODO,UNRESOLVED,,,,0,,,
CONFIG_PINCTRL_SH_FUNC_GPIO,TODO,UNRESOLVED,,,,0,,,
CONFIG_PINCTRL_SH_PFC,TODO,UNRESOLVED,,,,0,,,
CONFIG_PINCTRL_SH_PFC_GPIO,TODO,UNRESOLVED,,,,0,,,
CONFIG_PINCTRL_SINGLE,TODO,UNRESOLVED,,,,0,,,
CONFIG_PINCTRL_SM4250_LPASS_LPI,TODO,UNRESOLVED,,,,0,,,
CONFIG_PINCTRL_SM4450,TODO,UNRESOLVED,,,,0,,,
CONFIG_PINCTRL_SM6115,TODO,UNRESOLVED,,,,0,,,
CONFIG_PINCTRL_SM6115_LPASS_LPI,TODO,UNRESOLVED,,,,0,,,
CONFIG_PINCTRL_SM6125,TODO,UNRESOLVED,,,,0,,,
CONFIG_PINCTRL_SM6350,TODO,UNRESOLVED,,,,0,,,
CONFIG_PINCTRL_SM6375,TODO,UNRESOLVED,,,,0,,,
CONFIG_PINCTRL_SM7150,TODO,UNRESOLVED,,,,0,,,
CONFIG_PINCTRL_SM8150,TODO,UNRESOLVED,,,,0,,,
CONFIG_PINCTRL_SM8250,TODO,UNRESOLVED,,,,0,,,
CONFIG_PINCTRL_SM8250_LPASS_LPI,TODO,UNRESOLVED,,,,0,,,
CONFIG_PINCTRL_SM8350,TODO,UNRESOLVED,,,,0,,,
CONFIG_PINCTRL_SM8450,TODO,UNRESOLVED,,,,0,,,
CONFIG_PINCTRL_SM8450_LPASS_LPI,TODO,UNRESOLVED,,,,0,,,
CONFIG_PINCTRL_SM8550,TODO,UNRESOLVED,,,,0,,,
CONFIG_PINCTRL_SM8550_LPASS_LPI,TODO,UNRESOLVED,,,,0,,,
CONFIG_PINCTRL_SM8650,TODO,UNRESOLVED,,,,0,,,
CONFIG_PINCTRL_SM8650_LPASS_LPI,TODO,UNRESOLVED,,,,0,,,
CONFIG_PINCTRL_SM8750,TODO,UNRESOLVED,,,,0,,,
CONFIG_PINCTRL_SOPHGO_COMMON,TODO,UNRESOLVED,,,,0,,,
CONFIG_PINCTRL_SOPHGO_CV1800B,TODO,UNRESOLVED,,,,0,,,
CONFIG_PINCTRL_SOPHGO_CV1812H,TODO,UNRESOLVED,,,,0,,,
CONFIG_PINCTRL_SOPHGO_CV18XX_OPS,TODO,UNRESOLVED,,,,0,,,
CONFIG_PINCTRL_SOPHGO_SG2000,TODO,UNRESOLVED,,,,0,,,
CONFIG_PINCTRL_SOPHGO_SG2002,TODO,UNRESOLVED,,,,0,,,
CONFIG_PINCTRL_SOPHGO_SG2042,TODO,UNRESOLVED,,,,0,,,
CONFIG_PINCTRL_SOPHGO_SG2042_OPS,TODO,UNRESOLVED,,,,0,,,
CONFIG_PINCTRL_SOPHGO_SG2044,TODO,UNRESOLVED,,,,0,,,
CONFIG_PINCTRL_SPACEMIT_K1,TODO,UNRESOLVED,,,,0,,,
CONFIG_PINCTRL_SPEAR,TODO,UNRESOLVED,,,,0,,,
CONFIG_PINCTRL_SPEAR1310,TODO,UNRESOLVED,,,,0,,,
CONFIG_PINCTRL_SPEAR1340,TODO,UNRESOLVED,,,,0,,,
CONFIG_PINCTRL_SPEAR300,TODO,UNRESOLVED,,,,0,,,
CONFIG_PINCTRL_SPEAR310,TODO,UNRESOLVED,,,,0,,,
CONFIG_PINCTRL_SPEAR320,TODO,UNRESOLVED,,,,0,,,
CONFIG_PINCTRL_SPEAR3XX,TODO,UNRESOLVED,,,,0,,,
CONFIG_PINCTRL_SPEAR_PLGPIO,TODO,UNRESOLVED,,,,0,,,
CONFIG_PINCTRL_SPPCTL,TODO,UNRESOLVED,,,,0,,,
CONFIG_PINCTRL_SPRD,TODO,UNRESOLVED,,,,0,,,
CONFIG_PINCTRL_SPRD_SC9860,TODO,UNRESOLVED,,,,0,,,
CONFIG_PINCTRL_ST,TODO,UNRESOLVED,,,,0,,,
CONFIG_PINCTRL_STARFIVE_JH7100,TODO,UNRESOLVED,,,,0,,,
CONFIG_PINCTRL_STARFIVE_JH7110,TODO,UNRESOLVED,,,,0,,,
CONFIG_PINCTRL_STARFIVE_JH7110_AON,TODO,UNRESOLVED,,,,0,,,
CONFIG_PINCTRL_STARFIVE_JH7110_SYS,TODO,UNRESOLVED,,,,0,,,
CONFIG_PINCTRL_STM32,TODO,UNRESOLVED,,,,0,,,
CONFIG_PINCTRL_STM32F429,TODO,UNRESOLVED,,,,0,,,
CONFIG_PINCTRL_STM32F469,TODO,UNRESOLVED,,,,0,,,
CONFIG_PINCTRL_STM32F746,TODO,UNRESOLVED,,,,0,,,
CONFIG_PINCTRL_STM32F769,TODO,UNRESOLVED,,,,0,,,
CONFIG_PINCTRL_STM32H743,TODO,UNRESOLVED,,,,0,,,
CONFIG_PINCTRL_STM32MP135,TODO,UNRESOLVED,,,,0,,,
CONFIG_PINCTRL_STM32MP157,TODO,UNRESOLVED,,,,0,,,
CONFIG_PINCTRL_STM32MP257,TODO,UNRESOLVED,,,,0,,,
CONFIG_PINCTRL_STM32_HDP,TODO,UNRESOLVED,,,,0,,,
CONFIG_PINCTRL_STMFX,TODO,UNRESOLVED,,,,0,,,
CONFIG_PINCTRL_STN8815,TODO,UNRESOLVED,,,,0,,,
CONFIG_PINCTRL_SUN20I_D1,TODO,UNRESOLVED,,,,0,,,
CONFIG_PINCTRL_SUN4I_A10,TODO,UNRESOLVED,,,,0,,,
CONFIG_PINCTRL_SUN50I_A100,TODO,UNRESOLVED,,,,0,,,
CONFIG_PINCTRL_SUN50I_A100_R,TODO,UNRESOLVED,,,,0,,,
CONFIG_PINCTRL_SUN50I_A64,TODO,UNRESOLVED,,,,0,,,
CONFIG_PINCTRL_SUN50I_A64_R,TODO,UNRESOLVED,,,,0,,,
CONFIG_PINCTRL_SUN50I_H5,TODO,UNRESOLVED,,,,0,,,
CONFIG_PINCTRL_SUN50I_H6,TODO,UNRESOLVED,,,,0,,,
CONFIG_PINCTRL_SUN50I_H616,TODO,UNRESOLVED,,,,0,,,
CONFIG_PINCTRL_SUN50I_H616_R,TODO,UNRESOLVED,,,,0,,,
CONFIG_PINCTRL_SUN50I_H6_R,TODO,UNRESOLVED,,,,0,,,
CONFIG_PINCTRL_SUN55I_A523,TODO,UNRESOLVED,,,,0,,,
CONFIG_PINCTRL_SUN55I_A523_R,TODO,UNRESOLVED,,,,0,,,
CONFIG_PINCTRL_SUN5I,TODO,UNRESOLVED,,,,0,,,
CONFIG_PINCTRL_SUN6I_A31,TODO,UNRESOLVED,,,,0,,,
CONFIG_PINCTRL_SUN6I_A31_R,TODO,UNRESOLVED,,,,0,,,
CONFIG_PINCTRL_SUN8I_A23,TODO,UNRESOLVED,,,,0,,,
CONFIG_PINCTRL_SUN8I_A23_R,TODO,UNRESOLVED,,,,0,,,
CONFIG_PINCTRL_SUN8I_A33,TODO,UNRESOLVED,,,,0,,,
CONFIG_PINCTRL_SUN8I_A83T,TODO,UNRESOLVED,,,,0,,,
CONFIG_PINCTRL_SUN8I_A83T_R,TODO,UNRESOLVED,,,,0,,,
CONFIG_PINCTRL_SUN8I_H3,TODO,UNRESOLVED,,,,0,,,
CONFIG_PINCTRL_SUN8I_H3_R,TODO,UNRESOLVED,,,,0,,,
CONFIG_PINCTRL_SUN8I_V3S,TODO,UNRESOLVED,,,,0,,,
CONFIG_PINCTRL_SUN9I_A80,TODO,UNRESOLVED,,,,0,,,
CONFIG_PINCTRL_SUN9I_A80_R,TODO,UNRESOLVED,,,,0,,,
CONFIG_PINCTRL_SUNIV_F1C100S,TODO,UNRESOLVED,,,,0,,,
CONFIG_PINCTRL_SUNRISEPOINT,TODO,UNRESOLVED,,,,0,,,
CONFIG_PINCTRL_SUNXI,TODO,UNRESOLVED,,,,0,,,
CONFIG_PINCTRL_SX150X,TODO,UNRESOLVED,,,,0,,,
CONFIG_PINCTRL_TANGIER,TODO,UNRESOLVED,,,,0,,,
CONFIG_PINCTRL_TB10X,TODO,UNRESOLVED,,,,0,,,
CONFIG_PINCTRL_TEGRA,TODO,UNRESOLVED,,,,0,,,
CONFIG_PINCTRL_TEGRA114,TODO,UNRESOLVED,,,,0,,,
CONFIG_PINCTRL_TEGRA124,TODO,UNRESOLVED,,,,0,,,
CONFIG_PINCTRL_TEGRA186,TODO,UNRESOLVED,,,,0,,,
CONFIG_PINCTRL_TEGRA194,TODO,UNRESOLVED,,,,0,,,
CONFIG_PINCTRL_TEGRA20,TODO,UNRESOLVED,,,,0,,,
CONFIG_PINCTRL_TEGRA210,TODO,UNRESOLVED,,,,0,,,
CONFIG_PINCTRL_TEGRA234,TODO,UNRESOLVED,,,,0,,,
CONFIG_PINCTRL_TEGRA30,TODO,UNRESOLVED,,,,0,,,
CONFIG_PINCTRL_TEGRA_XUSB,TODO,UNRESOLVED,,,,0,,,
CONFIG_PINCTRL_TH1520,TODO,UNRESOLVED,,,,0,,,
CONFIG_PINCTRL_TIGERLAKE,TODO,UNRESOLVED,,,,0,,,
CONFIG_PINCTRL_TI_IODELAY,TODO,UNRESOLVED,,,,0,,,
CONFIG_PINCTRL_TLMM_TEST,TODO,UNRESOLVED,,,,0,,,
CONFIG_PINCTRL_TMPV7700,TODO,UNRESOLVED,,,,0,,,
CONFIG_PINCTRL_TPS6594,TODO,UNRESOLVED,,,,0,,,
CONFIG_PINCTRL_UNIPHIER,TODO,UNRESOLVED,,,,0,,,
CONFIG_PINCTRL_UNIPHIER_LD11,TODO,UNRESOLVED,,,,0,,,
CONFIG_PINCTRL_UNIPHIER_LD20,TODO,UNRESOLVED,,,,0,,,
CONFIG_PINCTRL_UNIPHIER_LD4,TODO,UNRESOLVED,,,,0,,,
CONFIG_PINCTRL_UNIPHIER_LD6B,TODO,UNRESOLVED,,,,0,,,
CONFIG_PINCTRL_UNIPHIER_NX1,TODO,UNRESOLVED,,,,0,,,
CONFIG_PINCTRL_UNIPHIER_PRO4,TODO,UNRESOLVED,,,,0,,,
CONFIG_PINCTRL_UNIPHIER_PRO5,TODO,UNRESOLVED,,,,0,,,
CONFIG_PINCTRL_UNIPHIER_PXS2,TODO,UNRESOLVED,,,,0,,,
CONFIG_PINCTRL_UNIPHIER_PXS3,TODO,UNRESOLVED,,,,0,,,
CONFIG_PINCTRL_UNIPHIER_SLD8,TODO,UNRESOLVED,,,,0,,,
CONFIG_PINCTRL_UPBOARD,TODO,UNRESOLVED,,,,0,,,
CONFIG_PINCTRL_VF610,TODO,UNRESOLVED,,,,0,,,
CONFIG_PINCTRL_VISCONTI,TODO,UNRESOLVED,,,,0,,,
CONFIG_PINCTRL_VT8500,TODO,UNRESOLVED,,,,0,,,
CONFIG_PINCTRL_WM8505,TODO,UNRESOLVED,,,,0,,,
CONFIG_PINCTRL_WM8650,TODO,UNRESOLVED,,,,0,,,
CONFIG_PINCTRL_WM8750,TODO,UNRESOLVED,,,,0,,,
CONFIG_PINCTRL_WM8850,TODO,UNRESOLVED,,,,0,,,
CONFIG_PINCTRL_WMT,TODO,UNRESOLVED,,,,0,,,
CONFIG_PINCTRL_WPCM450,TODO,UNRESOLVED,,,,0,,,
CONFIG_PINCTRL_X1E80100,TODO,UNRESOLVED,,,,0,,,
CONFIG_PINCTRL_XWAY,TODO,UNRESOLVED,,,,0,,,
CONFIG_PINCTRL_ZYNQ,TODO,UNRESOLVED,,,,0,,,
CONFIG_PINCTRL_ZYNQMP,TODO,UNRESOLVED,,,,0,,,
CONFIG_PING,TODO,UNRESOLVED,,,,0,,,
CONFIG_PINMUX,TODO,UNRESOLVED,,,,0,,,
CONFIG_PKCS7_MESSAGE_PARSER,TODO,UNRESOLVED,,,,0,,,
CONFIG_PKCS7_TEST_KEY,TODO,UNRESOLVED,,,,0,,,
CONFIG_PKCS8_PRIVATE_KEY_PARSER,TODO,UNRESOLVED,,,,0,,,
CONFIG_PKEY,TODO,UNRESOLVED,,,,0,,,
CONFIG_PKEY_CCA,TODO,UNRESOLVED,,,,0,,,
CONFIG_PKEY_EP11,TODO,UNRESOLVED,,,,0,,,
CONFIG_PKEY_PCKMO,TODO,UNRESOLVED,,,,0,,,
CONFIG_PKEY_UV,TODO,UNRESOLVED,,,,0,,,
CONFIG_PL320_MBOX,TODO,UNRESOLVED,,,,0,,,
CONFIG_PL330_DMA,TODO,UNRESOLVED,,,,0,,,
CONFIG_PL353_SMC,TODO,UNRESOLVED,,,,0,,,
CONFIG_PLATFORM_MHU,TODO,UNRESOLVED,,,,0,,,
CONFIG_PLATFORM_SI4713,TODO,UNRESOLVED,,,,0,,,
CONFIG_PLAT_PXA,TODO,UNRESOLVED,,,,0,,,
CONFIG_PLAYSTATION_FF,TODO,UNRESOLVED,,,,0,,,
CONFIG_PLDMFW,TODO,UNRESOLVED,,,,0,,,
CONFIG_PLFXLC,TODO,UNRESOLVED,,,,0,,,
CONFIG_PLIP,TODO,UNRESOLVED,,,,0,,,
CONFIG_PLX_DMA,TODO,UNRESOLVED,,,,0,,,
CONFIG_PM,TODO,UNRESOLVED,,,,0,,,
CONFIG_PM8916_WATCHDOG,TODO,UNRESOLVED,,,,0,,,
CONFIG_PMAC_APM_EMU,TODO,UNRESOLVED,,,,0,,,
CONFIG_PMAC_BACKLIGHT,TODO,UNRESOLVED,,,,0,,,
CONFIG_PMAC_BACKLIGHT_LEGACY,TODO,UNRESOLVED,,,,0,,,
CONFIG_PMAC_MEDIABAY,TODO,UNRESOLVED,,,,0,,,
CONFIG_PMAC_RACKMETER,TODO,UNRESOLVED,,,,0,,,
CONFIG_PMAC_SMU,TODO,UNRESOLVED,,,,0,,,
CONFIG_PMBUS,TODO,UNRESOLVED,,,,0,,,
CONFIG_PMIC_ADP5520,TODO,UNRESOLVED,,,,0,,,
CONFIG_PMIC_DA903X,TODO,UNRESOLVED,,,,0,,,
CONFIG_PMIC_DA9052,TODO,UNRESOLVED,,,,0,,,
CONFIG_PMIC_OPREGION,TODO,UNRESOLVED,,,,0,,,
CONFIG_PMS7003,TODO,UNRESOLVED,,,,0,,,
CONFIG_PM_ADVANCED_DEBUG,TODO,UNRESOLVED,,,,0,,,
CONFIG_PM_AUTOSLEEP,TODO,UNRESOLVED,,,,0,,,
CONFIG_PM_CLK,TODO,UNRESOLVED,,,,0,,,
CONFIG_PM_DEBUG,TODO,UNRESOLVED,,,,0,,,
CONFIG_PM_DEVFREQ,TODO,UNRESOLVED,,,,0,,,
CONFIG_PM_DEVFREQ_EVENT,TODO,UNRESOLVED,,,,0,,,
CONFIG_PM_GENERIC_DOMAINS,TODO,UNRESOLVED,,,,0,,,
CONFIG_PM_GENERIC_DOMAINS_OF,TODO,UNRESOLVED,,,,0,,,
CONFIG_PM_GENERIC_DOMAINS_SLEEP,TODO,UNRESOLVED,,,,0,,,
CONFIG_PM_NOTIFIER_ERROR_INJECT,TODO,UNRESOLVED,,,,0,,,
CONFIG_PM_OPP,TODO,UNRESOLVED,,,,0,,,
CONFIG_PM_QOS_KUNIT_TEST,TODO,UNRESOLVED,,,,0,,,
CONFIG_PM_RUNTIME_KUNIT_TEST,TODO,UNRESOLVED,,,,0,,,
CONFIG_PM_SLEEP,TODO,UNRESOLVED,,,,0,,,
CONFIG_PM_SLEEP_DEBUG,TODO,UNRESOLVED,,,,0,,,
CONFIG_PM_SLEEP_SMP,TODO,UNRESOLVED,,,,0,,,
CONFIG_PM_SLEEP_SMP_NONZERO_CPU,TODO,UNRESOLVED,,,,0,,,
CONFIG_PM_STD_PARTITION,TODO,UNRESOLVED,,,,0,,,
CONFIG_PM_TEST_SUSPEND,TODO,UNRESOLVED,,,,0,,,
CONFIG_PM_TRACE,TODO,UNRESOLVED,,,,0,,,
CONFIG_PM_TRACE_RTC,TODO,UNRESOLVED,,,,0,,,
CONFIG_PM_USERSPACE_AUTOSLEEP,TODO,UNRESOLVED,,,,0,,,
CONFIG_PM_WAKELOCKS,TODO,UNRESOLVED,,,,0,,,
CONFIG_PM_WAKELOCKS_GC,TODO,UNRESOLVED,,,,0,,,
CONFIG_PM_WAKELOCKS_LIMIT,TODO,UNRESOLVED,,,,0,,,
CONFIG_PNFS_BLOCK,TODO,UNRESOLVED,,,,0,,,
CONFIG_PNFS_FILE_LAYOUT,TODO,UNRESOLVED,,,,0,,,
CONFIG_PNFS_FLEXFILE_LAYOUT,TODO,UNRESOLVED,,,,0,,,
CONFIG_PNP,REVIEWED,TRANSITIVE,DOCUMENTED_PLATFORM,HYPERV,hyperv-platform-enumeration,1,Kconfig-enabled ACPI/platform closure in K-HOSTCHAN-001; not independently requested or claimed required.,https://github.com/microsoft/WSL2-Linux-Kernel/blob/14794180686c2fb6307fbe359c359bec765249f3/drivers/acpi/Kconfig,
CONFIG_PNPACPI,REVIEWED,TRANSITIVE,DOCUMENTED_PLATFORM,HYPERV,hyperv-platform-enumeration,1,Kconfig-enabled ACPI/platform closure in K-HOSTCHAN-001; not independently requested or claimed required.,https://github.com/microsoft/WSL2-Linux-Kernel/blob/14794180686c2fb6307fbe359c359bec765249f3/drivers/acpi/Kconfig,
CONFIG_PNPBIOS,TODO,UNRESOLVED,,,,0,,,
CONFIG_PNPBIOS_PROC_FS,TODO,UNRESOLVED,,,,0,,,
CONFIG_PNP_DEBUG_MESSAGES,REVIEWED,TRANSITIVE,DOCUMENTED_PLATFORM,HYPERV,hyperv-platform-enumeration,1,Kconfig-enabled ACPI/platform closure in K-HOSTCHAN-001; not independently requested or claimed required.,https://github.com/microsoft/WSL2-Linux-Kernel/blob/14794180686c2fb6307fbe359c359bec765249f3/drivers/acpi/Kconfig,
CONFIG_PNX4008_WATCHDOG,TODO,UNRESOLVED,,,,0,,,
CONFIG_POLARFIRE_SOC_AUTO_UPDATE,TODO,UNRESOLVED,,,,0,,,
CONFIG_POLARFIRE_SOC_MAILBOX,TODO,UNRESOLVED,,,,0,,,
CONFIG_POLARFIRE_SOC_SYS_CTRL,TODO,UNRESOLVED,,,,0,,,
CONFIG_POLYNOMIAL,TODO,UNRESOLVED,,,,0,,,
CONFIG_PORTWELL_EC,TODO,UNRESOLVED,,,,0,,,
CONFIG_POSIX_AUX_CLOCKS,TODO,UNRESOLVED,,,,0,,,
CONFIG_POSIX_CPU_TIMERS_TASK_WORK,TODO,UNRESOLVED,,,,0,,,
CONFIG_POSIX_MQUEUE,TODO,UNRESOLVED,,,,0,,,
CONFIG_POSIX_MQUEUE_SYSCTL,TODO,UNRESOLVED,,,,0,,,
CONFIG_POSIX_TIMERS,TODO,UNRESOLVED,,,,0,,,
CONFIG_POWERCAP,TODO,UNRESOLVED,,,,0,,,
CONFIG_POWERNV_CPUFREQ,TODO,UNRESOLVED,,,,0,,,
CONFIG_POWERNV_CPUIDLE,TODO,UNRESOLVED,,,,0,,,
CONFIG_POWERNV_OP_PANEL,TODO,UNRESOLVED,,,,0,,,
CONFIG_POWER_MLXBF,TODO,UNRESOLVED,,,,0,,,
CONFIG_POWER_RESET,TODO,UNRESOLVED,,,,0,,,
CONFIG_POWER_RESET_AS3722,TODO,UNRESOLVED,,,,0,,,
CONFIG_POWER_RESET_AT91_POWEROFF,TODO,UNRESOLVED,,,,0,,,
CONFIG_POWER_RESET_AT91_RESET,TODO,UNRESOLVED,,,,0,,,
CONFIG_POWER_RESET_AT91_SAMA5D2_SHDWC,TODO,UNRESOLVED,,,,0,,,
CONFIG_POWER_RESET_ATC260X,TODO,UNRESOLVED,,,,0,,,
CONFIG_POWER_RESET_AXXIA,TODO,UNRESOLVED,,,,0,,,
CONFIG_POWER_RESET_BRCMKONA,TODO,UNRESOLVED,,,,0,,,
CONFIG_POWER_RESET_BRCMSTB,TODO,UNRESOLVED,,,,0,,,
CONFIG_POWER_RESET_EP93XX,TODO,UNRESOLVED,,,,0,,,
CONFIG_POWER_RESET_GEMINI_POWEROFF,TODO,UNRESOLVED,,,,0,,,
CONFIG_POWER_RESET_GPIO,TODO,UNRESOLVED,,,,0,,,
CONFIG_POWER_RESET_GPIO_RESTART,TODO,UNRESOLVED,,,,0,,,
CONFIG_POWER_RESET_HISI,TODO,UNRESOLVED,,,,0,,,
CONFIG_POWER_RESET_KEYSTONE,TODO,UNRESOLVED,,,,0,,,
CONFIG_POWER_RESET_LINKSTATION,TODO,UNRESOLVED,,,,0,,,
CONFIG_POWER_RESET_LTC2952,TODO,UNRESOLVED,,,,0,,,
CONFIG_POWER_RESET_MACSMC,TODO,UNRESOLVED,,,,0,,,
CONFIG_POWER_RESET_MSM,TODO,UNRESOLVED,,,,0,,,
CONFIG_POWER_RESET_MT6323,TODO,UNRESOLVED,,,,0,,,
CONFIG_POWER_RESET_OCELOT_RESET,TODO,UNRESOLVED,,,,0,,,
CONFIG_POWER_RESET_ODROID_GO_ULTRA_POWEROFF,TODO,UNRESOLVED,,,,0,,,
CONFIG_POWER_RESET_PIIX4_POWEROFF,TODO,UNRESOLVED,,,,0,,,
CONFIG_POWER_RESET_QCOM_PON,TODO,UNRESOLVED,,,,0,,,
CONFIG_POWER_RESET_QNAP,TODO,UNRESOLVED,,,,0,,,
CONFIG_POWER_RESET_REGULATOR,TODO,UNRESOLVED,,,,0,,,
CONFIG_POWER_RESET_RESTART,TODO,UNRESOLVED,,,,0,,,
CONFIG_POWER_RESET_RMOBILE,TODO,UNRESOLVED,,,,0,,,
CONFIG_POWER_RESET_SC27XX,TODO,UNRESOLVED,,,,0,,,
CONFIG_POWER_RESET_ST,TODO,UNRESOLVED,,,,0,,,
CONFIG_POWER_RESET_SYSCON,TODO,UNRESOLVED,,,,0,,,
CONFIG_POWER_RESET_SYSCON_POWEROFF,TODO,UNRESOLVED,,,,0,,,
CONFIG_POWER_RESET_TH1520_AON,TODO,UNRESOLVED,,,,0,,,
CONFIG_POWER_RESET_TORADEX_EC,TODO,UNRESOLVED,,,,0,,,
CONFIG_POWER_RESET_TPS65086,TODO,UNRESOLVED,,,,0,,,
CONFIG_POWER_RESET_VERSATILE,TODO,UNRESOLVED,,,,0,,,
CONFIG_POWER_RESET_VEXPRESS,TODO,UNRESOLVED,,,,0,,,
CONFIG_POWER_RESET_XGENE,TODO,UNRESOLVED,,,,0,,,
CONFIG_POWER_SEQUENCING,TODO,UNRESOLVED,,,,0,,,
CONFIG_POWER_SEQUENCING_QCOM_WCN,TODO,UNRESOLVED,,,,0,,,
CONFIG_POWER_SEQUENCING_TH1520_GPU,TODO,UNRESOLVED,,,,0,,,
CONFIG_POWER_SUPPLY,REVIEWED,DEFERRED,DOCUMENTED_SCENARIO,OPTIONAL,held-parent-default,1,Held at K-HVCORE-001 value n to prevent unrelated defaults from widening K-HOSTCHAN-001.,https://github.com/microsoft/WSL2-Linux-Kernel/tree/14794180686c2fb6307fbe359c359bec765249f3,
CONFIG_POWER_SUPPLY_DEBUG,TODO,UNRESOLVED,,,,0,,,
CONFIG_POWER_SUPPLY_HWMON,TODO,UNRESOLVED,,,,0,,,
CONFIG_PPC_BESTCOMM,TODO,UNRESOLVED,,,,0,,,
CONFIG_PPC_BESTCOMM_ATA,TODO,UNRESOLVED,,,,0,,,
CONFIG_PPC_BESTCOMM_FEC,TODO,UNRESOLVED,,,,0,,,
CONFIG_PPC_BESTCOMM_GEN_BD,TODO,UNRESOLVED,,,,0,,,
CONFIG_PPC_EARLY_DEBUG_EHV_BC,TODO,UNRESOLVED,,,,0,,,
CONFIG_PPC_EARLY_DEBUG_EHV_BC_HANDLE,TODO,UNRESOLVED,,,,0,,,
CONFIG_PPC_EPAPR_HV_BYTECHAN,TODO,UNRESOLVED,,,,0,,,
CONFIG_PPC_PASEMI_CPUFREQ,TODO,UNRESOLVED,,,,0,,,
CONFIG_PPDEV,TODO,UNRESOLVED,,,,0,,,
CONFIG_PPP,TODO,UNRESOLVED,,,,0,,,
CONFIG_PPPOATM,TODO,UNRESOLVED,,,,0,,,
CONFIG_PPPOE,TODO,UNRESOLVED,,,,0,,,
CONFIG_PPPOE_HASH_BITS,TODO,UNRESOLVED,,,,0,,,
CONFIG_PPPOE_HASH_BITS_1,TODO,UNRESOLVED,,,,0,,,
CONFIG_PPPOE_HASH_BITS_2,TODO,UNRESOLVED,,,,0,,,
CONFIG_PPPOE_HASH_BITS_4,TODO,UNRESOLVED,,,,0,,,
CONFIG_PPPOE_HASH_BITS_8,TODO,UNRESOLVED,,,,0,,,
CONFIG_PPPOL2TP,TODO,UNRESOLVED,,,,0,,,
CONFIG_PPP_ASYNC,TODO,UNRESOLVED,,,,0,,,
CONFIG_PPP_BSDCOMP,TODO,UNRESOLVED,,,,0,,,
CONFIG_PPP_DEFLATE,TODO,UNRESOLVED,,,,0,,,
CONFIG_PPP_FILTER,TODO,UNRESOLVED,,,,0,,,
CONFIG_PPP_MPPE,TODO,UNRESOLVED,,,,0,,,
CONFIG_PPP_MULTILINK,TODO,UNRESOLVED,,,,0,,,
CONFIG_PPP_SYNC_TTY,TODO,UNRESOLVED,,,,0,,,
CONFIG_PPS,TODO,UNRESOLVED,,,,0,,,
CONFIG_PPS_CLIENT_GPIO,TODO,UNRESOLVED,,,,0,,,
CONFIG_PPS_CLIENT_KTIMER,TODO,UNRESOLVED,,,,0,,,
CONFIG_PPS_CLIENT_LDISC,TODO,UNRESOLVED,,,,0,,,
CONFIG_PPS_CLIENT_PARPORT,TODO,UNRESOLVED,,,,0,,,
CONFIG_PPS_DEBUG,TODO,UNRESOLVED,,,,0,,,
CONFIG_PPS_GENERATOR,TODO,UNRESOLVED,,,,0,,,
CONFIG_PPS_GENERATOR_DUMMY,TODO,UNRESOLVED,,,,0,,,
CONFIG_PPS_GENERATOR_PARPORT,TODO,UNRESOLVED,,,,0,,,
CONFIG_PPS_GENERATOR_TIO,TODO,UNRESOLVED,,,,0,,,
CONFIG_PPTP,TODO,UNRESOLVED,,,,0,,,
CONFIG_PREEMPT,TODO,UNRESOLVED,,,,0,,,
CONFIG_PREEMPTION,TODO,UNRESOLVED,,,,0,,,
CONFIG_PREEMPTIRQ_DELAY_TEST,TODO,UNRESOLVED,,,,0,,,
CONFIG_PREEMPTIRQ_TRACEPOINTS,TODO,UNRESOLVED,,,,0,,,
CONFIG_PREEMPT_BUILD,TODO,UNRESOLVED,,,,0,,,
CONFIG_PREEMPT_COUNT,TODO,UNRESOLVED,,,,0,,,
CONFIG_PREEMPT_DYNAMIC,TODO,UNRESOLVED,,,,0,,,
CONFIG_PREEMPT_LAZY,TODO,UNRESOLVED,,,,0,,,
CONFIG_PREEMPT_NONE,TODO,UNRESOLVED,,,,0,,,
CONFIG_PREEMPT_NONE_BUILD,TODO,UNRESOLVED,,,,0,,,
CONFIG_PREEMPT_NOTIFIERS,TODO,UNRESOLVED,,,,0,,,
CONFIG_PREEMPT_RCU,TODO,UNRESOLVED,,,,0,,,
CONFIG_PREEMPT_RT,TODO,UNRESOLVED,,,,0,,,
CONFIG_PREEMPT_RT_NEEDS_BH_LOCK,TODO,UNRESOLVED,,,,0,,,
CONFIG_PREEMPT_TRACER,TODO,UNRESOLVED,,,,0,,,
CONFIG_PREEMPT_VOLUNTARY,TODO,UNRESOLVED,,,,0,,,
CONFIG_PREEMPT_VOLUNTARY_BUILD,TODO,UNRESOLVED,,,,0,,,
CONFIG_PREFIX_SYMBOLS,TODO,UNRESOLVED,,,,0,,,
CONFIG_PRESTERA,TODO,UNRESOLVED,,,,0,,,
CONFIG_PRESTERA_PCI,TODO,UNRESOLVED,,,,0,,,
CONFIG_PREVENT_FIRMWARE_BUILD,TODO,UNRESOLVED,,,,0,,,
CONFIG_PRIME_NUMBERS,TODO,UNRESOLVED,,,,0,,,
CONFIG_PRIME_NUMBERS_KUNIT_TEST,TODO,UNRESOLVED,,,,0,,,
CONFIG_PRINTER,TODO,UNRESOLVED,,,,0,,,
CONFIG_PRINTF_KUNIT_TEST,TODO,UNRESOLVED,,,,0,,,
CONFIG_PRINTK,TODO,UNRESOLVED,,,,0,,,
CONFIG_PRINTK_CALLER,TODO,UNRESOLVED,,,,0,,,
CONFIG_PRINTK_INDEX,TODO,UNRESOLVED,,,,0,,,
CONFIG_PRINTK_RINGBUFFER_KUNIT_TEST,TODO,UNRESOLVED,,,,0,,,
CONFIG_PRINTK_TIME,TODO,UNRESOLVED,,,,0,,,
CONFIG_PRINT_QUOTA_WARNING,TODO,UNRESOLVED,,,,0,,,
CONFIG_PROBE_EVENTS,TODO,UNRESOLVED,,,,0,,,
CONFIG_PROBE_EVENTS_BTF_ARGS,TODO,UNRESOLVED,,,,0,,,
CONFIG_PROCESSOR_SELECT,TODO,UNRESOLVED,,,,0,,,
CONFIG_PROC_CHILDREN,TODO,UNRESOLVED,,,,0,,,
CONFIG_PROC_CPU_RESCTRL,TODO,UNRESOLVED,,,,0,,,
CONFIG_PROC_EVENTS,TODO,UNRESOLVED,,,,0,,,
CONFIG_PROC_FS,TODO,UNRESOLVED,,,,0,,,
CONFIG_PROC_KCORE,TODO,UNRESOLVED,,,,0,,,
CONFIG_PROC_MEM_ALWAYS_FORCE,TODO,UNRESOLVED,,,,0,,,
CONFIG_PROC_MEM_FORCE_PTRACE,TODO,UNRESOLVED,,,,0,,,
CONFIG_PROC_MEM_NO_FORCE,TODO,UNRESOLVED,,,,0,,,
CONFIG_PROC_PAGE_MONITOR,TODO,UNRESOLVED,,,,0,,,
CONFIG_PROC_PID_ARCH_STATUS,TODO,UNRESOLVED,,,,0,,,
CONFIG_PROC_PID_CPUSET,TODO,UNRESOLVED,,,,0,,,
CONFIG_PROC_SYSCTL,TODO,UNRESOLVED,,,,0,,,
CONFIG_PROC_THERMAL_MMIO_RAPL,TODO,UNRESOLVED,,,,0,,,
CONFIG_PROC_VMCORE,TODO,UNRESOLVED,,,,0,,,
CONFIG_PROC_VMCORE_DEVICE_DUMP,TODO,UNRESOLVED,,,,0,,,
CONFIG_PROC_VMCORE_DEVICE_RAM,TODO,UNRESOLVED,,,,0,,,
CONFIG_PROFILE_ALL_BRANCHES,TODO,UNRESOLVED,,,,0,,,
CONFIG_PROFILE_ANNOTATED_BRANCHES,TODO,UNRESOLVED,,,,0,,,
CONFIG_PROFILING,TODO,UNRESOLVED,,,,0,,,
CONFIG_PROPELLER_CLANG,TODO,UNRESOLVED,,,,0,,,
CONFIG_PROVE_LOCKING,TODO,UNRESOLVED,,,,0,,,
CONFIG_PROVE_RAW_LOCK_NESTING,TODO,UNRESOLVED,,,,0,,,
CONFIG_PROVE_RCU,TODO,UNRESOLVED,,,,0,,,
CONFIG_PROVE_RCU_LIST,TODO,UNRESOLVED,,,,0,,,
CONFIG_PROVIDE_OHCI1394_DMA_INIT,TODO,UNRESOLVED,,,,0,,,
CONFIG_PRP_DUP_DISCARD_KUNIT_TEST,TODO,UNRESOLVED,,,,0,,,
CONFIG_PRU_REMOTEPROC,TODO,UNRESOLVED,,,,0,,,
CONFIG_PSAMPLE,TODO,UNRESOLVED,,,,0,,,
CONFIG_PSERIES_CPUIDLE,TODO,UNRESOLVED,,,,0,,,
CONFIG_PSERIES_WDT,TODO,UNRESOLVED,,,,0,,,
CONFIG_PSE_CONTROLLER,TODO,UNRESOLVED,,,,0,,,
CONFIG_PSE_PD692X0,TODO,UNRESOLVED,,,,0,,,
CONFIG_PSE_REGULATOR,TODO,UNRESOLVED,,,,0,,,
CONFIG_PSE_SI3474,TODO,UNRESOLVED,,,,0,,,
CONFIG_PSE_TPS23881,TODO,UNRESOLVED,,,,0,,,
CONFIG_PSI,TODO,UNRESOLVED,,,,0,,,
CONFIG_PSI_DEFAULT_DISABLED,TODO,UNRESOLVED,,,,0,,,
CONFIG_PSTORE,TODO,UNRESOLVED,,,,0,,,
CONFIG_PSTORE_BLK,TODO,UNRESOLVED,,,,0,,,
CONFIG_PSTORE_BLK_BLKDEV,TODO,UNRESOLVED,,,,0,,,
CONFIG_PSTORE_BLK_CONSOLE_SIZE,TODO,UNRESOLVED,,,,0,,,
CONFIG_PSTORE_BLK_FTRACE_SIZE,TODO,UNRESOLVED,,,,0,,,
CONFIG_PSTORE_BLK_KMSG_SIZE,TODO,UNRESOLVED,,,,0,,,
CONFIG_PSTORE_BLK_MAX_REASON,TODO,UNRESOLVED,,,,0,,,
CONFIG_PSTORE_BLK_PMSG_SIZE,TODO,UNRESOLVED,,,,0,,,
CONFIG_PSTORE_COMPRESS,TODO,UNRESOLVED,,,,0,,,
CONFIG_PSTORE_CONSOLE,TODO,UNRESOLVED,,,,0,,,
CONFIG_PSTORE_DEFAULT_KMSG_BYTES,TODO,UNRESOLVED,,,,0,,,
CONFIG_PSTORE_FTRACE,TODO,UNRESOLVED,,,,0,,,
CONFIG_PSTORE_PMSG,TODO,UNRESOLVED,,,,0,,,
CONFIG_PSTORE_RAM,TODO,UNRESOLVED,,,,0,,,
CONFIG_PSTORE_ZONE,TODO,UNRESOLVED,,,,0,,,
CONFIG_PTDUMP,TODO,UNRESOLVED,,,,0,,,
CONFIG_PTDUMP_DEBUGFS,TODO,UNRESOLVED,,,,0,,,
CONFIG_PTE_MARKER_UFFD_WP,TODO,UNRESOLVED,,,,0,,,
CONFIG_PTP_1588_CLOCK,TODO,UNRESOLVED,,,,0,,,
CONFIG_PTP_1588_CLOCK_DTE,TODO,UNRESOLVED,,,,0,,,
CONFIG_PTP_1588_CLOCK_FC3W,TODO,UNRESOLVED,,,,0,,,
CONFIG_PTP_1588_CLOCK_IDT82P33,TODO,UNRESOLVED,,,,0,,,
CONFIG_PTP_1588_CLOCK_IDTCM,TODO,UNRESOLVED,,,,0,,,
CONFIG_PTP_1588_CLOCK_INES,TODO,UNRESOLVED,,,,0,,,
CONFIG_PTP_1588_CLOCK_IXP46X,TODO,UNRESOLVED,,,,0,,,
CONFIG_PTP_1588_CLOCK_KVM,TODO,UNRESOLVED,,,,0,,,
CONFIG_PTP_1588_CLOCK_MOCK,TODO,UNRESOLVED,,,,0,,,
CONFIG_PTP_1588_CLOCK_OCP,TODO,UNRESOLVED,,,,0,,,
CONFIG_PTP_1588_CLOCK_OPTIONAL,TODO,UNRESOLVED,,,,0,,,
CONFIG_PTP_1588_CLOCK_PCH,TODO,UNRESOLVED,,,,0,,,
CONFIG_PTP_1588_CLOCK_QORIQ,TODO,UNRESOLVED,,,,0,,,
CONFIG_PTP_1588_CLOCK_VMCLOCK,TODO,UNRESOLVED,,,,0,,,
CONFIG_PTP_1588_CLOCK_VMW,TODO,UNRESOLVED,,,,0,,,
CONFIG_PTP_DFL_TOD,TODO,UNRESOLVED,,,,0,,,
CONFIG_PTP_NETC_V4_TIMER,TODO,UNRESOLVED,,,,0,,,
CONFIG_PTP_S390,TODO,UNRESOLVED,,,,0,,,
CONFIG_PT_RECLAIM,TODO,UNRESOLVED,,,,0,,,
CONFIG_PUNIT_ATOM_DEBUG,TODO,UNRESOLVED,,,,0,,,
CONFIG_PVH,TODO,UNRESOLVED,,,,0,,,
CONFIG_PVPANIC,TODO,UNRESOLVED,,,,0,,,
CONFIG_PVPANIC_MMIO,TODO,UNRESOLVED,,,,0,,,
CONFIG_PVPANIC_PCI,TODO,UNRESOLVED,,,,0,,,
CONFIG_PWC_RZV2M,TODO,UNRESOLVED,,,,0,,,
CONFIG_PWM,TODO,UNRESOLVED,,,,0,,,
CONFIG_PWM_AB8500,TODO,UNRESOLVED,,,,0,,,
CONFIG_PWM_ADP5585,TODO,UNRESOLVED,,,,0,,,
CONFIG_PWM_APPLE,TODO,UNRESOLVED,,,,0,,,
CONFIG_PWM_ARGON_FAN_HAT,TODO,UNRESOLVED,,,,0,,,
CONFIG_PWM_ATMEL,TODO,UNRESOLVED,,,,0,,,
CONFIG_PWM_ATMEL_HLCDC_PWM,TODO,UNRESOLVED,,,,0,,,
CONFIG_PWM_ATMEL_TCB,TODO,UNRESOLVED,,,,0,,,
CONFIG_PWM_AXI_PWMGEN,TODO,UNRESOLVED,,,,0,,,
CONFIG_PWM_BCM2835,TODO,UNRESOLVED,,,,0,,,
CONFIG_PWM_BCM_IPROC,TODO,UNRESOLVED,,,,0,,,
CONFIG_PWM_BCM_KONA,TODO,UNRESOLVED,,,,0,,,
CONFIG_PWM_BERLIN,TODO,UNRESOLVED,,,,0,,,
CONFIG_PWM_BRCMSTB,TODO,UNRESOLVED,,,,0,,,
CONFIG_PWM_CLK,TODO,UNRESOLVED,,,,0,,,
CONFIG_PWM_CLPS711X,TODO,UNRESOLVED,,,,0,,,
CONFIG_PWM_CRC,TODO,UNRESOLVED,,,,0,,,
CONFIG_PWM_CROS_EC,TODO,UNRESOLVED,,,,0,,,
CONFIG_PWM_DEBUG,TODO,UNRESOLVED,,,,0,,,
CONFIG_PWM_DWC,TODO,UNRESOLVED,,,,0,,,
CONFIG_PWM_DWC_CORE,TODO,UNRESOLVED,,,,0,,,
CONFIG_PWM_EP93XX,TODO,UNRESOLVED,,,,0,,,
CONFIG_PWM_FSL_FTM,TODO,UNRESOLVED,,,,0,,,
CONFIG_PWM_GPIO,TODO,UNRESOLVED,,,,0,,,
CONFIG_PWM_HIBVT,TODO,UNRESOLVED,,,,0,,,
CONFIG_PWM_IMG,TODO,UNRESOLVED,,,,0,,,
CONFIG_PWM_IMX1,TODO,UNRESOLVED,,,,0,,,
CONFIG_PWM_IMX27,TODO,UNRESOLVED,,,,0,,,
CONFIG_PWM_IMX_TPM,TODO,UNRESOLVED,,,,0,,,
CONFIG_PWM_INTEL_LGM,TODO,UNRESOLVED,,,,0,,,
CONFIG_PWM_IQS620A,TODO,UNRESOLVED,,,,0,,,
CONFIG_PWM_JZ4740,TODO,UNRESOLVED,,,,0,,,
CONFIG_PWM_KEEMBAY,TODO,UNRESOLVED,,,,0,,,
CONFIG_PWM_LOONGSON,TODO,UNRESOLVED,,,,0,,,
CONFIG_PWM_LP3943,TODO,UNRESOLVED,,,,0,,,
CONFIG_PWM_LPC18XX_SCT,TODO,UNRESOLVED,,,,0,,,
CONFIG_PWM_LPC32XX,TODO,UNRESOLVED,,,,0,,,
CONFIG_PWM_LPSS,TODO,UNRESOLVED,,,,0,,,
CONFIG_PWM_LPSS_PCI,TODO,UNRESOLVED,,,,0,,,
CONFIG_PWM_LPSS_PLATFORM,TODO,UNRESOLVED,,,,0,,,
CONFIG_PWM_MAX7360,TODO,UNRESOLVED,,,,0,,,
CONFIG_PWM_MC33XS2410,TODO,UNRESOLVED,,,,0,,,
CONFIG_PWM_MEDIATEK,TODO,UNRESOLVED,,,,0,,,
CONFIG_PWM_MESON,TODO,UNRESOLVED,,,,0,,,
CONFIG_PWM_MICROCHIP_CORE,TODO,UNRESOLVED,,,,0,,,
CONFIG_PWM_MTK_DISP,TODO,UNRESOLVED,,,,0,,,
CONFIG_PWM_MXS,TODO,UNRESOLVED,,,,0,,,
CONFIG_PWM_NTXEC,TODO,UNRESOLVED,,,,0,,,
CONFIG_PWM_OMAP_DMTIMER,TODO,UNRESOLVED,,,,0,,,
CONFIG_PWM_PCA9685,TODO,UNRESOLVED,,,,0,,,
CONFIG_PWM_PROVIDE_GPIO,TODO,UNRESOLVED,,,,0,,,
CONFIG_PWM_PXA,TODO,UNRESOLVED,,,,0,,,
CONFIG_PWM_RASPBERRYPI_POE,TODO,UNRESOLVED,,,,0,,,
CONFIG_PWM_RENESAS_RCAR,TODO,UNRESOLVED,,,,0,,,
CONFIG_PWM_RENESAS_RZG2L_GPT,TODO,UNRESOLVED,,,,0,,,
CONFIG_PWM_RENESAS_RZ_MTU3,TODO,UNRESOLVED,,,,0,,,
CONFIG_PWM_RENESAS_TPU,TODO,UNRESOLVED,,,,0,,,
CONFIG_PWM_ROCKCHIP,TODO,UNRESOLVED,,,,0,,,
CONFIG_PWM_SAMSUNG,TODO,UNRESOLVED,,,,0,,,
CONFIG_PWM_SIFIVE,TODO,UNRESOLVED,,,,0,,,
CONFIG_PWM_SL28CPLD,TODO,UNRESOLVED,,,,0,,,
CONFIG_PWM_SOPHGO_SG2042,TODO,UNRESOLVED,,,,0,,,
CONFIG_PWM_SPEAR,TODO,UNRESOLVED,,,,0,,,
CONFIG_PWM_SPRD,TODO,UNRESOLVED,,,,0,,,
CONFIG_PWM_STI,TODO,UNRESOLVED,,,,0,,,
CONFIG_PWM_STM32,TODO,UNRESOLVED,,,,0,,,
CONFIG_PWM_STM32_LP,TODO,UNRESOLVED,,,,0,,,
CONFIG_PWM_STMPE,TODO,UNRESOLVED,,,,0,,,
CONFIG_PWM_SUN4I,TODO,UNRESOLVED,,,,0,,,
CONFIG_PWM_SUNPLUS,TODO,UNRESOLVED,,,,0,,,
CONFIG_PWM_TEGRA,TODO,UNRESOLVED,,,,0,,,
CONFIG_PWM_TIECAP,TODO,UNRESOLVED,,,,0,,,
CONFIG_PWM_TIEHRPWM,TODO,UNRESOLVED,,,,0,,,
CONFIG_PWM_TWL,TODO,UNRESOLVED,,,,0,,,
CONFIG_PWM_TWL_LED,TODO,UNRESOLVED,,,,0,,,
CONFIG_PWM_VISCONTI,TODO,UNRESOLVED,,,,0,,,
CONFIG_PWM_VT8500,TODO,UNRESOLVED,,,,0,,,
CONFIG_PWM_XILINX,TODO,UNRESOLVED,,,,0,,,
CONFIG_PWRSEQ_EMMC,TODO,UNRESOLVED,,,,0,,,
CONFIG_PWRSEQ_SD8787,TODO,UNRESOLVED,,,,0,,,
CONFIG_PWRSEQ_SIMPLE,TODO,UNRESOLVED,,,,0,,,
CONFIG_PXA168_ETH,TODO,UNRESOLVED,,,,0,,,
CONFIG_PXA1908_PM_DOMAINS,TODO,UNRESOLVED,,,,0,,,
CONFIG_PXA3XX_GCU,TODO,UNRESOLVED,,,,0,,,
CONFIG_PXA_DMA,TODO,UNRESOLVED,,,,0,,,
CONFIG_PXA_SSP,TODO,UNRESOLVED,,,,0,,,
CONFIG_QAT_VFIO_PCI,TODO,UNRESOLVED,,,,0,,,
CONFIG_QCA7000,TODO,UNRESOLVED,,,,0,,,
CONFIG_QCA7000_SPI,TODO,UNRESOLVED,,,,0,,,
CONFIG_QCA7000_UART,TODO,UNRESOLVED,,,,0,,,
CONFIG_QCA807X_PHY,TODO,UNRESOLVED,,,,0,,,
CONFIG_QCA808X_PHY,TODO,UNRESOLVED,,,,0,,,
CONFIG_QCA83XX_PHY,TODO,UNRESOLVED,,,,0,,,
CONFIG_QCM_DISPCC_2290,TODO,UNRESOLVED,,,,0,,,
CONFIG_QCM_GCC_2290,TODO,UNRESOLVED,,,,0,,,
CONFIG_QCOMTEE,TODO,UNRESOLVED,,,,0,,,
CONFIG_QCOM_A53PLL,TODO,UNRESOLVED,,,,0,,,
CONFIG_QCOM_A7PLL,TODO,UNRESOLVED,,,,0,,,
CONFIG_QCOM_ADM,TODO,UNRESOLVED,,,,0,,,
CONFIG_QCOM_AOSS_QMP,TODO,UNRESOLVED,,,,0,,,
CONFIG_QCOM_APCS_IPC,TODO,UNRESOLVED,,,,0,,,
CONFIG_QCOM_APR,TODO,UNRESOLVED,,,,0,,,
CONFIG_QCOM_BAM_DMA,TODO,UNRESOLVED,,,,0,,,
CONFIG_QCOM_BAM_DMUX,TODO,UNRESOLVED,,,,0,,,
CONFIG_QCOM_CLK_APCC_MSM8996,TODO,UNRESOLVED,,,,0,,,
CONFIG_QCOM_CLK_APCS_MSM8916,TODO,UNRESOLVED,,,,0,,,
CONFIG_QCOM_CLK_APCS_SDX55,TODO,UNRESOLVED,,,,0,,,
CONFIG_QCOM_CLK_RPM,TODO,UNRESOLVED,,,,0,,,
CONFIG_QCOM_CLK_RPMH,TODO,UNRESOLVED,,,,0,,,
CONFIG_QCOM_CLK_SMD_RPM,TODO,UNRESOLVED,,,,0,,,
CONFIG_QCOM_COINCELL,TODO,UNRESOLVED,,,,0,,,
CONFIG_QCOM_COMMAND_DB,TODO,UNRESOLVED,,,,0,,,
CONFIG_QCOM_CPR,TODO,UNRESOLVED,,,,0,,,
CONFIG_QCOM_CPUCP_MBOX,TODO,UNRESOLVED,,,,0,,,
CONFIG_QCOM_EBI2,TODO,UNRESOLVED,,,,0,,,
CONFIG_QCOM_EMAC,TODO,UNRESOLVED,,,,0,,,
CONFIG_QCOM_FASTRPC,TODO,UNRESOLVED,,,,0,,,
CONFIG_QCOM_GDSC,TODO,UNRESOLVED,,,,0,,,
CONFIG_QCOM_GENI_SE,TODO,UNRESOLVED,,,,0,,,
CONFIG_QCOM_GPI_DMA,TODO,UNRESOLVED,,,,0,,,
CONFIG_QCOM_GSBI,TODO,UNRESOLVED,,,,0,,,
CONFIG_QCOM_HFPLL,TODO,UNRESOLVED,,,,0,,,
CONFIG_QCOM_HIDMA,TODO,UNRESOLVED,,,,0,,,
CONFIG_QCOM_HIDMA_MGMT,TODO,UNRESOLVED,,,,0,,,
CONFIG_QCOM_ICC_BWMON,TODO,UNRESOLVED,,,,0,,,
CONFIG_QCOM_INLINE_CRYPTO_ENGINE,TODO,UNRESOLVED,,,,0,,,
CONFIG_QCOM_IOMMU,TODO,UNRESOLVED,,,,0,,,
CONFIG_QCOM_IPA,TODO,UNRESOLVED,,,,0,,,
CONFIG_QCOM_IPCC,TODO,UNRESOLVED,,,,0,,,
CONFIG_QCOM_IRQ_COMBINER,TODO,UNRESOLVED,,,,0,,,
CONFIG_QCOM_KRYO_L2_ACCESSORS,TODO,UNRESOLVED,,,,0,,,
CONFIG_QCOM_L2_PMU,TODO,UNRESOLVED,,,,0,,,
CONFIG_QCOM_L3_PMU,TODO,UNRESOLVED,,,,0,,,
CONFIG_QCOM_LLCC,TODO,UNRESOLVED,,,,0,,,
CONFIG_QCOM_LMH,TODO,UNRESOLVED,,,,0,,,
CONFIG_QCOM_MDT_LOADER,TODO,UNRESOLVED,,,,0,,,
CONFIG_QCOM_MPM,TODO,UNRESOLVED,,,,0,,,
CONFIG_QCOM_NET_PHYLIB,TODO,UNRESOLVED,,,,0,,,
CONFIG_QCOM_OCMEM,TODO,UNRESOLVED,,,,0,,,
CONFIG_QCOM_PBS,TODO,UNRESOLVED,,,,0,,,
CONFIG_QCOM_PDC,TODO,UNRESOLVED,,,,0,,,
CONFIG_QCOM_PDR_HELPERS,TODO,UNRESOLVED,,,,0,,,
CONFIG_QCOM_PDR_MSG,TODO,UNRESOLVED,,,,0,,,
CONFIG_QCOM_PD_MAPPER,TODO,UNRESOLVED,,,,0,,,
CONFIG_QCOM_PIL_INFO,TODO,UNRESOLVED,,,,0,,,
CONFIG_QCOM_PM8XXX_XOADC,TODO,UNRESOLVED,,,,0,,,
CONFIG_QCOM_PMIC_GLINK,TODO,UNRESOLVED,,,,0,,,
CONFIG_QCOM_PMIC_PDCHARGER_ULOG,TODO,UNRESOLVED,,,,0,,,
CONFIG_QCOM_PPE,TODO,UNRESOLVED,,,,0,,,
CONFIG_QCOM_Q6V5_ADSP,TODO,UNRESOLVED,,,,0,,,
CONFIG_QCOM_Q6V5_COMMON,TODO,UNRESOLVED,,,,0,,,
CONFIG_QCOM_Q6V5_MSS,TODO,UNRESOLVED,,,,0,,,
CONFIG_QCOM_Q6V5_PAS,TODO,UNRESOLVED,,,,0,,,
CONFIG_QCOM_Q6V5_WCSS,TODO,UNRESOLVED,,,,0,,,
CONFIG_QCOM_QMI_HELPERS,TODO,UNRESOLVED,,,,0,,,
CONFIG_QCOM_QSEECOM,TODO,UNRESOLVED,,,,0,,,
CONFIG_QCOM_QSEECOM_UEFISECAPP,TODO,UNRESOLVED,,,,0,,,
CONFIG_QCOM_RAMP_CTRL,TODO,UNRESOLVED,,,,0,,,
CONFIG_QCOM_RMTFS_MEM,TODO,UNRESOLVED,,,,0,,,
CONFIG_QCOM_RPMH,TODO,UNRESOLVED,,,,0,,,
CONFIG_QCOM_RPMHPD,TODO,UNRESOLVED,,,,0,,,
CONFIG_QCOM_RPMPD,TODO,UNRESOLVED,,,,0,,,
CONFIG_QCOM_RPM_MASTER_STATS,TODO,UNRESOLVED,,,,0,,,
CONFIG_QCOM_RPROC_COMMON,TODO,UNRESOLVED,,,,0,,,
CONFIG_QCOM_SCM,TODO,UNRESOLVED,,,,0,,,
CONFIG_QCOM_SMD_RPM,TODO,UNRESOLVED,,,,0,,,
CONFIG_QCOM_SMEM,TODO,UNRESOLVED,,,,0,,,
CONFIG_QCOM_SMEM_STATE,TODO,UNRESOLVED,,,,0,,,
CONFIG_QCOM_SMP2P,TODO,UNRESOLVED,,,,0,,,
CONFIG_QCOM_SMSM,TODO,UNRESOLVED,,,,0,,,
CONFIG_QCOM_SOCINFO,TODO,UNRESOLVED,,,,0,,,
CONFIG_QCOM_SPM,TODO,UNRESOLVED,,,,0,,,
CONFIG_QCOM_SPMI_ADC5,TODO,UNRESOLVED,,,,0,,,
CONFIG_QCOM_SPMI_ADC_TM5,TODO,UNRESOLVED,,,,0,,,
CONFIG_QCOM_SPMI_IADC,TODO,UNRESOLVED,,,,0,,,
CONFIG_QCOM_SPMI_RRADC,TODO,UNRESOLVED,,,,0,,,
CONFIG_QCOM_SPMI_TEMP_ALARM,TODO,UNRESOLVED,,,,0,,,
CONFIG_QCOM_SPMI_VADC,TODO,UNRESOLVED,,,,0,,,
CONFIG_QCOM_SSC_BLOCK_BUS,TODO,UNRESOLVED,,,,0,,,
CONFIG_QCOM_STATS,TODO,UNRESOLVED,,,,0,,,
CONFIG_QCOM_SYSMON,TODO,UNRESOLVED,,,,0,,,
CONFIG_QCOM_TSENS,TODO,UNRESOLVED,,,,0,,,
CONFIG_QCOM_TZMEM,TODO,UNRESOLVED,,,,0,,,
CONFIG_QCOM_TZMEM_MODE_GENERIC,TODO,UNRESOLVED,,,,0,,,
CONFIG_QCOM_TZMEM_MODE_SHMBRIDGE,TODO,UNRESOLVED,,,,0,,,
CONFIG_QCOM_UBWC_CONFIG,TODO,UNRESOLVED,,,,0,,,
CONFIG_QCOM_VADC_COMMON,TODO,UNRESOLVED,,,,0,,,
CONFIG_QCOM_WCNSS_CTRL,TODO,UNRESOLVED,,,,0,,,
CONFIG_QCOM_WCNSS_PIL,TODO,UNRESOLVED,,,,0,,,
CONFIG_QCOM_WDT,TODO,UNRESOLVED,,,,0,,,
CONFIG_QCS_CAMCC_615,TODO,UNRESOLVED,,,,0,,,
CONFIG_QCS_DISPCC_615,TODO,UNRESOLVED,,,,0,,,
CONFIG_QCS_GCC_404,TODO,UNRESOLVED,,,,0,,,
CONFIG_QCS_GCC_615,TODO,UNRESOLVED,,,,0,,,
CONFIG_QCS_GCC_8300,TODO,UNRESOLVED,,,,0,,,
CONFIG_QCS_GPUCC_615,TODO,UNRESOLVED,,,,0,,,
CONFIG_QCS_Q6SSTOP_404,TODO,UNRESOLVED,,,,0,,,
CONFIG_QCS_TURING_404,TODO,UNRESOLVED,,,,0,,,
CONFIG_QCS_VIDEOCC_615,TODO,UNRESOLVED,,,,0,,,
CONFIG_QDU_ECPRICC_1000,TODO,UNRESOLVED,,,,0,,,
CONFIG_QDU_GCC_1000,TODO,UNRESOLVED,,,,0,,,
CONFIG_QED,TODO,UNRESOLVED,,,,0,,,
CONFIG_QEDE,TODO,UNRESOLVED,,,,0,,,
CONFIG_QEDF,TODO,UNRESOLVED,,,,0,,,
CONFIG_QEDI,TODO,UNRESOLVED,,,,0,,,
CONFIG_QED_FCOE,TODO,UNRESOLVED,,,,0,,,
CONFIG_QED_ISCSI,TODO,UNRESOLVED,,,,0,,,
CONFIG_QED_LL2,TODO,UNRESOLVED,,,,0,,,
CONFIG_QED_NVMETCP,TODO,UNRESOLVED,,,,0,,,
CONFIG_QED_OOO,TODO,UNRESOLVED,,,,0,,,
CONFIG_QED_RDMA,TODO,UNRESOLVED,,,,0,,,
CONFIG_QED_SRIOV,TODO,UNRESOLVED,,,,0,,,
CONFIG_QETH,TODO,UNRESOLVED,,,,0,,,
CONFIG_QETH_L2,TODO,UNRESOLVED,,,,0,,,
CONFIG_QETH_L3,TODO,UNRESOLVED,,,,0,,,
CONFIG_QETH_OSX,TODO,UNRESOLVED,,,,0,,,
CONFIG_QE_TDM,TODO,UNRESOLVED,,,,0,,,
CONFIG_QE_USB,TODO,UNRESOLVED,,,,0,,,
CONFIG_QFMT_V1,TODO,UNRESOLVED,,,,0,,,
CONFIG_QFMT_V2,TODO,UNRESOLVED,,,,0,,,
CONFIG_QLA3XXX,TODO,UNRESOLVED,,,,0,,,
CONFIG_QLCNIC,TODO,UNRESOLVED,,,,0,,,
CONFIG_QLCNIC_DCB,TODO,UNRESOLVED,,,,0,,,
CONFIG_QLCNIC_HWMON,TODO,UNRESOLVED,,,,0,,,
CONFIG_QLCNIC_SRIOV,TODO,UNRESOLVED,,,,0,,,
CONFIG_QNX4FS_FS,TODO,UNRESOLVED,,,,0,,,
CONFIG_QNX6FS_DEBUG,TODO,UNRESOLVED,,,,0,,,
CONFIG_QNX6FS_FS,TODO,UNRESOLVED,,,,0,,,
CONFIG_QORIQ_CPUFREQ,TODO,UNRESOLVED,,,,0,,,
CONFIG_QORIQ_THERMAL,TODO,UNRESOLVED,,,,0,,,
CONFIG_QRTR,TODO,UNRESOLVED,,,,0,,,
CONFIG_QRTR_MHI,TODO,UNRESOLVED,,,,0,,,
CONFIG_QRTR_SMD,TODO,UNRESOLVED,,,,0,,,
CONFIG_QRTR_TUN,TODO,UNRESOLVED,,,,0,,,
CONFIG_QSEMI_PHY,TODO,UNRESOLVED,,,,0,,,
CONFIG_QTNFMAC,TODO,UNRESOLVED,,,,0,,,
CONFIG_QTNFMAC_PCIE,TODO,UNRESOLVED,,,,0,,,
CONFIG_QUEUED_RWLOCKS,TODO,UNRESOLVED,,,,0,,,
CONFIG_QUEUED_SPINLOCKS,TODO,UNRESOLVED,,,,0,,,
CONFIG_QUICC_ENGINE,TODO,UNRESOLVED,,,,0,,,
CONFIG_QUOTA,TODO,UNRESOLVED,,,,0,,,
CONFIG_QUOTACTL,TODO,UNRESOLVED,,,,0,,,
CONFIG_QUOTA_DEBUG,TODO,UNRESOLVED,,,,0,,,
CONFIG_QUOTA_NETLINK_INTERFACE,TODO,UNRESOLVED,,,,0,,,
CONFIG_QUOTA_TREE,TODO,UNRESOLVED,,,,0,,,
CONFIG_R6040,TODO,UNRESOLVED,,,,0,,,
CONFIG_R8169,TODO,UNRESOLVED,,,,0,,,
CONFIG_R8169_LEDS,TODO,UNRESOLVED,,,,0,,,
CONFIG_RADIO_ADAPTERS,TODO,UNRESOLVED,,,,0,,,
CONFIG_RADIO_AZTECH,TODO,UNRESOLVED,,,,0,,,
CONFIG_RADIO_AZTECH_PORT,TODO,UNRESOLVED,,,,0,,,
CONFIG_RADIO_CADET,TODO,UNRESOLVED,,,,0,,,
CONFIG_RADIO_GEMTEK,TODO,UNRESOLVED,,,,0,,,
CONFIG_RADIO_GEMTEK_PORT,TODO,UNRESOLVED,,,,0,,,
CONFIG_RADIO_GEMTEK_PROBE,TODO,UNRESOLVED,,,,0,,,
CONFIG_RADIO_ISA,TODO,UNRESOLVED,,,,0,,,
CONFIG_RADIO_MAXIRADIO,TODO,UNRESOLVED,,,,0,,,
CONFIG_RADIO_MIROPCM20,TODO,UNRESOLVED,,,,0,,,
CONFIG_RADIO_RTRACK,TODO,UNRESOLVED,,,,0,,,
CONFIG_RADIO_RTRACK2,TODO,UNRESOLVED,,,,0,,,
CONFIG_RADIO_RTRACK2_PORT,TODO,UNRESOLVED,,,,0,,,
CONFIG_RADIO_RTRACK_PORT,TODO,UNRESOLVED,,,,0,,,
CONFIG_RADIO_SAA7706H,TODO,UNRESOLVED,,,,0,,,
CONFIG_RADIO_SF16FMI,TODO,UNRESOLVED,,,,0,,,
CONFIG_RADIO_SF16FMR2,TODO,UNRESOLVED,,,,0,,,
CONFIG_RADIO_SHARK,TODO,UNRESOLVED,,,,0,,,
CONFIG_RADIO_SHARK2,TODO,UNRESOLVED,,,,0,,,
CONFIG_RADIO_SI470X,TODO,UNRESOLVED,,,,0,,,
CONFIG_RADIO_SI4713,TODO,UNRESOLVED,,,,0,,,
CONFIG_RADIO_SI476X,TODO,UNRESOLVED,,,,0,,,
CONFIG_RADIO_TEA575X,TODO,UNRESOLVED,,,,0,,,
CONFIG_RADIO_TEA5764,TODO,UNRESOLVED,,,,0,,,
CONFIG_RADIO_TEA5764_XTAL,TODO,UNRESOLVED,,,,0,,,
CONFIG_RADIO_TEF6862,TODO,UNRESOLVED,,,,0,,,
CONFIG_RADIO_TERRATEC,TODO,UNRESOLVED,,,,0,,,
CONFIG_RADIO_TIMBERDALE,TODO,UNRESOLVED,,,,0,,,
CONFIG_RADIO_TRUST,TODO,UNRESOLVED,,,,0,,,
CONFIG_RADIO_TRUST_PORT,TODO,UNRESOLVED,,,,0,,,
CONFIG_RADIO_TYPHOON,TODO,UNRESOLVED,,,,0,,,
CONFIG_RADIO_TYPHOON_MUTEFREQ,TODO,UNRESOLVED,,,,0,,,
CONFIG_RADIO_TYPHOON_PORT,TODO,UNRESOLVED,,,,0,,,
CONFIG_RADIO_ZOLTRIX,TODO,UNRESOLVED,,,,0,,,
CONFIG_RADIO_ZOLTRIX_PORT,TODO,UNRESOLVED,,,,0,,,
CONFIG_RAID6_PQ,TODO,UNRESOLVED,,,,0,,,
CONFIG_RAID6_PQ_BENCHMARK,TODO,UNRESOLVED,,,,0,,,
CONFIG_RAID_ATTRS,TODO,UNRESOLVED,,,,0,,,
CONFIG_RALINK_TIMER,TODO,UNRESOLVED,,,,0,,,
CONFIG_RALINK_WDT,TODO,UNRESOLVED,,,,0,,,
CONFIG_RANDOM32_SELFTEST,TODO,UNRESOLVED,,,,0,,,
CONFIG_RANDOMIZE_BASE,TODO,UNRESOLVED,,,,0,,,
CONFIG_RANDOMIZE_KSTACK_OFFSET,TODO,UNRESOLVED,,,,0,,,
CONFIG_RANDOMIZE_KSTACK_OFFSET_DEFAULT,TODO,UNRESOLVED,,,,0,,,
CONFIG_RANDOMIZE_MEMORY,TODO,UNRESOLVED,,,,0,,,
CONFIG_RANDOMIZE_MEMORY_PHYSICAL_PADDING,TODO,UNRESOLVED,,,,0,,,
CONFIG_RANDOM_KMALLOC_CACHES,TODO,UNRESOLVED,,,,0,,,
CONFIG_RANDSTRUCT,TODO,UNRESOLVED,,,,0,,,
CONFIG_RANDSTRUCT_FULL,TODO,UNRESOLVED,,,,0,,,
CONFIG_RANDSTRUCT_KUNIT_TEST,TODO,UNRESOLVED,,,,0,,,
CONFIG_RANDSTRUCT_NONE,TODO,UNRESOLVED,,,,0,,,
CONFIG_RANDSTRUCT_PERFORMANCE,TODO,UNRESOLVED,,,,0,,,
CONFIG_RAPIDIO,TODO,UNRESOLVED,,,,0,,,
CONFIG_RAPIDIO_CHMAN,TODO,UNRESOLVED,,,,0,,,
CONFIG_RAPIDIO_CPS_GEN2,TODO,UNRESOLVED,,,,0,,,
CONFIG_RAPIDIO_CPS_XX,TODO,UNRESOLVED,,,,0,,,
CONFIG_RAPIDIO_DEBUG,TODO,UNRESOLVED,,,,0,,,
CONFIG_RAPIDIO_DISC_TIMEOUT,TODO,UNRESOLVED,,,,0,,,
CONFIG_RAPIDIO_DMA_ENGINE,TODO,UNRESOLVED,,,,0,,,
CONFIG_RAPIDIO_ENABLE_RX_TX_PORTS,TODO,UNRESOLVED,,,,0,,,
CONFIG_RAPIDIO_ENUM_BASIC,TODO,UNRESOLVED,,,,0,,,
CONFIG_RAPIDIO_MPORT_CDEV,TODO,UNRESOLVED,,,,0,,,
CONFIG_RAPIDIO_RXS_GEN3,TODO,UNRESOLVED,,,,0,,,
CONFIG_RAPIDIO_TSI721,TODO,UNRESOLVED,,,,0,,,
CONFIG_RAS,TODO,UNRESOLVED,,,,0,,,
CONFIG_RASPBERRYPI_FIRMWARE,TODO,UNRESOLVED,,,,0,,,
CONFIG_RASPBERRYPI_POWER,TODO,UNRESOLVED,,,,0,,,
CONFIG_RAS_CEC,TODO,UNRESOLVED,,,,0,,,
CONFIG_RAS_CEC_DEBUG,TODO,UNRESOLVED,,,,0,,,
CONFIG_RAS_FMPM,TODO,UNRESOLVED,,,,0,,,
CONFIG_RATELIMIT_KUNIT_TEST,TODO,UNRESOLVED,,,,0,,,
CONFIG_RATIONAL,TODO,UNRESOLVED,,,,0,,,
CONFIG_RATIONAL_KUNIT_TEST,TODO,UNRESOLVED,,,,0,,,
CONFIG_RAVB,TODO,UNRESOLVED,,,,0,,,
CONFIG_RAVE_SP_CORE,TODO,UNRESOLVED,,,,0,,,
CONFIG_RAVE_SP_WATCHDOG,TODO,UNRESOLVED,,,,0,,,
CONFIG_RBTREE_TEST,TODO,UNRESOLVED,,,,0,,,
CONFIG_RC32434_WDT,TODO,UNRESOLVED,,,,0,,,
CONFIG_RCAR_DMAC,TODO,UNRESOLVED,,,,0,,,
CONFIG_RCAR_GEN3_THERMAL,TODO,UNRESOLVED,,,,0,,,
CONFIG_RCAR_GYRO_ADC,TODO,UNRESOLVED,,,,0,,,
CONFIG_RCAR_REMOTEPROC,TODO,UNRESOLVED,,,,0,,,
CONFIG_RCAR_THERMAL,TODO,UNRESOLVED,,,,0,,,
CONFIG_RCU_BOOST,TODO,UNRESOLVED,,,,0,,,
CONFIG_RCU_BOOST_DELAY,TODO,UNRESOLVED,,,,0,,,
CONFIG_RCU_CPU_STALL_CPUTIME,TODO,UNRESOLVED,,,,0,,,
CONFIG_RCU_CPU_STALL_NOTIFIER,TODO,UNRESOLVED,,,,0,,,
CONFIG_RCU_CPU_STALL_TIMEOUT,TODO,UNRESOLVED,,,,0,,,
CONFIG_RCU_DOUBLE_CHECK_CB_TIME,TODO,UNRESOLVED,,,,0,,,
CONFIG_RCU_EQS_DEBUG,TODO,UNRESOLVED,,,,0,,,
CONFIG_RCU_EXPERT,TODO,UNRESOLVED,,,,0,,,
CONFIG_RCU_EXP_CPU_STALL_TIMEOUT,TODO,UNRESOLVED,,,,0,,,
CONFIG_RCU_EXP_KTHREAD,TODO,UNRESOLVED,,,,0,,,
CONFIG_RCU_FANOUT,TODO,UNRESOLVED,,,,0,,,
CONFIG_RCU_FANOUT_LEAF,TODO,UNRESOLVED,,,,0,,,
CONFIG_RCU_LAZY,TODO,UNRESOLVED,,,,0,,,
CONFIG_RCU_LAZY_DEFAULT_OFF,TODO,UNRESOLVED,,,,0,,,
CONFIG_RCU_NEED_SEGCBLIST,TODO,UNRESOLVED,,,,0,,,
CONFIG_RCU_NOCB_CPU,TODO,UNRESOLVED,,,,0,,,
CONFIG_RCU_NOCB_CPU_CB_BOOST,TODO,UNRESOLVED,,,,0,,,
CONFIG_RCU_NOCB_CPU_DEFAULT_ALL,TODO,UNRESOLVED,,,,0,,,
CONFIG_RCU_REF_SCALE_TEST,TODO,UNRESOLVED,,,,0,,,
CONFIG_RCU_SCALE_TEST,TODO,UNRESOLVED,,,,0,,,
CONFIG_RCU_STALL_COMMON,TODO,UNRESOLVED,,,,0,,,
CONFIG_RCU_STRICT_GRACE_PERIOD,TODO,UNRESOLVED,,,,0,,,
CONFIG_RCU_TORTURE_TEST,TODO,UNRESOLVED,,,,0,,,
CONFIG_RCU_TORTURE_TEST_CHK_RDR_STATE,TODO,UNRESOLVED,,,,0,,,
CONFIG_RCU_TORTURE_TEST_LOG_CPU,TODO,UNRESOLVED,,,,0,,,
CONFIG_RCU_TORTURE_TEST_LOG_GP,TODO,UNRESOLVED,,,,0,,,
CONFIG_RCU_TRACE,TODO,UNRESOLVED,,,,0,,,
CONFIG_RC_ATI_REMOTE,TODO,UNRESOLVED,,,,0,,,
CONFIG_RC_CORE,TODO,UNRESOLVED,,,,0,,,
CONFIG_RC_DECODERS,TODO,UNRESOLVED,,,,0,,,
CONFIG_RC_DEVICES,TODO,UNRESOLVED,,,,0,,,
CONFIG_RC_LOOPBACK,TODO,UNRESOLVED,,,,0,,,
CONFIG_RC_MAP,TODO,UNRESOLVED,,,,0,,,
CONFIG_RC_ST,TODO,UNRESOLVED,,,,0,,,
CONFIG_RC_XBOX_DVD,TODO,UNRESOLVED,,,,0,,,
CONFIG_RDA_INTC,TODO,UNRESOLVED,,,,0,,,
CONFIG_RDA_TIMER,TODO,UNRESOLVED,,,,0,,,
CONFIG_RDC321X_WDT,TODO,UNRESOLVED,,,,0,,,
CONFIG_RDMA_RXE,TODO,UNRESOLVED,,,,0,,,
CONFIG_RDMA_SIW,TODO,UNRESOLVED,,,,0,,,
CONFIG_RDS,TODO,UNRESOLVED,,,,0,,,
CONFIG_RDS_DEBUG,TODO,UNRESOLVED,,,,0,,,
CONFIG_RDS_RDMA,TODO,UNRESOLVED,,,,0,,,
CONFIG_RDS_TCP,TODO,UNRESOLVED,,,,0,,,
CONFIG_RD_BZIP2,TODO,UNRESOLVED,,,,0,,,
CONFIG_RD_GZIP,TODO,UNRESOLVED,,,,0,,,
CONFIG_RD_LZ4,TODO,UNRESOLVED,,,,0,,,
CONFIG_RD_LZMA,TODO,UNRESOLVED,,,,0,,,
CONFIG_RD_LZO,TODO,UNRESOLVED,,,,0,,,
CONFIG_RD_XZ,TODO,UNRESOLVED,,,,0,,,
CONFIG_RD_ZSTD,TODO,UNRESOLVED,,,,0,,,
CONFIG_READABLE_ASM,TODO,UNRESOLVED,,,,0,,,
CONFIG_READ_ONLY_THP_FOR_FS,TODO,UNRESOLVED,,,,0,,,
CONFIG_REALTEK_AUTOPM,TODO,UNRESOLVED,,,,0,,,
CONFIG_REALTEK_OTTO_TIMER,TODO,UNRESOLVED,,,,0,,,
CONFIG_REALTEK_OTTO_WDT,TODO,UNRESOLVED,,,,0,,,
CONFIG_REALTEK_PHY,TODO,UNRESOLVED,,,,0,,,
CONFIG_REALTEK_PHY_HWMON,TODO,UNRESOLVED,,,,0,,,
CONFIG_REBOOT_MODE,TODO,UNRESOLVED,,,,0,,,
CONFIG_REDMI_WMI,TODO,UNRESOLVED,,,,0,,,
CONFIG_REED_SOLOMON,TODO,UNRESOLVED,,,,0,,,
CONFIG_REED_SOLOMON_DEC16,TODO,UNRESOLVED,,,,0,,,
CONFIG_REED_SOLOMON_DEC8,TODO,UNRESOLVED,,,,0,,,
CONFIG_REED_SOLOMON_ENC16,TODO,UNRESOLVED,,,,0,,,
CONFIG_REED_SOLOMON_ENC8,TODO,UNRESOLVED,,,,0,,,
CONFIG_REED_SOLOMON_TEST,TODO,UNRESOLVED,,,,0,,,
CONFIG_REF_TRACKER,TODO,UNRESOLVED,,,,0,,,
CONFIG_REGMAP,TODO,UNRESOLVED,,,,0,,,
CONFIG_REGMAP_AC97,TODO,UNRESOLVED,,,,0,,,
CONFIG_REGMAP_BUILD,TODO,UNRESOLVED,,,,0,,,
CONFIG_REGMAP_FSI,TODO,UNRESOLVED,,,,0,,,
CONFIG_REGMAP_I2C,TODO,UNRESOLVED,,,,0,,,
CONFIG_REGMAP_I3C,TODO,UNRESOLVED,,,,0,,,
CONFIG_REGMAP_IRQ,TODO,UNRESOLVED,,,,0,,,
CONFIG_REGMAP_KUNIT,TODO,UNRESOLVED,,,,0,,,
CONFIG_REGMAP_MDIO,TODO,UNRESOLVED,,,,0,,,
CONFIG_REGMAP_MMIO,TODO,UNRESOLVED,,,,0,,,
CONFIG_REGMAP_RAM,TODO,UNRESOLVED,,,,0,,,
CONFIG_REGMAP_SCCB,TODO,UNRESOLVED,,,,0,,,
CONFIG_REGMAP_SLIMBUS,TODO,UNRESOLVED,,,,0,,,
CONFIG_REGMAP_SOUNDWIRE,TODO,UNRESOLVED,,,,0,,,
CONFIG_REGMAP_SOUNDWIRE_MBQ,TODO,UNRESOLVED,,,,0,,,
CONFIG_REGMAP_SPI,TODO,UNRESOLVED,,,,0,,,
CONFIG_REGMAP_SPI_AVMM,TODO,UNRESOLVED,,,,0,,,
CONFIG_REGMAP_SPMI,TODO,UNRESOLVED,,,,0,,,
CONFIG_REGMAP_W1,TODO,UNRESOLVED,,,,0,,,
CONFIG_REGULATOR,TODO,UNRESOLVED,,,,0,,,
CONFIG_REGULATOR_88PG86X,TODO,UNRESOLVED,,,,0,,,
CONFIG_REGULATOR_88PM800,TODO,UNRESOLVED,,,,0,,,
CONFIG_REGULATOR_88PM8607,TODO,UNRESOLVED,,,,0,,,
CONFIG_REGULATOR_88PM886,TODO,UNRESOLVED,,,,0,,,
CONFIG_REGULATOR_AAT2870,TODO,UNRESOLVED,,,,0,,,
CONFIG_REGULATOR_AB8500,TODO,UNRESOLVED,,,,0,,,
CONFIG_REGULATOR_ACT8865,TODO,UNRESOLVED,,,,0,,,
CONFIG_REGULATOR_ACT8945A,TODO,UNRESOLVED,,,,0,,,
CONFIG_REGULATOR_AD5398,TODO,UNRESOLVED,,,,0,,,
CONFIG_REGULATOR_ADP5055,TODO,UNRESOLVED,,,,0,,,
CONFIG_REGULATOR_ANATOP,TODO,UNRESOLVED,,,,0,,,
CONFIG_REGULATOR_ARIZONA_LDO1,TODO,UNRESOLVED,,,,0,,,
CONFIG_REGULATOR_ARIZONA_MICSUPP,TODO,UNRESOLVED,,,,0,,,
CONFIG_REGULATOR_ARM_SCMI,TODO,UNRESOLVED,,,,0,,,
CONFIG_REGULATOR_AS3711,TODO,UNRESOLVED,,,,0,,,
CONFIG_REGULATOR_AS3722,TODO,UNRESOLVED,,,,0,,,
CONFIG_REGULATOR_ATC260X,TODO,UNRESOLVED,,,,0,,,
CONFIG_REGULATOR_AW37503,TODO,UNRESOLVED,,,,0,,,
CONFIG_REGULATOR_AXP20X,TODO,UNRESOLVED,,,,0,,,
CONFIG_REGULATOR_BCM590XX,TODO,UNRESOLVED,,,,0,,,
CONFIG_REGULATOR_BD71815,TODO,UNRESOLVED,,,,0,,,
CONFIG_REGULATOR_BD71828,TODO,UNRESOLVED,,,,0,,,
CONFIG_REGULATOR_BD718XX,TODO,UNRESOLVED,,,,0,,,
CONFIG_REGULATOR_BD9571MWV,TODO,UNRESOLVED,,,,0,,,
CONFIG_REGULATOR_BD957XMUF,TODO,UNRESOLVED,,,,0,,,
CONFIG_REGULATOR_BD96801,TODO,UNRESOLVED,,,,0,,,
CONFIG_REGULATOR_BQ257XX,TODO,UNRESOLVED,,,,0,,,
CONFIG_REGULATOR_CPCAP,TODO,UNRESOLVED,,,,0,,,
CONFIG_REGULATOR_CROS_EC,TODO,UNRESOLVED,,,,0,,,
CONFIG_REGULATOR_DA903X,TODO,UNRESOLVED,,,,0,,,
CONFIG_REGULATOR_DA9052,TODO,UNRESOLVED,,,,0,,,
CONFIG_REGULATOR_DA9055,TODO,UNRESOLVED,,,,0,,,
CONFIG_REGULATOR_DA9062,TODO,UNRESOLVED,,,,0,,,
CONFIG_REGULATOR_DA9063,TODO,UNRESOLVED,,,,0,,,
CONFIG_REGULATOR_DA9121,TODO,UNRESOLVED,,,,0,,,
CONFIG_REGULATOR_DA9210,TODO,UNRESOLVED,,,,0,,,
CONFIG_REGULATOR_DA9211,TODO,UNRESOLVED,,,,0,,,
CONFIG_REGULATOR_DB8500_PRCMU,TODO,UNRESOLVED,,,,0,,,
CONFIG_REGULATOR_DBX500_PRCMU,TODO,UNRESOLVED,,,,0,,,
CONFIG_REGULATOR_DEBUG,TODO,UNRESOLVED,,,,0,,,
CONFIG_REGULATOR_FAN53555,TODO,UNRESOLVED,,,,0,,,
CONFIG_REGULATOR_FAN53880,TODO,UNRESOLVED,,,,0,,,
CONFIG_REGULATOR_FIXED_VOLTAGE,TODO,UNRESOLVED,,,,0,,,
CONFIG_REGULATOR_GPIO,TODO,UNRESOLVED,,,,0,,,
CONFIG_REGULATOR_HI6421,TODO,UNRESOLVED,,,,0,,,
CONFIG_REGULATOR_HI6421V530,TODO,UNRESOLVED,,,,0,,,
CONFIG_REGULATOR_HI6421V600,TODO,UNRESOLVED,,,,0,,,
CONFIG_REGULATOR_HI655X,TODO,UNRESOLVED,,,,0,,,
CONFIG_REGULATOR_ISL6271A,TODO,UNRESOLVED,,,,0,,,
CONFIG_REGULATOR_ISL9305,TODO,UNRESOLVED,,,,0,,,
CONFIG_REGULATOR_LM363X,TODO,UNRESOLVED,,,,0,,,
CONFIG_REGULATOR_LOCHNAGAR,TODO,UNRESOLVED,,,,0,,,
CONFIG_REGULATOR_LP3971,TODO,UNRESOLVED,,,,0,,,
CONFIG_REGULATOR_LP3972,TODO,UNRESOLVED,,,,0,,,
CONFIG_REGULATOR_LP872X,TODO,UNRESOLVED,,,,0,,,
CONFIG_REGULATOR_LP873X,TODO,UNRESOLVED,,,,0,,,
CONFIG_REGULATOR_LP8755,TODO,UNRESOLVED,,,,0,,,
CONFIG_REGULATOR_LP87565,TODO,UNRESOLVED,,,,0,,,
CONFIG_REGULATOR_LP8788,TODO,UNRESOLVED,,,,0,,,
CONFIG_REGULATOR_LTC3589,TODO,UNRESOLVED,,,,0,,,
CONFIG_REGULATOR_LTC3676,TODO,UNRESOLVED,,,,0,,,
CONFIG_REGULATOR_MAX14577,TODO,UNRESOLVED,,,,0,,,
CONFIG_REGULATOR_MAX1586,TODO,UNRESOLVED,,,,0,,,
CONFIG_REGULATOR_MAX20086,TODO,UNRESOLVED,,,,0,,,
CONFIG_REGULATOR_MAX20411,TODO,UNRESOLVED,,,,0,,,
CONFIG_REGULATOR_MAX5970,TODO,UNRESOLVED,,,,0,,,
CONFIG_REGULATOR_MAX77503,TODO,UNRESOLVED,,,,0,,,
CONFIG_REGULATOR_MAX77541,TODO,UNRESOLVED,,,,0,,,
CONFIG_REGULATOR_MAX77620,TODO,UNRESOLVED,,,,0,,,
CONFIG_REGULATOR_MAX77650,TODO,UNRESOLVED,,,,0,,,
CONFIG_REGULATOR_MAX77686,TODO,UNRESOLVED,,,,0,,,
CONFIG_REGULATOR_MAX77693,TODO,UNRESOLVED,,,,0,,,
CONFIG_REGULATOR_MAX77802,TODO,UNRESOLVED,,,,0,,,
CONFIG_REGULATOR_MAX77826,TODO,UNRESOLVED,,,,0,,,
CONFIG_REGULATOR_MAX77838,TODO,UNRESOLVED,,,,0,,,
CONFIG_REGULATOR_MAX77857,TODO,UNRESOLVED,,,,0,,,
CONFIG_REGULATOR_MAX8649,TODO,UNRESOLVED,,,,0,,,
CONFIG_REGULATOR_MAX8660,TODO,UNRESOLVED,,,,0,,,
CONFIG_REGULATOR_MAX8893,TODO,UNRESOLVED,,,,0,,,
CONFIG_REGULATOR_MAX8907,TODO,UNRESOLVED,,,,0,,,
CONFIG_REGULATOR_MAX8925,TODO,UNRESOLVED,,,,0,,,
CONFIG_REGULATOR_MAX8952,TODO,UNRESOLVED,,,,0,,,
CONFIG_REGULATOR_MAX8973,TODO,UNRESOLVED,,,,0,,,
CONFIG_REGULATOR_MAX8997,TODO,UNRESOLVED,,,,0,,,
CONFIG_REGULATOR_MAX8998,TODO,UNRESOLVED,,,,0,,,
CONFIG_REGULATOR_MC13783,TODO,UNRESOLVED,,,,0,,,
CONFIG_REGULATOR_MC13892,TODO,UNRESOLVED,,,,0,,,
CONFIG_REGULATOR_MC13XXX_CORE,TODO,UNRESOLVED,,,,0,,,
CONFIG_REGULATOR_MCP16502,TODO,UNRESOLVED,,,,0,,,
CONFIG_REGULATOR_MP5416,TODO,UNRESOLVED,,,,0,,,
CONFIG_REGULATOR_MP8859,TODO,UNRESOLVED,,,,0,,,
CONFIG_REGULATOR_MP886X,TODO,UNRESOLVED,,,,0,,,
CONFIG_REGULATOR_MPQ7920,TODO,UNRESOLVED,,,,0,,,
CONFIG_REGULATOR_MT6311,TODO,UNRESOLVED,,,,0,,,
CONFIG_REGULATOR_MT6315,TODO,UNRESOLVED,,,,0,,,
CONFIG_REGULATOR_MT6323,TODO,UNRESOLVED,,,,0,,,
CONFIG_REGULATOR_MT6331,TODO,UNRESOLVED,,,,0,,,
CONFIG_REGULATOR_MT6332,TODO,UNRESOLVED,,,,0,,,
CONFIG_REGULATOR_MT6357,TODO,UNRESOLVED,,,,0,,,
CONFIG_REGULATOR_MT6358,TODO,UNRESOLVED,,,,0,,,
CONFIG_REGULATOR_MT6359,TODO,UNRESOLVED,,,,0,,,
CONFIG_REGULATOR_MT6360,TODO,UNRESOLVED,,,,0,,,
CONFIG_REGULATOR_MT6370,TODO,UNRESOLVED,,,,0,,,
CONFIG_REGULATOR_MT6380,TODO,UNRESOLVED,,,,0,,,
CONFIG_REGULATOR_MT6397,TODO,UNRESOLVED,,,,0,,,
CONFIG_REGULATOR_MTK_DVFSRC,TODO,UNRESOLVED,,,,0,,,
CONFIG_REGULATOR_NETLINK_EVENTS,TODO,UNRESOLVED,,,,0,,,
CONFIG_REGULATOR_PALMAS,TODO,UNRESOLVED,,,,0,,,
CONFIG_REGULATOR_PBIAS,TODO,UNRESOLVED,,,,0,,,
CONFIG_REGULATOR_PCA9450,TODO,UNRESOLVED,,,,0,,,
CONFIG_REGULATOR_PCAP,TODO,UNRESOLVED,,,,0,,,
CONFIG_REGULATOR_PF0900,TODO,UNRESOLVED,,,,0,,,
CONFIG_REGULATOR_PF530X,TODO,UNRESOLVED,,,,0,,,
CONFIG_REGULATOR_PF8X00,TODO,UNRESOLVED,,,,0,,,
CONFIG_REGULATOR_PF9453,TODO,UNRESOLVED,,,,0,,,
CONFIG_REGULATOR_PFUZE100,TODO,UNRESOLVED,,,,0,,,
CONFIG_REGULATOR_PV88060,TODO,UNRESOLVED,,,,0,,,
CONFIG_REGULATOR_PV88080,TODO,UNRESOLVED,,,,0,,,
CONFIG_REGULATOR_PV88090,TODO,UNRESOLVED,,,,0,,,
CONFIG_REGULATOR_PWM,TODO,UNRESOLVED,,,,0,,,
CONFIG_REGULATOR_QCOM_LABIBB,TODO,UNRESOLVED,,,,0,,,
CONFIG_REGULATOR_QCOM_PM8008,TODO,UNRESOLVED,,,,0,,,
CONFIG_REGULATOR_QCOM_REFGEN,TODO,UNRESOLVED,,,,0,,,
CONFIG_REGULATOR_QCOM_RPM,TODO,UNRESOLVED,,,,0,,,
CONFIG_REGULATOR_QCOM_RPMH,TODO,UNRESOLVED,,,,0,,,
CONFIG_REGULATOR_QCOM_SMD_RPM,TODO,UNRESOLVED,,,,0,,,
CONFIG_REGULATOR_QCOM_SPMI,TODO,UNRESOLVED,,,,0,,,
CONFIG_REGULATOR_QCOM_USB_VBUS,TODO,UNRESOLVED,,,,0,,,
CONFIG_REGULATOR_RAA215300,TODO,UNRESOLVED,,,,0,,,
CONFIG_REGULATOR_RASPBERRYPI_TOUCHSCREEN_ATTINY,TODO,UNRESOLVED,,,,0,,,
CONFIG_REGULATOR_RASPBERRYPI_TOUCHSCREEN_V2,TODO,UNRESOLVED,,,,0,,,
CONFIG_REGULATOR_RC5T583,TODO,UNRESOLVED,,,,0,,,
CONFIG_REGULATOR_RK808,TODO,UNRESOLVED,,,,0,,,
CONFIG_REGULATOR_RN5T618,TODO,UNRESOLVED,,,,0,,,
CONFIG_REGULATOR_ROHM,TODO,UNRESOLVED,,,,0,,,
CONFIG_REGULATOR_RT4801,TODO,UNRESOLVED,,,,0,,,
CONFIG_REGULATOR_RT4803,TODO,UNRESOLVED,,,,0,,,
CONFIG_REGULATOR_RT4831,TODO,UNRESOLVED,,,,0,,,
CONFIG_REGULATOR_RT5033,TODO,UNRESOLVED,,,,0,,,
CONFIG_REGULATOR_RT5120,TODO,UNRESOLVED,,,,0,,,
CONFIG_REGULATOR_RT5133,TODO,UNRESOLVED,,,,0,,,
CONFIG_REGULATOR_RT5190A,TODO,UNRESOLVED,,,,0,,,
CONFIG_REGULATOR_RT5739,TODO,UNRESOLVED,,,,0,,,
CONFIG_REGULATOR_RT5759,TODO,UNRESOLVED,,,,0,,,
CONFIG_REGULATOR_RT6160,TODO,UNRESOLVED,,,,0,,,
CONFIG_REGULATOR_RT6190,TODO,UNRESOLVED,,,,0,,,
CONFIG_REGULATOR_RT6245,TODO,UNRESOLVED,,,,0,,,
CONFIG_REGULATOR_RTMV20,TODO,UNRESOLVED,,,,0,,,
CONFIG_REGULATOR_RTQ2134,TODO,UNRESOLVED,,,,0,,,
CONFIG_REGULATOR_RTQ2208,TODO,UNRESOLVED,,,,0,,,
CONFIG_REGULATOR_RTQ6752,TODO,UNRESOLVED,,,,0,,,
CONFIG_REGULATOR_RZG2L_VBCTRL,TODO,UNRESOLVED,,,,0,,,
CONFIG_REGULATOR_S2DOS05,TODO,UNRESOLVED,,,,0,,,
CONFIG_REGULATOR_S2MPA01,TODO,UNRESOLVED,,,,0,,,
CONFIG_REGULATOR_S2MPS11,TODO,UNRESOLVED,,,,0,,,
CONFIG_REGULATOR_S5M8767,TODO,UNRESOLVED,,,,0,,,
CONFIG_REGULATOR_SC2731,TODO,UNRESOLVED,,,,0,,,
CONFIG_REGULATOR_SKY81452,TODO,UNRESOLVED,,,,0,,,
CONFIG_REGULATOR_SLG51000,TODO,UNRESOLVED,,,,0,,,
CONFIG_REGULATOR_SPACEMIT_P1,TODO,UNRESOLVED,,,,0,,,
CONFIG_REGULATOR_STM32_BOOSTER,TODO,UNRESOLVED,,,,0,,,
CONFIG_REGULATOR_STM32_PWR,TODO,UNRESOLVED,,,,0,,,
CONFIG_REGULATOR_STM32_VREFBUF,TODO,UNRESOLVED,,,,0,,,
CONFIG_REGULATOR_STPMIC1,TODO,UNRESOLVED,,,,0,,,
CONFIG_REGULATOR_STW481X_VMMC,TODO,UNRESOLVED,,,,0,,,
CONFIG_REGULATOR_SUN20I,TODO,UNRESOLVED,,,,0,,,
CONFIG_REGULATOR_SY7636A,TODO,UNRESOLVED,,,,0,,,
CONFIG_REGULATOR_SY8106A,TODO,UNRESOLVED,,,,0,,,
CONFIG_REGULATOR_SY8824X,TODO,UNRESOLVED,,,,0,,,
CONFIG_REGULATOR_SY8827N,TODO,UNRESOLVED,,,,0,,,
CONFIG_REGULATOR_TI_ABB,TODO,UNRESOLVED,,,,0,,,
CONFIG_REGULATOR_TPS51632,TODO,UNRESOLVED,,,,0,,,
CONFIG_REGULATOR_TPS6105X,TODO,UNRESOLVED,,,,0,,,
CONFIG_REGULATOR_TPS62360,TODO,UNRESOLVED,,,,0,,,
CONFIG_REGULATOR_TPS6286X,TODO,UNRESOLVED,,,,0,,,
CONFIG_REGULATOR_TPS6287X,TODO,UNRESOLVED,,,,0,,,
CONFIG_REGULATOR_TPS65023,TODO,UNRESOLVED,,,,0,,,
CONFIG_REGULATOR_TPS6507X,TODO,UNRESOLVED,,,,0,,,
CONFIG_REGULATOR_TPS65086,TODO,UNRESOLVED,,,,0,,,
CONFIG_REGULATOR_TPS65090,TODO,UNRESOLVED,,,,0,,,
CONFIG_REGULATOR_TPS65132,TODO,UNRESOLVED,,,,0,,,
CONFIG_REGULATOR_TPS65217,TODO,UNRESOLVED,,,,0,,,
CONFIG_REGULATOR_TPS65218,TODO,UNRESOLVED,,,,0,,,
CONFIG_REGULATOR_TPS65219,TODO,UNRESOLVED,,,,0,,,
CONFIG_REGULATOR_TPS6524X,TODO,UNRESOLVED,,,,0,,,
CONFIG_REGULATOR_TPS6586X,TODO,UNRESOLVED,,,,0,,,
CONFIG_REGULATOR_TPS65910,TODO,UNRESOLVED,,,,0,,,
CONFIG_REGULATOR_TPS65912,TODO,UNRESOLVED,,,,0,,,
CONFIG_REGULATOR_TPS6594,TODO,UNRESOLVED,,,,0,,,
CONFIG_REGULATOR_TPS68470,TODO,UNRESOLVED,,,,0,,,
CONFIG_REGULATOR_TWL4030,TODO,UNRESOLVED,,,,0,,,
CONFIG_REGULATOR_UNIPHIER,TODO,UNRESOLVED,,,,0,,,
CONFIG_REGULATOR_USERSPACE_CONSUMER,TODO,UNRESOLVED,,,,0,,,
CONFIG_REGULATOR_VCTRL,TODO,UNRESOLVED,,,,0,,,
CONFIG_REGULATOR_VEXPRESS,TODO,UNRESOLVED,,,,0,,,
CONFIG_REGULATOR_VIRTUAL_CONSUMER,TODO,UNRESOLVED,,,,0,,,
CONFIG_REGULATOR_VQMMC_IPQ4019,TODO,UNRESOLVED,,,,0,,,
CONFIG_REGULATOR_WM831X,TODO,UNRESOLVED,,,,0,,,
CONFIG_REGULATOR_WM8350,TODO,UNRESOLVED,,,,0,,,
CONFIG_REGULATOR_WM8400,TODO,UNRESOLVED,,,,0,,,
CONFIG_REGULATOR_WM8994,TODO,UNRESOLVED,,,,0,,,
CONFIG_RELAY,TODO,UNRESOLVED,,,,0,,,
CONFIG_RELOCATABLE,TODO,UNRESOLVED,,,,0,,,
CONFIG_RELR,TODO,UNRESOLVED,,,,0,,,
CONFIG_REMOTEPROC,TODO,UNRESOLVED,,,,0,,,
CONFIG_REMOTEPROC_CDEV,TODO,UNRESOLVED,,,,0,,,
CONFIG_REMOTE_TARGET,TODO,UNRESOLVED,,,,0,,,
CONFIG_RENESAS_DMA,TODO,UNRESOLVED,,,,0,,,
CONFIG_RENESAS_ETHER_SWITCH,TODO,UNRESOLVED,,,,0,,,
CONFIG_RENESAS_GEN4_PTP,TODO,UNRESOLVED,,,,0,,,
CONFIG_RENESAS_I3C,TODO,UNRESOLVED,,,,0,,,
CONFIG_RENESAS_INTC_IRQPIN,TODO,UNRESOLVED,,,,0,,,
CONFIG_RENESAS_IRQC,TODO,UNRESOLVED,,,,0,,,
CONFIG_RENESAS_OSTM,TODO,UNRESOLVED,,,,0,,,
CONFIG_RENESAS_PHY,TODO,UNRESOLVED,,,,0,,,
CONFIG_RENESAS_RPCIF,TODO,UNRESOLVED,,,,0,,,
CONFIG_RENESAS_RZA1_IRQC,TODO,UNRESOLVED,,,,0,,,
CONFIG_RENESAS_RZAWDT,TODO,UNRESOLVED,,,,0,,,
CONFIG_RENESAS_RZG2LWDT,TODO,UNRESOLVED,,,,0,,,
CONFIG_RENESAS_RZG2L_IRQC,TODO,UNRESOLVED,,,,0,,,
CONFIG_RENESAS_RZN1WDT,TODO,UNRESOLVED,,,,0,,,
CONFIG_RENESAS_RZV2HWDT,TODO,UNRESOLVED,,,,0,,,
CONFIG_RENESAS_RZV2H_ICU,TODO,UNRESOLVED,,,,0,,,
CONFIG_RENESAS_USB_DMAC,TODO,UNRESOLVED,,,,0,,,
CONFIG_RENESAS_WDT,TODO,UNRESOLVED,,,,0,,,
CONFIG_RESCTRL_FS,TODO,UNRESOLVED,,,,0,,,
CONFIG_RESCTRL_FS_PSEUDO_LOCK,TODO,UNRESOLVED,,,,0,,,
CONFIG_RESCTRL_RMID_DEPENDS_ON_CLOSID,TODO,UNRESOLVED,,,,0,,,
CONFIG_RESET_A10SR,TODO,UNRESOLVED,,,,0,,,
CONFIG_RESET_ASPEED,TODO,UNRESOLVED,,,,0,,,
CONFIG_RESET_ATH79,TODO,UNRESOLVED,,,,0,,,
CONFIG_RESET_ATTACK_MITIGATION,TODO,UNRESOLVED,,,,0,,,
CONFIG_RESET_AXS10X,TODO,UNRESOLVED,,,,0,,,
CONFIG_RESET_BCM6345,TODO,UNRESOLVED,,,,0,,,
CONFIG_RESET_BERLIN,TODO,UNRESOLVED,,,,0,,,
CONFIG_RESET_BRCMSTB,TODO,UNRESOLVED,,,,0,,,
CONFIG_RESET_BRCMSTB_RESCAL,TODO,UNRESOLVED,,,,0,,,
CONFIG_RESET_CONTROLLER,TODO,UNRESOLVED,,,,0,,,
CONFIG_RESET_EYEQ,TODO,UNRESOLVED,,,,0,,,
CONFIG_RESET_GPIO,TODO,UNRESOLVED,,,,0,,,
CONFIG_RESET_HISI,TODO,UNRESOLVED,,,,0,,,
CONFIG_RESET_HSDK,TODO,UNRESOLVED,,,,0,,,
CONFIG_RESET_IMX7,TODO,UNRESOLVED,,,,0,,,
CONFIG_RESET_IMX8MP_AUDIOMIX,TODO,UNRESOLVED,,,,0,,,
CONFIG_RESET_IMX_SCU,TODO,UNRESOLVED,,,,0,,,
CONFIG_RESET_INTEL_GW,TODO,UNRESOLVED,,,,0,,,
CONFIG_RESET_K210,TODO,UNRESOLVED,,,,0,,,
CONFIG_RESET_K230,TODO,UNRESOLVED,,,,0,,,
CONFIG_RESET_LANTIQ,TODO,UNRESOLVED,,,,0,,,
CONFIG_RESET_LPC18XX,TODO,UNRESOLVED,,,,0,,,
CONFIG_RESET_MCHP_SPARX5,TODO,UNRESOLVED,,,,0,,,
CONFIG_RESET_MESON,TODO,UNRESOLVED,,,,0,,,
CONFIG_RESET_MESON_AUDIO_ARB,TODO,UNRESOLVED,,,,0,,,
CONFIG_RESET_MESON_AUX,TODO,UNRESOLVED,,,,0,,,
CONFIG_RESET_MESON_COMMON,TODO,UNRESOLVED,,,,0,,,
CONFIG_RESET_NPCM,TODO,UNRESOLVED,,,,0,,,
CONFIG_RESET_NUVOTON_MA35D1,TODO,UNRESOLVED,,,,0,,,
CONFIG_RESET_PISTACHIO,TODO,UNRESOLVED,,,,0,,,
CONFIG_RESET_POLARFIRE_SOC,TODO,UNRESOLVED,,,,0,,,
CONFIG_RESET_QCOM_AOSS,TODO,UNRESOLVED,,,,0,,,
CONFIG_RESET_QCOM_PDC,TODO,UNRESOLVED,,,,0,,,
CONFIG_RESET_RASPBERRYPI,TODO,UNRESOLVED,,,,0,,,
CONFIG_RESET_RZG2L_USBPHY_CTRL,TODO,UNRESOLVED,,,,0,,,
CONFIG_RESET_RZV2H_USB2PHY,TODO,UNRESOLVED,,,,0,,,
CONFIG_RESET_SCMI,TODO,UNRESOLVED,,,,0,,,
CONFIG_RESET_SIMPLE,TODO,UNRESOLVED,,,,0,,,
CONFIG_RESET_SOCFPGA,TODO,UNRESOLVED,,,,0,,,
CONFIG_RESET_SPACEMIT,TODO,UNRESOLVED,,,,0,,,
CONFIG_RESET_STARFIVE_JH7100,TODO,UNRESOLVED,,,,0,,,
CONFIG_RESET_STARFIVE_JH7110,TODO,UNRESOLVED,,,,0,,,
CONFIG_RESET_STARFIVE_JH71X0,TODO,UNRESOLVED,,,,0,,,
CONFIG_RESET_SUNPLUS,TODO,UNRESOLVED,,,,0,,,
CONFIG_RESET_SUNXI,TODO,UNRESOLVED,,,,0,,,
CONFIG_RESET_TEGRA_BPMP,TODO,UNRESOLVED,,,,0,,,
CONFIG_RESET_TH1520,TODO,UNRESOLVED,,,,0,,,
CONFIG_RESET_TI_SCI,TODO,UNRESOLVED,,,,0,,,
CONFIG_RESET_TI_SYSCON,TODO,UNRESOLVED,,,,0,,,
CONFIG_RESET_TI_TPS380X,TODO,UNRESOLVED,,,,0,,,
CONFIG_RESET_TN48M_CPLD,TODO,UNRESOLVED,,,,0,,,
CONFIG_RESET_UNIPHIER,TODO,UNRESOLVED,,,,0,,,
CONFIG_RESET_UNIPHIER_GLUE,TODO,UNRESOLVED,,,,0,,,
CONFIG_RESET_ZYNQ,TODO,UNRESOLVED,,,,0,,,
CONFIG_RESET_ZYNQMP,TODO,UNRESOLVED,,,,0,,,
CONFIG_RESOURCE_KUNIT_TEST,TODO,UNRESOLVED,,,,0,,,
CONFIG_RETHOOK,TODO,UNRESOLVED,,,,0,,,
CONFIG_RETU_WATCHDOG,TODO,UNRESOLVED,,,,0,,,
CONFIG_RFD77402,TODO,UNRESOLVED,,,,0,,,
CONFIG_RFD_FTL,TODO,UNRESOLVED,,,,0,,,
CONFIG_RFKILL,TODO,UNRESOLVED,,,,0,,,
CONFIG_RFKILL_GPIO,TODO,UNRESOLVED,,,,0,,,
CONFIG_RFKILL_INPUT,TODO,UNRESOLVED,,,,0,,,
CONFIG_RFKILL_LEDS,TODO,UNRESOLVED,,,,0,,,
CONFIG_RFS_ACCEL,TODO,UNRESOLVED,,,,0,,,
CONFIG_RICHTEK_RTQ6056,TODO,UNRESOLVED,,,,0,,,
CONFIG_RING_BUFFER,TODO,UNRESOLVED,,,,0,,,
CONFIG_RING_BUFFER_ALLOW_SWAP,TODO,UNRESOLVED,,,,0,,,
CONFIG_RING_BUFFER_BENCHMARK,TODO,UNRESOLVED,,,,0,,,
CONFIG_RING_BUFFER_RECORD_RECURSION,TODO,UNRESOLVED,,,,0,,,
CONFIG_RING_BUFFER_STARTUP_TEST,TODO,UNRESOLVED,,,,0,,,
CONFIG_RING_BUFFER_VALIDATE_TIME_DELTAS,TODO,UNRESOLVED,,,,0,,,
CONFIG_RIONET,TODO,UNRESOLVED,,,,0,,,
CONFIG_RIONET_RX_SIZE,TODO,UNRESOLVED,,,,0,,,
CONFIG_RIONET_TX_SIZE,TODO,UNRESOLVED,,,,0,,,
CONFIG_RISCV_APLIC,TODO,UNRESOLVED,,,,0,,,
CONFIG_RISCV_APLIC_MSI,TODO,UNRESOLVED,,,,0,,,
CONFIG_RISCV_IMSIC,TODO,UNRESOLVED,,,,0,,,
CONFIG_RISCV_INTC,TODO,UNRESOLVED,,,,0,,,
CONFIG_RISCV_IOMMU,TODO,UNRESOLVED,,,,0,,,
CONFIG_RISCV_IOMMU_PCI,TODO,UNRESOLVED,,,,0,,,
CONFIG_RISCV_PMU,TODO,UNRESOLVED,,,,0,,,
CONFIG_RISCV_PMU_LEGACY,TODO,UNRESOLVED,,,,0,,,
CONFIG_RISCV_PMU_SBI,TODO,UNRESOLVED,,,,0,,,
CONFIG_RISCV_RPMI_SYSMSI,TODO,UNRESOLVED,,,,0,,,
CONFIG_RISCV_SBI_CPUIDLE,TODO,UNRESOLVED,,,,0,,,
CONFIG_RISCV_SBI_MPXY_MBOX,TODO,UNRESOLVED,,,,0,,,
CONFIG_RISCV_TIMER,TODO,UNRESOLVED,,,,0,,,
CONFIG_RMI4_2D_SENSOR,TODO,UNRESOLVED,,,,0,,,
CONFIG_RMI4_CORE,TODO,UNRESOLVED,,,,0,,,
CONFIG_RMI4_F03,TODO,UNRESOLVED,,,,0,,,
CONFIG_RMI4_F03_SERIO,TODO,UNRESOLVED,,,,0,,,
CONFIG_RMI4_F11,TODO,UNRESOLVED,,,,0,,,
CONFIG_RMI4_F12,TODO,UNRESOLVED,,,,0,,,
CONFIG_RMI4_F1A,TODO,UNRESOLVED,,,,0,,,
CONFIG_RMI4_F21,TODO,UNRESOLVED,,,,0,,,
CONFIG_RMI4_F30,TODO,UNRESOLVED,,,,0,,,
CONFIG_RMI4_F34,TODO,UNRESOLVED,,,,0,,,
CONFIG_RMI4_F3A,TODO,UNRESOLVED,,,,0,,,
CONFIG_RMI4_F54,TODO,UNRESOLVED,,,,0,,,
CONFIG_RMI4_F55,TODO,UNRESOLVED,,,,0,,,
CONFIG_RMI4_I2C,TODO,UNRESOLVED,,,,0,,,
CONFIG_RMI4_SMB,TODO,UNRESOLVED,,,,0,,,
CONFIG_RMI4_SPI,TODO,UNRESOLVED,,,,0,,,
CONFIG_RMNET,TODO,UNRESOLVED,,,,0,,,
CONFIG_RN5T618_ADC,TODO,UNRESOLVED,,,,0,,,
CONFIG_RN5T618_POWER,TODO,UNRESOLVED,,,,0,,,
CONFIG_RN5T618_WATCHDOG,TODO,UNRESOLVED,,,,0,,,
CONFIG_ROADRUNNER,TODO,UNRESOLVED,,,,0,,,
CONFIG_ROADRUNNER_LARGE_RINGS,TODO,UNRESOLVED,,,,0,,,
CONFIG_ROCKCHIP_ANALOGIX_DP,TODO,UNRESOLVED,,,,0,,,
CONFIG_ROCKCHIP_CDN_DP,TODO,UNRESOLVED,,,,0,,,
CONFIG_ROCKCHIP_DTPM,TODO,UNRESOLVED,,,,0,,,
CONFIG_ROCKCHIP_DW_DP,TODO,UNRESOLVED,,,,0,,,
CONFIG_ROCKCHIP_DW_HDMI,TODO,UNRESOLVED,,,,0,,,
CONFIG_ROCKCHIP_DW_HDMI_QP,TODO,UNRESOLVED,,,,0,,,
CONFIG_ROCKCHIP_DW_MIPI_DSI,TODO,UNRESOLVED,,,,0,,,
CONFIG_ROCKCHIP_DW_MIPI_DSI2,TODO,UNRESOLVED,,,,0,,,
CONFIG_ROCKCHIP_GRF,TODO,UNRESOLVED,,,,0,,,
CONFIG_ROCKCHIP_INNO_HDMI,TODO,UNRESOLVED,,,,0,,,
CONFIG_ROCKCHIP_IODOMAIN,TODO,UNRESOLVED,,,,0,,,
CONFIG_ROCKCHIP_IOMMU,TODO,UNRESOLVED,,,,0,,,
CONFIG_ROCKCHIP_LVDS,TODO,UNRESOLVED,,,,0,,,
CONFIG_ROCKCHIP_MBOX,TODO,UNRESOLVED,,,,0,,,
CONFIG_ROCKCHIP_PHY,TODO,UNRESOLVED,,,,0,,,
CONFIG_ROCKCHIP_PM_DOMAINS,TODO,UNRESOLVED,,,,0,,,
CONFIG_ROCKCHIP_RGB,TODO,UNRESOLVED,,,,0,,,
CONFIG_ROCKCHIP_RK3066_HDMI,TODO,UNRESOLVED,,,,0,,,
CONFIG_ROCKCHIP_SARADC,TODO,UNRESOLVED,,,,0,,,
CONFIG_ROCKCHIP_THERMAL,TODO,UNRESOLVED,,,,0,,,
CONFIG_ROCKCHIP_TIMER,TODO,UNRESOLVED,,,,0,,,
CONFIG_ROCKCHIP_VOP,TODO,UNRESOLVED,,,,0,,,
CONFIG_ROCKCHIP_VOP2,TODO,UNRESOLVED,,,,0,,,
CONFIG_ROCKER,TODO,UNRESOLVED,,,,0,,,
CONFIG_ROHM_BD79112,TODO,UNRESOLVED,,,,0,,,
CONFIG_ROHM_BD79124,TODO,UNRESOLVED,,,,0,,,
CONFIG_ROHM_BM1390,TODO,UNRESOLVED,,,,0,,,
CONFIG_ROHM_BU27034,TODO,UNRESOLVED,,,,0,,,
CONFIG_ROMFS_BACKED_BY_BLOCK,TODO,UNRESOLVED,,,,0,,,
CONFIG_ROMFS_BACKED_BY_BOTH,TODO,UNRESOLVED,,,,0,,,
CONFIG_ROMFS_BACKED_BY_MTD,TODO,UNRESOLVED,,,,0,,,
CONFIG_ROMFS_FS,TODO,UNRESOLVED,,,,0,,,
CONFIG_ROMFS_ON_BLOCK,TODO,UNRESOLVED,,,,0,,,
CONFIG_ROMFS_ON_MTD,TODO,UNRESOLVED,,,,0,,,
CONFIG_ROOT_NFS,TODO,UNRESOLVED,,,,0,,,
CONFIG_ROSE,TODO,UNRESOLVED,,,,0,,,
CONFIG_RPCIF_HYPERBUS,TODO,UNRESOLVED,,,,0,,,
CONFIG_RPCSEC_GSS_KRB5,TODO,UNRESOLVED,,,,0,,,
CONFIG_RPCSEC_GSS_KRB5_ENCTYPES_AES_SHA1,TODO,UNRESOLVED,,,,0,,,
CONFIG_RPCSEC_GSS_KRB5_ENCTYPES_AES_SHA2,TODO,UNRESOLVED,,,,0,,,
CONFIG_RPCSEC_GSS_KRB5_ENCTYPES_CAMELLIA,TODO,UNRESOLVED,,,,0,,,
CONFIG_RPCSEC_GSS_KRB5_KUNIT_TEST,TODO,UNRESOLVED,,,,0,,,
CONFIG_RPMB,TODO,UNRESOLVED,,,,0,,,
CONFIG_RPMSG,TODO,UNRESOLVED,,,,0,,,
CONFIG_RPMSG_CHAR,TODO,UNRESOLVED,,,,0,,,
CONFIG_RPMSG_CTRL,TODO,UNRESOLVED,,,,0,,,
CONFIG_RPMSG_MTK_SCP,TODO,UNRESOLVED,,,,0,,,
CONFIG_RPMSG_NS,TODO,UNRESOLVED,,,,0,,,
CONFIG_RPMSG_QCOM_GLINK,TODO,UNRESOLVED,,,,0,,,
CONFIG_RPMSG_QCOM_GLINK_RPM,TODO,UNRESOLVED,,,,0,,,
CONFIG_RPMSG_QCOM_GLINK_SMEM,TODO,UNRESOLVED,,,,0,,,
CONFIG_RPMSG_QCOM_SMD,TODO,UNRESOLVED,,,,0,,,
CONFIG_RPMSG_TTY,TODO,UNRESOLVED,,,,0,,,
CONFIG_RPMSG_VIRTIO,TODO,UNRESOLVED,,,,0,,,
CONFIG_RPMSG_WWAN_CTRL,TODO,UNRESOLVED,,,,0,,,
CONFIG_RPR0521,TODO,UNRESOLVED,,,,0,,,
CONFIG_RPS,TODO,UNRESOLVED,,,,0,,,
CONFIG_RS780E_ACPI,TODO,UNRESOLVED,,,,0,,,
CONFIG_RSEQ,TODO,UNRESOLVED,,,,0,,,
CONFIG_RSI_91X,TODO,UNRESOLVED,,,,0,,,
CONFIG_RSI_COEX,TODO,UNRESOLVED,,,,0,,,
CONFIG_RSI_DEBUGFS,TODO,UNRESOLVED,,,,0,,,
CONFIG_RSI_SDIO,TODO,UNRESOLVED,,,,0,,,
CONFIG_RSI_USB,TODO,UNRESOLVED,,,,0,,,
CONFIG_RST_RCAR,TODO,UNRESOLVED,,,,0,,,
CONFIG_RT2400PCI,TODO,UNRESOLVED,,,,0,,,
CONFIG_RT2500PCI,TODO,UNRESOLVED,,,,0,,,
CONFIG_RT2500USB,TODO,UNRESOLVED,,,,0,,,
CONFIG_RT2800PCI,TODO,UNRESOLVED,,,,0,,,
CONFIG_RT2800PCI_RT3290,TODO,UNRESOLVED,,,,0,,,
CONFIG_RT2800PCI_RT33XX,TODO,UNRESOLVED,,,,0,,,
CONFIG_RT2800PCI_RT35XX,TODO,UNRESOLVED,,,,0,,,
CONFIG_RT2800PCI_RT53XX,TODO,UNRESOLVED,,,,0,,,
CONFIG_RT2800SOC,TODO,UNRESOLVED,,,,0,,,
CONFIG_RT2800USB,TODO,UNRESOLVED,,,,0,,,
CONFIG_RT2800USB_RT33XX,TODO,UNRESOLVED,,,,0,,,
CONFIG_RT2800USB_RT3573,TODO,UNRESOLVED,,,,0,,,
CONFIG_RT2800USB_RT35XX,TODO,UNRESOLVED,,,,0,,,
CONFIG_RT2800USB_RT53XX,TODO,UNRESOLVED,,,,0,,,
CONFIG_RT2800USB_RT55XX,TODO,UNRESOLVED,,,,0,,,
CONFIG_RT2800USB_UNKNOWN,TODO,UNRESOLVED,,,,0,,,
CONFIG_RT2800_LIB,TODO,UNRESOLVED,,,,0,,,
CONFIG_RT2800_LIB_MMIO,TODO,UNRESOLVED,,,,0,,,
CONFIG_RT2X00,TODO,UNRESOLVED,,,,0,,,
CONFIG_RT2X00_DEBUG,TODO,UNRESOLVED,,,,0,,,
CONFIG_RT2X00_LIB,TODO,UNRESOLVED,,,,0,,,
CONFIG_RT2X00_LIB_CRYPTO,TODO,UNRESOLVED,,,,0,,,
CONFIG_RT2X00_LIB_DEBUGFS,TODO,UNRESOLVED,,,,0,,,
CONFIG_RT2X00_LIB_FIRMWARE,TODO,UNRESOLVED,,,,0,,,
CONFIG_RT2X00_LIB_LEDS,TODO,UNRESOLVED,,,,0,,,
CONFIG_RT2X00_LIB_MMIO,TODO,UNRESOLVED,,,,0,,,
CONFIG_RT2X00_LIB_PCI,TODO,UNRESOLVED,,,,0,,,
CONFIG_RT2X00_LIB_USB,TODO,UNRESOLVED,,,,0,,,
CONFIG_RT61PCI,TODO,UNRESOLVED,,,,0,,,
CONFIG_RT73USB,TODO,UNRESOLVED,,,,0,,,
CONFIG_RTASE,TODO,UNRESOLVED,,,,0,,,
CONFIG_RTC_CLASS,TODO,UNRESOLVED,,,,0,,,
CONFIG_RTC_DEBUG,TODO,UNRESOLVED,,,,0,,,
CONFIG_RTC_DRV_88PM80X,TODO,UNRESOLVED,,,,0,,,
CONFIG_RTC_DRV_88PM860X,TODO,UNRESOLVED,,,,0,,,
CONFIG_RTC_DRV_88PM886,TODO,UNRESOLVED,,,,0,,,
CONFIG_RTC_DRV_AB8500,TODO,UNRESOLVED,,,,0,,,
CONFIG_RTC_DRV_ABB5ZES3,TODO,UNRESOLVED,,,,0,,,
CONFIG_RTC_DRV_ABEOZ9,TODO,UNRESOLVED,,,,0,,,
CONFIG_RTC_DRV_ABX80X,TODO,UNRESOLVED,,,,0,,,
CONFIG_RTC_DRV_AC100,TODO,UNRESOLVED,,,,0,,,
CONFIG_RTC_DRV_ALPHA,TODO,UNRESOLVED,,,,0,,,
CONFIG_RTC_DRV_AMLOGIC_A4,TODO,UNRESOLVED,,,,0,,,
CONFIG_RTC_DRV_ARMADA38X,TODO,UNRESOLVED,,,,0,,,
CONFIG_RTC_DRV_AS3722,TODO,UNRESOLVED,,,,0,,,
CONFIG_RTC_DRV_ASM9260,TODO,UNRESOLVED,,,,0,,,
CONFIG_RTC_DRV_ASPEED,TODO,UNRESOLVED,,,,0,,,
CONFIG_RTC_DRV_AT91RM9200,TODO,UNRESOLVED,,,,0,,,
CONFIG_RTC_DRV_AT91SAM9,TODO,UNRESOLVED,,,,0,,,
CONFIG_RTC_DRV_AU1XXX,TODO,UNRESOLVED,,,,0,,,
CONFIG_RTC_DRV_BBNSM,TODO,UNRESOLVED,,,,0,,,
CONFIG_RTC_DRV_BD70528,TODO,UNRESOLVED,,,,0,,,
CONFIG_RTC_DRV_BQ32K,TODO,UNRESOLVED,,,,0,,,
CONFIG_RTC_DRV_BQ4802,TODO,UNRESOLVED,,,,0,,,
CONFIG_RTC_DRV_BRCMSTB,TODO,UNRESOLVED,,,,0,,,
CONFIG_RTC_DRV_CADENCE,TODO,UNRESOLVED,,,,0,,,
CONFIG_RTC_DRV_CMOS,TODO,UNRESOLVED,,,,0,,,
CONFIG_RTC_DRV_CPCAP,TODO,UNRESOLVED,,,,0,,,
CONFIG_RTC_DRV_CROS_EC,TODO,UNRESOLVED,,,,0,,,
CONFIG_RTC_DRV_CV1800,TODO,UNRESOLVED,,,,0,,,
CONFIG_RTC_DRV_DA9052,TODO,UNRESOLVED,,,,0,,,
CONFIG_RTC_DRV_DA9055,TODO,UNRESOLVED,,,,0,,,
CONFIG_RTC_DRV_DA9063,TODO,UNRESOLVED,,,,0,,,
CONFIG_RTC_DRV_DIGICOLOR,TODO,UNRESOLVED,,,,0,,,
CONFIG_RTC_DRV_DS1216,TODO,UNRESOLVED,,,,0,,,
CONFIG_RTC_DRV_DS1286,TODO,UNRESOLVED,,,,0,,,
CONFIG_RTC_DRV_DS1302,TODO,UNRESOLVED,,,,0,,,
CONFIG_RTC_DRV_DS1305,TODO,UNRESOLVED,,,,0,,,
CONFIG_RTC_DRV_DS1307,TODO,UNRESOLVED,,,,0,,,
CONFIG_RTC_DRV_DS1307_CENTURY,TODO,UNRESOLVED,,,,0,,,
CONFIG_RTC_DRV_DS1343,TODO,UNRESOLVED,,,,0,,,
CONFIG_RTC_DRV_DS1347,TODO,UNRESOLVED,,,,0,,,
CONFIG_RTC_DRV_DS1374,TODO,UNRESOLVED,,,,0,,,
CONFIG_RTC_DRV_DS1374_WDT,TODO,UNRESOLVED,,,,0,,,
CONFIG_RTC_DRV_DS1390,TODO,UNRESOLVED,,,,0,,,
CONFIG_RTC_DRV_DS1511,TODO,UNRESOLVED,,,,0,,,
CONFIG_RTC_DRV_DS1553,TODO,UNRESOLVED,,,,0,,,
CONFIG_RTC_DRV_DS1672,TODO,UNRESOLVED,,,,0,,,
CONFIG_RTC_DRV_DS1685,TODO,UNRESOLVED,,,,0,,,
CONFIG_RTC_DRV_DS1685_FAMILY,TODO,UNRESOLVED,,,,0,,,
CONFIG_RTC_DRV_DS1689,TODO,UNRESOLVED,,,,0,,,
CONFIG_RTC_DRV_DS17285,TODO,UNRESOLVED,,,,0,,,
CONFIG_RTC_DRV_DS1742,TODO,UNRESOLVED,,,,0,,,
CONFIG_RTC_DRV_DS17485,TODO,UNRESOLVED,,,,0,,,
CONFIG_RTC_DRV_DS17885,TODO,UNRESOLVED,,,,0,,,
CONFIG_RTC_DRV_DS2404,TODO,UNRESOLVED,,,,0,,,
CONFIG_RTC_DRV_DS3232,TODO,UNRESOLVED,,,,0,,,
CONFIG_RTC_DRV_DS3232_HWMON,TODO,UNRESOLVED,,,,0,,,
CONFIG_RTC_DRV_EFI,TODO,UNRESOLVED,,,,0,,,
CONFIG_RTC_DRV_EM3027,TODO,UNRESOLVED,,,,0,,,
CONFIG_RTC_DRV_EP93XX,TODO,UNRESOLVED,,,,0,,,
CONFIG_RTC_DRV_FM3130,TODO,UNRESOLVED,,,,0,,,
CONFIG_RTC_DRV_FSL_FTM_ALARM,TODO,UNRESOLVED,,,,0,,,
CONFIG_RTC_DRV_FTRTC010,TODO,UNRESOLVED,,,,0,,,
CONFIG_RTC_DRV_GAMECUBE,TODO,UNRESOLVED,,,,0,,,
CONFIG_RTC_DRV_GENERIC,TODO,UNRESOLVED,,,,0,,,
CONFIG_RTC_DRV_GOLDFISH,TODO,UNRESOLVED,,,,0,,,
CONFIG_RTC_DRV_HID_SENSOR_TIME,TODO,UNRESOLVED,,,,0,,,
CONFIG_RTC_DRV_HYM8563,TODO,UNRESOLVED,,,,0,,,
CONFIG_RTC_DRV_IMXDI,TODO,UNRESOLVED,,,,0,,,
CONFIG_RTC_DRV_IMX_BBM_SCMI,TODO,UNRESOLVED,,,,0,,,
CONFIG_RTC_DRV_IMX_SC,TODO,UNRESOLVED,,,,0,,,
CONFIG_RTC_DRV_ISL12022,TODO,UNRESOLVED,,,,0,,,
CONFIG_RTC_DRV_ISL12026,TODO,UNRESOLVED,,,,0,,,
CONFIG_RTC_DRV_ISL1208,TODO,UNRESOLVED,,,,0,,,
CONFIG_RTC_DRV_JZ4740,TODO,UNRESOLVED,,,,0,,,
CONFIG_RTC_DRV_LOONGSON,TODO,UNRESOLVED,,,,0,,,
CONFIG_RTC_DRV_LP8788,TODO,UNRESOLVED,,,,0,,,
CONFIG_RTC_DRV_LPC24XX,TODO,UNRESOLVED,,,,0,,,
CONFIG_RTC_DRV_LPC32XX,TODO,UNRESOLVED,,,,0,,,
CONFIG_RTC_DRV_M41T80,TODO,UNRESOLVED,,,,0,,,
CONFIG_RTC_DRV_M41T80_WDT,TODO,UNRESOLVED,,,,0,,,
CONFIG_RTC_DRV_M41T93,TODO,UNRESOLVED,,,,0,,,
CONFIG_RTC_DRV_M41T94,TODO,UNRESOLVED,,,,0,,,
CONFIG_RTC_DRV_M48T35,TODO,UNRESOLVED,,,,0,,,
CONFIG_RTC_DRV_M48T59,TODO,UNRESOLVED,,,,0,,,
CONFIG_RTC_DRV_M48T86,TODO,UNRESOLVED,,,,0,,,
CONFIG_RTC_DRV_MA35D1,TODO,UNRESOLVED,,,,0,,,
CONFIG_RTC_DRV_MAX31335,TODO,UNRESOLVED,,,,0,,,
CONFIG_RTC_DRV_MAX6900,TODO,UNRESOLVED,,,,0,,,
CONFIG_RTC_DRV_MAX6902,TODO,UNRESOLVED,,,,0,,,
CONFIG_RTC_DRV_MAX6916,TODO,UNRESOLVED,,,,0,,,
CONFIG_RTC_DRV_MAX77686,TODO,UNRESOLVED,,,,0,,,
CONFIG_RTC_DRV_MAX8907,TODO,UNRESOLVED,,,,0,,,
CONFIG_RTC_DRV_MAX8925,TODO,UNRESOLVED,,,,0,,,
CONFIG_RTC_DRV_MAX8997,TODO,UNRESOLVED,,,,0,,,
CONFIG_RTC_DRV_MAX8998,TODO,UNRESOLVED,,,,0,,,
CONFIG_RTC_DRV_MC13XXX,TODO,UNRESOLVED,,,,0,,,
CONFIG_RTC_DRV_MCP795,TODO,UNRESOLVED,,,,0,,,
CONFIG_RTC_DRV_MESON,TODO,UNRESOLVED,,,,0,,,
CONFIG_RTC_DRV_MESON_VRTC,TODO,UNRESOLVED,,,,0,,,
CONFIG_RTC_DRV_MOXART,TODO,UNRESOLVED,,,,0,,,
CONFIG_RTC_DRV_MPC5121,TODO,UNRESOLVED,,,,0,,,
CONFIG_RTC_DRV_MSC313,TODO,UNRESOLVED,,,,0,,,
CONFIG_RTC_DRV_MSM6242,TODO,UNRESOLVED,,,,0,,,
CONFIG_RTC_DRV_MT2712,TODO,UNRESOLVED,,,,0,,,
CONFIG_RTC_DRV_MT6397,TODO,UNRESOLVED,,,,0,,,
CONFIG_RTC_DRV_MT7622,TODO,UNRESOLVED,,,,0,,,
CONFIG_RTC_DRV_MV,TODO,UNRESOLVED,,,,0,,,
CONFIG_RTC_DRV_MXC,TODO,UNRESOLVED,,,,0,,,
CONFIG_RTC_DRV_MXC_V2,TODO,UNRESOLVED,,,,0,,,
CONFIG_RTC_DRV_NCT3018Y,TODO,UNRESOLVED,,,,0,,,
CONFIG_RTC_DRV_NCT6694,TODO,UNRESOLVED,,,,0,,,
CONFIG_RTC_DRV_NTXEC,TODO,UNRESOLVED,,,,0,,,
CONFIG_RTC_DRV_OMAP,TODO,UNRESOLVED,,,,0,,,
CONFIG_RTC_DRV_OPAL,TODO,UNRESOLVED,,,,0,,,
CONFIG_RTC_DRV_OPTEE,TODO,UNRESOLVED,,,,0,,,
CONFIG_RTC_DRV_PALMAS,TODO,UNRESOLVED,,,,0,,,
CONFIG_RTC_DRV_PCAP,TODO,UNRESOLVED,,,,0,,,
CONFIG_RTC_DRV_PCF2123,TODO,UNRESOLVED,,,,0,,,
CONFIG_RTC_DRV_PCF2127,TODO,UNRESOLVED,,,,0,,,
CONFIG_RTC_DRV_PCF85063,TODO,UNRESOLVED,,,,0,,,
CONFIG_RTC_DRV_PCF8523,TODO,UNRESOLVED,,,,0,,,
CONFIG_RTC_DRV_PCF85363,TODO,UNRESOLVED,,,,0,,,
CONFIG_RTC_DRV_PCF8563,TODO,UNRESOLVED,,,,0,,,
CONFIG_RTC_DRV_PCF8583,TODO,UNRESOLVED,,,,0,,,
CONFIG_RTC_DRV_PIC32,TODO,UNRESOLVED,,,,0,,,
CONFIG_RTC_DRV_PL030,TODO,UNRESOLVED,,,,0,,,
CONFIG_RTC_DRV_PL031,TODO,UNRESOLVED,,,,0,,,
CONFIG_RTC_DRV_PM8XXX,TODO,UNRESOLVED,,,,0,,,
CONFIG_RTC_DRV_POLARFIRE_SOC,TODO,UNRESOLVED,,,,0,,,
CONFIG_RTC_DRV_PS3,TODO,UNRESOLVED,,,,0,,,
CONFIG_RTC_DRV_PXA,TODO,UNRESOLVED,,,,0,,,
CONFIG_RTC_DRV_R7301,TODO,UNRESOLVED,,,,0,,,
CONFIG_RTC_DRV_R9701,TODO,UNRESOLVED,,,,0,,,
CONFIG_RTC_DRV_RC5T583,TODO,UNRESOLVED,,,,0,,,
CONFIG_RTC_DRV_RC5T619,TODO,UNRESOLVED,,,,0,,,
CONFIG_RTC_DRV_RENESAS_RTCA3,TODO,UNRESOLVED,,,,0,,,
CONFIG_RTC_DRV_RK808,TODO,UNRESOLVED,,,,0,,,
CONFIG_RTC_DRV_RP5C01,TODO,UNRESOLVED,,,,0,,,
CONFIG_RTC_DRV_RS5C313,TODO,UNRESOLVED,,,,0,,,
CONFIG_RTC_DRV_RS5C348,TODO,UNRESOLVED,,,,0,,,
CONFIG_RTC_DRV_RS5C372,TODO,UNRESOLVED,,,,0,,,
CONFIG_RTC_DRV_RTD119X,TODO,UNRESOLVED,,,,0,,,
CONFIG_RTC_DRV_RV3028,TODO,UNRESOLVED,,,,0,,,
CONFIG_RTC_DRV_RV3029C2,TODO,UNRESOLVED,,,,0,,,
CONFIG_RTC_DRV_RV3029_HWMON,TODO,UNRESOLVED,,,,0,,,
CONFIG_RTC_DRV_RV3032,TODO,UNRESOLVED,,,,0,,,
CONFIG_RTC_DRV_RV8803,TODO,UNRESOLVED,,,,0,,,
CONFIG_RTC_DRV_RX4581,TODO,UNRESOLVED,,,,0,,,
CONFIG_RTC_DRV_RX6110,TODO,UNRESOLVED,,,,0,,,
CONFIG_RTC_DRV_RX8010,TODO,UNRESOLVED,,,,0,,,
CONFIG_RTC_DRV_RX8025,TODO,UNRESOLVED,,,,0,,,
CONFIG_RTC_DRV_RX8111,TODO,UNRESOLVED,,,,0,,,
CONFIG_RTC_DRV_RX8581,TODO,UNRESOLVED,,,,0,,,
CONFIG_RTC_DRV_RZN1,TODO,UNRESOLVED,,,,0,,,
CONFIG_RTC_DRV_S32G,TODO,UNRESOLVED,,,,0,,,
CONFIG_RTC_DRV_S35390A,TODO,UNRESOLVED,,,,0,,,
CONFIG_RTC_DRV_S3C,TODO,UNRESOLVED,,,,0,,,
CONFIG_RTC_DRV_S5M,TODO,UNRESOLVED,,,,0,,,
CONFIG_RTC_DRV_SA1100,TODO,UNRESOLVED,,,,0,,,
CONFIG_RTC_DRV_SC27XX,TODO,UNRESOLVED,,,,0,,,
CONFIG_RTC_DRV_SD2405AL,TODO,UNRESOLVED,,,,0,,,
CONFIG_RTC_DRV_SD3078,TODO,UNRESOLVED,,,,0,,,
CONFIG_RTC_DRV_SH,TODO,UNRESOLVED,,,,0,,,
CONFIG_RTC_DRV_SNVS,TODO,UNRESOLVED,,,,0,,,
CONFIG_RTC_DRV_SPACEMIT_P1,TODO,UNRESOLVED,,,,0,,,
CONFIG_RTC_DRV_SPEAR,TODO,UNRESOLVED,,,,0,,,
CONFIG_RTC_DRV_SSD202D,TODO,UNRESOLVED,,,,0,,,
CONFIG_RTC_DRV_STARFIRE,TODO,UNRESOLVED,,,,0,,,
CONFIG_RTC_DRV_STK17TA8,TODO,UNRESOLVED,,,,0,,,
CONFIG_RTC_DRV_STM32,TODO,UNRESOLVED,,,,0,,,
CONFIG_RTC_DRV_STMP,TODO,UNRESOLVED,,,,0,,,
CONFIG_RTC_DRV_ST_LPC,TODO,UNRESOLVED,,,,0,,,
CONFIG_RTC_DRV_SUN4V,TODO,UNRESOLVED,,,,0,,,
CONFIG_RTC_DRV_SUN6I,TODO,UNRESOLVED,,,,0,,,
CONFIG_RTC_DRV_SUNPLUS,TODO,UNRESOLVED,,,,0,,,
CONFIG_RTC_DRV_SUNXI,TODO,UNRESOLVED,,,,0,,,
CONFIG_RTC_DRV_TEGRA,TODO,UNRESOLVED,,,,0,,,
CONFIG_RTC_DRV_TEST,TODO,UNRESOLVED,,,,0,,,
CONFIG_RTC_DRV_TI_K3,TODO,UNRESOLVED,,,,0,,,
CONFIG_RTC_DRV_TPS6586X,TODO,UNRESOLVED,,,,0,,,
CONFIG_RTC_DRV_TPS65910,TODO,UNRESOLVED,,,,0,,,
CONFIG_RTC_DRV_TPS6594,TODO,UNRESOLVED,,,,0,,,
CONFIG_RTC_DRV_TWL4030,TODO,UNRESOLVED,,,,0,,,
CONFIG_RTC_DRV_TWL92330,TODO,UNRESOLVED,,,,0,,,
CONFIG_RTC_DRV_VT8500,TODO,UNRESOLVED,,,,0,,,
CONFIG_RTC_DRV_WILCO_EC,TODO,UNRESOLVED,,,,0,,,
CONFIG_RTC_DRV_WM831X,TODO,UNRESOLVED,,,,0,,,
CONFIG_RTC_DRV_WM8350,TODO,UNRESOLVED,,,,0,,,
CONFIG_RTC_DRV_X1205,TODO,UNRESOLVED,,,,0,,,
CONFIG_RTC_DRV_XGENE,TODO,UNRESOLVED,,,,0,,,
CONFIG_RTC_DRV_ZYNQMP,TODO,UNRESOLVED,,,,0,,,
CONFIG_RTC_HCTOSYS,TODO,UNRESOLVED,,,,0,,,
CONFIG_RTC_HCTOSYS_DEVICE,TODO,UNRESOLVED,,,,0,,,
CONFIG_RTC_I2C_AND_SPI,TODO,UNRESOLVED,,,,0,,,
CONFIG_RTC_INTF_DEV,TODO,UNRESOLVED,,,,0,,,
CONFIG_RTC_INTF_DEV_UIE_EMUL,TODO,UNRESOLVED,,,,0,,,
CONFIG_RTC_INTF_PROC,TODO,UNRESOLVED,,,,0,,,
CONFIG_RTC_INTF_SYSFS,TODO,UNRESOLVED,,,,0,,,
CONFIG_RTC_LIB,TODO,UNRESOLVED,,,,0,,,
CONFIG_RTC_LIB_KUNIT_TEST,TODO,UNRESOLVED,,,,0,,,
CONFIG_RTC_MC146818_LIB,TODO,UNRESOLVED,,,,0,,,
CONFIG_RTC_NVMEM,TODO,UNRESOLVED,,,,0,,,
CONFIG_RTC_SYSTOHC,TODO,UNRESOLVED,,,,0,,,
CONFIG_RTC_SYSTOHC_DEVICE,TODO,UNRESOLVED,,,,0,,,
CONFIG_RTD119X_WATCHDOG,TODO,UNRESOLVED,,,,0,,,
CONFIG_RTL8180,TODO,UNRESOLVED,,,,0,,,
CONFIG_RTL8187,TODO,UNRESOLVED,,,,0,,,
CONFIG_RTL8187_LEDS,TODO,UNRESOLVED,,,,0,,,
CONFIG_RTL8188EE,TODO,UNRESOLVED,,,,0,,,
CONFIG_RTL8192CE,TODO,UNRESOLVED,,,,0,,,
CONFIG_RTL8192CU,TODO,UNRESOLVED,,,,0,,,
CONFIG_RTL8192C_COMMON,TODO,UNRESOLVED,,,,0,,,
CONFIG_RTL8192DE,TODO,UNRESOLVED,,,,0,,,
CONFIG_RTL8192DU,TODO,UNRESOLVED,,,,0,,,
CONFIG_RTL8192D_COMMON,TODO,UNRESOLVED,,,,0,,,
CONFIG_RTL8192EE,TODO,UNRESOLVED,,,,0,,,
CONFIG_RTL8192SE,TODO,UNRESOLVED,,,,0,,,
CONFIG_RTL8723AE,TODO,UNRESOLVED,,,,0,,,
CONFIG_RTL8723BE,TODO,UNRESOLVED,,,,0,,,
CONFIG_RTL8723BS,TODO,UNRESOLVED,,,,0,,,
CONFIG_RTL8723_COMMON,TODO,UNRESOLVED,,,,0,,,
CONFIG_RTL8821AE,TODO,UNRESOLVED,,,,0,,,
CONFIG_RTL8XXXU,TODO,UNRESOLVED,,,,0,,,
CONFIG_RTL8XXXU_UNTESTED,TODO,UNRESOLVED,,,,0,,,
CONFIG_RTLBTCOEXIST,TODO,UNRESOLVED,,,,0,,,
CONFIG_RTLWIFI,TODO,UNRESOLVED,,,,0,,,
CONFIG_RTLWIFI_DEBUG,TODO,UNRESOLVED,,,,0,,,
CONFIG_RTLWIFI_PCI,TODO,UNRESOLVED,,,,0,,,
CONFIG_RTLWIFI_USB,TODO,UNRESOLVED,,,,0,,,
CONFIG_RTL_CARDS,TODO,UNRESOLVED,,,,0,,,
CONFIG_RTSN,TODO,UNRESOLVED,,,,0,,,
CONFIG_RTW88,TODO,UNRESOLVED,,,,0,,,
CONFIG_RTW88_8703B,TODO,UNRESOLVED,,,,0,,,
CONFIG_RTW88_8723CS,TODO,UNRESOLVED,,,,0,,,
CONFIG_RTW88_8723D,TODO,UNRESOLVED,,,,0,,,
CONFIG_RTW88_8723DE,TODO,UNRESOLVED,,,,0,,,
CONFIG_RTW88_8723DS,TODO,UNRESOLVED,,,,0,,,
CONFIG_RTW88_8723DU,TODO,UNRESOLVED,,,,0,,,
CONFIG_RTW88_8723X,TODO,UNRESOLVED,,,,0,,,
CONFIG_RTW88_8812A,TODO,UNRESOLVED,,,,0,,,
CONFIG_RTW88_8812AU,TODO,UNRESOLVED,,,,0,,,
CONFIG_RTW88_8814A,TODO,UNRESOLVED,,,,0,,,
CONFIG_RTW88_8814AE,TODO,UNRESOLVED,,,,0,,,
CONFIG_RTW88_8814AU,TODO,UNRESOLVED,,,,0,,,
CONFIG_RTW88_8821A,TODO,UNRESOLVED,,,,0,,,
CONFIG_RTW88_8821AU,TODO,UNRESOLVED,,,,0,,,
CONFIG_RTW88_8821C,TODO,UNRESOLVED,,,,0,,,
CONFIG_RTW88_8821CE,TODO,UNRESOLVED,,,,0,,,
CONFIG_RTW88_8821CS,TODO,UNRESOLVED,,,,0,,,
CONFIG_RTW88_8821CU,TODO,UNRESOLVED,,,,0,,,
CONFIG_RTW88_8822B,TODO,UNRESOLVED,,,,0,,,
CONFIG_RTW88_8822BE,TODO,UNRESOLVED,,,,0,,,
CONFIG_RTW88_8822BS,TODO,UNRESOLVED,,,,0,,,
CONFIG_RTW88_8822BU,TODO,UNRESOLVED,,,,0,,,
CONFIG_RTW88_8822C,TODO,UNRESOLVED,,,,0,,,
CONFIG_RTW88_8822CE,TODO,UNRESOLVED,,,,0,,,
CONFIG_RTW88_8822CS,TODO,UNRESOLVED,,,,0,,,
CONFIG_RTW88_8822CU,TODO,UNRESOLVED,,,,0,,,
CONFIG_RTW88_88XXA,TODO,UNRESOLVED,,,,0,,,
CONFIG_RTW88_CORE,TODO,UNRESOLVED,,,,0,,,
CONFIG_RTW88_DEBUG,TODO,UNRESOLVED,,,,0,,,
CONFIG_RTW88_DEBUGFS,TODO,UNRESOLVED,,,,0,,,
CONFIG_RTW88_LEDS,TODO,UNRESOLVED,,,,0,,,
CONFIG_RTW88_PCI,TODO,UNRESOLVED,,,,0,,,
CONFIG_RTW88_SDIO,TODO,UNRESOLVED,,,,0,,,
CONFIG_RTW88_USB,TODO,UNRESOLVED,,,,0,,,
CONFIG_RTW89,TODO,UNRESOLVED,,,,0,,,
CONFIG_RTW89_8851B,TODO,UNRESOLVED,,,,0,,,
CONFIG_RTW89_8851BE,TODO,UNRESOLVED,,,,0,,,
CONFIG_RTW89_8851BU,TODO,UNRESOLVED,,,,0,,,
CONFIG_RTW89_8852A,TODO,UNRESOLVED,,,,0,,,
CONFIG_RTW89_8852AE,TODO,UNRESOLVED,,,,0,,,
CONFIG_RTW89_8852B,TODO,UNRESOLVED,,,,0,,,
CONFIG_RTW89_8852BE,TODO,UNRESOLVED,,,,0,,,
CONFIG_RTW89_8852BT,TODO,UNRESOLVED,,,,0,,,
CONFIG_RTW89_8852BTE,TODO,UNRESOLVED,,,,0,,,
CONFIG_RTW89_8852BU,TODO,UNRESOLVED,,,,0,,,
CONFIG_RTW89_8852B_COMMON,TODO,UNRESOLVED,,,,0,,,
CONFIG_RTW89_8852C,TODO,UNRESOLVED,,,,0,,,
CONFIG_RTW89_8852CE,TODO,UNRESOLVED,,,,0,,,
CONFIG_RTW89_8922A,TODO,UNRESOLVED,,,,0,,,
CONFIG_RTW89_8922AE,TODO,UNRESOLVED,,,,0,,,
CONFIG_RTW89_CORE,TODO,UNRESOLVED,,,,0,,,
CONFIG_RTW89_DEBUG,TODO,UNRESOLVED,,,,0,,,
CONFIG_RTW89_DEBUGFS,TODO,UNRESOLVED,,,,0,,,
CONFIG_RTW89_DEBUGMSG,TODO,UNRESOLVED,,,,0,,,
CONFIG_RTW89_PCI,TODO,UNRESOLVED,,,,0,,,
CONFIG_RTW89_USB,TODO,UNRESOLVED,,,,0,,,
CONFIG_RT_GROUP_SCHED,TODO,UNRESOLVED,,,,0,,,
CONFIG_RT_GROUP_SCHED_DEFAULT_DISABLED,TODO,UNRESOLVED,,,,0,,,
CONFIG_RT_MUTEXES,TODO,UNRESOLVED,,,,0,,,
CONFIG_RUNTIME_TESTING_MENU,TODO,UNRESOLVED,,,,0,,,
CONFIG_RUST,TODO,UNRESOLVED,,,,0,,,
CONFIG_RUSTC_HAS_COERCE_POINTEE,TODO,UNRESOLVED,,,,0,,,
CONFIG_RUSTC_HAS_FILE_AS_C_STR,TODO,UNRESOLVED,,,,0,,,
CONFIG_RUSTC_HAS_FILE_WITH_NUL,TODO,UNRESOLVED,,,,0,,,
CONFIG_RUSTC_HAS_SPAN_FILE,TODO,UNRESOLVED,,,,0,,,
CONFIG_RUSTC_HAS_UNNECESSARY_TRANSMUTES,TODO,UNRESOLVED,,,,0,,,
CONFIG_RUSTC_LLVM_VERSION,TODO,UNRESOLVED,,,,0,,,
CONFIG_RUSTC_VERSION,TODO,UNRESOLVED,,,,0,,,
CONFIG_RUSTC_VERSION_TEXT,TODO,UNRESOLVED,,,,0,,,
CONFIG_RUST_BITMAP_HARDENED,TODO,UNRESOLVED,,,,0,,,
CONFIG_RUST_BUILD_ASSERT_ALLOW,TODO,UNRESOLVED,,,,0,,,
CONFIG_RUST_DEBUG_ASSERTIONS,TODO,UNRESOLVED,,,,0,,,
CONFIG_RUST_FW_LOADER_ABSTRACTIONS,TODO,UNRESOLVED,,,,0,,,
CONFIG_RUST_IS_AVAILABLE,TODO,UNRESOLVED,,,,0,,,
CONFIG_RUST_KERNEL_DOCTESTS,TODO,UNRESOLVED,,,,0,,,
CONFIG_RUST_OVERFLOW_CHECKS,TODO,UNRESOLVED,,,,0,,,
CONFIG_RUST_PHYLIB_ABSTRACTIONS,TODO,UNRESOLVED,,,,0,,,
CONFIG_RV,TODO,UNRESOLVED,,,,0,,,
CONFIG_RVU_ESWITCH,TODO,UNRESOLVED,,,,0,,,
CONFIG_RV_LTL_MONITOR,TODO,UNRESOLVED,,,,0,,,
CONFIG_RV_MON_EVENTS,TODO,UNRESOLVED,,,,0,,,
CONFIG_RV_MON_MAINTENANCE_EVENTS,TODO,UNRESOLVED,,,,0,,,
CONFIG_RV_MON_NRP,TODO,UNRESOLVED,,,,0,,,
CONFIG_RV_MON_OPID,TODO,UNRESOLVED,,,,0,,,
CONFIG_RV_MON_PAGEFAULT,TODO,UNRESOLVED,,,,0,,,
CONFIG_RV_MON_RTAPP,TODO,UNRESOLVED,,,,0,,,
CONFIG_RV_MON_SCHED,TODO,UNRESOLVED,,,,0,,,
CONFIG_RV_MON_SCO,TODO,UNRESOLVED,,,,0,,,
CONFIG_RV_MON_SCPD,TODO,UNRESOLVED,,,,0,,,
CONFIG_RV_MON_SLEEP,TODO,UNRESOLVED,,,,0,,,
CONFIG_RV_MON_SNEP,TODO,UNRESOLVED,,,,0,,,
CONFIG_RV_MON_SNROC,TODO,UNRESOLVED,,,,0,,,
CONFIG_RV_MON_SSSW,TODO,UNRESOLVED,,,,0,,,
CONFIG_RV_MON_STS,TODO,UNRESOLVED,,,,0,,,
CONFIG_RV_MON_WIP,TODO,UNRESOLVED,,,,0,,,
CONFIG_RV_MON_WWNR,TODO,UNRESOLVED,,,,0,,,
CONFIG_RV_PER_TASK_MONITORS,TODO,UNRESOLVED,,,,0,,,
CONFIG_RV_REACTORS,TODO,UNRESOLVED,,,,0,,,
CONFIG_RV_REACT_PANIC,TODO,UNRESOLVED,,,,0,,,
CONFIG_RV_REACT_PRINTK,TODO,UNRESOLVED,,,,0,,,
CONFIG_RWSEM_SPIN_ON_OWNER,TODO,UNRESOLVED,,,,0,,,
CONFIG_RXGK,TODO,UNRESOLVED,,,,0,,,
CONFIG_RXKAD,TODO,UNRESOLVED,,,,0,,,
CONFIG_RXPERF,TODO,UNRESOLVED,,,,0,,,
CONFIG_RZG2L_ADC,TODO,UNRESOLVED,,,,0,,,
CONFIG_RZG2L_THERMAL,TODO,UNRESOLVED,,,,0,,,
CONFIG_RZG3E_THERMAL,TODO,UNRESOLVED,,,,0,,,
CONFIG_RZG3S_THERMAL,TODO,UNRESOLVED,,,,0,,,
CONFIG_RZN1_DMAMUX,TODO,UNRESOLVED,,,,0,,,
CONFIG_RZ_DMAC,TODO,UNRESOLVED,,,,0,,,
CONFIG_RZ_MTU3,TODO,UNRESOLVED,,,,0,,,
CONFIG_RZ_MTU3_CNT,TODO,UNRESOLVED,,,,0,,,
CONFIG_S2IO,TODO,UNRESOLVED,,,,0,,,
CONFIG_S32G_WDT,TODO,UNRESOLVED,,,,0,,,
CONFIG_S390_IOMMU,TODO,UNRESOLVED,,,,0,,,
CONFIG_S390_PRNG,TODO,UNRESOLVED,,,,0,,,
CONFIG_S390_TAPE,TODO,UNRESOLVED,,,,0,,,
CONFIG_S390_TAPE_34XX,TODO,UNRESOLVED,,,,0,,,
CONFIG_S390_TAPE_3590,TODO,UNRESOLVED,,,,0,,,
CONFIG_S390_UV_UAPI,TODO,UNRESOLVED,,,,0,,,
CONFIG_S390_VMUR,TODO,UNRESOLVED,,,,0,,,
CONFIG_S3C2410_WATCHDOG,TODO,UNRESOLVED,,,,0,,,
CONFIG_S3C64XX_COMMON_CLK,TODO,UNRESOLVED,,,,0,,,
CONFIG_S5PV210_COMMON_CLK,TODO,UNRESOLVED,,,,0,,,
CONFIG_SA1100_WATCHDOG,TODO,UNRESOLVED,,,,0,,,
CONFIG_SAMA5D4_WATCHDOG,TODO,UNRESOLVED,,,,0,,,
CONFIG_SAMPLES,TODO,UNRESOLVED,,,,0,,,
CONFIG_SAMPLES_RUST,TODO,UNRESOLVED,,,,0,,,
CONFIG_SAMPLE_ANDROID_BINDERFS,TODO,UNRESOLVED,,,,0,,,
CONFIG_SAMPLE_AUXDISPLAY,TODO,UNRESOLVED,,,,0,,,
CONFIG_SAMPLE_CGROUP,TODO,UNRESOLVED,,,,0,,,
CONFIG_SAMPLE_CHECK_EXEC,TODO,UNRESOLVED,,,,0,,,
CONFIG_SAMPLE_CONFIGFS,TODO,UNRESOLVED,,,,0,,,
CONFIG_SAMPLE_CONNECTOR,TODO,UNRESOLVED,,,,0,,,
CONFIG_SAMPLE_CORESIGHT_SYSCFG,TODO,UNRESOLVED,,,,0,,,
CONFIG_SAMPLE_DAMON_MTIER,TODO,UNRESOLVED,,,,0,,,
CONFIG_SAMPLE_DAMON_PRCL,TODO,UNRESOLVED,,,,0,,,
CONFIG_SAMPLE_DAMON_WSSE,TODO,UNRESOLVED,,,,0,,,
CONFIG_SAMPLE_FANOTIFY_ERROR,TODO,UNRESOLVED,,,,0,,,
CONFIG_SAMPLE_FPROBE,TODO,UNRESOLVED,,,,0,,,
CONFIG_SAMPLE_FTRACE_DIRECT,TODO,UNRESOLVED,,,,0,,,
CONFIG_SAMPLE_FTRACE_DIRECT_MULTI,TODO,UNRESOLVED,,,,0,,,
CONFIG_SAMPLE_FTRACE_OPS,TODO,UNRESOLVED,,,,0,,,
CONFIG_SAMPLE_HIDRAW,TODO,UNRESOLVED,,,,0,,,
CONFIG_SAMPLE_HUNG_TASK,TODO,UNRESOLVED,,,,0,,,
CONFIG_SAMPLE_HW_BREAKPOINT,TODO,UNRESOLVED,,,,0,,,
CONFIG_SAMPLE_INTEL_MEI,TODO,UNRESOLVED,,,,0,,,
CONFIG_SAMPLE_KDB,TODO,UNRESOLVED,,,,0,,,
CONFIG_SAMPLE_KFIFO,TODO,UNRESOLVED,,,,0,,,
CONFIG_SAMPLE_KMEMLEAK,TODO,UNRESOLVED,,,,0,,,
CONFIG_SAMPLE_KOBJECT,TODO,UNRESOLVED,,,,0,,,
CONFIG_SAMPLE_KPROBES,TODO,UNRESOLVED,,,,0,,,
CONFIG_SAMPLE_KRETPROBES,TODO,UNRESOLVED,,,,0,,,
CONFIG_SAMPLE_LANDLOCK,TODO,UNRESOLVED,,,,0,,,
CONFIG_SAMPLE_LIVEPATCH,TODO,UNRESOLVED,,,,0,,,
CONFIG_SAMPLE_PIDFD,TODO,UNRESOLVED,,,,0,,,
CONFIG_SAMPLE_QMI_CLIENT,TODO,UNRESOLVED,,,,0,,,
CONFIG_SAMPLE_RPMSG_CLIENT,TODO,UNRESOLVED,,,,0,,,
CONFIG_SAMPLE_RUST_CONFIGFS,TODO,UNRESOLVED,,,,0,,,
CONFIG_SAMPLE_RUST_DEBUGFS,TODO,UNRESOLVED,,,,0,,,
CONFIG_SAMPLE_RUST_DEBUGFS_SCOPED,TODO,UNRESOLVED,,,,0,,,
CONFIG_SAMPLE_RUST_DMA,TODO,UNRESOLVED,,,,0,,,
CONFIG_SAMPLE_RUST_DRIVER_AUXILIARY,TODO,UNRESOLVED,,,,0,,,
CONFIG_SAMPLE_RUST_DRIVER_FAUX,TODO,UNRESOLVED,,,,0,,,
CONFIG_SAMPLE_RUST_DRIVER_PCI,TODO,UNRESOLVED,,,,0,,,
CONFIG_SAMPLE_RUST_DRIVER_PLATFORM,TODO,UNRESOLVED,,,,0,,,
CONFIG_SAMPLE_RUST_DRIVER_USB,TODO,UNRESOLVED,,,,0,,,
CONFIG_SAMPLE_RUST_HOSTPROGS,TODO,UNRESOLVED,,,,0,,,
CONFIG_SAMPLE_RUST_MINIMAL,TODO,UNRESOLVED,,,,0,,,
CONFIG_SAMPLE_RUST_MISC_DEVICE,TODO,UNRESOLVED,,,,0,,,
CONFIG_SAMPLE_RUST_PRINT,TODO,UNRESOLVED,,,,0,,,
CONFIG_SAMPLE_SECCOMP,TODO,UNRESOLVED,,,,0,,,
CONFIG_SAMPLE_TIMER,TODO,UNRESOLVED,,,,0,,,
CONFIG_SAMPLE_TPS6594_PFSM,TODO,UNRESOLVED,,,,0,,,
CONFIG_SAMPLE_TRACE_ARRAY,TODO,UNRESOLVED,,,,0,,,
CONFIG_SAMPLE_TRACE_CUSTOM_EVENTS,TODO,UNRESOLVED,,,,0,,,
CONFIG_SAMPLE_TRACE_EVENTS,TODO,UNRESOLVED,,,,0,,,
CONFIG_SAMPLE_TRACE_PRINTK,TODO,UNRESOLVED,,,,0,,,
CONFIG_SAMPLE_TSM_MR,TODO,UNRESOLVED,,,,0,,,
CONFIG_SAMPLE_UHID,TODO,UNRESOLVED,,,,0,,,
CONFIG_SAMPLE_VFIO_MDEV_MBOCHS,TODO,UNRESOLVED,,,,0,,,
CONFIG_SAMPLE_VFIO_MDEV_MDPY,TODO,UNRESOLVED,,,,0,,,
CONFIG_SAMPLE_VFIO_MDEV_MDPY_FB,TODO,UNRESOLVED,,,,0,,,
CONFIG_SAMPLE_VFIO_MDEV_MTTY,TODO,UNRESOLVED,,,,0,,,
CONFIG_SAMPLE_VFS,TODO,UNRESOLVED,,,,0,,,
CONFIG_SAMPLE_WATCHDOG,TODO,UNRESOLVED,,,,0,,,
CONFIG_SAMPLE_WATCH_QUEUE,TODO,UNRESOLVED,,,,0,,,
CONFIG_SAMSUNG_GALAXYBOOK,TODO,UNRESOLVED,,,,0,,,
CONFIG_SAMSUNG_LAPTOP,TODO,UNRESOLVED,,,,0,,,
CONFIG_SAMSUNG_MC,TODO,UNRESOLVED,,,,0,,,
CONFIG_SAMSUNG_PM_CHECK,TODO,UNRESOLVED,,,,0,,,
CONFIG_SAMSUNG_PM_CHECK_CHUNKSIZE,TODO,UNRESOLVED,,,,0,,,
CONFIG_SAMSUNG_Q10,TODO,UNRESOLVED,,,,0,,,
CONFIG_SAR_GCC_2130P,TODO,UNRESOLVED,,,,0,,,
CONFIG_SAR_GPUCC_2130P,TODO,UNRESOLVED,,,,0,,,
CONFIG_SATA_ACARD_AHCI,TODO,UNRESOLVED,,,,0,,,
CONFIG_SATA_AHCI,TODO,UNRESOLVED,,,,0,,,
CONFIG_SATA_AHCI_PLATFORM,TODO,UNRESOLVED,,,,0,,,
CONFIG_SATA_AHCI_SEATTLE,TODO,UNRESOLVED,,,,0,,,
CONFIG_SATA_DWC,TODO,UNRESOLVED,,,,0,,,
CONFIG_SATA_DWC_OLD_DMA,TODO,UNRESOLVED,,,,0,,,
CONFIG_SATA_FSL,TODO,UNRESOLVED,,,,0,,,
CONFIG_SATA_GEMINI,TODO,UNRESOLVED,,,,0,,,
CONFIG_SATA_HIGHBANK,TODO,UNRESOLVED,,,,0,,,
CONFIG_SATA_HOST,TODO,UNRESOLVED,,,,0,,,
CONFIG_SATA_INIC162X,TODO,UNRESOLVED,,,,0,,,
CONFIG_SATA_MOBILE_LPM_POLICY,TODO,UNRESOLVED,,,,0,,,
CONFIG_SATA_MV,TODO,UNRESOLVED,,,,0,,,
CONFIG_SATA_NV,TODO,UNRESOLVED,,,,0,,,
CONFIG_SATA_PMP,TODO,UNRESOLVED,,,,0,,,
CONFIG_SATA_PROMISE,TODO,UNRESOLVED,,,,0,,,
CONFIG_SATA_QSTOR,TODO,UNRESOLVED,,,,0,,,
CONFIG_SATA_RCAR,TODO,UNRESOLVED,,,,0,,,
CONFIG_SATA_SIL,TODO,UNRESOLVED,,,,0,,,
CONFIG_SATA_SIL24,TODO,UNRESOLVED,,,,0,,,
CONFIG_SATA_SIS,TODO,UNRESOLVED,,,,0,,,
CONFIG_SATA_SVW,TODO,UNRESOLVED,,,,0,,,
CONFIG_SATA_SX4,TODO,UNRESOLVED,,,,0,,,
CONFIG_SATA_ULI,TODO,UNRESOLVED,,,,0,,,
CONFIG_SATA_VIA,TODO,UNRESOLVED,,,,0,,,
CONFIG_SATA_VITESSE,TODO,UNRESOLVED,,,,0,,,
CONFIG_SATA_ZPODD,TODO,UNRESOLVED,,,,0,,,
CONFIG_SA_CAMCC_8775P,TODO,UNRESOLVED,,,,0,,,
CONFIG_SA_DISPCC_8775P,TODO,UNRESOLVED,,,,0,,,
CONFIG_SA_GCC_8775P,TODO,UNRESOLVED,,,,0,,,
CONFIG_SA_GPUCC_8775P,TODO,UNRESOLVED,,,,0,,,
CONFIG_SA_VIDEOCC_8775P,TODO,UNRESOLVED,,,,0,,,
CONFIG_SB1250_MAC,TODO,UNRESOLVED,,,,0,,,
CONFIG_SBC7240_WDT,TODO,UNRESOLVED,,,,0,,,
CONFIG_SBC8360_WDT,TODO,UNRESOLVED,,,,0,,,
CONFIG_SBC_EPX_C3_WATCHDOG,TODO,UNRESOLVED,,,,0,,,
CONFIG_SBC_FITPC2_WATCHDOG,TODO,UNRESOLVED,,,,0,,,
CONFIG_SBITMAP,TODO,UNRESOLVED,,,,0,,,
CONFIG_SBP_TARGET,TODO,UNRESOLVED,,,,0,,,
CONFIG_SBUS,TODO,UNRESOLVED,,,,0,,,
CONFIG_SC1200_WDT,TODO,UNRESOLVED,,,,0,,,
CONFIG_SC27XX_ADC,TODO,UNRESOLVED,,,,0,,,
CONFIG_SC520_CPUFREQ,TODO,UNRESOLVED,,,,0,,,
CONFIG_SC520_WDT,TODO,UNRESOLVED,,,,0,,,
CONFIG_SC92031,TODO,UNRESOLVED,,,,0,,,
CONFIG_SCA3000,TODO,UNRESOLVED,,,,0,,,
CONFIG_SCA3300,TODO,UNRESOLVED,,,,0,,,
CONFIG_SCANF_KUNIT_TEST,TODO,UNRESOLVED,,,,0,,,
CONFIG_SCC,TODO,UNRESOLVED,,,,0,,,
CONFIG_SCC_DELAY,TODO,UNRESOLVED,,,,0,,,
CONFIG_SCC_TRXECHO,TODO,UNRESOLVED,,,,0,,,
CONFIG_SCD30_CORE,TODO,UNRESOLVED,,,,0,,,
CONFIG_SCD30_I2C,TODO,UNRESOLVED,,,,0,,,
CONFIG_SCD30_SERIAL,TODO,UNRESOLVED,,,,0,,,
CONFIG_SCD4X,TODO,UNRESOLVED,,,,0,,,
CONFIG_SCF_TORTURE_TEST,TODO,UNRESOLVED,,,,0,,,
CONFIG_SCHEDSTATS,TODO,UNRESOLVED,,,,0,,,
CONFIG_SCHED_AUTOGROUP,TODO,UNRESOLVED,,,,0,,,
CONFIG_SCHED_CLASS_EXT,TODO,UNRESOLVED,,,,0,,,
CONFIG_SCHED_CLUSTER,TODO,UNRESOLVED,,,,0,,,
CONFIG_SCHED_CORE,TODO,UNRESOLVED,,,,0,,,
CONFIG_SCHED_HRTICK,TODO,UNRESOLVED,,,,0,,,
CONFIG_SCHED_HW_PRESSURE,TODO,UNRESOLVED,,,,0,,,
CONFIG_SCHED_INFO,TODO,UNRESOLVED,,,,0,,,
CONFIG_SCHED_MC,TODO,UNRESOLVED,,,,0,,,
CONFIG_SCHED_MC_PRIO,TODO,UNRESOLVED,,,,0,,,
CONFIG_SCHED_MM_CID,TODO,UNRESOLVED,,,,0,,,
CONFIG_SCHED_OMIT_FRAME_POINTER,TODO,UNRESOLVED,,,,0,,,
CONFIG_SCHED_PROXY_EXEC,TODO,UNRESOLVED,,,,0,,,
CONFIG_SCHED_SMT,TODO,UNRESOLVED,,,,0,,,
CONFIG_SCHED_STACK_END_CHECK,TODO,UNRESOLVED,,,,0,,,
CONFIG_SCHED_TRACER,TODO,UNRESOLVED,,,,0,,,
CONFIG_SCLP_CONSOLE,TODO,UNRESOLVED,,,,0,,,
CONFIG_SCLP_OFB,TODO,UNRESOLVED,,,,0,,,
CONFIG_SCLP_TTY,TODO,UNRESOLVED,,,,0,,,
CONFIG_SCLP_VT220_CONSOLE,TODO,UNRESOLVED,,,,0,,,
CONFIG_SCLP_VT220_TTY,TODO,UNRESOLVED,,,,0,,,
CONFIG_SCM_BLOCK,TODO,UNRESOLVED,,,,0,,,
CONFIG_SCREEN_INFO,TODO,UNRESOLVED,,,,0,,,
CONFIG_SCSI,TODO,UNRESOLVED,,,,0,,,
CONFIG_SCSI_3W_9XXX,REVIEWED,DEFERRED,DOCUMENTED_SCENARIO,OPTIONAL,held-storage-default,1,Exposed when SCSI_LOWLEVEL enabled for K-STORAGE-001; remained disabled and is unrelated to the evidence-selected Hyper-V storage path.,https://github.com/microsoft/WSL2-Linux-Kernel/tree/14794180686c2fb6307fbe359c359bec765249f3/drivers/scsi,
CONFIG_SCSI_3W_SAS,REVIEWED,DEFERRED,DOCUMENTED_SCENARIO,OPTIONAL,held-storage-default,1,Exposed when SCSI_LOWLEVEL enabled for K-STORAGE-001; remained disabled and is unrelated to the evidence-selected Hyper-V storage path.,https://github.com/microsoft/WSL2-Linux-Kernel/tree/14794180686c2fb6307fbe359c359bec765249f3/drivers/scsi,
CONFIG_SCSI_A4000T,TODO,UNRESOLVED,,,,0,,,
CONFIG_SCSI_AACRAID,REVIEWED,DEFERRED,DOCUMENTED_SCENARIO,OPTIONAL,held-storage-default,1,Exposed when SCSI_LOWLEVEL enabled for K-STORAGE-001; remained disabled and is unrelated to the evidence-selected Hyper-V storage path.,https://github.com/microsoft/WSL2-Linux-Kernel/tree/14794180686c2fb6307fbe359c359bec765249f3/drivers/scsi,
CONFIG_SCSI_ACARD,REVIEWED,DEFERRED,DOCUMENTED_SCENARIO,OPTIONAL,held-storage-default,1,Exposed when SCSI_LOWLEVEL enabled for K-STORAGE-001; remained disabled and is unrelated to the evidence-selected Hyper-V storage path.,https://github.com/microsoft/WSL2-Linux-Kernel/tree/14794180686c2fb6307fbe359c359bec765249f3/drivers/scsi,
CONFIG_SCSI_ACORNSCSI_3,TODO,UNRESOLVED,,,,0,,,
CONFIG_SCSI_ACORNSCSI_SYNC,TODO,UNRESOLVED,,,,0,,,
CONFIG_SCSI_ADVANSYS,REVIEWED,DEFERRED,DOCUMENTED_SCENARIO,OPTIONAL,held-storage-default,1,Exposed when SCSI_LOWLEVEL enabled for K-STORAGE-001; remained disabled and is unrelated to the evidence-selected Hyper-V storage path.,https://github.com/microsoft/WSL2-Linux-Kernel/tree/14794180686c2fb6307fbe359c359bec765249f3/drivers/scsi,
CONFIG_SCSI_AHA152X,TODO,UNRESOLVED,,,,0,,,
CONFIG_SCSI_AHA1542,TODO,UNRESOLVED,,,,0,,,
CONFIG_SCSI_AHA1740,TODO,UNRESOLVED,,,,0,,,
CONFIG_SCSI_AIC79XX,REVIEWED,DEFERRED,DOCUMENTED_SCENARIO,OPTIONAL,held-storage-default,1,Exposed when SCSI_LOWLEVEL enabled for K-STORAGE-001; remained disabled and is unrelated to the evidence-selected Hyper-V storage path.,https://github.com/microsoft/WSL2-Linux-Kernel/tree/14794180686c2fb6307fbe359c359bec765249f3/drivers/scsi,
CONFIG_SCSI_AIC7XXX,REVIEWED,DEFERRED,DOCUMENTED_SCENARIO,OPTIONAL,held-storage-default,1,Exposed when SCSI_LOWLEVEL enabled for K-STORAGE-001; remained disabled and is unrelated to the evidence-selected Hyper-V storage path.,https://github.com/microsoft/WSL2-Linux-Kernel/tree/14794180686c2fb6307fbe359c359bec765249f3/drivers/scsi,
CONFIG_SCSI_AIC94XX,REVIEWED,DEFERRED,DOCUMENTED_SCENARIO,OPTIONAL,held-storage-default,1,Exposed when SCSI_LOWLEVEL enabled for K-STORAGE-001; remained disabled and is unrelated to the evidence-selected Hyper-V storage path.,https://github.com/microsoft/WSL2-Linux-Kernel/tree/14794180686c2fb6307fbe359c359bec765249f3/drivers/scsi,
CONFIG_SCSI_AM53C974,REVIEWED,DEFERRED,DOCUMENTED_SCENARIO,OPTIONAL,held-storage-default,1,Exposed when SCSI_LOWLEVEL enabled for K-STORAGE-001; remained disabled and is unrelated to the evidence-selected Hyper-V storage path.,https://github.com/microsoft/WSL2-Linux-Kernel/tree/14794180686c2fb6307fbe359c359bec765249f3/drivers/scsi,
CONFIG_SCSI_ARCMSR,REVIEWED,DEFERRED,DOCUMENTED_SCENARIO,OPTIONAL,held-storage-default,1,Exposed when SCSI_LOWLEVEL enabled for K-STORAGE-001; remained disabled and is unrelated to the evidence-selected Hyper-V storage path.,https://github.com/microsoft/WSL2-Linux-Kernel/tree/14794180686c2fb6307fbe359c359bec765249f3/drivers/scsi,
CONFIG_SCSI_ARXESCSI,TODO,UNRESOLVED,,,,0,,,
CONFIG_SCSI_BFA_FC,TODO,UNRESOLVED,,,,0,,,
CONFIG_SCSI_BNX2X_FCOE,TODO,UNRESOLVED,,,,0,,,
CONFIG_SCSI_BNX2_ISCSI,REVIEWED,DEFERRED,DOCUMENTED_SCENARIO,OPTIONAL,held-storage-default,1,Exposed when SCSI_LOWLEVEL enabled for K-STORAGE-001; remained disabled and is unrelated to the evidence-selected Hyper-V storage path.,https://github.com/microsoft/WSL2-Linux-Kernel/tree/14794180686c2fb6307fbe359c359bec765249f3/drivers/scsi,
CONFIG_SCSI_BUSLOGIC,REVIEWED,DEFERRED,DOCUMENTED_SCENARIO,OPTIONAL,held-storage-default,1,Exposed when SCSI_LOWLEVEL enabled for K-STORAGE-001; remained disabled and is unrelated to the evidence-selected Hyper-V storage path.,https://github.com/microsoft/WSL2-Linux-Kernel/tree/14794180686c2fb6307fbe359c359bec765249f3/drivers/scsi,
CONFIG_SCSI_CHELSIO_FCOE,TODO,UNRESOLVED,,,,0,,,
CONFIG_SCSI_COMMON,TODO,UNRESOLVED,,,,0,,,
CONFIG_SCSI_CONSTANTS,TODO,UNRESOLVED,,,,0,,,
CONFIG_SCSI_CUMANA_1,TODO,UNRESOLVED,,,,0,,,
CONFIG_SCSI_CUMANA_2,TODO,UNRESOLVED,,,,0,,,
CONFIG_SCSI_CXGB3_ISCSI,REVIEWED,DEFERRED,DOCUMENTED_SCENARIO,OPTIONAL,held-storage-default,1,Exposed when SCSI_LOWLEVEL enabled for K-STORAGE-001; remained disabled and is unrelated to the evidence-selected Hyper-V storage path.,https://github.com/microsoft/WSL2-Linux-Kernel/tree/14794180686c2fb6307fbe359c359bec765249f3/drivers/scsi,
CONFIG_SCSI_CXGB4_ISCSI,REVIEWED,DEFERRED,DOCUMENTED_SCENARIO,OPTIONAL,held-storage-default,1,Exposed when SCSI_LOWLEVEL enabled for K-STORAGE-001; remained disabled and is unrelated to the evidence-selected Hyper-V storage path.,https://github.com/microsoft/WSL2-Linux-Kernel/tree/14794180686c2fb6307fbe359c359bec765249f3/drivers/scsi,
CONFIG_SCSI_DC395x,TODO,UNRESOLVED,,,,0,,,
CONFIG_SCSI_DEBUG,REVIEWED,DEFERRED,DOCUMENTED_SCENARIO,OPTIONAL,held-storage-default,1,Exposed when SCSI_LOWLEVEL enabled for K-STORAGE-001; remained disabled and is unrelated to the evidence-selected Hyper-V storage path.,https://github.com/microsoft/WSL2-Linux-Kernel/tree/14794180686c2fb6307fbe359c359bec765249f3/drivers/scsi,
CONFIG_SCSI_DH,TODO,UNRESOLVED,,,,0,,,
CONFIG_SCSI_DH_ALUA,TODO,UNRESOLVED,,,,0,,,
CONFIG_SCSI_DH_EMC,TODO,UNRESOLVED,,,,0,,,
CONFIG_SCSI_DH_HP_SW,TODO,UNRESOLVED,,,,0,,,
CONFIG_SCSI_DH_RDAC,TODO,UNRESOLVED,,,,0,,,
CONFIG_SCSI_DMA,TODO,UNRESOLVED,,,,0,,,
CONFIG_SCSI_DMX3191D,REVIEWED,DEFERRED,DOCUMENTED_SCENARIO,OPTIONAL,held-storage-default,1,Exposed when SCSI_LOWLEVEL enabled for K-STORAGE-001; remained disabled and is unrelated to the evidence-selected Hyper-V storage path.,https://github.com/microsoft/WSL2-Linux-Kernel/tree/14794180686c2fb6307fbe359c359bec765249f3/drivers/scsi,
CONFIG_SCSI_EESOXSCSI,TODO,UNRESOLVED,,,,0,,,
CONFIG_SCSI_EFCT,TODO,UNRESOLVED,,,,0,,,
CONFIG_SCSI_ENCLOSURE,TODO,UNRESOLVED,,,,0,,,
CONFIG_SCSI_ESAS2R,REVIEWED,DEFERRED,DOCUMENTED_SCENARIO,OPTIONAL,held-storage-default,1,Exposed when SCSI_LOWLEVEL enabled for K-STORAGE-001; remained disabled and is unrelated to the evidence-selected Hyper-V storage path.,https://github.com/microsoft/WSL2-Linux-Kernel/tree/14794180686c2fb6307fbe359c359bec765249f3/drivers/scsi,
CONFIG_SCSI_ESP_PIO,TODO,UNRESOLVED,,,,0,,,
CONFIG_SCSI_FC_ATTRS,TODO,UNRESOLVED,,,,0,,,
CONFIG_SCSI_FDOMAIN,TODO,UNRESOLVED,,,,0,,,
CONFIG_SCSI_FDOMAIN_ISA,TODO,UNRESOLVED,,,,0,,,
CONFIG_SCSI_FDOMAIN_PCI,REVIEWED,DEFERRED,DOCUMENTED_SCENARIO,OPTIONAL,held-storage-default,1,Exposed when SCSI_LOWLEVEL enabled for K-STORAGE-001; remained disabled and is unrelated to the evidence-selected Hyper-V storage path.,https://github.com/microsoft/WSL2-Linux-Kernel/tree/14794180686c2fb6307fbe359c359bec765249f3/drivers/scsi,
CONFIG_SCSI_FLASHPOINT,TODO,UNRESOLVED,,,,0,,,
CONFIG_SCSI_GENERIC_NCR5380,TODO,UNRESOLVED,,,,0,,,
CONFIG_SCSI_HISI_SAS,TODO,UNRESOLVED,,,,0,,,
CONFIG_SCSI_HISI_SAS_DEBUGFS_DEFAULT_ENABLE,TODO,UNRESOLVED,,,,0,,,
CONFIG_SCSI_HISI_SAS_PCI,TODO,UNRESOLVED,,,,0,,,
CONFIG_SCSI_HPSA,REVIEWED,DEFERRED,DOCUMENTED_SCENARIO,OPTIONAL,held-storage-default,1,Exposed when SCSI_LOWLEVEL enabled for K-STORAGE-001; remained disabled and is unrelated to the evidence-selected Hyper-V storage path.,https://github.com/microsoft/WSL2-Linux-Kernel/tree/14794180686c2fb6307fbe359c359bec765249f3/drivers/scsi,
CONFIG_SCSI_HPTIOP,REVIEWED,DEFERRED,DOCUMENTED_SCENARIO,OPTIONAL,held-storage-default,1,Exposed when SCSI_LOWLEVEL enabled for K-STORAGE-001; remained disabled and is unrelated to the evidence-selected Hyper-V storage path.,https://github.com/microsoft/WSL2-Linux-Kernel/tree/14794180686c2fb6307fbe359c359bec765249f3/drivers/scsi,
CONFIG_SCSI_IBMVFC,TODO,UNRESOLVED,,,,0,,,
CONFIG_SCSI_IBMVFC_TRACE,TODO,UNRESOLVED,,,,0,,,
CONFIG_SCSI_IBMVSCSI,TODO,UNRESOLVED,,,,0,,,
CONFIG_SCSI_IBMVSCSIS,TODO,UNRESOLVED,,,,0,,,
CONFIG_SCSI_IMM,TODO,UNRESOLVED,,,,0,,,
CONFIG_SCSI_INIA100,REVIEWED,DEFERRED,DOCUMENTED_SCENARIO,OPTIONAL,held-storage-default,1,Exposed when SCSI_LOWLEVEL enabled for K-STORAGE-001; remained disabled and is unrelated to the evidence-selected Hyper-V storage path.,https://github.com/microsoft/WSL2-Linux-Kernel/tree/14794180686c2fb6307fbe359c359bec765249f3/drivers/scsi,
CONFIG_SCSI_INITIO,REVIEWED,DEFERRED,DOCUMENTED_SCENARIO,OPTIONAL,held-storage-default,1,Exposed when SCSI_LOWLEVEL enabled for K-STORAGE-001; remained disabled and is unrelated to the evidence-selected Hyper-V storage path.,https://github.com/microsoft/WSL2-Linux-Kernel/tree/14794180686c2fb6307fbe359c359bec765249f3/drivers/scsi,
CONFIG_SCSI_IPR,REVIEWED,DEFERRED,DOCUMENTED_SCENARIO,OPTIONAL,held-storage-default,1,Exposed when SCSI_LOWLEVEL enabled for K-STORAGE-001; remained disabled and is unrelated to the evidence-selected Hyper-V storage path.,https://github.com/microsoft/WSL2-Linux-Kernel/tree/14794180686c2fb6307fbe359c359bec765249f3/drivers/scsi,
CONFIG_SCSI_IPR_DUMP,TODO,UNRESOLVED,,,,0,,,
CONFIG_SCSI_IPR_TRACE,TODO,UNRESOLVED,,,,0,,,
CONFIG_SCSI_IPS,REVIEWED,DEFERRED,DOCUMENTED_SCENARIO,OPTIONAL,held-storage-default,1,Exposed when SCSI_LOWLEVEL enabled for K-STORAGE-001; remained disabled and is unrelated to the evidence-selected Hyper-V storage path.,https://github.com/microsoft/WSL2-Linux-Kernel/tree/14794180686c2fb6307fbe359c359bec765249f3/drivers/scsi,
CONFIG_SCSI_ISCI,REVIEWED,DEFERRED,DOCUMENTED_SCENARIO,OPTIONAL,held-storage-default,1,Exposed when SCSI_LOWLEVEL enabled for K-STORAGE-001; remained disabled and is unrelated to the evidence-selected Hyper-V storage path.,https://github.com/microsoft/WSL2-Linux-Kernel/tree/14794180686c2fb6307fbe359c359bec765249f3/drivers/scsi,
CONFIG_SCSI_ISCSI_ATTRS,TODO,UNRESOLVED,,,,0,,,
CONFIG_SCSI_IZIP_SLOW_CTR,TODO,UNRESOLVED,,,,0,,,
CONFIG_SCSI_LASI700,TODO,UNRESOLVED,,,,0,,,
CONFIG_SCSI_LIB_KUNIT_TEST,TODO,UNRESOLVED,,,,0,,,
CONFIG_SCSI_LOGGING,TODO,UNRESOLVED,,,,0,,,
CONFIG_SCSI_LOWLEVEL,REVIEWED,TRANSITIVE,DOCUMENTED_PLATFORM,HYPERV,hyperv-storage,1,"Kconfig prerequisite for HYPERV_STORAGE. K-HOSTCHAN-001 already has SCSI=y and HYPERV_VMBUS=y; request SCSI_LOWLEVEL only as storage-driver closure, not as an independently proven requirement.",https://github.com/microsoft/WSL2-Linux-Kernel/blob/14794180686c2fb6307fbe359c359bec765249f3/drivers/scsi/Kconfig,
CONFIG_SCSI_LOWLEVEL_PCMCIA,TODO,UNRESOLVED,,,,0,,,
CONFIG_SCSI_LPFC,TODO,UNRESOLVED,,,,0,,,
CONFIG_SCSI_LPFC_DEBUG_FS,TODO,UNRESOLVED,,,,0,,,
CONFIG_SCSI_MAC53C94,TODO,UNRESOLVED,,,,0,,,
CONFIG_SCSI_MAC_ESP,TODO,UNRESOLVED,,,,0,,,
CONFIG_SCSI_MESH,TODO,UNRESOLVED,,,,0,,,
CONFIG_SCSI_MESH_RESET_DELAY_MS,TODO,UNRESOLVED,,,,0,,,
CONFIG_SCSI_MESH_SYNC_RATE,TODO,UNRESOLVED,,,,0,,,
CONFIG_SCSI_MOD,TODO,UNRESOLVED,,,,0,,,
CONFIG_SCSI_MPI3MR,REVIEWED,DEFERRED,DOCUMENTED_SCENARIO,OPTIONAL,held-storage-default,1,Exposed when SCSI_LOWLEVEL enabled for K-STORAGE-001; remained disabled and is unrelated to the evidence-selected Hyper-V storage path.,https://github.com/microsoft/WSL2-Linux-Kernel/tree/14794180686c2fb6307fbe359c359bec765249f3/drivers/scsi,
CONFIG_SCSI_MPT2SAS,REVIEWED,DEFERRED,DOCUMENTED_SCENARIO,OPTIONAL,held-storage-default,1,Exposed when SCSI_LOWLEVEL enabled for K-STORAGE-001; remained disabled and is unrelated to the evidence-selected Hyper-V storage path.,https://github.com/microsoft/WSL2-Linux-Kernel/tree/14794180686c2fb6307fbe359c359bec765249f3/drivers/scsi,
CONFIG_SCSI_MPT2SAS_MAX_SGE,TODO,UNRESOLVED,,,,0,,,
CONFIG_SCSI_MPT3SAS,REVIEWED,DEFERRED,DOCUMENTED_SCENARIO,OPTIONAL,held-storage-default,1,Exposed when SCSI_LOWLEVEL enabled for K-STORAGE-001; remained disabled and is unrelated to the evidence-selected Hyper-V storage path.,https://github.com/microsoft/WSL2-Linux-Kernel/tree/14794180686c2fb6307fbe359c359bec765249f3/drivers/scsi,
CONFIG_SCSI_MPT3SAS_MAX_SGE,TODO,UNRESOLVED,,,,0,,,
CONFIG_SCSI_MVSAS,REVIEWED,DEFERRED,DOCUMENTED_SCENARIO,OPTIONAL,held-storage-default,1,Exposed when SCSI_LOWLEVEL enabled for K-STORAGE-001; remained disabled and is unrelated to the evidence-selected Hyper-V storage path.,https://github.com/microsoft/WSL2-Linux-Kernel/tree/14794180686c2fb6307fbe359c359bec765249f3/drivers/scsi,
CONFIG_SCSI_MVSAS_DEBUG,TODO,UNRESOLVED,,,,0,,,
CONFIG_SCSI_MVSAS_TASKLET,TODO,UNRESOLVED,,,,0,,,
CONFIG_SCSI_MVUMI,REVIEWED,DEFERRED,DOCUMENTED_SCENARIO,OPTIONAL,held-storage-default,1,Exposed when SCSI_LOWLEVEL enabled for K-STORAGE-001; remained disabled and is unrelated to the evidence-selected Hyper-V storage path.,https://github.com/microsoft/WSL2-Linux-Kernel/tree/14794180686c2fb6307fbe359c359bec765249f3/drivers/scsi,
CONFIG_SCSI_MYRB,REVIEWED,DEFERRED,DOCUMENTED_SCENARIO,OPTIONAL,held-storage-default,1,Exposed when SCSI_LOWLEVEL enabled for K-STORAGE-001; remained disabled and is unrelated to the evidence-selected Hyper-V storage path.,https://github.com/microsoft/WSL2-Linux-Kernel/tree/14794180686c2fb6307fbe359c359bec765249f3/drivers/scsi,
CONFIG_SCSI_MYRS,REVIEWED,DEFERRED,DOCUMENTED_SCENARIO,OPTIONAL,held-storage-default,1,Exposed when SCSI_LOWLEVEL enabled for K-STORAGE-001; remained disabled and is unrelated to the evidence-selected Hyper-V storage path.,https://github.com/microsoft/WSL2-Linux-Kernel/tree/14794180686c2fb6307fbe359c359bec765249f3/drivers/scsi,
CONFIG_SCSI_NCR53C8XX_DEFAULT_TAGS,TODO,UNRESOLVED,,,,0,,,
CONFIG_SCSI_NCR53C8XX_MAX_TAGS,TODO,UNRESOLVED,,,,0,,,
CONFIG_SCSI_NCR53C8XX_NO_DISCONNECT,TODO,UNRESOLVED,,,,0,,,
CONFIG_SCSI_NCR53C8XX_SYNC,TODO,UNRESOLVED,,,,0,,,
CONFIG_SCSI_NETLINK,TODO,UNRESOLVED,,,,0,,,
CONFIG_SCSI_NSP32,TODO,UNRESOLVED,,,,0,,,
CONFIG_SCSI_OAK1,TODO,UNRESOLVED,,,,0,,,
CONFIG_SCSI_PM8001,REVIEWED,DEFERRED,DOCUMENTED_SCENARIO,OPTIONAL,held-storage-default,1,Exposed when SCSI_LOWLEVEL enabled for K-STORAGE-001; remained disabled and is unrelated to the evidence-selected Hyper-V storage path.,https://github.com/microsoft/WSL2-Linux-Kernel/tree/14794180686c2fb6307fbe359c359bec765249f3/drivers/scsi,
CONFIG_SCSI_PMCRAID,REVIEWED,DEFERRED,DOCUMENTED_SCENARIO,OPTIONAL,held-storage-default,1,Exposed when SCSI_LOWLEVEL enabled for K-STORAGE-001; remained disabled and is unrelated to the evidence-selected Hyper-V storage path.,https://github.com/microsoft/WSL2-Linux-Kernel/tree/14794180686c2fb6307fbe359c359bec765249f3/drivers/scsi,
CONFIG_SCSI_POWERTECSCSI,TODO,UNRESOLVED,,,,0,,,
CONFIG_SCSI_PPA,TODO,UNRESOLVED,,,,0,,,
CONFIG_SCSI_PROC_FS,TODO,UNRESOLVED,,,,0,,,
CONFIG_SCSI_PROTO_TEST,TODO,UNRESOLVED,,,,0,,,
CONFIG_SCSI_QLA_FC,TODO,UNRESOLVED,,,,0,,,
CONFIG_SCSI_QLA_ISCSI,REVIEWED,DEFERRED,DOCUMENTED_SCENARIO,OPTIONAL,held-storage-default,1,Exposed when SCSI_LOWLEVEL enabled for K-STORAGE-001; remained disabled and is unrelated to the evidence-selected Hyper-V storage path.,https://github.com/microsoft/WSL2-Linux-Kernel/tree/14794180686c2fb6307fbe359c359bec765249f3/drivers/scsi,
CONFIG_SCSI_QLOGICPTI,TODO,UNRESOLVED,,,,0,,,
CONFIG_SCSI_QLOGIC_1280,REVIEWED,DEFERRED,DOCUMENTED_SCENARIO,OPTIONAL,held-storage-default,1,Exposed when SCSI_LOWLEVEL enabled for K-STORAGE-001; remained disabled and is unrelated to the evidence-selected Hyper-V storage path.,https://github.com/microsoft/WSL2-Linux-Kernel/tree/14794180686c2fb6307fbe359c359bec765249f3/drivers/scsi,
CONFIG_SCSI_QLOGIC_FAS,TODO,UNRESOLVED,,,,0,,,
CONFIG_SCSI_SAS_ATA,TODO,UNRESOLVED,,,,0,,,
CONFIG_SCSI_SAS_ATTRS,TODO,UNRESOLVED,,,,0,,,
CONFIG_SCSI_SAS_HOST_SMP,TODO,UNRESOLVED,,,,0,,,
CONFIG_SCSI_SAS_LIBSAS,TODO,UNRESOLVED,,,,0,,,
CONFIG_SCSI_SCAN_ASYNC,TODO,UNRESOLVED,,,,0,,,
CONFIG_SCSI_SIM710,TODO,UNRESOLVED,,,,0,,,
CONFIG_SCSI_SMARTPQI,REVIEWED,DEFERRED,DOCUMENTED_SCENARIO,OPTIONAL,held-storage-default,1,Exposed when SCSI_LOWLEVEL enabled for K-STORAGE-001; remained disabled and is unrelated to the evidence-selected Hyper-V storage path.,https://github.com/microsoft/WSL2-Linux-Kernel/tree/14794180686c2fb6307fbe359c359bec765249f3/drivers/scsi,
CONFIG_SCSI_SNIC,REVIEWED,DEFERRED,DOCUMENTED_SCENARIO,OPTIONAL,held-storage-default,1,Exposed when SCSI_LOWLEVEL enabled for K-STORAGE-001; remained disabled and is unrelated to the evidence-selected Hyper-V storage path.,https://github.com/microsoft/WSL2-Linux-Kernel/tree/14794180686c2fb6307fbe359c359bec765249f3/drivers/scsi,
CONFIG_SCSI_SNIC_DEBUG_FS,TODO,UNRESOLVED,,,,0,,,
CONFIG_SCSI_SNI_53C710,TODO,UNRESOLVED,,,,0,,,
CONFIG_SCSI_SPI_ATTRS,TODO,UNRESOLVED,,,,0,,,
CONFIG_SCSI_SRP_ATTRS,TODO,UNRESOLVED,,,,0,,,
CONFIG_SCSI_STEX,REVIEWED,DEFERRED,DOCUMENTED_SCENARIO,OPTIONAL,held-storage-default,1,Exposed when SCSI_LOWLEVEL enabled for K-STORAGE-001; remained disabled and is unrelated to the evidence-selected Hyper-V storage path.,https://github.com/microsoft/WSL2-Linux-Kernel/tree/14794180686c2fb6307fbe359c359bec765249f3/drivers/scsi,
CONFIG_SCSI_SUNESP,TODO,UNRESOLVED,,,,0,,,
CONFIG_SCSI_SYM53C8XX_2,REVIEWED,DEFERRED,DOCUMENTED_SCENARIO,OPTIONAL,held-storage-default,1,Exposed when SCSI_LOWLEVEL enabled for K-STORAGE-001; remained disabled and is unrelated to the evidence-selected Hyper-V storage path.,https://github.com/microsoft/WSL2-Linux-Kernel/tree/14794180686c2fb6307fbe359c359bec765249f3/drivers/scsi,
CONFIG_SCSI_SYM53C8XX_DEFAULT_TAGS,TODO,UNRESOLVED,,,,0,,,
CONFIG_SCSI_SYM53C8XX_DMA_ADDRESSING_MODE,TODO,UNRESOLVED,,,,0,,,
CONFIG_SCSI_SYM53C8XX_MAX_TAGS,TODO,UNRESOLVED,,,,0,,,
CONFIG_SCSI_SYM53C8XX_MMIO,TODO,UNRESOLVED,,,,0,,,
CONFIG_SCSI_UFSHCD,TODO,UNRESOLVED,,,,0,,,
CONFIG_SCSI_UFSHCD_PCI,TODO,UNRESOLVED,,,,0,,,
CONFIG_SCSI_UFSHCD_PLATFORM,TODO,UNRESOLVED,,,,0,,,
CONFIG_SCSI_UFS_BSG,TODO,UNRESOLVED,,,,0,,,
CONFIG_SCSI_UFS_CDNS_PLATFORM,TODO,UNRESOLVED,,,,0,,,
CONFIG_SCSI_UFS_CRYPTO,TODO,UNRESOLVED,,,,0,,,
CONFIG_SCSI_UFS_DWC_TC_PCI,TODO,UNRESOLVED,,,,0,,,
CONFIG_SCSI_UFS_DWC_TC_PLATFORM,TODO,UNRESOLVED,,,,0,,,
CONFIG_SCSI_UFS_EXYNOS,TODO,UNRESOLVED,,,,0,,,
CONFIG_SCSI_UFS_FAULT_INJECTION,TODO,UNRESOLVED,,,,0,,,
CONFIG_SCSI_UFS_HISI,TODO,UNRESOLVED,,,,0,,,
CONFIG_SCSI_UFS_HWMON,TODO,UNRESOLVED,,,,0,,,
CONFIG_SCSI_UFS_MEDIATEK,TODO,UNRESOLVED,,,,0,,,
CONFIG_SCSI_UFS_QCOM,TODO,UNRESOLVED,,,,0,,,
CONFIG_SCSI_UFS_RENESAS,TODO,UNRESOLVED,,,,0,,,
CONFIG_SCSI_UFS_ROCKCHIP,TODO,UNRESOLVED,,,,0,,,
CONFIG_SCSI_UFS_SPRD,TODO,UNRESOLVED,,,,0,,,
CONFIG_SCSI_UFS_TI_J721E,TODO,UNRESOLVED,,,,0,,,
CONFIG_SCSI_UFS_VARIABLE_SG_ENTRY_SIZE,TODO,UNRESOLVED,,,,0,,,
CONFIG_SCSI_VIRTIO,TODO,UNRESOLVED,,,,0,,,
CONFIG_SCSI_WD719X,REVIEWED,DEFERRED,DOCUMENTED_SCENARIO,OPTIONAL,held-storage-default,1,Exposed when SCSI_LOWLEVEL enabled for K-STORAGE-001; remained disabled and is unrelated to the evidence-selected Hyper-V storage path.,https://github.com/microsoft/WSL2-Linux-Kernel/tree/14794180686c2fb6307fbe359c359bec765249f3/drivers/scsi,
CONFIG_SCSI_ZALON,TODO,UNRESOLVED,,,,0,,,
CONFIG_SCSI_ZORRO7XX,TODO,UNRESOLVED,,,,0,,,
CONFIG_SCSI_ZORRO_ESP,TODO,UNRESOLVED,,,,0,,,
CONFIG_SCTP_DBG_OBJCNT,TODO,UNRESOLVED,,,,0,,,
CONFIG_SCTP_DEFAULT_COOKIE_HMAC_NONE,TODO,UNRESOLVED,,,,0,,,
CONFIG_SCTP_DEFAULT_COOKIE_HMAC_SHA256,TODO,UNRESOLVED,,,,0,,,
CONFIG_SC_CAMCC_7180,TODO,UNRESOLVED,,,,0,,,
CONFIG_SC_CAMCC_7280,TODO,UNRESOLVED,,,,0,,,
CONFIG_SC_CAMCC_8180X,TODO,UNRESOLVED,,,,0,,,
CONFIG_SC_CAMCC_8280XP,TODO,UNRESOLVED,,,,0,,,
CONFIG_SC_DISPCC_7180,TODO,UNRESOLVED,,,,0,,,
CONFIG_SC_DISPCC_7280,TODO,UNRESOLVED,,,,0,,,
CONFIG_SC_DISPCC_8280XP,TODO,UNRESOLVED,,,,0,,,
CONFIG_SC_GCC_7180,TODO,UNRESOLVED,,,,0,,,
CONFIG_SC_GCC_7280,TODO,UNRESOLVED,,,,0,,,
CONFIG_SC_GCC_8180X,TODO,UNRESOLVED,,,,0,,,
CONFIG_SC_GCC_8280XP,TODO,UNRESOLVED,,,,0,,,
CONFIG_SC_GPUCC_7180,TODO,UNRESOLVED,,,,0,,,
CONFIG_SC_GPUCC_7280,TODO,UNRESOLVED,,,,0,,,
CONFIG_SC_GPUCC_8280XP,TODO,UNRESOLVED,,,,0,,,
CONFIG_SC_LPASSCC_7280,TODO,UNRESOLVED,,,,0,,,
CONFIG_SC_LPASSCC_8280XP,TODO,UNRESOLVED,,,,0,,,
CONFIG_SC_LPASS_CORECC_7180,TODO,UNRESOLVED,,,,0,,,
CONFIG_SC_LPASS_CORECC_7280,TODO,UNRESOLVED,,,,0,,,
CONFIG_SC_VIDEOCC_7180,TODO,UNRESOLVED,,,,0,,,
CONFIG_SC_VIDEOCC_7280,TODO,UNRESOLVED,,,,0,,,
CONFIG_SCx200,TODO,UNRESOLVED,,,,0,,,
CONFIG_SCx200HR_TIMER,TODO,UNRESOLVED,,,,0,,,
CONFIG_SCx200_ACB,TODO,UNRESOLVED,,,,0,,,
CONFIG_SCx200_GPIO,TODO,UNRESOLVED,,,,0,,,
CONFIG_SCx200_WDT,TODO,UNRESOLVED,,,,0,,,
CONFIG_SDIO_UART,TODO,UNRESOLVED,,,,0,,,
CONFIG_SDMA_VERBOSITY,TODO,UNRESOLVED,,,,0,,,
CONFIG_SDM_CAMCC_845,TODO,UNRESOLVED,,,,0,,,
CONFIG_SDM_DISPCC_845,TODO,UNRESOLVED,,,,0,,,
CONFIG_SDM_GCC_660,TODO,UNRESOLVED,,,,0,,,
CONFIG_SDM_GCC_845,TODO,UNRESOLVED,,,,0,,,
CONFIG_SDM_GPUCC_660,TODO,UNRESOLVED,,,,0,,,
CONFIG_SDM_GPUCC_845,TODO,UNRESOLVED,,,,0,,,
CONFIG_SDM_LPASSCC_845,TODO,UNRESOLVED,,,,0,,,
CONFIG_SDM_MMCC_660,TODO,UNRESOLVED,,,,0,,,
CONFIG_SDM_VIDEOCC_845,TODO,UNRESOLVED,,,,0,,,
CONFIG_SDP500,TODO,UNRESOLVED,,,,0,,,
CONFIG_SDR_MAX2175,TODO,UNRESOLVED,,,,0,,,
CONFIG_SDR_PLATFORM_DRIVERS,TODO,UNRESOLVED,,,,0,,,
CONFIG_SDX_GCC_55,TODO,UNRESOLVED,,,,0,,,
CONFIG_SDX_GCC_65,TODO,UNRESOLVED,,,,0,,,
CONFIG_SDX_GCC_75,TODO,UNRESOLVED,,,,0,,,
CONFIG_SD_ADC_MODULATOR,TODO,UNRESOLVED,,,,0,,,
CONFIG_SECCOMP,REVIEWED,DEFERRED,DOCUMENTED_SCENARIO,OPTIONAL,mirrored-networking,1,"mini_init reports mirrored-network capability by probing SECCOMP_RET_USER_NOTIF. K-HOSTCHAN-001 reported SeccompAvailable=0, causing the host's misleading kernel-version warning and fallback to NAT. Mirrored networking is deferred.",https://github.com/microsoft/WSL/blob/68f601bba8eac1df20a0bbd403c6c87c92369ade/src/linux/init/main.cpp#L3637-L3675,
CONFIG_SECCOMP_CACHE_DEBUG,TODO,UNRESOLVED,,,,0,,,
CONFIG_SECCOMP_FILTER,REVIEWED,DEFERRED,DOCUMENTED_SCENARIO,OPTIONAL,mirrored-networking,1,"Provides the SECCOMP_RET_USER_NOTIF action probed by mini_init for mirrored networking. It depends only on already-present architecture support, SECCOMP, and NET, but networking is deferred from minimal command dispatch.",https://github.com/microsoft/WSL/blob/68f601bba8eac1df20a0bbd403c6c87c92369ade/src/linux/init/main.cpp#L3663-L3671,
CONFIG_SECONDARY_TRUSTED_KEYRING,TODO,UNRESOLVED,,,,0,,,
CONFIG_SECONDARY_TRUSTED_KEYRING_SIGNED_BY_BUILTIN,TODO,UNRESOLVED,,,,0,,,
CONFIG_SECRETMEM,TODO,UNRESOLVED,,,,0,,,
CONFIG_SECTION_MISMATCH_WARN_ONLY,TODO,UNRESOLVED,,,,0,,,
CONFIG_SECURITY,TODO,UNRESOLVED,,,,0,,,
CONFIG_SECURITYFS,TODO,UNRESOLVED,,,,0,,,
CONFIG_SECURITY_APPARMOR,TODO,UNRESOLVED,,,,0,,,
CONFIG_SECURITY_APPARMOR_DEBUG,TODO,UNRESOLVED,,,,0,,,
CONFIG_SECURITY_APPARMOR_DEBUG_ASSERTS,TODO,UNRESOLVED,,,,0,,,
CONFIG_SECURITY_APPARMOR_DEBUG_MESSAGES,TODO,UNRESOLVED,,,,0,,,
CONFIG_SECURITY_APPARMOR_EXPORT_BINARY,TODO,UNRESOLVED,,,,0,,,
CONFIG_SECURITY_APPARMOR_HASH,TODO,UNRESOLVED,,,,0,,,
CONFIG_SECURITY_APPARMOR_HASH_DEFAULT,TODO,UNRESOLVED,,,,0,,,
CONFIG_SECURITY_APPARMOR_INTROSPECT_POLICY,TODO,UNRESOLVED,,,,0,,,
CONFIG_SECURITY_APPARMOR_KUNIT_TEST,TODO,UNRESOLVED,,,,0,,,
CONFIG_SECURITY_APPARMOR_PARANOID_LOAD,TODO,UNRESOLVED,,,,0,,,
CONFIG_SECURITY_DMESG_RESTRICT,TODO,UNRESOLVED,,,,0,,,
CONFIG_SECURITY_INFINIBAND,TODO,UNRESOLVED,,,,0,,,
CONFIG_SECURITY_IPE,TODO,UNRESOLVED,,,,0,,,
CONFIG_SECURITY_IPE_KUNIT_TEST,TODO,UNRESOLVED,,,,0,,,
CONFIG_SECURITY_LANDLOCK,TODO,UNRESOLVED,,,,0,,,
CONFIG_SECURITY_LANDLOCK_KUNIT_TEST,TODO,UNRESOLVED,,,,0,,,
CONFIG_SECURITY_LOADPIN,TODO,UNRESOLVED,,,,0,,,
CONFIG_SECURITY_LOADPIN_ENFORCE,TODO,UNRESOLVED,,,,0,,,
CONFIG_SECURITY_LOADPIN_VERITY,TODO,UNRESOLVED,,,,0,,,
CONFIG_SECURITY_LOCKDOWN_LSM,TODO,UNRESOLVED,,,,0,,,
CONFIG_SECURITY_LOCKDOWN_LSM_EARLY,TODO,UNRESOLVED,,,,0,,,
CONFIG_SECURITY_NETWORK,TODO,UNRESOLVED,,,,0,,,
CONFIG_SECURITY_NETWORK_XFRM,TODO,UNRESOLVED,,,,0,,,
CONFIG_SECURITY_PATH,TODO,UNRESOLVED,,,,0,,,
CONFIG_SECURITY_SAFESETID,TODO,UNRESOLVED,,,,0,,,
CONFIG_SECURITY_SELINUX,TODO,UNRESOLVED,,,,0,,,
CONFIG_SECURITY_SELINUX_AVC_STATS,TODO,UNRESOLVED,,,,0,,,
CONFIG_SECURITY_SELINUX_BOOTPARAM,TODO,UNRESOLVED,,,,0,,,
CONFIG_SECURITY_SELINUX_DEBUG,TODO,UNRESOLVED,,,,0,,,
CONFIG_SECURITY_SELINUX_DEVELOP,TODO,UNRESOLVED,,,,0,,,
CONFIG_SECURITY_SELINUX_SID2STR_CACHE_SIZE,TODO,UNRESOLVED,,,,0,,,
CONFIG_SECURITY_SELINUX_SIDTAB_HASH_BITS,TODO,UNRESOLVED,,,,0,,,
CONFIG_SECURITY_SMACK,TODO,UNRESOLVED,,,,0,,,
CONFIG_SECURITY_SMACK_APPEND_SIGNALS,TODO,UNRESOLVED,,,,0,,,
CONFIG_SECURITY_SMACK_BRINGUP,TODO,UNRESOLVED,,,,0,,,
CONFIG_SECURITY_SMACK_NETFILTER,TODO,UNRESOLVED,,,,0,,,
CONFIG_SECURITY_TOMOYO,TODO,UNRESOLVED,,,,0,,,
CONFIG_SECURITY_TOMOYO_ACTIVATION_TRIGGER,TODO,UNRESOLVED,,,,0,,,
CONFIG_SECURITY_TOMOYO_INSECURE_BUILTIN_SETTING,TODO,UNRESOLVED,,,,0,,,
CONFIG_SECURITY_TOMOYO_MAX_ACCEPT_ENTRY,TODO,UNRESOLVED,,,,0,,,
CONFIG_SECURITY_TOMOYO_MAX_AUDIT_LOG,TODO,UNRESOLVED,,,,0,,,
CONFIG_SECURITY_TOMOYO_OMIT_USERSPACE_LOADER,TODO,UNRESOLVED,,,,0,,,
CONFIG_SECURITY_TOMOYO_POLICY_LOADER,TODO,UNRESOLVED,,,,0,,,
CONFIG_SECURITY_YAMA,TODO,UNRESOLVED,,,,0,,,
CONFIG_SEG_LED_GPIO,TODO,UNRESOLVED,,,,0,,,
CONFIG_SEL3350_PLATFORM,TODO,UNRESOLVED,,,,0,,,
CONFIG_SELECT_MEMORY_MODEL,TODO,UNRESOLVED,,,,0,,,
CONFIG_SEN0322,TODO,UNRESOLVED,,,,0,,,
CONFIG_SENSEAIR_SUNRISE_CO2,TODO,UNRESOLVED,,,,0,,,
CONFIG_SENSIRION_SGP30,TODO,UNRESOLVED,,,,0,,,
CONFIG_SENSIRION_SGP40,TODO,UNRESOLVED,,,,0,,,
CONFIG_SENSORS_ABITUGURU,TODO,UNRESOLVED,,,,0,,,
CONFIG_SENSORS_ABITUGURU3,TODO,UNRESOLVED,,,,0,,,
CONFIG_SENSORS_ACBEL_FSG032,TODO,UNRESOLVED,,,,0,,,
CONFIG_SENSORS_ACPI_POWER,TODO,UNRESOLVED,,,,0,,,
CONFIG_SENSORS_AD7314,TODO,UNRESOLVED,,,,0,,,
CONFIG_SENSORS_AD7414,TODO,UNRESOLVED,,,,0,,,
CONFIG_SENSORS_AD7418,TODO,UNRESOLVED,,,,0,,,
CONFIG_SENSORS_ADC128D818,TODO,UNRESOLVED,,,,0,,,
CONFIG_SENSORS_ADCXX,TODO,UNRESOLVED,,,,0,,,
CONFIG_SENSORS_ADM1025,TODO,UNRESOLVED,,,,0,,,
CONFIG_SENSORS_ADM1026,TODO,UNRESOLVED,,,,0,,,
CONFIG_SENSORS_ADM1029,TODO,UNRESOLVED,,,,0,,,
CONFIG_SENSORS_ADM1031,TODO,UNRESOLVED,,,,0,,,
CONFIG_SENSORS_ADM1177,TODO,UNRESOLVED,,,,0,,,
CONFIG_SENSORS_ADM1266,TODO,UNRESOLVED,,,,0,,,
CONFIG_SENSORS_ADM1275,TODO,UNRESOLVED,,,,0,,,
CONFIG_SENSORS_ADM9240,TODO,UNRESOLVED,,,,0,,,
CONFIG_SENSORS_ADP1050,TODO,UNRESOLVED,,,,0,,,
CONFIG_SENSORS_ADP1050_REGULATOR,TODO,UNRESOLVED,,,,0,,,
CONFIG_SENSORS_ADS7828,TODO,UNRESOLVED,,,,0,,,
CONFIG_SENSORS_ADS7871,TODO,UNRESOLVED,,,,0,,,
CONFIG_SENSORS_ADT7310,TODO,UNRESOLVED,,,,0,,,
CONFIG_SENSORS_ADT7410,TODO,UNRESOLVED,,,,0,,,
CONFIG_SENSORS_ADT7411,TODO,UNRESOLVED,,,,0,,,
CONFIG_SENSORS_ADT7462,TODO,UNRESOLVED,,,,0,,,
CONFIG_SENSORS_ADT7470,TODO,UNRESOLVED,,,,0,,,
CONFIG_SENSORS_ADT7475,TODO,UNRESOLVED,,,,0,,,
CONFIG_SENSORS_ADT7X10,TODO,UNRESOLVED,,,,0,,,
CONFIG_SENSORS_AHT10,TODO,UNRESOLVED,,,,0,,,
CONFIG_SENSORS_AMC6821,TODO,UNRESOLVED,,,,0,,,
CONFIG_SENSORS_AMS,TODO,UNRESOLVED,,,,0,,,
CONFIG_SENSORS_AMS_I2C,TODO,UNRESOLVED,,,,0,,,
CONFIG_SENSORS_AMS_PMU,TODO,UNRESOLVED,,,,0,,,
CONFIG_SENSORS_APDS990X,TODO,UNRESOLVED,,,,0,,,
CONFIG_SENSORS_APPLESMC,TODO,UNRESOLVED,,,,0,,,
CONFIG_SENSORS_AQUACOMPUTER_D5NEXT,TODO,UNRESOLVED,,,,0,,,
CONFIG_SENSORS_ARM_SCMI,TODO,UNRESOLVED,,,,0,,,
CONFIG_SENSORS_ARM_SCPI,TODO,UNRESOLVED,,,,0,,,
CONFIG_SENSORS_AS370,TODO,UNRESOLVED,,,,0,,,
CONFIG_SENSORS_ASB100,TODO,UNRESOLVED,,,,0,,,
CONFIG_SENSORS_ASC7621,TODO,UNRESOLVED,,,,0,,,
CONFIG_SENSORS_ASPEED,TODO,UNRESOLVED,,,,0,,,
CONFIG_SENSORS_ASPEED_G6,TODO,UNRESOLVED,,,,0,,,
CONFIG_SENSORS_ASUS_EC,TODO,UNRESOLVED,,,,0,,,
CONFIG_SENSORS_ASUS_ROG_RYUJIN,TODO,UNRESOLVED,,,,0,,,
CONFIG_SENSORS_ASUS_WMI,TODO,UNRESOLVED,,,,0,,,
CONFIG_SENSORS_ATK0110,TODO,UNRESOLVED,,,,0,,,
CONFIG_SENSORS_ATXP1,TODO,UNRESOLVED,,,,0,,,
CONFIG_SENSORS_AXI_FAN_CONTROL,TODO,UNRESOLVED,,,,0,,,
CONFIG_SENSORS_BEL_PFE,TODO,UNRESOLVED,,,,0,,,
CONFIG_SENSORS_BH1770,TODO,UNRESOLVED,,,,0,,,
CONFIG_SENSORS_BPA_RS600,TODO,UNRESOLVED,,,,0,,,
CONFIG_SENSORS_BT1_PVT,TODO,UNRESOLVED,,,,0,,,
CONFIG_SENSORS_BT1_PVT_ALARMS,TODO,UNRESOLVED,,,,0,,,
CONFIG_SENSORS_CGBC,TODO,UNRESOLVED,,,,0,,,
CONFIG_SENSORS_CHIPCAP2,TODO,UNRESOLVED,,,,0,,,
CONFIG_SENSORS_CORETEMP,TODO,UNRESOLVED,,,,0,,,
CONFIG_SENSORS_CORSAIR_CPRO,TODO,UNRESOLVED,,,,0,,,
CONFIG_SENSORS_CORSAIR_PSU,TODO,UNRESOLVED,,,,0,,,
CONFIG_SENSORS_CROS_EC,TODO,UNRESOLVED,,,,0,,,
CONFIG_SENSORS_CRPS,TODO,UNRESOLVED,,,,0,,,
CONFIG_SENSORS_DA9052_ADC,TODO,UNRESOLVED,,,,0,,,
CONFIG_SENSORS_DA9055,TODO,UNRESOLVED,,,,0,,,
CONFIG_SENSORS_DELL_SMM,TODO,UNRESOLVED,,,,0,,,
CONFIG_SENSORS_DELTA_AHE50DC_FAN,TODO,UNRESOLVED,,,,0,,,
CONFIG_SENSORS_DME1737,TODO,UNRESOLVED,,,,0,,,
CONFIG_SENSORS_DPS920AB,TODO,UNRESOLVED,,,,0,,,
CONFIG_SENSORS_DRIVETEMP,TODO,UNRESOLVED,,,,0,,,
CONFIG_SENSORS_DS1621,TODO,UNRESOLVED,,,,0,,,
CONFIG_SENSORS_DS620,TODO,UNRESOLVED,,,,0,,,
CONFIG_SENSORS_EMC1403,TODO,UNRESOLVED,,,,0,,,
CONFIG_SENSORS_EMC2103,TODO,UNRESOLVED,,,,0,,,
CONFIG_SENSORS_EMC2305,TODO,UNRESOLVED,,,,0,,,
CONFIG_SENSORS_EMC6W201,TODO,UNRESOLVED,,,,0,,,
CONFIG_SENSORS_F71805F,TODO,UNRESOLVED,,,,0,,,
CONFIG_SENSORS_F71882FG,TODO,UNRESOLVED,,,,0,,,
CONFIG_SENSORS_F75375S,TODO,UNRESOLVED,,,,0,,,
CONFIG_SENSORS_FAM15H_POWER,TODO,UNRESOLVED,,,,0,,,
CONFIG_SENSORS_FSCHMD,TODO,UNRESOLVED,,,,0,,,
CONFIG_SENSORS_FSP_3Y,TODO,UNRESOLVED,,,,0,,,
CONFIG_SENSORS_FTSTEUTATES,TODO,UNRESOLVED,,,,0,,,
CONFIG_SENSORS_G760A,TODO,UNRESOLVED,,,,0,,,
CONFIG_SENSORS_G762,TODO,UNRESOLVED,,,,0,,,
CONFIG_SENSORS_GIGABYTE_WATERFORCE,TODO,UNRESOLVED,,,,0,,,
CONFIG_SENSORS_GL518SM,TODO,UNRESOLVED,,,,0,,,
CONFIG_SENSORS_GL520SM,TODO,UNRESOLVED,,,,0,,,
CONFIG_SENSORS_GPD,TODO,UNRESOLVED,,,,0,,,
CONFIG_SENSORS_GPIO_FAN,TODO,UNRESOLVED,,,,0,,,
CONFIG_SENSORS_GSC,TODO,UNRESOLVED,,,,0,,,
CONFIG_SENSORS_GXP_FAN_CTRL,TODO,UNRESOLVED,,,,0,,,
CONFIG_SENSORS_HDAPS,TODO,UNRESOLVED,,,,0,,,
CONFIG_SENSORS_HIH6130,TODO,UNRESOLVED,,,,0,,,
CONFIG_SENSORS_HMC5843,TODO,UNRESOLVED,,,,0,,,
CONFIG_SENSORS_HMC5843_I2C,TODO,UNRESOLVED,,,,0,,,
CONFIG_SENSORS_HMC5843_SPI,TODO,UNRESOLVED,,,,0,,,
CONFIG_SENSORS_HP_WMI,TODO,UNRESOLVED,,,,0,,,
CONFIG_SENSORS_HS3001,TODO,UNRESOLVED,,,,0,,,
CONFIG_SENSORS_HTU31,TODO,UNRESOLVED,,,,0,,,
CONFIG_SENSORS_I5500,TODO,UNRESOLVED,,,,0,,,
CONFIG_SENSORS_I5K_AMB,TODO,UNRESOLVED,,,,0,,,
CONFIG_SENSORS_IBMAEM,TODO,UNRESOLVED,,,,0,,,
CONFIG_SENSORS_IBMPEX,TODO,UNRESOLVED,,,,0,,,
CONFIG_SENSORS_IBMPOWERNV,TODO,UNRESOLVED,,,,0,,,
CONFIG_SENSORS_IBM_CFFPS,TODO,UNRESOLVED,,,,0,,,
CONFIG_SENSORS_IIO_HWMON,TODO,UNRESOLVED,,,,0,,,
CONFIG_SENSORS_INA209,TODO,UNRESOLVED,,,,0,,,
CONFIG_SENSORS_INA233,TODO,UNRESOLVED,,,,0,,,
CONFIG_SENSORS_INA238,TODO,UNRESOLVED,,,,0,,,
CONFIG_SENSORS_INA2XX,TODO,UNRESOLVED,,,,0,,,
CONFIG_SENSORS_INA3221,TODO,UNRESOLVED,,,,0,,,
CONFIG_SENSORS_INSPUR_IPSPS,TODO,UNRESOLVED,,,,0,,,
CONFIG_SENSORS_INTEL_M10_BMC_HWMON,TODO,UNRESOLVED,,,,0,,,
CONFIG_SENSORS_IR35221,TODO,UNRESOLVED,,,,0,,,
CONFIG_SENSORS_IR36021,TODO,UNRESOLVED,,,,0,,,
CONFIG_SENSORS_IR38064,TODO,UNRESOLVED,,,,0,,,
CONFIG_SENSORS_IR38064_REGULATOR,TODO,UNRESOLVED,,,,0,,,
CONFIG_SENSORS_IRPS5401,TODO,UNRESOLVED,,,,0,,,
CONFIG_SENSORS_ISL28022,TODO,UNRESOLVED,,,,0,,,
CONFIG_SENSORS_ISL29018,TODO,UNRESOLVED,,,,0,,,
CONFIG_SENSORS_ISL29028,TODO,UNRESOLVED,,,,0,,,
CONFIG_SENSORS_ISL68137,TODO,UNRESOLVED,,,,0,,,
CONFIG_SENSORS_IT87,TODO,UNRESOLVED,,,,0,,,
CONFIG_SENSORS_JC42,TODO,UNRESOLVED,,,,0,,,
CONFIG_SENSORS_K10TEMP,TODO,UNRESOLVED,,,,0,,,
CONFIG_SENSORS_K8TEMP,TODO,UNRESOLVED,,,,0,,,
CONFIG_SENSORS_KBATT,TODO,UNRESOLVED,,,,0,,,
CONFIG_SENSORS_KFAN,TODO,UNRESOLVED,,,,0,,,
CONFIG_SENSORS_LAN966X,TODO,UNRESOLVED,,,,0,,,
CONFIG_SENSORS_LENOVO_EC,TODO,UNRESOLVED,,,,0,,,
CONFIG_SENSORS_LINEAGE,TODO,UNRESOLVED,,,,0,,,
CONFIG_SENSORS_LIS3LV02D,TODO,UNRESOLVED,,,,0,,,
CONFIG_SENSORS_LIS3_I2C,TODO,UNRESOLVED,,,,0,,,
CONFIG_SENSORS_LIS3_SPI,TODO,UNRESOLVED,,,,0,,,
CONFIG_SENSORS_LM25066,TODO,UNRESOLVED,,,,0,,,
CONFIG_SENSORS_LM25066_REGULATOR,TODO,UNRESOLVED,,,,0,,,
CONFIG_SENSORS_LM3533,TODO,UNRESOLVED,,,,0,,,
CONFIG_SENSORS_LM63,TODO,UNRESOLVED,,,,0,,,
CONFIG_SENSORS_LM70,TODO,UNRESOLVED,,,,0,,,
CONFIG_SENSORS_LM73,TODO,UNRESOLVED,,,,0,,,
CONFIG_SENSORS_LM75,TODO,UNRESOLVED,,,,0,,,
CONFIG_SENSORS_LM77,TODO,UNRESOLVED,,,,0,,,
CONFIG_SENSORS_LM78,TODO,UNRESOLVED,,,,0,,,
CONFIG_SENSORS_LM80,TODO,UNRESOLVED,,,,0,,,
CONFIG_SENSORS_LM83,TODO,UNRESOLVED,,,,0,,,
CONFIG_SENSORS_LM85,TODO,UNRESOLVED,,,,0,,,
CONFIG_SENSORS_LM87,TODO,UNRESOLVED,,,,0,,,
CONFIG_SENSORS_LM90,TODO,UNRESOLVED,,,,0,,,
CONFIG_SENSORS_LM92,TODO,UNRESOLVED,,,,0,,,
CONFIG_SENSORS_LM93,TODO,UNRESOLVED,,,,0,,,
CONFIG_SENSORS_LM95234,TODO,UNRESOLVED,,,,0,,,
CONFIG_SENSORS_LM95241,TODO,UNRESOLVED,,,,0,,,
CONFIG_SENSORS_LM95245,TODO,UNRESOLVED,,,,0,,,
CONFIG_SENSORS_LOCHNAGAR,TODO,UNRESOLVED,,,,0,,,
CONFIG_SENSORS_LT3074,TODO,UNRESOLVED,,,,0,,,
CONFIG_SENSORS_LT3074_REGULATOR,TODO,UNRESOLVED,,,,0,,,
CONFIG_SENSORS_LT7182S,TODO,UNRESOLVED,,,,0,,,
CONFIG_SENSORS_LTC2945,TODO,UNRESOLVED,,,,0,,,
CONFIG_SENSORS_LTC2947,TODO,UNRESOLVED,,,,0,,,
CONFIG_SENSORS_LTC2947_I2C,TODO,UNRESOLVED,,,,0,,,
CONFIG_SENSORS_LTC2947_SPI,TODO,UNRESOLVED,,,,0,,,
CONFIG_SENSORS_LTC2978,TODO,UNRESOLVED,,,,0,,,
CONFIG_SENSORS_LTC2978_REGULATOR,TODO,UNRESOLVED,,,,0,,,
CONFIG_SENSORS_LTC2990,TODO,UNRESOLVED,,,,0,,,
CONFIG_SENSORS_LTC2991,TODO,UNRESOLVED,,,,0,,,
CONFIG_SENSORS_LTC2992,TODO,UNRESOLVED,,,,0,,,
CONFIG_SENSORS_LTC3815,TODO,UNRESOLVED,,,,0,,,
CONFIG_SENSORS_LTC4151,TODO,UNRESOLVED,,,,0,,,
CONFIG_SENSORS_LTC4215,TODO,UNRESOLVED,,,,0,,,
CONFIG_SENSORS_LTC4222,TODO,UNRESOLVED,,,,0,,,
CONFIG_SENSORS_LTC4245,TODO,UNRESOLVED,,,,0,,,
CONFIG_SENSORS_LTC4260,TODO,UNRESOLVED,,,,0,,,
CONFIG_SENSORS_LTC4261,TODO,UNRESOLVED,,,,0,,,
CONFIG_SENSORS_LTC4282,TODO,UNRESOLVED,,,,0,,,
CONFIG_SENSORS_LTC4286,TODO,UNRESOLVED,,,,0,,,
CONFIG_SENSORS_LTQ_CPUTEMP,TODO,UNRESOLVED,,,,0,,,
CONFIG_SENSORS_MAX1111,TODO,UNRESOLVED,,,,0,,,
CONFIG_SENSORS_MAX127,TODO,UNRESOLVED,,,,0,,,
CONFIG_SENSORS_MAX15301,TODO,UNRESOLVED,,,,0,,,
CONFIG_SENSORS_MAX16064,TODO,UNRESOLVED,,,,0,,,
CONFIG_SENSORS_MAX16065,TODO,UNRESOLVED,,,,0,,,
CONFIG_SENSORS_MAX1619,TODO,UNRESOLVED,,,,0,,,
CONFIG_SENSORS_MAX16601,TODO,UNRESOLVED,,,,0,,,
CONFIG_SENSORS_MAX1668,TODO,UNRESOLVED,,,,0,,,
CONFIG_SENSORS_MAX197,TODO,UNRESOLVED,,,,0,,,
CONFIG_SENSORS_MAX20730,TODO,UNRESOLVED,,,,0,,,
CONFIG_SENSORS_MAX20751,TODO,UNRESOLVED,,,,0,,,
CONFIG_SENSORS_MAX31722,TODO,UNRESOLVED,,,,0,,,
CONFIG_SENSORS_MAX31730,TODO,UNRESOLVED,,,,0,,,
CONFIG_SENSORS_MAX31760,TODO,UNRESOLVED,,,,0,,,
CONFIG_SENSORS_MAX31785,TODO,UNRESOLVED,,,,0,,,
CONFIG_SENSORS_MAX31790,TODO,UNRESOLVED,,,,0,,,
CONFIG_SENSORS_MAX34440,TODO,UNRESOLVED,,,,0,,,
CONFIG_SENSORS_MAX6620,TODO,UNRESOLVED,,,,0,,,
CONFIG_SENSORS_MAX6621,TODO,UNRESOLVED,,,,0,,,
CONFIG_SENSORS_MAX6639,TODO,UNRESOLVED,,,,0,,,
CONFIG_SENSORS_MAX6650,TODO,UNRESOLVED,,,,0,,,
CONFIG_SENSORS_MAX6697,TODO,UNRESOLVED,,,,0,,,
CONFIG_SENSORS_MAX77705,TODO,UNRESOLVED,,,,0,,,
CONFIG_SENSORS_MAX8688,TODO,UNRESOLVED,,,,0,,,
CONFIG_SENSORS_MC13783_ADC,TODO,UNRESOLVED,,,,0,,,
CONFIG_SENSORS_MC33XS2410,TODO,UNRESOLVED,,,,0,,,
CONFIG_SENSORS_MC34VR500,TODO,UNRESOLVED,,,,0,,,
CONFIG_SENSORS_MCP3021,TODO,UNRESOLVED,,,,0,,,
CONFIG_SENSORS_MENF21BMC_HWMON,TODO,UNRESOLVED,,,,0,,,
CONFIG_SENSORS_MLXREG_FAN,TODO,UNRESOLVED,,,,0,,,
CONFIG_SENSORS_MP2856,TODO,UNRESOLVED,,,,0,,,
CONFIG_SENSORS_MP2869,TODO,UNRESOLVED,,,,0,,,
CONFIG_SENSORS_MP2888,TODO,UNRESOLVED,,,,0,,,
CONFIG_SENSORS_MP2891,TODO,UNRESOLVED,,,,0,,,
CONFIG_SENSORS_MP29502,TODO,UNRESOLVED,,,,0,,,
CONFIG_SENSORS_MP2975,TODO,UNRESOLVED,,,,0,,,
CONFIG_SENSORS_MP2975_REGULATOR,TODO,UNRESOLVED,,,,0,,,
CONFIG_SENSORS_MP2993,TODO,UNRESOLVED,,,,0,,,
CONFIG_SENSORS_MP5023,TODO,UNRESOLVED,,,,0,,,
CONFIG_SENSORS_MP5920,TODO,UNRESOLVED,,,,0,,,
CONFIG_SENSORS_MP5990,TODO,UNRESOLVED,,,,0,,,
CONFIG_SENSORS_MP9941,TODO,UNRESOLVED,,,,0,,,
CONFIG_SENSORS_MPQ7932,TODO,UNRESOLVED,,,,0,,,
CONFIG_SENSORS_MPQ7932_REGULATOR,TODO,UNRESOLVED,,,,0,,,
CONFIG_SENSORS_MPQ8785,TODO,UNRESOLVED,,,,0,,,
CONFIG_SENSORS_MR75203,TODO,UNRESOLVED,,,,0,,,
CONFIG_SENSORS_NCT6683,TODO,UNRESOLVED,,,,0,,,
CONFIG_SENSORS_NCT6694,TODO,UNRESOLVED,,,,0,,,
CONFIG_SENSORS_NCT6775,TODO,UNRESOLVED,,,,0,,,
CONFIG_SENSORS_NCT6775_CORE,TODO,UNRESOLVED,,,,0,,,
CONFIG_SENSORS_NCT6775_I2C,TODO,UNRESOLVED,,,,0,,,
CONFIG_SENSORS_NCT7363,TODO,UNRESOLVED,,,,0,,,
CONFIG_SENSORS_NCT7802,TODO,UNRESOLVED,,,,0,,,
CONFIG_SENSORS_NCT7904,TODO,UNRESOLVED,,,,0,,,
CONFIG_SENSORS_NPCM7XX,TODO,UNRESOLVED,,,,0,,,
CONFIG_SENSORS_NSA320,TODO,UNRESOLVED,,,,0,,,
CONFIG_SENSORS_NTC_THERMISTOR,TODO,UNRESOLVED,,,,0,,,
CONFIG_SENSORS_NZXT_KRAKEN2,TODO,UNRESOLVED,,,,0,,,
CONFIG_SENSORS_NZXT_KRAKEN3,TODO,UNRESOLVED,,,,0,,,
CONFIG_SENSORS_NZXT_SMART2,TODO,UNRESOLVED,,,,0,,,
CONFIG_SENSORS_OCC,TODO,UNRESOLVED,,,,0,,,
CONFIG_SENSORS_OCC_P8_I2C,TODO,UNRESOLVED,,,,0,,,
CONFIG_SENSORS_OCC_P9_SBE,TODO,UNRESOLVED,,,,0,,,
CONFIG_SENSORS_PC87360,TODO,UNRESOLVED,,,,0,,,
CONFIG_SENSORS_PC87427,TODO,UNRESOLVED,,,,0,,,
CONFIG_SENSORS_PCF8591,TODO,UNRESOLVED,,,,0,,,
CONFIG_SENSORS_PECI,TODO,UNRESOLVED,,,,0,,,
CONFIG_SENSORS_PECI_CPUTEMP,TODO,UNRESOLVED,,,,0,,,
CONFIG_SENSORS_PECI_DIMMTEMP,TODO,UNRESOLVED,,,,0,,,
CONFIG_SENSORS_PIM4328,TODO,UNRESOLVED,,,,0,,,
CONFIG_SENSORS_PLI1209BC,TODO,UNRESOLVED,,,,0,,,
CONFIG_SENSORS_PLI1209BC_REGULATOR,TODO,UNRESOLVED,,,,0,,,
CONFIG_SENSORS_PM6764TR,TODO,UNRESOLVED,,,,0,,,
CONFIG_SENSORS_PMBUS,TODO,UNRESOLVED,,,,0,,,
CONFIG_SENSORS_POWERZ,TODO,UNRESOLVED,,,,0,,,
CONFIG_SENSORS_POWR1220,TODO,UNRESOLVED,,,,0,,,
CONFIG_SENSORS_PT5161L,TODO,UNRESOLVED,,,,0,,,
CONFIG_SENSORS_PWM_FAN,TODO,UNRESOLVED,,,,0,,,
CONFIG_SENSORS_PXE1610,TODO,UNRESOLVED,,,,0,,,
CONFIG_SENSORS_Q54SJ108A2,TODO,UNRESOLVED,,,,0,,,
CONFIG_SENSORS_QNAP_MCU_HWMON,TODO,UNRESOLVED,,,,0,,,
CONFIG_SENSORS_RASPBERRYPI_HWMON,TODO,UNRESOLVED,,,,0,,,
CONFIG_SENSORS_RM3100,TODO,UNRESOLVED,,,,0,,,
CONFIG_SENSORS_RM3100_I2C,TODO,UNRESOLVED,,,,0,,,
CONFIG_SENSORS_RM3100_SPI,TODO,UNRESOLVED,,,,0,,,
CONFIG_SENSORS_SA67MCU,TODO,UNRESOLVED,,,,0,,,
CONFIG_SENSORS_SBTSI,TODO,UNRESOLVED,,,,0,,,
CONFIG_SENSORS_SCH5627,TODO,UNRESOLVED,,,,0,,,
CONFIG_SENSORS_SCH5636,TODO,UNRESOLVED,,,,0,,,
CONFIG_SENSORS_SCH56XX_COMMON,TODO,UNRESOLVED,,,,0,,,
CONFIG_SENSORS_SFCTEMP,TODO,UNRESOLVED,,,,0,,,
CONFIG_SENSORS_SG2042_MCU,TODO,UNRESOLVED,,,,0,,,
CONFIG_SENSORS_SHT15,TODO,UNRESOLVED,,,,0,,,
CONFIG_SENSORS_SHT21,TODO,UNRESOLVED,,,,0,,,
CONFIG_SENSORS_SHT3x,TODO,UNRESOLVED,,,,0,,,
CONFIG_SENSORS_SHT4x,TODO,UNRESOLVED,,,,0,,,
CONFIG_SENSORS_SHTC1,TODO,UNRESOLVED,,,,0,,,
CONFIG_SENSORS_SIS5595,TODO,UNRESOLVED,,,,0,,,
CONFIG_SENSORS_SL28CPLD,TODO,UNRESOLVED,,,,0,,,
CONFIG_SENSORS_SMPRO,TODO,UNRESOLVED,,,,0,,,
CONFIG_SENSORS_SMSC47B397,TODO,UNRESOLVED,,,,0,,,
CONFIG_SENSORS_SMSC47M1,TODO,UNRESOLVED,,,,0,,,
CONFIG_SENSORS_SMSC47M192,TODO,UNRESOLVED,,,,0,,,
CONFIG_SENSORS_SPARX5,TODO,UNRESOLVED,,,,0,,,
CONFIG_SENSORS_SPD5118,TODO,UNRESOLVED,,,,0,,,
CONFIG_SENSORS_SPD5118_DETECT,TODO,UNRESOLVED,,,,0,,,
CONFIG_SENSORS_STPDDC60,TODO,UNRESOLVED,,,,0,,,
CONFIG_SENSORS_STTS751,TODO,UNRESOLVED,,,,0,,,
CONFIG_SENSORS_SURFACE_FAN,TODO,UNRESOLVED,,,,0,,,
CONFIG_SENSORS_SURFACE_TEMP,TODO,UNRESOLVED,,,,0,,,
CONFIG_SENSORS_SY7636A,TODO,UNRESOLVED,,,,0,,,
CONFIG_SENSORS_TC654,TODO,UNRESOLVED,,,,0,,,
CONFIG_SENSORS_TC74,TODO,UNRESOLVED,,,,0,,,
CONFIG_SENSORS_TDA38640,TODO,UNRESOLVED,,,,0,,,
CONFIG_SENSORS_TDA38640_REGULATOR,TODO,UNRESOLVED,,,,0,,,
CONFIG_SENSORS_THMC50,TODO,UNRESOLVED,,,,0,,,
CONFIG_SENSORS_TMP102,TODO,UNRESOLVED,,,,0,,,
CONFIG_SENSORS_TMP103,TODO,UNRESOLVED,,,,0,,,
CONFIG_SENSORS_TMP108,TODO,UNRESOLVED,,,,0,,,
CONFIG_SENSORS_TMP401,TODO,UNRESOLVED,,,,0,,,
CONFIG_SENSORS_TMP421,TODO,UNRESOLVED,,,,0,,,
CONFIG_SENSORS_TMP464,TODO,UNRESOLVED,,,,0,,,
CONFIG_SENSORS_TMP513,TODO,UNRESOLVED,,,,0,,,
CONFIG_SENSORS_TPS23861,TODO,UNRESOLVED,,,,0,,,
CONFIG_SENSORS_TPS25990,TODO,UNRESOLVED,,,,0,,,
CONFIG_SENSORS_TPS25990_REGULATOR,TODO,UNRESOLVED,,,,0,,,
CONFIG_SENSORS_TPS40422,TODO,UNRESOLVED,,,,0,,,
CONFIG_SENSORS_TPS53679,TODO,UNRESOLVED,,,,0,,,
CONFIG_SENSORS_TPS546D24,TODO,UNRESOLVED,,,,0,,,
CONFIG_SENSORS_TSL2550,TODO,UNRESOLVED,,,,0,,,
CONFIG_SENSORS_TSL2563,TODO,UNRESOLVED,,,,0,,,
CONFIG_SENSORS_UCD9000,TODO,UNRESOLVED,,,,0,,,
CONFIG_SENSORS_UCD9200,TODO,UNRESOLVED,,,,0,,,
CONFIG_SENSORS_ULTRA45,TODO,UNRESOLVED,,,,0,,,
CONFIG_SENSORS_VEXPRESS,TODO,UNRESOLVED,,,,0,,,
CONFIG_SENSORS_VIA686A,TODO,UNRESOLVED,,,,0,,,
CONFIG_SENSORS_VIA_CPUTEMP,TODO,UNRESOLVED,,,,0,,,
CONFIG_SENSORS_VT1211,TODO,UNRESOLVED,,,,0,,,
CONFIG_SENSORS_VT8231,TODO,UNRESOLVED,,,,0,,,
CONFIG_SENSORS_W83627EHF,TODO,UNRESOLVED,,,,0,,,
CONFIG_SENSORS_W83627HF,TODO,UNRESOLVED,,,,0,,,
CONFIG_SENSORS_W83773G,TODO,UNRESOLVED,,,,0,,,
CONFIG_SENSORS_W83781D,TODO,UNRESOLVED,,,,0,,,
CONFIG_SENSORS_W83791D,TODO,UNRESOLVED,,,,0,,,
CONFIG_SENSORS_W83792D,TODO,UNRESOLVED,,,,0,,,
CONFIG_SENSORS_W83793,TODO,UNRESOLVED,,,,0,,,
CONFIG_SENSORS_W83795,TODO,UNRESOLVED,,,,0,,,
CONFIG_SENSORS_W83795_FANCTRL,TODO,UNRESOLVED,,,,0,,,
CONFIG_SENSORS_W83L785TS,TODO,UNRESOLVED,,,,0,,,
CONFIG_SENSORS_W83L786NG,TODO,UNRESOLVED,,,,0,,,
CONFIG_SENSORS_WM831X,TODO,UNRESOLVED,,,,0,,,
CONFIG_SENSORS_WM8350,TODO,UNRESOLVED,,,,0,,,
CONFIG_SENSORS_XDP710,TODO,UNRESOLVED,,,,0,,,
CONFIG_SENSORS_XDPE122,TODO,UNRESOLVED,,,,0,,,
CONFIG_SENSORS_XDPE122_REGULATOR,TODO,UNRESOLVED,,,,0,,,
CONFIG_SENSORS_XDPE152,TODO,UNRESOLVED,,,,0,,,
CONFIG_SENSORS_XGENE,TODO,UNRESOLVED,,,,0,,,
CONFIG_SENSORS_ZL6100,TODO,UNRESOLVED,,,,0,,,
CONFIG_SEQ_BUF_KUNIT_TEST,TODO,UNRESOLVED,,,,0,,,
CONFIG_SERIAL_21285,TODO,UNRESOLVED,,,,0,,,
CONFIG_SERIAL_21285_CONSOLE,TODO,UNRESOLVED,,,,0,,,
CONFIG_SERIAL_8250,TODO,UNRESOLVED,,,,0,,,
CONFIG_SERIAL_8250_16550A_VARIANTS,TODO,UNRESOLVED,,,,0,,,
CONFIG_SERIAL_8250_ACCENT,TODO,UNRESOLVED,,,,0,,,
CONFIG_SERIAL_8250_ACORN,TODO,UNRESOLVED,,,,0,,,
CONFIG_SERIAL_8250_ASPEED_VUART,TODO,UNRESOLVED,,,,0,,,
CONFIG_SERIAL_8250_BCM2835AUX,TODO,UNRESOLVED,,,,0,,,
CONFIG_SERIAL_8250_BCM7271,TODO,UNRESOLVED,,,,0,,,
CONFIG_SERIAL_8250_BOCA,TODO,UNRESOLVED,,,,0,,,
CONFIG_SERIAL_8250_CONSOLE,TODO,UNRESOLVED,,,,0,,,
CONFIG_SERIAL_8250_CS,TODO,UNRESOLVED,,,,0,,,
CONFIG_SERIAL_8250_DEPRECATED_OPTIONS,TODO,UNRESOLVED,,,,0,,,
CONFIG_SERIAL_8250_DETECT_IRQ,TODO,UNRESOLVED,,,,0,,,
CONFIG_SERIAL_8250_DFL,TODO,UNRESOLVED,,,,0,,,
CONFIG_SERIAL_8250_DMA,TODO,UNRESOLVED,,,,0,,,
CONFIG_SERIAL_8250_DW,TODO,UNRESOLVED,,,,0,,,
CONFIG_SERIAL_8250_DWLIB,TODO,UNRESOLVED,,,,0,,,
CONFIG_SERIAL_8250_EM,TODO,UNRESOLVED,,,,0,,,
CONFIG_SERIAL_8250_EXAR,TODO,UNRESOLVED,,,,0,,,
CONFIG_SERIAL_8250_EXAR_ST16C554,TODO,UNRESOLVED,,,,0,,,
CONFIG_SERIAL_8250_EXTENDED,TODO,UNRESOLVED,,,,0,,,
CONFIG_SERIAL_8250_FINTEK,TODO,UNRESOLVED,,,,0,,,
CONFIG_SERIAL_8250_FOURPORT,TODO,UNRESOLVED,,,,0,,,
CONFIG_SERIAL_8250_FSL,TODO,UNRESOLVED,,,,0,,,
CONFIG_SERIAL_8250_HP300,TODO,UNRESOLVED,,,,0,,,
CONFIG_SERIAL_8250_HUB6,TODO,UNRESOLVED,,,,0,,,
CONFIG_SERIAL_8250_INGENIC,TODO,UNRESOLVED,,,,0,,,
CONFIG_SERIAL_8250_IOC3,TODO,UNRESOLVED,,,,0,,,
CONFIG_SERIAL_8250_LPC18XX,TODO,UNRESOLVED,,,,0,,,
CONFIG_SERIAL_8250_LPSS,TODO,UNRESOLVED,,,,0,,,
CONFIG_SERIAL_8250_MANY_PORTS,TODO,UNRESOLVED,,,,0,,,
CONFIG_SERIAL_8250_MEN_MCB,TODO,UNRESOLVED,,,,0,,,
CONFIG_SERIAL_8250_MID,TODO,UNRESOLVED,,,,0,,,
CONFIG_SERIAL_8250_MT6577,TODO,UNRESOLVED,,,,0,,,
CONFIG_SERIAL_8250_NI,TODO,UNRESOLVED,,,,0,,,
CONFIG_SERIAL_8250_NR_UARTS,TODO,UNRESOLVED,,,,0,,,
CONFIG_SERIAL_8250_OMAP,TODO,UNRESOLVED,,,,0,,,
CONFIG_SERIAL_8250_OMAP_TTYO_FIXUP,TODO,UNRESOLVED,,,,0,,,
CONFIG_SERIAL_8250_PARISC,TODO,UNRESOLVED,,,,0,,,
CONFIG_SERIAL_8250_PCI,TODO,UNRESOLVED,,,,0,,,
CONFIG_SERIAL_8250_PCI1XXXX,TODO,UNRESOLVED,,,,0,,,
CONFIG_SERIAL_8250_PCILIB,TODO,UNRESOLVED,,,,0,,,
CONFIG_SERIAL_8250_PERICOM,TODO,UNRESOLVED,,,,0,,,
CONFIG_SERIAL_8250_PNP,REVIEWED,TRANSITIVE,DOCUMENTED_PLATFORM,HYPERV,hyperv-platform-enumeration,1,Kconfig-enabled ACPI/platform closure in K-HOSTCHAN-001; not independently requested or claimed required.,https://github.com/microsoft/WSL2-Linux-Kernel/blob/14794180686c2fb6307fbe359c359bec765249f3/drivers/acpi/Kconfig,
CONFIG_SERIAL_8250_PXA,TODO,UNRESOLVED,,,,0,,,
CONFIG_SERIAL_8250_RSA,TODO,UNRESOLVED,,,,0,,,
CONFIG_SERIAL_8250_RT288X,TODO,UNRESOLVED,,,,0,,,
CONFIG_SERIAL_8250_RUNTIME_UARTS,TODO,UNRESOLVED,,,,0,,,
CONFIG_SERIAL_8250_SHARE_IRQ,TODO,UNRESOLVED,,,,0,,,
CONFIG_SERIAL_8250_TEGRA,TODO,UNRESOLVED,,,,0,,,
CONFIG_SERIAL_8250_UNIPHIER,TODO,UNRESOLVED,,,,0,,,
CONFIG_SERIAL_ALTERA_JTAGUART,TODO,UNRESOLVED,,,,0,,,
CONFIG_SERIAL_ALTERA_JTAGUART_CONSOLE,TODO,UNRESOLVED,,,,0,,,
CONFIG_SERIAL_ALTERA_JTAGUART_CONSOLE_BYPASS,TODO,UNRESOLVED,,,,0,,,
CONFIG_SERIAL_ALTERA_UART,TODO,UNRESOLVED,,,,0,,,
CONFIG_SERIAL_ALTERA_UART_BAUDRATE,TODO,UNRESOLVED,,,,0,,,
CONFIG_SERIAL_ALTERA_UART_CONSOLE,TODO,UNRESOLVED,,,,0,,,
CONFIG_SERIAL_ALTERA_UART_MAXPORTS,TODO,UNRESOLVED,,,,0,,,
CONFIG_SERIAL_AMBA_PL010,TODO,UNRESOLVED,,,,0,,,
CONFIG_SERIAL_AMBA_PL010_CONSOLE,TODO,UNRESOLVED,,,,0,,,
CONFIG_SERIAL_AMBA_PL011,TODO,UNRESOLVED,,,,0,,,
CONFIG_SERIAL_AMBA_PL011_CONSOLE,TODO,UNRESOLVED,,,,0,,,
CONFIG_SERIAL_AR933X,TODO,UNRESOLVED,,,,0,,,
CONFIG_SERIAL_AR933X_CONSOLE,TODO,UNRESOLVED,,,,0,,,
CONFIG_SERIAL_AR933X_NR_UARTS,TODO,UNRESOLVED,,,,0,,,
CONFIG_SERIAL_ARC,TODO,UNRESOLVED,,,,0,,,
CONFIG_SERIAL_ARC_CONSOLE,TODO,UNRESOLVED,,,,0,,,
CONFIG_SERIAL_ARC_NR_PORTS,TODO,UNRESOLVED,,,,0,,,
CONFIG_SERIAL_ATMEL,TODO,UNRESOLVED,,,,0,,,
CONFIG_SERIAL_ATMEL_CONSOLE,TODO,UNRESOLVED,,,,0,,,
CONFIG_SERIAL_ATMEL_PDC,TODO,UNRESOLVED,,,,0,,,
CONFIG_SERIAL_ATMEL_TTYAT,TODO,UNRESOLVED,,,,0,,,
CONFIG_SERIAL_BCM63XX,TODO,UNRESOLVED,,,,0,,,
CONFIG_SERIAL_BCM63XX_CONSOLE,TODO,UNRESOLVED,,,,0,,,
CONFIG_SERIAL_CLPS711X,TODO,UNRESOLVED,,,,0,,,
CONFIG_SERIAL_CLPS711X_CONSOLE,TODO,UNRESOLVED,,,,0,,,
CONFIG_SERIAL_CONEXANT_DIGICOLOR,TODO,UNRESOLVED,,,,0,,,
CONFIG_SERIAL_CONEXANT_DIGICOLOR_CONSOLE,TODO,UNRESOLVED,,,,0,,,
CONFIG_SERIAL_CORE,TODO,UNRESOLVED,,,,0,,,
CONFIG_SERIAL_CORE_CONSOLE,TODO,UNRESOLVED,,,,0,,,
CONFIG_SERIAL_CPM,TODO,UNRESOLVED,,,,0,,,
CONFIG_SERIAL_CPM_CONSOLE,TODO,UNRESOLVED,,,,0,,,
CONFIG_SERIAL_DEV_BUS,TODO,UNRESOLVED,,,,0,,,
CONFIG_SERIAL_DEV_CTRL_TTYPORT,TODO,UNRESOLVED,,,,0,,,
CONFIG_SERIAL_DZ,TODO,UNRESOLVED,,,,0,,,
CONFIG_SERIAL_DZ_CONSOLE,TODO,UNRESOLVED,,,,0,,,
CONFIG_SERIAL_EARLYCON,TODO,UNRESOLVED,,,,0,,,
CONFIG_SERIAL_EARLYCON_RISCV_SBI,TODO,UNRESOLVED,,,,0,,,
CONFIG_SERIAL_EARLYCON_SEMIHOST,TODO,UNRESOLVED,,,,0,,,
CONFIG_SERIAL_ESP32,TODO,UNRESOLVED,,,,0,,,
CONFIG_SERIAL_ESP32_ACM,TODO,UNRESOLVED,,,,0,,,
CONFIG_SERIAL_FSL_LINFLEXUART,TODO,UNRESOLVED,,,,0,,,
CONFIG_SERIAL_FSL_LINFLEXUART_CONSOLE,TODO,UNRESOLVED,,,,0,,,
CONFIG_SERIAL_FSL_LPUART,TODO,UNRESOLVED,,,,0,,,
CONFIG_SERIAL_FSL_LPUART_CONSOLE,TODO,UNRESOLVED,,,,0,,,
CONFIG_SERIAL_GRLIB_GAISLER_APBUART,TODO,UNRESOLVED,,,,0,,,
CONFIG_SERIAL_GRLIB_GAISLER_APBUART_CONSOLE,TODO,UNRESOLVED,,,,0,,,
CONFIG_SERIAL_HS_LPC32XX,TODO,UNRESOLVED,,,,0,,,
CONFIG_SERIAL_HS_LPC32XX_CONSOLE,TODO,UNRESOLVED,,,,0,,,
CONFIG_SERIAL_ICOM,TODO,UNRESOLVED,,,,0,,,
CONFIG_SERIAL_IMX,TODO,UNRESOLVED,,,,0,,,
CONFIG_SERIAL_IMX_CONSOLE,TODO,UNRESOLVED,,,,0,,,
CONFIG_SERIAL_IMX_EARLYCON,TODO,UNRESOLVED,,,,0,,,
CONFIG_SERIAL_IP22_ZILOG,TODO,UNRESOLVED,,,,0,,,
CONFIG_SERIAL_IP22_ZILOG_CONSOLE,TODO,UNRESOLVED,,,,0,,,
CONFIG_SERIAL_IPOCTAL,TODO,UNRESOLVED,,,,0,,,
CONFIG_SERIAL_JSM,TODO,UNRESOLVED,,,,0,,,
CONFIG_SERIAL_LANTIQ,TODO,UNRESOLVED,,,,0,,,
CONFIG_SERIAL_LANTIQ_CONSOLE,TODO,UNRESOLVED,,,,0,,,
CONFIG_SERIAL_LITEUART,TODO,UNRESOLVED,,,,0,,,
CONFIG_SERIAL_LITEUART_CONSOLE,TODO,UNRESOLVED,,,,0,,,
CONFIG_SERIAL_LITEUART_MAX_PORTS,TODO,UNRESOLVED,,,,0,,,
CONFIG_SERIAL_MAX3100,TODO,UNRESOLVED,,,,0,,,
CONFIG_SERIAL_MAX310X,TODO,UNRESOLVED,,,,0,,,
CONFIG_SERIAL_MCF,TODO,UNRESOLVED,,,,0,,,
CONFIG_SERIAL_MCF_BAUDRATE,TODO,UNRESOLVED,,,,0,,,
CONFIG_SERIAL_MCF_CONSOLE,TODO,UNRESOLVED,,,,0,,,
CONFIG_SERIAL_MCTRL_GPIO,TODO,UNRESOLVED,,,,0,,,
CONFIG_SERIAL_MEN_Z135,TODO,UNRESOLVED,,,,0,,,
CONFIG_SERIAL_MESON,TODO,UNRESOLVED,,,,0,,,
CONFIG_SERIAL_MESON_CONSOLE,TODO,UNRESOLVED,,,,0,,,
CONFIG_SERIAL_MILBEAUT_USIO,TODO,UNRESOLVED,,,,0,,,
CONFIG_SERIAL_MILBEAUT_USIO_CONSOLE,TODO,UNRESOLVED,,,,0,,,
CONFIG_SERIAL_MILBEAUT_USIO_PORTS,TODO,UNRESOLVED,,,,0,,,
CONFIG_SERIAL_MPC52xx,TODO,UNRESOLVED,,,,0,,,
CONFIG_SERIAL_MPC52xx_CONSOLE,TODO,UNRESOLVED,,,,0,,,
CONFIG_SERIAL_MPC52xx_CONSOLE_BAUD,TODO,UNRESOLVED,,,,0,,,
CONFIG_SERIAL_MPS2_UART,TODO,UNRESOLVED,,,,0,,,
CONFIG_SERIAL_MPS2_UART_CONSOLE,TODO,UNRESOLVED,,,,0,,,
CONFIG_SERIAL_MSM,TODO,UNRESOLVED,,,,0,,,
CONFIG_SERIAL_MSM_CONSOLE,TODO,UNRESOLVED,,,,0,,,
CONFIG_SERIAL_MULTI_INSTANTIATE,TODO,UNRESOLVED,,,,0,,,
CONFIG_SERIAL_MUX,TODO,UNRESOLVED,,,,0,,,
CONFIG_SERIAL_MUX_CONSOLE,TODO,UNRESOLVED,,,,0,,,
CONFIG_SERIAL_MVEBU_CONSOLE,TODO,UNRESOLVED,,,,0,,,
CONFIG_SERIAL_MVEBU_UART,TODO,UNRESOLVED,,,,0,,,
CONFIG_SERIAL_MXS_AUART,TODO,UNRESOLVED,,,,0,,,
CONFIG_SERIAL_MXS_AUART_CONSOLE,TODO,UNRESOLVED,,,,0,,,
CONFIG_SERIAL_NONSTANDARD,TODO,UNRESOLVED,,,,0,,,
CONFIG_SERIAL_NUVOTON_MA35D1,TODO,UNRESOLVED,,,,0,,,
CONFIG_SERIAL_NUVOTON_MA35D1_CONSOLE,TODO,UNRESOLVED,,,,0,,,
CONFIG_SERIAL_OF_PLATFORM,TODO,UNRESOLVED,,,,0,,,
CONFIG_SERIAL_OMAP,TODO,UNRESOLVED,,,,0,,,
CONFIG_SERIAL_OMAP_CONSOLE,TODO,UNRESOLVED,,,,0,,,
CONFIG_SERIAL_OWL,TODO,UNRESOLVED,,,,0,,,
CONFIG_SERIAL_OWL_CONSOLE,TODO,UNRESOLVED,,,,0,,,
CONFIG_SERIAL_PCH_UART,TODO,UNRESOLVED,,,,0,,,
CONFIG_SERIAL_PCH_UART_CONSOLE,TODO,UNRESOLVED,,,,0,,,
CONFIG_SERIAL_PIC32,TODO,UNRESOLVED,,,,0,,,
CONFIG_SERIAL_PIC32_CONSOLE,TODO,UNRESOLVED,,,,0,,,
CONFIG_SERIAL_PMACZILOG,TODO,UNRESOLVED,,,,0,,,
CONFIG_SERIAL_PMACZILOG_CONSOLE,TODO,UNRESOLVED,,,,0,,,
CONFIG_SERIAL_PMACZILOG_TTYS,TODO,UNRESOLVED,,,,0,,,
CONFIG_SERIAL_PXA,TODO,UNRESOLVED,,,,0,,,
CONFIG_SERIAL_PXA_CONSOLE,TODO,UNRESOLVED,,,,0,,,
CONFIG_SERIAL_PXA_NON8250,TODO,UNRESOLVED,,,,0,,,
CONFIG_SERIAL_QCOM_GENI,TODO,UNRESOLVED,,,,0,,,
CONFIG_SERIAL_QCOM_GENI_CONSOLE,TODO,UNRESOLVED,,,,0,,,
CONFIG_SERIAL_QCOM_GENI_UART_PORTS,TODO,UNRESOLVED,,,,0,,,
CONFIG_SERIAL_QE,TODO,UNRESOLVED,,,,0,,,
CONFIG_SERIAL_RDA,TODO,UNRESOLVED,,,,0,,,
CONFIG_SERIAL_RDA_CONSOLE,TODO,UNRESOLVED,,,,0,,,
CONFIG_SERIAL_RP2,TODO,UNRESOLVED,,,,0,,,
CONFIG_SERIAL_RP2_NR_UARTS,TODO,UNRESOLVED,,,,0,,,
CONFIG_SERIAL_RSCI,TODO,UNRESOLVED,,,,0,,,
CONFIG_SERIAL_SA1100,TODO,UNRESOLVED,,,,0,,,
CONFIG_SERIAL_SA1100_CONSOLE,TODO,UNRESOLVED,,,,0,,,
CONFIG_SERIAL_SAMSUNG,TODO,UNRESOLVED,,,,0,,,
CONFIG_SERIAL_SAMSUNG_CONSOLE,TODO,UNRESOLVED,,,,0,,,
CONFIG_SERIAL_SAMSUNG_UARTS,TODO,UNRESOLVED,,,,0,,,
CONFIG_SERIAL_SB1250_DUART,TODO,UNRESOLVED,,,,0,,,
CONFIG_SERIAL_SB1250_DUART_CONSOLE,TODO,UNRESOLVED,,,,0,,,
CONFIG_SERIAL_SC16IS7XX,TODO,UNRESOLVED,,,,0,,,
CONFIG_SERIAL_SC16IS7XX_I2C,TODO,UNRESOLVED,,,,0,,,
CONFIG_SERIAL_SC16IS7XX_SPI,TODO,UNRESOLVED,,,,0,,,
CONFIG_SERIAL_SCCNXP,TODO,UNRESOLVED,,,,0,,,
CONFIG_SERIAL_SCCNXP_CONSOLE,TODO,UNRESOLVED,,,,0,,,
CONFIG_SERIAL_SH_SCI,TODO,UNRESOLVED,,,,0,,,
CONFIG_SERIAL_SH_SCI_CONSOLE,TODO,UNRESOLVED,,,,0,,,
CONFIG_SERIAL_SH_SCI_DMA,TODO,UNRESOLVED,,,,0,,,
CONFIG_SERIAL_SH_SCI_EARLYCON,TODO,UNRESOLVED,,,,0,,,
CONFIG_SERIAL_SH_SCI_NR_UARTS,TODO,UNRESOLVED,,,,0,,,
CONFIG_SERIAL_SIFIVE,TODO,UNRESOLVED,,,,0,,,
CONFIG_SERIAL_SIFIVE_CONSOLE,TODO,UNRESOLVED,,,,0,,,
CONFIG_SERIAL_SPRD,TODO,UNRESOLVED,,,,0,,,
CONFIG_SERIAL_SPRD_CONSOLE,TODO,UNRESOLVED,,,,0,,,
CONFIG_SERIAL_STM32,TODO,UNRESOLVED,,,,0,,,
CONFIG_SERIAL_STM32_CONSOLE,TODO,UNRESOLVED,,,,0,,,
CONFIG_SERIAL_ST_ASC,TODO,UNRESOLVED,,,,0,,,
CONFIG_SERIAL_ST_ASC_CONSOLE,TODO,UNRESOLVED,,,,0,,,
CONFIG_SERIAL_SUNCORE,TODO,UNRESOLVED,,,,0,,,
CONFIG_SERIAL_SUNHV,TODO,UNRESOLVED,,,,0,,,
CONFIG_SERIAL_SUNPLUS,TODO,UNRESOLVED,,,,0,,,
CONFIG_SERIAL_SUNPLUS_CONSOLE,TODO,UNRESOLVED,,,,0,,,
CONFIG_SERIAL_SUNSAB,TODO,UNRESOLVED,,,,0,,,
CONFIG_SERIAL_SUNSAB_CONSOLE,TODO,UNRESOLVED,,,,0,,,
CONFIG_SERIAL_SUNSU,TODO,UNRESOLVED,,,,0,,,
CONFIG_SERIAL_SUNSU_CONSOLE,TODO,UNRESOLVED,,,,0,,,
CONFIG_SERIAL_SUNZILOG,TODO,UNRESOLVED,,,,0,,,
CONFIG_SERIAL_SUNZILOG_CONSOLE,TODO,UNRESOLVED,,,,0,,,
CONFIG_SERIAL_TEGRA,TODO,UNRESOLVED,,,,0,,,
CONFIG_SERIAL_TEGRA_TCU,TODO,UNRESOLVED,,,,0,,,
CONFIG_SERIAL_TEGRA_TCU_CONSOLE,TODO,UNRESOLVED,,,,0,,,
CONFIG_SERIAL_TEGRA_UTC,TODO,UNRESOLVED,,,,0,,,
CONFIG_SERIAL_TEGRA_UTC_CONSOLE,TODO,UNRESOLVED,,,,0,,,
CONFIG_SERIAL_TIMBERDALE,TODO,UNRESOLVED,,,,0,,,
CONFIG_SERIAL_TXX9,TODO,UNRESOLVED,,,,0,,,
CONFIG_SERIAL_TXX9_CONSOLE,TODO,UNRESOLVED,,,,0,,,
CONFIG_SERIAL_TXX9_NR_UARTS,TODO,UNRESOLVED,,,,0,,,
CONFIG_SERIAL_TXX9_STDSERIAL,TODO,UNRESOLVED,,,,0,,,
CONFIG_SERIAL_UARTLITE,TODO,UNRESOLVED,,,,0,,,
CONFIG_SERIAL_UARTLITE_CONSOLE,TODO,UNRESOLVED,,,,0,,,
CONFIG_SERIAL_UARTLITE_NR_UARTS,TODO,UNRESOLVED,,,,0,,,
CONFIG_SERIAL_VT8500,TODO,UNRESOLVED,,,,0,,,
CONFIG_SERIAL_VT8500_CONSOLE,TODO,UNRESOLVED,,,,0,,,
CONFIG_SERIAL_XILINX_PS_UART,TODO,UNRESOLVED,,,,0,,,
CONFIG_SERIAL_XILINX_PS_UART_CONSOLE,TODO,UNRESOLVED,,,,0,,,
CONFIG_SERIAL_ZS,TODO,UNRESOLVED,,,,0,,,
CONFIG_SERIAL_ZS_CONSOLE,TODO,UNRESOLVED,,,,0,,,
CONFIG_SERIO,TODO,UNRESOLVED,,,,0,,,
CONFIG_SERIO_ALTERA_PS2,TODO,UNRESOLVED,,,,0,,,
CONFIG_SERIO_AMBAKMI,TODO,UNRESOLVED,,,,0,,,
CONFIG_SERIO_AMS_DELTA,TODO,UNRESOLVED,,,,0,,,
CONFIG_SERIO_APBPS2,TODO,UNRESOLVED,,,,0,,,
CONFIG_SERIO_ARC_PS2,TODO,UNRESOLVED,,,,0,,,
CONFIG_SERIO_CT82C710,TODO,UNRESOLVED,,,,0,,,
CONFIG_SERIO_GPIO_PS2,TODO,UNRESOLVED,,,,0,,,
CONFIG_SERIO_GSCPS2,TODO,UNRESOLVED,,,,0,,,
CONFIG_SERIO_I8042,TODO,UNRESOLVED,,,,0,,,
CONFIG_SERIO_LIBPS2,TODO,UNRESOLVED,,,,0,,,
CONFIG_SERIO_MACEPS2,TODO,UNRESOLVED,,,,0,,,
CONFIG_SERIO_NVEC_PS2,TODO,UNRESOLVED,,,,0,,,
CONFIG_SERIO_OLPC_APSP,TODO,UNRESOLVED,,,,0,,,
CONFIG_SERIO_PARKBD,TODO,UNRESOLVED,,,,0,,,
CONFIG_SERIO_PCIPS2,TODO,UNRESOLVED,,,,0,,,
CONFIG_SERIO_PS2MULT,TODO,UNRESOLVED,,,,0,,,
CONFIG_SERIO_Q40KBD,TODO,UNRESOLVED,,,,0,,,
CONFIG_SERIO_RAW,TODO,UNRESOLVED,,,,0,,,
CONFIG_SERIO_RPCKBD,TODO,UNRESOLVED,,,,0,,,
CONFIG_SERIO_SA1111,TODO,UNRESOLVED,,,,0,,,
CONFIG_SERIO_SERPORT,TODO,UNRESOLVED,,,,0,,,
CONFIG_SERIO_SGI_IOC3,TODO,UNRESOLVED,,,,0,,,
CONFIG_SERIO_SUN4I_PS2,TODO,UNRESOLVED,,,,0,,,
CONFIG_SERIO_XILINX_XPS_PS2,TODO,UNRESOLVED,,,,0,,,
CONFIG_SEV_GUEST,TODO,UNRESOLVED,,,,0,,,
CONFIG_SFC,TODO,UNRESOLVED,,,,0,,,
CONFIG_SFC_FALCON,TODO,UNRESOLVED,,,,0,,,
CONFIG_SFC_FALCON_MTD,TODO,UNRESOLVED,,,,0,,,
CONFIG_SFC_MCDI_LOGGING,TODO,UNRESOLVED,,,,0,,,
CONFIG_SFC_MCDI_MON,TODO,UNRESOLVED,,,,0,,,
CONFIG_SFC_MTD,TODO,UNRESOLVED,,,,0,,,
CONFIG_SFC_SIENA,TODO,UNRESOLVED,,,,0,,,
CONFIG_SFC_SIENA_MCDI_LOGGING,TODO,UNRESOLVED,,,,0,,,
CONFIG_SFC_SIENA_MCDI_MON,TODO,UNRESOLVED,,,,0,,,
CONFIG_SFC_SIENA_MTD,TODO,UNRESOLVED,,,,0,,,
CONFIG_SFC_SIENA_SRIOV,TODO,UNRESOLVED,,,,0,,,
CONFIG_SFC_SRIOV,TODO,UNRESOLVED,,,,0,,,
CONFIG_SFP,TODO,UNRESOLVED,,,,0,,,
CONFIG_SF_PDMA,TODO,UNRESOLVED,,,,0,,,
CONFIG_SGETMASK_SYSCALL,TODO,UNRESOLVED,,,,0,,,
CONFIG_SGISEEQ,TODO,UNRESOLVED,,,,0,,,
CONFIG_SGIWD93_SCSI,TODO,UNRESOLVED,,,,0,,,
CONFIG_SGI_GRU,TODO,UNRESOLVED,,,,0,,,
CONFIG_SGI_GRU_DEBUG,TODO,UNRESOLVED,,,,0,,,
CONFIG_SGI_IOC3_ETH,TODO,UNRESOLVED,,,,0,,,
CONFIG_SGI_MFD_IOC3,TODO,UNRESOLVED,,,,0,,,
CONFIG_SGI_NEWPORT_CONSOLE,TODO,UNRESOLVED,,,,0,,,
CONFIG_SGI_O2MACE_ETH,TODO,UNRESOLVED,,,,0,,,
CONFIG_SGI_PARTITION,TODO,UNRESOLVED,,,,0,,,
CONFIG_SGI_XP,TODO,UNRESOLVED,,,,0,,,
CONFIG_SGL_ALLOC,TODO,UNRESOLVED,,,,0,,,
CONFIG_SG_POOL,TODO,UNRESOLVED,,,,0,,,
CONFIG_SG_SPLIT,TODO,UNRESOLVED,,,,0,,,
CONFIG_SHADOW_CALL_STACK,TODO,UNRESOLVED,,,,0,,,
CONFIG_SHMEM,TODO,UNRESOLVED,,,,0,,,
CONFIG_SHRINKER_DEBUG,TODO,UNRESOLVED,,,,0,,,
CONFIG_SHUFFLE_PAGE_ALLOCATOR,TODO,UNRESOLVED,,,,0,,,
CONFIG_SH_CPU_FREQ,TODO,UNRESOLVED,,,,0,,,
CONFIG_SH_DMAE,TODO,UNRESOLVED,,,,0,,,
CONFIG_SH_DMAE_BASE,TODO,UNRESOLVED,,,,0,,,
CONFIG_SH_ETH,TODO,UNRESOLVED,,,,0,,,
CONFIG_SH_TIMER_CMT,TODO,UNRESOLVED,,,,0,,,
CONFIG_SH_TIMER_MTU2,TODO,UNRESOLVED,,,,0,,,
CONFIG_SH_TIMER_TMU,TODO,UNRESOLVED,,,,0,,,
CONFIG_SH_WDT,TODO,UNRESOLVED,,,,0,,,
CONFIG_SI1133,TODO,UNRESOLVED,,,,0,,,
CONFIG_SI1145,TODO,UNRESOLVED,,,,0,,,
CONFIG_SI7005,TODO,UNRESOLVED,,,,0,,,
CONFIG_SI7020,TODO,UNRESOLVED,,,,0,,,
CONFIG_SI7210,TODO,UNRESOLVED,,,,0,,,
CONFIG_SIBYTE_WDOG,TODO,UNRESOLVED,,,,0,,,
CONFIG_SIEMENS_SIMATIC_IPC,TODO,UNRESOLVED,,,,0,,,
CONFIG_SIEMENS_SIMATIC_IPC_BATT,TODO,UNRESOLVED,,,,0,,,
CONFIG_SIEMENS_SIMATIC_IPC_BATT_APOLLOLAKE,TODO,UNRESOLVED,,,,0,,,
CONFIG_SIEMENS_SIMATIC_IPC_BATT_ELKHARTLAKE,TODO,UNRESOLVED,,,,0,,,
CONFIG_SIEMENS_SIMATIC_IPC_BATT_F7188X,TODO,UNRESOLVED,,,,0,,,
CONFIG_SIEMENS_SIMATIC_IPC_WDT,TODO,UNRESOLVED,,,,0,,,
CONFIG_SIFIVE_CCACHE,TODO,UNRESOLVED,,,,0,,,
CONFIG_SIFIVE_PLIC,TODO,UNRESOLVED,,,,0,,,
CONFIG_SIGNALFD,TODO,UNRESOLVED,,,,0,,,
CONFIG_SIGNATURE,TODO,UNRESOLVED,,,,0,,,
CONFIG_SIGNED_PE_FILE_VERIFICATION,TODO,UNRESOLVED,,,,0,,,
CONFIG_SILICOM_PLATFORM,TODO,UNRESOLVED,,,,0,,,
CONFIG_SIOX,TODO,UNRESOLVED,,,,0,,,
CONFIG_SIOX_BUS_GPIO,TODO,UNRESOLVED,,,,0,,,
CONFIG_SIPHASH_KUNIT_TEST,TODO,UNRESOLVED,,,,0,,,
CONFIG_SIS190,TODO,UNRESOLVED,,,,0,,,
CONFIG_SIS900,TODO,UNRESOLVED,,,,0,,,
CONFIG_SKB_DECRYPTED,TODO,UNRESOLVED,,,,0,,,
CONFIG_SKB_EXTENSIONS,TODO,UNRESOLVED,,,,0,,,
CONFIG_SKFP,TODO,UNRESOLVED,,,,0,,,
CONFIG_SKGE,TODO,UNRESOLVED,,,,0,,,
CONFIG_SKGE_DEBUG,TODO,UNRESOLVED,,,,0,,,
CONFIG_SKGE_GENESIS,TODO,UNRESOLVED,,,,0,,,
CONFIG_SKY2,TODO,UNRESOLVED,,,,0,,,
CONFIG_SKY2_DEBUG,TODO,UNRESOLVED,,,,0,,,
CONFIG_SL28CPLD_INTC,TODO,UNRESOLVED,,,,0,,,
CONFIG_SL28CPLD_WATCHDOG,TODO,UNRESOLVED,,,,0,,,
CONFIG_SLAB_BUCKETS,TODO,UNRESOLVED,,,,0,,,
CONFIG_SLAB_FREELIST_HARDENED,TODO,UNRESOLVED,,,,0,,,
CONFIG_SLAB_FREELIST_RANDOM,TODO,UNRESOLVED,,,,0,,,
CONFIG_SLAB_MERGE_DEFAULT,TODO,UNRESOLVED,,,,0,,,
CONFIG_SLAB_OBJ_EXT,TODO,UNRESOLVED,,,,0,,,
CONFIG_SLHC,TODO,UNRESOLVED,,,,0,,,
CONFIG_SLICOSS,TODO,UNRESOLVED,,,,0,,,
CONFIG_SLIC_DS26522,TODO,UNRESOLVED,,,,0,,,
CONFIG_SLIMBUS,TODO,UNRESOLVED,,,,0,,,
CONFIG_SLIM_QCOM_NGD_CTRL,TODO,UNRESOLVED,,,,0,,,
CONFIG_SLIP,TODO,UNRESOLVED,,,,0,,,
CONFIG_SLIP_COMPRESSED,TODO,UNRESOLVED,,,,0,,,
CONFIG_SLIP_MODE_SLIP6,TODO,UNRESOLVED,,,,0,,,
CONFIG_SLIP_SMART,TODO,UNRESOLVED,,,,0,,,
CONFIG_SLUB,TODO,UNRESOLVED,,,,0,,,
CONFIG_SLUB_CPU_PARTIAL,TODO,UNRESOLVED,,,,0,,,
CONFIG_SLUB_DEBUG,TODO,UNRESOLVED,,,,0,,,
CONFIG_SLUB_DEBUG_ON,TODO,UNRESOLVED,,,,0,,,
CONFIG_SLUB_KUNIT_TEST,TODO,UNRESOLVED,,,,0,,,
CONFIG_SLUB_RCU_DEBUG,TODO,UNRESOLVED,,,,0,,,
CONFIG_SLUB_STATS,TODO,UNRESOLVED,,,,0,,,
CONFIG_SLUB_TINY,TODO,UNRESOLVED,,,,0,,,
CONFIG_SMARTJOYPLUS_FF,TODO,UNRESOLVED,,,,0,,,
CONFIG_SMBFS,TODO,UNRESOLVED,,,,0,,,
CONFIG_SMB_SERVER,TODO,UNRESOLVED,,,,0,,,
CONFIG_SMB_SERVER_CHECK_CAP_NET_ADMIN,TODO,UNRESOLVED,,,,0,,,
CONFIG_SMB_SERVER_KERBEROS5,TODO,UNRESOLVED,,,,0,,,
CONFIG_SMB_SERVER_SMBDIRECT,TODO,UNRESOLVED,,,,0,,,
CONFIG_SMC,TODO,UNRESOLVED,,,,0,,,
CONFIG_SMC9194,TODO,UNRESOLVED,,,,0,,,
CONFIG_SMC91X,TODO,UNRESOLVED,,,,0,,,
CONFIG_SMC_DIAG,TODO,UNRESOLVED,,,,0,,,
CONFIG_SMI240,TODO,UNRESOLVED,,,,0,,,
CONFIG_SMP,TODO,UNRESOLVED,,,,0,,,
CONFIG_SMPRO_ERRMON,TODO,UNRESOLVED,,,,0,,,
CONFIG_SMPRO_MISC,TODO,UNRESOLVED,,,,0,,,
CONFIG_SMSC37B787_WDT,TODO,UNRESOLVED,,,,0,,,
CONFIG_SMSC911X,TODO,UNRESOLVED,,,,0,,,
CONFIG_SMSC911X_ARCH_HOOKS,TODO,UNRESOLVED,,,,0,,,
CONFIG_SMSC9420,TODO,UNRESOLVED,,,,0,,,
CONFIG_SMSC_PHY,TODO,UNRESOLVED,,,,0,,,
CONFIG_SMSC_SCH311X_WDT,TODO,UNRESOLVED,,,,0,,,
CONFIG_SMSGIUCV,TODO,UNRESOLVED,,,,0,,,
CONFIG_SMSGIUCV_EVENT,TODO,UNRESOLVED,,,,0,,,
CONFIG_SMS_SDIO_DRV,TODO,UNRESOLVED,,,,0,,,
CONFIG_SMS_SIANO_DEBUGFS,TODO,UNRESOLVED,,,,0,,,
CONFIG_SMS_SIANO_MDTV,TODO,UNRESOLVED,,,,0,,,
CONFIG_SMS_SIANO_RC,TODO,UNRESOLVED,,,,0,,,
CONFIG_SMS_USB_DRV,TODO,UNRESOLVED,,,,0,,,
CONFIG_SMT_NUM_THREADS_DYNAMIC,TODO,UNRESOLVED,,,,0,,,
CONFIG_SM_CAMCC_4450,TODO,UNRESOLVED,,,,0,,,
CONFIG_SM_CAMCC_6350,TODO,UNRESOLVED,,,,0,,,
CONFIG_SM_CAMCC_7150,TODO,UNRESOLVED,,,,0,,,
CONFIG_SM_CAMCC_8150,TODO,UNRESOLVED,,,,0,,,
CONFIG_SM_CAMCC_8250,TODO,UNRESOLVED,,,,0,,,
CONFIG_SM_CAMCC_8450,TODO,UNRESOLVED,,,,0,,,
CONFIG_SM_CAMCC_8550,TODO,UNRESOLVED,,,,0,,,
CONFIG_SM_CAMCC_8650,TODO,UNRESOLVED,,,,0,,,
CONFIG_SM_CAMCC_MILOS,TODO,UNRESOLVED,,,,0,,,
CONFIG_SM_DISPCC_4450,TODO,UNRESOLVED,,,,0,,,
CONFIG_SM_DISPCC_6115,TODO,UNRESOLVED,,,,0,,,
CONFIG_SM_DISPCC_6125,TODO,UNRESOLVED,,,,0,,,
CONFIG_SM_DISPCC_6350,TODO,UNRESOLVED,,,,0,,,
CONFIG_SM_DISPCC_6375,TODO,UNRESOLVED,,,,0,,,
CONFIG_SM_DISPCC_7150,TODO,UNRESOLVED,,,,0,,,
CONFIG_SM_DISPCC_8250,TODO,UNRESOLVED,,,,0,,,
CONFIG_SM_DISPCC_8450,TODO,UNRESOLVED,,,,0,,,
CONFIG_SM_DISPCC_8550,TODO,UNRESOLVED,,,,0,,,
CONFIG_SM_DISPCC_8750,TODO,UNRESOLVED,,,,0,,,
CONFIG_SM_DISPCC_MILOS,TODO,UNRESOLVED,,,,0,,,
CONFIG_SM_FTL,TODO,UNRESOLVED,,,,0,,,
CONFIG_SM_GCC_4450,TODO,UNRESOLVED,,,,0,,,
CONFIG_SM_GCC_6115,TODO,UNRESOLVED,,,,0,,,
CONFIG_SM_GCC_6125,TODO,UNRESOLVED,,,,0,,,
CONFIG_SM_GCC_6350,TODO,UNRESOLVED,,,,0,,,
CONFIG_SM_GCC_6375,TODO,UNRESOLVED,,,,0,,,
CONFIG_SM_GCC_7150,TODO,UNRESOLVED,,,,0,,,
CONFIG_SM_GCC_8150,TODO,UNRESOLVED,,,,0,,,
CONFIG_SM_GCC_8250,TODO,UNRESOLVED,,,,0,,,
CONFIG_SM_GCC_8350,TODO,UNRESOLVED,,,,0,,,
CONFIG_SM_GCC_8450,TODO,UNRESOLVED,,,,0,,,
CONFIG_SM_GCC_8550,TODO,UNRESOLVED,,,,0,,,
CONFIG_SM_GCC_8650,TODO,UNRESOLVED,,,,0,,,
CONFIG_SM_GCC_8750,TODO,UNRESOLVED,,,,0,,,
CONFIG_SM_GCC_MILOS,TODO,UNRESOLVED,,,,0,,,
CONFIG_SM_GPUCC_4450,TODO,UNRESOLVED,,,,0,,,
CONFIG_SM_GPUCC_6115,TODO,UNRESOLVED,,,,0,,,
CONFIG_SM_GPUCC_6125,TODO,UNRESOLVED,,,,0,,,
CONFIG_SM_GPUCC_6350,TODO,UNRESOLVED,,,,0,,,
CONFIG_SM_GPUCC_6375,TODO,UNRESOLVED,,,,0,,,
CONFIG_SM_GPUCC_8150,TODO,UNRESOLVED,,,,0,,,
CONFIG_SM_GPUCC_8250,TODO,UNRESOLVED,,,,0,,,
CONFIG_SM_GPUCC_8350,TODO,UNRESOLVED,,,,0,,,
CONFIG_SM_GPUCC_8450,TODO,UNRESOLVED,,,,0,,,
CONFIG_SM_GPUCC_8550,TODO,UNRESOLVED,,,,0,,,
CONFIG_SM_GPUCC_8650,TODO,UNRESOLVED,,,,0,,,
CONFIG_SM_GPUCC_MILOS,TODO,UNRESOLVED,,,,0,,,
CONFIG_SM_LPASSCC_6115,TODO,UNRESOLVED,,,,0,,,
CONFIG_SM_TCSRCC_8550,TODO,UNRESOLVED,,,,0,,,
CONFIG_SM_TCSRCC_8650,TODO,UNRESOLVED,,,,0,,,
CONFIG_SM_TCSRCC_8750,TODO,UNRESOLVED,,,,0,,,
CONFIG_SM_VIDEOCC_6350,TODO,UNRESOLVED,,,,0,,,
CONFIG_SM_VIDEOCC_7150,TODO,UNRESOLVED,,,,0,,,
CONFIG_SM_VIDEOCC_8150,TODO,UNRESOLVED,,,,0,,,
CONFIG_SM_VIDEOCC_8250,TODO,UNRESOLVED,,,,0,,,
CONFIG_SM_VIDEOCC_8350,TODO,UNRESOLVED,,,,0,,,
CONFIG_SM_VIDEOCC_8450,TODO,UNRESOLVED,,,,0,,,
CONFIG_SM_VIDEOCC_8550,TODO,UNRESOLVED,,,,0,,,
CONFIG_SM_VIDEOCC_MILOS,TODO,UNRESOLVED,,,,0,,,
CONFIG_SND,TODO,UNRESOLVED,,,,0,,,
CONFIG_SND_AC97_CODEC,TODO,UNRESOLVED,,,,0,,,
CONFIG_SND_AC97_POWER_SAVE,TODO,UNRESOLVED,,,,0,,,
CONFIG_SND_AC97_POWER_SAVE_DEFAULT,TODO,UNRESOLVED,,,,0,,,
CONFIG_SND_AD1816A,TODO,UNRESOLVED,,,,0,,,
CONFIG_SND_AD1848,TODO,UNRESOLVED,,,,0,,,
CONFIG_SND_AD1889,TODO,UNRESOLVED,,,,0,,,
CONFIG_SND_ADLIB,TODO,UNRESOLVED,,,,0,,,
CONFIG_SND_AICA,TODO,UNRESOLVED,,,,0,,,
CONFIG_SND_ALI5451,TODO,UNRESOLVED,,,,0,,,
CONFIG_SND_ALOOP,TODO,UNRESOLVED,,,,0,,,
CONFIG_SND_ALS100,TODO,UNRESOLVED,,,,0,,,
CONFIG_SND_ALS300,TODO,UNRESOLVED,,,,0,,,
CONFIG_SND_ALS4000,TODO,UNRESOLVED,,,,0,,,
CONFIG_SND_AMD_ACP_CONFIG,TODO,UNRESOLVED,,,,0,,,
CONFIG_SND_AMD_ASOC_ACP63,TODO,UNRESOLVED,,,,0,,,
CONFIG_SND_AMD_ASOC_ACP70,TODO,UNRESOLVED,,,,0,,,
CONFIG_SND_AMD_ASOC_REMBRANDT,TODO,UNRESOLVED,,,,0,,,
CONFIG_SND_AMD_ASOC_RENOIR,TODO,UNRESOLVED,,,,0,,,
CONFIG_SND_AMD_SOUNDWIRE_ACPI,TODO,UNRESOLVED,,,,0,,,
CONFIG_SND_AOA,TODO,UNRESOLVED,,,,0,,,
CONFIG_SND_AOA_FABRIC_LAYOUT,TODO,UNRESOLVED,,,,0,,,
CONFIG_SND_AOA_ONYX,TODO,UNRESOLVED,,,,0,,,
CONFIG_SND_AOA_SOUNDBUS,TODO,UNRESOLVED,,,,0,,,
CONFIG_SND_AOA_SOUNDBUS_I2S,TODO,UNRESOLVED,,,,0,,,
CONFIG_SND_AOA_TAS,TODO,UNRESOLVED,,,,0,,,
CONFIG_SND_AOA_TOONIE,TODO,UNRESOLVED,,,,0,,,
CONFIG_SND_ARM,TODO,UNRESOLVED,,,,0,,,
CONFIG_SND_ARMAACI,TODO,UNRESOLVED,,,,0,,,
CONFIG_SND_ASIHPI,TODO,UNRESOLVED,,,,0,,,
CONFIG_SND_AT73C213,TODO,UNRESOLVED,,,,0,,,
CONFIG_SND_AT73C213_TARGET_BITRATE,TODO,UNRESOLVED,,,,0,,,
CONFIG_SND_AT91_SOC_SAM9G20_WM8731,TODO,UNRESOLVED,,,,0,,,
CONFIG_SND_AT91_SOC_SAM9X5_WM8731,TODO,UNRESOLVED,,,,0,,,
CONFIG_SND_ATIIXP,TODO,UNRESOLVED,,,,0,,,
CONFIG_SND_ATIIXP_MODEM,TODO,UNRESOLVED,,,,0,,,
CONFIG_SND_ATMEL_AC97C,TODO,UNRESOLVED,,,,0,,,
CONFIG_SND_ATMEL_SOC_CLASSD,TODO,UNRESOLVED,,,,0,,,
CONFIG_SND_ATMEL_SOC_DMA,TODO,UNRESOLVED,,,,0,,,
CONFIG_SND_ATMEL_SOC_I2S,TODO,UNRESOLVED,,,,0,,,
CONFIG_SND_ATMEL_SOC_PDC,TODO,UNRESOLVED,,,,0,,,
CONFIG_SND_ATMEL_SOC_PDMIC,TODO,UNRESOLVED,,,,0,,,
CONFIG_SND_ATMEL_SOC_SSC,TODO,UNRESOLVED,,,,0,,,
CONFIG_SND_ATMEL_SOC_SSC_DMA,TODO,UNRESOLVED,,,,0,,,
CONFIG_SND_ATMEL_SOC_SSC_PDC,TODO,UNRESOLVED,,,,0,,,
CONFIG_SND_ATMEL_SOC_TSE850_PCM5142,TODO,UNRESOLVED,,,,0,,,
CONFIG_SND_ATMEL_SOC_WM8904,TODO,UNRESOLVED,,,,0,,,
CONFIG_SND_AU8810,TODO,UNRESOLVED,,,,0,,,
CONFIG_SND_AU8820,TODO,UNRESOLVED,,,,0,,,
CONFIG_SND_AU8830,TODO,UNRESOLVED,,,,0,,,
CONFIG_SND_AUDIO_GRAPH_CARD,TODO,UNRESOLVED,,,,0,,,
CONFIG_SND_AUDIO_GRAPH_CARD2,TODO,UNRESOLVED,,,,0,,,
CONFIG_SND_AUDIO_GRAPH_CARD2_CUSTOM_SAMPLE,TODO,UNRESOLVED,,,,0,,,
CONFIG_SND_AW2,TODO,UNRESOLVED,,,,0,,,
CONFIG_SND_AZT1605,TODO,UNRESOLVED,,,,0,,,
CONFIG_SND_AZT2316,TODO,UNRESOLVED,,,,0,,,
CONFIG_SND_AZT2320,TODO,UNRESOLVED,,,,0,,,
CONFIG_SND_AZT3328,TODO,UNRESOLVED,,,,0,,,
CONFIG_SND_BCD2000,TODO,UNRESOLVED,,,,0,,,
CONFIG_SND_BCM2835,TODO,UNRESOLVED,,,,0,,,
CONFIG_SND_BCM2835_SOC_I2S,TODO,UNRESOLVED,,,,0,,,
CONFIG_SND_BCM63XX_I2S_WHISTLER,TODO,UNRESOLVED,,,,0,,,
CONFIG_SND_BEBOB,TODO,UNRESOLVED,,,,0,,,
CONFIG_SND_BT87X,TODO,UNRESOLVED,,,,0,,,
CONFIG_SND_BT87X_OVERCLOCK,TODO,UNRESOLVED,,,,0,,,
CONFIG_SND_CA0106,TODO,UNRESOLVED,,,,0,,,
CONFIG_SND_CMI8328,TODO,UNRESOLVED,,,,0,,,
CONFIG_SND_CMI8330,TODO,UNRESOLVED,,,,0,,,
CONFIG_SND_CMIPCI,TODO,UNRESOLVED,,,,0,,,
CONFIG_SND_COMPRESS_ACCEL,TODO,UNRESOLVED,,,,0,,,
CONFIG_SND_COMPRESS_OFFLOAD,TODO,UNRESOLVED,,,,0,,,
CONFIG_SND_CORE_TEST,TODO,UNRESOLVED,,,,0,,,
CONFIG_SND_CS4231,TODO,UNRESOLVED,,,,0,,,
CONFIG_SND_CS4236,TODO,UNRESOLVED,,,,0,,,
CONFIG_SND_CS4281,TODO,UNRESOLVED,,,,0,,,
CONFIG_SND_CS46XX,TODO,UNRESOLVED,,,,0,,,
CONFIG_SND_CS46XX_NEW_DSP,TODO,UNRESOLVED,,,,0,,,
CONFIG_SND_CS5530,TODO,UNRESOLVED,,,,0,,,
CONFIG_SND_CS5535AUDIO,TODO,UNRESOLVED,,,,0,,,
CONFIG_SND_CTL_DEBUG,TODO,UNRESOLVED,,,,0,,,
CONFIG_SND_CTL_FAST_LOOKUP,TODO,UNRESOLVED,,,,0,,,
CONFIG_SND_CTL_INPUT_VALIDATION,TODO,UNRESOLVED,,,,0,,,
CONFIG_SND_CTL_LED,TODO,UNRESOLVED,,,,0,,,
CONFIG_SND_CTXFI,TODO,UNRESOLVED,,,,0,,,
CONFIG_SND_DARLA20,TODO,UNRESOLVED,,,,0,,,
CONFIG_SND_DARLA24,TODO,UNRESOLVED,,,,0,,,
CONFIG_SND_DEBUG,TODO,UNRESOLVED,,,,0,,,
CONFIG_SND_DEBUG_VERBOSE,TODO,UNRESOLVED,,,,0,,,
CONFIG_SND_DESIGNWARE_I2S,TODO,UNRESOLVED,,,,0,,,
CONFIG_SND_DESIGNWARE_PCM,TODO,UNRESOLVED,,,,0,,,
CONFIG_SND_DICE,TODO,UNRESOLVED,,,,0,,,
CONFIG_SND_DMAENGINE_PCM,TODO,UNRESOLVED,,,,0,,,
CONFIG_SND_DMA_SGBUF,TODO,UNRESOLVED,,,,0,,,
CONFIG_SND_DRIVERS,TODO,UNRESOLVED,,,,0,,,
CONFIG_SND_DUMMY,TODO,UNRESOLVED,,,,0,,,
CONFIG_SND_DYNAMIC_MINORS,TODO,UNRESOLVED,,,,0,,,
CONFIG_SND_ECHO3G,TODO,UNRESOLVED,,,,0,,,
CONFIG_SND_EMU10K1,TODO,UNRESOLVED,,,,0,,,
CONFIG_SND_EMU10K1X,TODO,UNRESOLVED,,,,0,,,
CONFIG_SND_EMU10K1_SEQ,TODO,UNRESOLVED,,,,0,,,
CONFIG_SND_ENS1370,TODO,UNRESOLVED,,,,0,,,
CONFIG_SND_ENS1371,TODO,UNRESOLVED,,,,0,,,
CONFIG_SND_EP93XX_SOC,TODO,UNRESOLVED,,,,0,,,
CONFIG_SND_EP93XX_SOC_I2S,TODO,UNRESOLVED,,,,0,,,
CONFIG_SND_EP93XX_SOC_I2S_WATCHDOG,TODO,UNRESOLVED,,,,0,,,
CONFIG_SND_ES1688,TODO,UNRESOLVED,,,,0,,,
CONFIG_SND_ES18XX,TODO,UNRESOLVED,,,,0,,,
CONFIG_SND_ES1938,TODO,UNRESOLVED,,,,0,,,
CONFIG_SND_ES1968,TODO,UNRESOLVED,,,,0,,,
CONFIG_SND_ES1968_INPUT,TODO,UNRESOLVED,,,,0,,,
CONFIG_SND_ES1968_RADIO,TODO,UNRESOLVED,,,,0,,,
CONFIG_SND_FIREFACE,TODO,UNRESOLVED,,,,0,,,
CONFIG_SND_FIREWIRE,TODO,UNRESOLVED,,,,0,,,
CONFIG_SND_FIREWIRE_DIGI00X,TODO,UNRESOLVED,,,,0,,,
CONFIG_SND_FIREWIRE_LIB,TODO,UNRESOLVED,,,,0,,,
CONFIG_SND_FIREWIRE_MOTU,TODO,UNRESOLVED,,,,0,,,
CONFIG_SND_FIREWIRE_TASCAM,TODO,UNRESOLVED,,,,0,,,
CONFIG_SND_FIREWORKS,TODO,UNRESOLVED,,,,0,,,
CONFIG_SND_FM801,TODO,UNRESOLVED,,,,0,,,
CONFIG_SND_FM801_TEA575X_BOOL,TODO,UNRESOLVED,,,,0,,,
CONFIG_SND_GINA20,TODO,UNRESOLVED,,,,0,,,
CONFIG_SND_GINA24,TODO,UNRESOLVED,,,,0,,,
CONFIG_SND_GSC,TODO,UNRESOLVED,,,,0,,,
CONFIG_SND_GUSCLASSIC,TODO,UNRESOLVED,,,,0,,,
CONFIG_SND_GUSEXTREME,TODO,UNRESOLVED,,,,0,,,
CONFIG_SND_GUSMAX,TODO,UNRESOLVED,,,,0,,,
CONFIG_SND_HARMONY,TODO,UNRESOLVED,,,,0,,,
CONFIG_SND_HDA,TODO,UNRESOLVED,,,,0,,,
CONFIG_SND_HDA_ACPI,TODO,UNRESOLVED,,,,0,,,
CONFIG_SND_HDA_ALIGNED_MMIO,TODO,UNRESOLVED,,,,0,,,
CONFIG_SND_HDA_CIRRUS_SCODEC,TODO,UNRESOLVED,,,,0,,,
CONFIG_SND_HDA_CIRRUS_SCODEC_KUNIT_TEST,TODO,UNRESOLVED,,,,0,,,
CONFIG_SND_HDA_CODEC_ALC260,TODO,UNRESOLVED,,,,0,,,
CONFIG_SND_HDA_CODEC_ALC262,TODO,UNRESOLVED,,,,0,,,
CONFIG_SND_HDA_CODEC_ALC268,TODO,UNRESOLVED,,,,0,,,
CONFIG_SND_HDA_CODEC_ALC269,TODO,UNRESOLVED,,,,0,,,
CONFIG_SND_HDA_CODEC_ALC662,TODO,UNRESOLVED,,,,0,,,
CONFIG_SND_HDA_CODEC_ALC680,TODO,UNRESOLVED,,,,0,,,
CONFIG_SND_HDA_CODEC_ALC861,TODO,UNRESOLVED,,,,0,,,
CONFIG_SND_HDA_CODEC_ALC861VD,TODO,UNRESOLVED,,,,0,,,
CONFIG_SND_HDA_CODEC_ALC880,TODO,UNRESOLVED,,,,0,,,
CONFIG_SND_HDA_CODEC_ALC882,TODO,UNRESOLVED,,,,0,,,
CONFIG_SND_HDA_CODEC_ANALOG,TODO,UNRESOLVED,,,,0,,,
CONFIG_SND_HDA_CODEC_CA0110,TODO,UNRESOLVED,,,,0,,,
CONFIG_SND_HDA_CODEC_CA0132,TODO,UNRESOLVED,,,,0,,,
CONFIG_SND_HDA_CODEC_CA0132_DSP,TODO,UNRESOLVED,,,,0,,,
CONFIG_SND_HDA_CODEC_CIRRUS,TODO,UNRESOLVED,,,,0,,,
CONFIG_SND_HDA_CODEC_CM9825,TODO,UNRESOLVED,,,,0,,,
CONFIG_SND_HDA_CODEC_CMEDIA,TODO,UNRESOLVED,,,,0,,,
CONFIG_SND_HDA_CODEC_CONEXANT,TODO,UNRESOLVED,,,,0,,,
CONFIG_SND_HDA_CODEC_CS420X,TODO,UNRESOLVED,,,,0,,,
CONFIG_SND_HDA_CODEC_CS421X,TODO,UNRESOLVED,,,,0,,,
CONFIG_SND_HDA_CODEC_CS8409,TODO,UNRESOLVED,,,,0,,,
CONFIG_SND_HDA_CODEC_HDMI,TODO,UNRESOLVED,,,,0,,,
CONFIG_SND_HDA_CODEC_HDMI_ATI,TODO,UNRESOLVED,,,,0,,,
CONFIG_SND_HDA_CODEC_HDMI_GENERIC,TODO,UNRESOLVED,,,,0,,,
CONFIG_SND_HDA_CODEC_HDMI_INTEL,TODO,UNRESOLVED,,,,0,,,
CONFIG_SND_HDA_CODEC_HDMI_NVIDIA,TODO,UNRESOLVED,,,,0,,,
CONFIG_SND_HDA_CODEC_HDMI_NVIDIA_MCP,TODO,UNRESOLVED,,,,0,,,
CONFIG_SND_HDA_CODEC_HDMI_SIMPLE,TODO,UNRESOLVED,,,,0,,,
CONFIG_SND_HDA_CODEC_HDMI_TEGRA,TODO,UNRESOLVED,,,,0,,,
CONFIG_SND_HDA_CODEC_REALTEK,TODO,UNRESOLVED,,,,0,,,
CONFIG_SND_HDA_CODEC_REALTEK_LIB,TODO,UNRESOLVED,,,,0,,,
CONFIG_SND_HDA_CODEC_SENARYTECH,TODO,UNRESOLVED,,,,0,,,
CONFIG_SND_HDA_CODEC_SI3054,TODO,UNRESOLVED,,,,0,,,
CONFIG_SND_HDA_CODEC_SIGMATEL,TODO,UNRESOLVED,,,,0,,,
CONFIG_SND_HDA_CODEC_VIA,TODO,UNRESOLVED,,,,0,,,
CONFIG_SND_HDA_COMPONENT,TODO,UNRESOLVED,,,,0,,,
CONFIG_SND_HDA_CORE,TODO,UNRESOLVED,,,,0,,,
CONFIG_SND_HDA_CTL_DEV_ID,TODO,UNRESOLVED,,,,0,,,
CONFIG_SND_HDA_DSP_LOADER,TODO,UNRESOLVED,,,,0,,,
CONFIG_SND_HDA_EXT_CORE,TODO,UNRESOLVED,,,,0,,,
CONFIG_SND_HDA_GENERIC,TODO,UNRESOLVED,,,,0,,,
CONFIG_SND_HDA_GENERIC_LEDS,TODO,UNRESOLVED,,,,0,,,
CONFIG_SND_HDA_HWDEP,TODO,UNRESOLVED,,,,0,,,
CONFIG_SND_HDA_I915,TODO,UNRESOLVED,,,,0,,,
CONFIG_SND_HDA_INPUT_BEEP,TODO,UNRESOLVED,,,,0,,,
CONFIG_SND_HDA_INPUT_BEEP_MODE,TODO,UNRESOLVED,,,,0,,,
CONFIG_SND_HDA_INTEL,TODO,UNRESOLVED,,,,0,,,
CONFIG_SND_HDA_INTEL_HDMI_SILENT_STREAM,TODO,UNRESOLVED,,,,0,,,
CONFIG_SND_HDA_PATCH_LOADER,TODO,UNRESOLVED,,,,0,,,
CONFIG_SND_HDA_POWER_SAVE_DEFAULT,TODO,UNRESOLVED,,,,0,,,
CONFIG_SND_HDA_PREALLOC_SIZE,TODO,UNRESOLVED,,,,0,,,
CONFIG_SND_HDA_RECONFIG,TODO,UNRESOLVED,,,,0,,,
CONFIG_SND_HDA_SCODEC_COMPONENT,TODO,UNRESOLVED,,,,0,,,
CONFIG_SND_HDA_SCODEC_CS35L41,TODO,UNRESOLVED,,,,0,,,
CONFIG_SND_HDA_SCODEC_CS35L41_I2C,TODO,UNRESOLVED,,,,0,,,
CONFIG_SND_HDA_SCODEC_CS35L41_SPI,TODO,UNRESOLVED,,,,0,,,
CONFIG_SND_HDA_SCODEC_CS35L56,TODO,UNRESOLVED,,,,0,,,
CONFIG_SND_HDA_SCODEC_CS35L56_I2C,TODO,UNRESOLVED,,,,0,,,
CONFIG_SND_HDA_SCODEC_CS35L56_SPI,TODO,UNRESOLVED,,,,0,,,
CONFIG_SND_HDA_SCODEC_TAS2781,TODO,UNRESOLVED,,,,0,,,
CONFIG_SND_HDA_SCODEC_TAS2781_I2C,TODO,UNRESOLVED,,,,0,,,
CONFIG_SND_HDA_SCODEC_TAS2781_SPI,TODO,UNRESOLVED,,,,0,,,
CONFIG_SND_HDA_TEGRA,TODO,UNRESOLVED,,,,0,,,
CONFIG_SND_HDSP,TODO,UNRESOLVED,,,,0,,,
CONFIG_SND_HDSPM,TODO,UNRESOLVED,,,,0,,,
CONFIG_SND_HRTIMER,TODO,UNRESOLVED,,,,0,,,
CONFIG_SND_HWDEP,TODO,UNRESOLVED,,,,0,,,
CONFIG_SND_I2S_HI6210_I2S,TODO,UNRESOLVED,,,,0,,,
CONFIG_SND_ICE1712,TODO,UNRESOLVED,,,,0,,,
CONFIG_SND_ICE1724,TODO,UNRESOLVED,,,,0,,,
CONFIG_SND_IMX_SOC,TODO,UNRESOLVED,,,,0,,,
CONFIG_SND_INDIGO,TODO,UNRESOLVED,,,,0,,,
CONFIG_SND_INDIGODJ,TODO,UNRESOLVED,,,,0,,,
CONFIG_SND_INDIGODJX,TODO,UNRESOLVED,,,,0,,,
CONFIG_SND_INDIGOIO,TODO,UNRESOLVED,,,,0,,,
CONFIG_SND_INDIGOIOX,TODO,UNRESOLVED,,,,0,,,
CONFIG_SND_INTEL8X0,TODO,UNRESOLVED,,,,0,,,
CONFIG_SND_INTEL8X0M,TODO,UNRESOLVED,,,,0,,,
CONFIG_SND_INTEL_BYT_PREFER_SOF,TODO,UNRESOLVED,,,,0,,,
CONFIG_SND_INTEL_DSP_CONFIG,TODO,UNRESOLVED,,,,0,,,
CONFIG_SND_INTEL_NHLT,TODO,UNRESOLVED,,,,0,,,
CONFIG_SND_INTEL_SOUNDWIRE_ACPI,TODO,UNRESOLVED,,,,0,,,
CONFIG_SND_INTERWAVE,TODO,UNRESOLVED,,,,0,,,
CONFIG_SND_INTERWAVE_STB,TODO,UNRESOLVED,,,,0,,,
CONFIG_SND_ISA,TODO,UNRESOLVED,,,,0,,,
CONFIG_SND_ISIGHT,TODO,UNRESOLVED,,,,0,,,
CONFIG_SND_JACK,TODO,UNRESOLVED,,,,0,,,
CONFIG_SND_JACK_INJECTION_DEBUG,TODO,UNRESOLVED,,,,0,,,
CONFIG_SND_JACK_INPUT_DEV,TODO,UNRESOLVED,,,,0,,,
CONFIG_SND_JAZZ16,TODO,UNRESOLVED,,,,0,,,
CONFIG_SND_JZ4740_SOC_I2S,TODO,UNRESOLVED,,,,0,,,
CONFIG_SND_KIRKWOOD_SOC,TODO,UNRESOLVED,,,,0,,,
CONFIG_SND_KIRKWOOD_SOC_ARMADA370_DB,TODO,UNRESOLVED,,,,0,,,
CONFIG_SND_KORG1212,TODO,UNRESOLVED,,,,0,,,
CONFIG_SND_LAYLA20,TODO,UNRESOLVED,,,,0,,,
CONFIG_SND_LAYLA24,TODO,UNRESOLVED,,,,0,,,
CONFIG_SND_LOLA,TODO,UNRESOLVED,,,,0,,,
CONFIG_SND_LOONGSON1_AC97,TODO,UNRESOLVED,,,,0,,,
CONFIG_SND_LX6464ES,TODO,UNRESOLVED,,,,0,,,
CONFIG_SND_MAESTRO3,TODO,UNRESOLVED,,,,0,,,
CONFIG_SND_MAESTRO3_INPUT,TODO,UNRESOLVED,,,,0,,,
CONFIG_SND_MAX_CARDS,TODO,UNRESOLVED,,,,0,,,
CONFIG_SND_MCHP_SOC_I2S_MCC,TODO,UNRESOLVED,,,,0,,,
CONFIG_SND_MCHP_SOC_PDMC,TODO,UNRESOLVED,,,,0,,,
CONFIG_SND_MCHP_SOC_SPDIFRX,TODO,UNRESOLVED,,,,0,,,
CONFIG_SND_MCHP_SOC_SPDIFTX,TODO,UNRESOLVED,,,,0,,,
CONFIG_SND_MESON_AIU,TODO,UNRESOLVED,,,,0,,,
CONFIG_SND_MESON_AXG_FIFO,TODO,UNRESOLVED,,,,0,,,
CONFIG_SND_MESON_AXG_FRDDR,TODO,UNRESOLVED,,,,0,,,
CONFIG_SND_MESON_AXG_PDM,TODO,UNRESOLVED,,,,0,,,
CONFIG_SND_MESON_AXG_SOUND_CARD,TODO,UNRESOLVED,,,,0,,,
CONFIG_SND_MESON_AXG_SPDIFIN,TODO,UNRESOLVED,,,,0,,,
CONFIG_SND_MESON_AXG_SPDIFOUT,TODO,UNRESOLVED,,,,0,,,
CONFIG_SND_MESON_AXG_TDMIN,TODO,UNRESOLVED,,,,0,,,
CONFIG_SND_MESON_AXG_TDMOUT,TODO,UNRESOLVED,,,,0,,,
CONFIG_SND_MESON_AXG_TDM_FORMATTER,TODO,UNRESOLVED,,,,0,,,
CONFIG_SND_MESON_AXG_TDM_INTERFACE,TODO,UNRESOLVED,,,,0,,,
CONFIG_SND_MESON_AXG_TODDR,TODO,UNRESOLVED,,,,0,,,
CONFIG_SND_MESON_CARD_UTILS,TODO,UNRESOLVED,,,,0,,,
CONFIG_SND_MESON_CODEC_GLUE,TODO,UNRESOLVED,,,,0,,,
CONFIG_SND_MESON_G12A_TOACODEC,TODO,UNRESOLVED,,,,0,,,
CONFIG_SND_MESON_G12A_TOHDMITX,TODO,UNRESOLVED,,,,0,,,
CONFIG_SND_MESON_GX_SOUND_CARD,TODO,UNRESOLVED,,,,0,,,
CONFIG_SND_MIA,TODO,UNRESOLVED,,,,0,,,
CONFIG_SND_MIPS,TODO,UNRESOLVED,,,,0,,,
CONFIG_SND_MIRO,TODO,UNRESOLVED,,,,0,,,
CONFIG_SND_MIXART,TODO,UNRESOLVED,,,,0,,,
CONFIG_SND_MIXER_OSS,TODO,UNRESOLVED,,,,0,,,
CONFIG_SND_MMP_SOC_SSPA,TODO,UNRESOLVED,,,,0,,,
CONFIG_SND_MONA,TODO,UNRESOLVED,,,,0,,,
CONFIG_SND_MPC52xx_DMA,TODO,UNRESOLVED,,,,0,,,
CONFIG_SND_MPC52xx_SOC_EFIKA,TODO,UNRESOLVED,,,,0,,,
CONFIG_SND_MPC52xx_SOC_PCM030,TODO,UNRESOLVED,,,,0,,,
CONFIG_SND_MPU401,TODO,UNRESOLVED,,,,0,,,
CONFIG_SND_MPU401_UART,TODO,UNRESOLVED,,,,0,,,
CONFIG_SND_MSND_CLASSIC,TODO,UNRESOLVED,,,,0,,,
CONFIG_SND_MSND_PINNACLE,TODO,UNRESOLVED,,,,0,,,
CONFIG_SND_MTPAV,TODO,UNRESOLVED,,,,0,,,
CONFIG_SND_MTS64,TODO,UNRESOLVED,,,,0,,,
CONFIG_SND_MXS_SOC,TODO,UNRESOLVED,,,,0,,,
CONFIG_SND_N64,TODO,UNRESOLVED,,,,0,,,
CONFIG_SND_NM256,TODO,UNRESOLVED,,,,0,,,
CONFIG_SND_OPL3SA2,TODO,UNRESOLVED,,,,0,,,
CONFIG_SND_OPL3_LIB,TODO,UNRESOLVED,,,,0,,,
CONFIG_SND_OPL3_LIB_SEQ,TODO,UNRESOLVED,,,,0,,,
CONFIG_SND_OPL4_LIB,TODO,UNRESOLVED,,,,0,,,
CONFIG_SND_OPL4_LIB_SEQ,TODO,UNRESOLVED,,,,0,,,
CONFIG_SND_OPTI92X_AD1848,TODO,UNRESOLVED,,,,0,,,
CONFIG_SND_OPTI92X_CS4231,TODO,UNRESOLVED,,,,0,,,
CONFIG_SND_OPTI93X,TODO,UNRESOLVED,,,,0,,,
CONFIG_SND_OSSEMUL,TODO,UNRESOLVED,,,,0,,,
CONFIG_SND_OXFW,TODO,UNRESOLVED,,,,0,,,
CONFIG_SND_OXYGEN,TODO,UNRESOLVED,,,,0,,,
CONFIG_SND_OXYGEN_LIB,TODO,UNRESOLVED,,,,0,,,
CONFIG_SND_PCI,TODO,UNRESOLVED,,,,0,,,
CONFIG_SND_PCM,TODO,UNRESOLVED,,,,0,,,
CONFIG_SND_PCMCIA,TODO,UNRESOLVED,,,,0,,,
CONFIG_SND_PCMTEST,TODO,UNRESOLVED,,,,0,,,
CONFIG_SND_PCM_ELD,TODO,UNRESOLVED,,,,0,,,
CONFIG_SND_PCM_IEC958,TODO,UNRESOLVED,,,,0,,,
CONFIG_SND_PCM_OSS,TODO,UNRESOLVED,,,,0,,,
CONFIG_SND_PCM_OSS_PLUGINS,TODO,UNRESOLVED,,,,0,,,
CONFIG_SND_PCM_TIMER,TODO,UNRESOLVED,,,,0,,,
CONFIG_SND_PCM_XRUN_DEBUG,TODO,UNRESOLVED,,,,0,,,
CONFIG_SND_PCSP,TODO,UNRESOLVED,,,,0,,,
CONFIG_SND_PCXHR,TODO,UNRESOLVED,,,,0,,,
CONFIG_SND_PDAUDIOCF,TODO,UNRESOLVED,,,,0,,,
CONFIG_SND_PORTMAN2X4,TODO,UNRESOLVED,,,,0,,,
CONFIG_SND_POWERMAC,TODO,UNRESOLVED,,,,0,,,
CONFIG_SND_POWERMAC_AUTO_DRC,TODO,UNRESOLVED,,,,0,,,
CONFIG_SND_POWERPC_SOC,TODO,UNRESOLVED,,,,0,,,
CONFIG_SND_PPC,TODO,UNRESOLVED,,,,0,,,
CONFIG_SND_PROC_FS,TODO,UNRESOLVED,,,,0,,,
CONFIG_SND_PS3,TODO,UNRESOLVED,,,,0,,,
CONFIG_SND_PS3_DEFAULT_START_DELAY,TODO,UNRESOLVED,,,,0,,,
CONFIG_SND_PXA2XX_AC97,TODO,UNRESOLVED,,,,0,,,
CONFIG_SND_PXA2XX_LIB,TODO,UNRESOLVED,,,,0,,,
CONFIG_SND_PXA2XX_LIB_AC97,TODO,UNRESOLVED,,,,0,,,
CONFIG_SND_PXA2XX_SOC,TODO,UNRESOLVED,,,,0,,,
CONFIG_SND_PXA2XX_SOC_AC97,TODO,UNRESOLVED,,,,0,,,
CONFIG_SND_PXA2XX_SOC_I2S,TODO,UNRESOLVED,,,,0,,,
CONFIG_SND_PXA2XX_SOC_SPITZ,TODO,UNRESOLVED,,,,0,,,
CONFIG_SND_PXA910_SOC,TODO,UNRESOLVED,,,,0,,,
CONFIG_SND_PXA_SOC_SSP,TODO,UNRESOLVED,,,,0,,,
CONFIG_SND_RAWMIDI,TODO,UNRESOLVED,,,,0,,,
CONFIG_SND_RIPTIDE,TODO,UNRESOLVED,,,,0,,,
CONFIG_SND_RME32,TODO,UNRESOLVED,,,,0,,,
CONFIG_SND_RME96,TODO,UNRESOLVED,,,,0,,,
CONFIG_SND_RME9652,TODO,UNRESOLVED,,,,0,,,
CONFIG_SND_SAMSUNG_I2S,TODO,UNRESOLVED,,,,0,,,
CONFIG_SND_SAMSUNG_PCM,TODO,UNRESOLVED,,,,0,,,
CONFIG_SND_SAMSUNG_SPDIF,TODO,UNRESOLVED,,,,0,,,
CONFIG_SND_SB16,TODO,UNRESOLVED,,,,0,,,
CONFIG_SND_SB16_CSP,TODO,UNRESOLVED,,,,0,,,
CONFIG_SND_SB16_DSP,TODO,UNRESOLVED,,,,0,,,
CONFIG_SND_SB8,TODO,UNRESOLVED,,,,0,,,
CONFIG_SND_SB8_DSP,TODO,UNRESOLVED,,,,0,,,
CONFIG_SND_SBAWE,TODO,UNRESOLVED,,,,0,,,
CONFIG_SND_SBAWE_SEQ,TODO,UNRESOLVED,,,,0,,,
CONFIG_SND_SB_COMMON,TODO,UNRESOLVED,,,,0,,,
CONFIG_SND_SC6000,TODO,UNRESOLVED,,,,0,,,
CONFIG_SND_SE6X,TODO,UNRESOLVED,,,,0,,,
CONFIG_SND_SEQUENCER,TODO,UNRESOLVED,,,,0,,,
CONFIG_SND_SEQUENCER_OSS,TODO,UNRESOLVED,,,,0,,,
CONFIG_SND_SEQ_DEVICE,TODO,UNRESOLVED,,,,0,,,
CONFIG_SND_SEQ_DUMMY,TODO,UNRESOLVED,,,,0,,,
CONFIG_SND_SEQ_HRTIMER_DEFAULT,TODO,UNRESOLVED,,,,0,,,
CONFIG_SND_SEQ_MIDI,TODO,UNRESOLVED,,,,0,,,
CONFIG_SND_SEQ_MIDI_EMUL,TODO,UNRESOLVED,,,,0,,,
CONFIG_SND_SEQ_MIDI_EVENT,TODO,UNRESOLVED,,,,0,,,
CONFIG_SND_SEQ_UMP,TODO,UNRESOLVED,,,,0,,,
CONFIG_SND_SEQ_UMP_CLIENT,TODO,UNRESOLVED,,,,0,,,
CONFIG_SND_SEQ_VIRMIDI,TODO,UNRESOLVED,,,,0,,,
CONFIG_SND_SERIAL_GENERIC,TODO,UNRESOLVED,,,,0,,,
CONFIG_SND_SERIAL_U16550,TODO,UNRESOLVED,,,,0,,,
CONFIG_SND_SGI_HAL2,TODO,UNRESOLVED,,,,0,,,
CONFIG_SND_SGI_O2,TODO,UNRESOLVED,,,,0,,,
CONFIG_SND_SH7760_AC97,TODO,UNRESOLVED,,,,0,,,
CONFIG_SND_SH_DAC_AUDIO,TODO,UNRESOLVED,,,,0,,,
CONFIG_SND_SIMPLE_CARD,TODO,UNRESOLVED,,,,0,,,
CONFIG_SND_SIMPLE_CARD_UTILS,TODO,UNRESOLVED,,,,0,,,
CONFIG_SND_SIS7019,TODO,UNRESOLVED,,,,0,,,
CONFIG_SND_SIU_MIGOR,TODO,UNRESOLVED,,,,0,,,
CONFIG_SND_SOC,TODO,UNRESOLVED,,,,0,,,
CONFIG_SND_SOC_88PM860X,TODO,UNRESOLVED,,,,0,,,
CONFIG_SND_SOC_AB8500_CODEC,TODO,UNRESOLVED,,,,0,,,
CONFIG_SND_SOC_AC97_BUS,TODO,UNRESOLVED,,,,0,,,
CONFIG_SND_SOC_AC97_CODEC,TODO,UNRESOLVED,,,,0,,,
CONFIG_SND_SOC_ACPI,TODO,UNRESOLVED,,,,0,,,
CONFIG_SND_SOC_ACPI_AMD_MATCH,TODO,UNRESOLVED,,,,0,,,
CONFIG_SND_SOC_ACPI_INTEL_MATCH,TODO,UNRESOLVED,,,,0,,,
CONFIG_SND_SOC_ACPI_INTEL_SDCA_QUIRKS,TODO,UNRESOLVED,,,,0,,,
CONFIG_SND_SOC_AD1836,TODO,UNRESOLVED,,,,0,,,
CONFIG_SND_SOC_AD193X,TODO,UNRESOLVED,,,,0,,,
CONFIG_SND_SOC_AD193X_I2C,TODO,UNRESOLVED,,,,0,,,
CONFIG_SND_SOC_AD193X_SPI,TODO,UNRESOLVED,,,,0,,,
CONFIG_SND_SOC_AD1980,TODO,UNRESOLVED,,,,0,,,
CONFIG_SND_SOC_AD73311,TODO,UNRESOLVED,,,,0,,,
CONFIG_SND_SOC_ADAU1372,TODO,UNRESOLVED,,,,0,,,
CONFIG_SND_SOC_ADAU1372_I2C,TODO,UNRESOLVED,,,,0,,,
CONFIG_SND_SOC_ADAU1372_SPI,TODO,UNRESOLVED,,,,0,,,
CONFIG_SND_SOC_ADAU1373,TODO,UNRESOLVED,,,,0,,,
CONFIG_SND_SOC_ADAU1701,TODO,UNRESOLVED,,,,0,,,
CONFIG_SND_SOC_ADAU1761,TODO,UNRESOLVED,,,,0,,,
CONFIG_SND_SOC_ADAU1761_I2C,TODO,UNRESOLVED,,,,0,,,
CONFIG_SND_SOC_ADAU1761_SPI,TODO,UNRESOLVED,,,,0,,,
CONFIG_SND_SOC_ADAU1781,TODO,UNRESOLVED,,,,0,,,
CONFIG_SND_SOC_ADAU1781_I2C,TODO,UNRESOLVED,,,,0,,,
CONFIG_SND_SOC_ADAU1781_SPI,TODO,UNRESOLVED,,,,0,,,
CONFIG_SND_SOC_ADAU17X1,TODO,UNRESOLVED,,,,0,,,
CONFIG_SND_SOC_ADAU1977,TODO,UNRESOLVED,,,,0,,,
CONFIG_SND_SOC_ADAU1977_I2C,TODO,UNRESOLVED,,,,0,,,
CONFIG_SND_SOC_ADAU1977_SPI,TODO,UNRESOLVED,,,,0,,,
CONFIG_SND_SOC_ADAU7002,TODO,UNRESOLVED,,,,0,,,
CONFIG_SND_SOC_ADAU7118,TODO,UNRESOLVED,,,,0,,,
CONFIG_SND_SOC_ADAU7118_HW,TODO,UNRESOLVED,,,,0,,,
CONFIG_SND_SOC_ADAU7118_I2C,TODO,UNRESOLVED,,,,0,,,
CONFIG_SND_SOC_ADAU_UTILS,TODO,UNRESOLVED,,,,0,,,
CONFIG_SND_SOC_ADAV801,TODO,UNRESOLVED,,,,0,,,
CONFIG_SND_SOC_ADAV803,TODO,UNRESOLVED,,,,0,,,
CONFIG_SND_SOC_ADAV80X,TODO,UNRESOLVED,,,,0,,,
CONFIG_SND_SOC_ADI_AXI_I2S,TODO,UNRESOLVED,,,,0,,,
CONFIG_SND_SOC_ADI_AXI_SPDIF,TODO,UNRESOLVED,,,,0,,,
CONFIG_SND_SOC_ADS117X,TODO,UNRESOLVED,,,,0,,,
CONFIG_SND_SOC_AK4104,TODO,UNRESOLVED,,,,0,,,
CONFIG_SND_SOC_AK4118,TODO,UNRESOLVED,,,,0,,,
CONFIG_SND_SOC_AK4375,TODO,UNRESOLVED,,,,0,,,
CONFIG_SND_SOC_AK4458,TODO,UNRESOLVED,,,,0,,,
CONFIG_SND_SOC_AK4535,TODO,UNRESOLVED,,,,0,,,
CONFIG_SND_SOC_AK4554,TODO,UNRESOLVED,,,,0,,,
CONFIG_SND_SOC_AK4613,TODO,UNRESOLVED,,,,0,,,
CONFIG_SND_SOC_AK4619,TODO,UNRESOLVED,,,,0,,,
CONFIG_SND_SOC_AK4641,TODO,UNRESOLVED,,,,0,,,
CONFIG_SND_SOC_AK4642,TODO,UNRESOLVED,,,,0,,,
CONFIG_SND_SOC_AK4671,TODO,UNRESOLVED,,,,0,,,
CONFIG_SND_SOC_AK5386,TODO,UNRESOLVED,,,,0,,,
CONFIG_SND_SOC_AK5558,TODO,UNRESOLVED,,,,0,,,
CONFIG_SND_SOC_ALC5623,TODO,UNRESOLVED,,,,0,,,
CONFIG_SND_SOC_ALC5632,TODO,UNRESOLVED,,,,0,,,
CONFIG_SND_SOC_ALL_CODECS,TODO,UNRESOLVED,,,,0,,,
CONFIG_SND_SOC_AMD_ACP,TODO,UNRESOLVED,,,,0,,,
CONFIG_SND_SOC_AMD_ACP3x,TODO,UNRESOLVED,,,,0,,,
CONFIG_SND_SOC_AMD_ACP5x,TODO,UNRESOLVED,,,,0,,,
CONFIG_SND_SOC_AMD_ACP63_TOPLEVEL,TODO,UNRESOLVED,,,,0,,,
CONFIG_SND_SOC_AMD_ACP6x,TODO,UNRESOLVED,,,,0,,,
CONFIG_SND_SOC_AMD_ACPI_MACH,TODO,UNRESOLVED,,,,0,,,
CONFIG_SND_SOC_AMD_ACP_COMMON,TODO,UNRESOLVED,,,,0,,,
CONFIG_SND_SOC_AMD_ACP_I2S,TODO,UNRESOLVED,,,,0,,,
CONFIG_SND_SOC_AMD_ACP_LEGACY_COMMON,TODO,UNRESOLVED,,,,0,,,
CONFIG_SND_SOC_AMD_ACP_PCI,TODO,UNRESOLVED,,,,0,,,
CONFIG_SND_SOC_AMD_ACP_PCM,TODO,UNRESOLVED,,,,0,,,
CONFIG_SND_SOC_AMD_ACP_PDM,TODO,UNRESOLVED,,,,0,,,
CONFIG_SND_SOC_AMD_CZ_DA7219MX98357_MACH,TODO,UNRESOLVED,,,,0,,,
CONFIG_SND_SOC_AMD_CZ_RT5645_MACH,TODO,UNRESOLVED,,,,0,,,
CONFIG_SND_SOC_AMD_LEGACY_MACH,TODO,UNRESOLVED,,,,0,,,
CONFIG_SND_SOC_AMD_LEGACY_SDW_MACH,TODO,UNRESOLVED,,,,0,,,
CONFIG_SND_SOC_AMD_MACH_COMMON,TODO,UNRESOLVED,,,,0,,,
CONFIG_SND_SOC_AMD_PS,TODO,UNRESOLVED,,,,0,,,
CONFIG_SND_SOC_AMD_PS_MACH,TODO,UNRESOLVED,,,,0,,,
CONFIG_SND_SOC_AMD_RENOIR,TODO,UNRESOLVED,,,,0,,,
CONFIG_SND_SOC_AMD_RENOIR_MACH,TODO,UNRESOLVED,,,,0,,,
CONFIG_SND_SOC_AMD_RPL_ACP6x,TODO,UNRESOLVED,,,,0,,,
CONFIG_SND_SOC_AMD_RV_RT5682_MACH,TODO,UNRESOLVED,,,,0,,,
CONFIG_SND_SOC_AMD_SDW_MACH_COMMON,TODO,UNRESOLVED,,,,0,,,
CONFIG_SND_SOC_AMD_SOF_MACH,TODO,UNRESOLVED,,,,0,,,
CONFIG_SND_SOC_AMD_SOF_SDW_MACH,TODO,UNRESOLVED,,,,0,,,
CONFIG_SND_SOC_AMD_SOUNDWIRE,TODO,UNRESOLVED,,,,0,,,
CONFIG_SND_SOC_AMD_SOUNDWIRE_LINK_BASELINE,TODO,UNRESOLVED,,,,0,,,
CONFIG_SND_SOC_AMD_ST_ES8336_MACH,TODO,UNRESOLVED,,,,0,,,
CONFIG_SND_SOC_AMD_VANGOGH_MACH,TODO,UNRESOLVED,,,,0,,,
CONFIG_SND_SOC_AMD_YC_MACH,TODO,UNRESOLVED,,,,0,,,
CONFIG_SND_SOC_APPLE_MCA,TODO,UNRESOLVED,,,,0,,,
CONFIG_SND_SOC_APQ8016_SBC,TODO,UNRESOLVED,,,,0,,,
CONFIG_SND_SOC_ARIZONA,TODO,UNRESOLVED,,,,0,,,
CONFIG_SND_SOC_ARNDALE,TODO,UNRESOLVED,,,,0,,,
CONFIG_SND_SOC_AU1XAC97C,TODO,UNRESOLVED,,,,0,,,
CONFIG_SND_SOC_AU1XAUDIO,TODO,UNRESOLVED,,,,0,,,
CONFIG_SND_SOC_AU1XI2SC,TODO,UNRESOLVED,,,,0,,,
CONFIG_SND_SOC_AU1XPSC,TODO,UNRESOLVED,,,,0,,,
CONFIG_SND_SOC_AU1XPSC_AC97,TODO,UNRESOLVED,,,,0,,,
CONFIG_SND_SOC_AU1XPSC_I2S,TODO,UNRESOLVED,,,,0,,,
CONFIG_SND_SOC_AUDIO_IIO_AUX,TODO,UNRESOLVED,,,,0,,,
CONFIG_SND_SOC_AW8738,TODO,UNRESOLVED,,,,0,,,
CONFIG_SND_SOC_AW87390,TODO,UNRESOLVED,,,,0,,,
CONFIG_SND_SOC_AW88081,TODO,UNRESOLVED,,,,0,,,
CONFIG_SND_SOC_AW88166,TODO,UNRESOLVED,,,,0,,,
CONFIG_SND_SOC_AW88261,TODO,UNRESOLVED,,,,0,,,
CONFIG_SND_SOC_AW88395,TODO,UNRESOLVED,,,,0,,,
CONFIG_SND_SOC_AW88395_LIB,TODO,UNRESOLVED,,,,0,,,
CONFIG_SND_SOC_AW88399,TODO,UNRESOLVED,,,,0,,,
CONFIG_SND_SOC_BD28623,TODO,UNRESOLVED,,,,0,,,
CONFIG_SND_SOC_BELLS,TODO,UNRESOLVED,,,,0,,,
CONFIG_SND_SOC_BT_SCO,TODO,UNRESOLVED,,,,0,,,
CONFIG_SND_SOC_CARD_KUNIT_TEST,TODO,UNRESOLVED,,,,0,,,
CONFIG_SND_SOC_CHV3_CODEC,TODO,UNRESOLVED,,,,0,,,
CONFIG_SND_SOC_CHV3_I2S,TODO,UNRESOLVED,,,,0,,,
CONFIG_SND_SOC_COMPRESS,TODO,UNRESOLVED,,,,0,,,
CONFIG_SND_SOC_CPCAP,TODO,UNRESOLVED,,,,0,,,
CONFIG_SND_SOC_CQ0093VC,TODO,UNRESOLVED,,,,0,,,
CONFIG_SND_SOC_CROS_EC_CODEC,TODO,UNRESOLVED,,,,0,,,
CONFIG_SND_SOC_CS35L32,TODO,UNRESOLVED,,,,0,,,
CONFIG_SND_SOC_CS35L33,TODO,UNRESOLVED,,,,0,,,
CONFIG_SND_SOC_CS35L34,TODO,UNRESOLVED,,,,0,,,
CONFIG_SND_SOC_CS35L35,TODO,UNRESOLVED,,,,0,,,
CONFIG_SND_SOC_CS35L36,TODO,UNRESOLVED,,,,0,,,
CONFIG_SND_SOC_CS35L41,TODO,UNRESOLVED,,,,0,,,
CONFIG_SND_SOC_CS35L41_I2C,TODO,UNRESOLVED,,,,0,,,
CONFIG_SND_SOC_CS35L41_LIB,TODO,UNRESOLVED,,,,0,,,
CONFIG_SND_SOC_CS35L41_SPI,TODO,UNRESOLVED,,,,0,,,
CONFIG_SND_SOC_CS35L45,TODO,UNRESOLVED,,,,0,,,
CONFIG_SND_SOC_CS35L45_I2C,TODO,UNRESOLVED,,,,0,,,
CONFIG_SND_SOC_CS35L45_SPI,TODO,UNRESOLVED,,,,0,,,
CONFIG_SND_SOC_CS35L56,TODO,UNRESOLVED,,,,0,,,
CONFIG_SND_SOC_CS35L56_I2C,TODO,UNRESOLVED,,,,0,,,
CONFIG_SND_SOC_CS35L56_SDW,TODO,UNRESOLVED,,,,0,,,
CONFIG_SND_SOC_CS35L56_SHARED,TODO,UNRESOLVED,,,,0,,,
CONFIG_SND_SOC_CS35L56_SPI,TODO,UNRESOLVED,,,,0,,,
CONFIG_SND_SOC_CS40L50,TODO,UNRESOLVED,,,,0,,,
CONFIG_SND_SOC_CS4234,TODO,UNRESOLVED,,,,0,,,
CONFIG_SND_SOC_CS4265,TODO,UNRESOLVED,,,,0,,,
CONFIG_SND_SOC_CS4270,TODO,UNRESOLVED,,,,0,,,
CONFIG_SND_SOC_CS4270_VD33_ERRATA,TODO,UNRESOLVED,,,,0,,,
CONFIG_SND_SOC_CS4271,TODO,UNRESOLVED,,,,0,,,
CONFIG_SND_SOC_CS4271_I2C,TODO,UNRESOLVED,,,,0,,,
CONFIG_SND_SOC_CS4271_SPI,TODO,UNRESOLVED,,,,0,,,
CONFIG_SND_SOC_CS42L42,TODO,UNRESOLVED,,,,0,,,
CONFIG_SND_SOC_CS42L42_CORE,TODO,UNRESOLVED,,,,0,,,
CONFIG_SND_SOC_CS42L42_SDW,TODO,UNRESOLVED,,,,0,,,
CONFIG_SND_SOC_CS42L43,TODO,UNRESOLVED,,,,0,,,
CONFIG_SND_SOC_CS42L43_SDW,TODO,UNRESOLVED,,,,0,,,
CONFIG_SND_SOC_CS42L51,TODO,UNRESOLVED,,,,0,,,
CONFIG_SND_SOC_CS42L51_I2C,TODO,UNRESOLVED,,,,0,,,
CONFIG_SND_SOC_CS42L52,TODO,UNRESOLVED,,,,0,,,
CONFIG_SND_SOC_CS42L56,TODO,UNRESOLVED,,,,0,,,
CONFIG_SND_SOC_CS42L73,TODO,UNRESOLVED,,,,0,,,
CONFIG_SND_SOC_CS42L83,TODO,UNRESOLVED,,,,0,,,
CONFIG_SND_SOC_CS42L84,TODO,UNRESOLVED,,,,0,,,
CONFIG_SND_SOC_CS42XX8,TODO,UNRESOLVED,,,,0,,,
CONFIG_SND_SOC_CS42XX8_I2C,TODO,UNRESOLVED,,,,0,,,
CONFIG_SND_SOC_CS43130,TODO,UNRESOLVED,,,,0,,,
CONFIG_SND_SOC_CS4341,TODO,UNRESOLVED,,,,0,,,
CONFIG_SND_SOC_CS4349,TODO,UNRESOLVED,,,,0,,,
CONFIG_SND_SOC_CS47L15,TODO,UNRESOLVED,,,,0,,,
CONFIG_SND_SOC_CS47L24,TODO,UNRESOLVED,,,,0,,,
CONFIG_SND_SOC_CS47L35,TODO,UNRESOLVED,,,,0,,,
CONFIG_SND_SOC_CS47L85,TODO,UNRESOLVED,,,,0,,,
CONFIG_SND_SOC_CS47L90,TODO,UNRESOLVED,,,,0,,,
CONFIG_SND_SOC_CS47L92,TODO,UNRESOLVED,,,,0,,,
CONFIG_SND_SOC_CS48L32,TODO,UNRESOLVED,,,,0,,,
CONFIG_SND_SOC_CS530X,TODO,UNRESOLVED,,,,0,,,
CONFIG_SND_SOC_CS530X_I2C,TODO,UNRESOLVED,,,,0,,,
CONFIG_SND_SOC_CS53L30,TODO,UNRESOLVED,,,,0,,,
CONFIG_SND_SOC_CS_AMP_LIB,TODO,UNRESOLVED,,,,0,,,
CONFIG_SND_SOC_CS_AMP_LIB_TEST,TODO,UNRESOLVED,,,,0,,,
CONFIG_SND_SOC_CX20442,TODO,UNRESOLVED,,,,0,,,
CONFIG_SND_SOC_CX2072X,TODO,UNRESOLVED,,,,0,,,
CONFIG_SND_SOC_CYGNUS,TODO,UNRESOLVED,,,,0,,,
CONFIG_SND_SOC_DA7210,TODO,UNRESOLVED,,,,0,,,
CONFIG_SND_SOC_DA7213,TODO,UNRESOLVED,,,,0,,,
CONFIG_SND_SOC_DA7218,TODO,UNRESOLVED,,,,0,,,
CONFIG_SND_SOC_DA7219,TODO,UNRESOLVED,,,,0,,,
CONFIG_SND_SOC_DA732X,TODO,UNRESOLVED,,,,0,,,
CONFIG_SND_SOC_DA9055,TODO,UNRESOLVED,,,,0,,,
CONFIG_SND_SOC_DAVINCI_ASP,TODO,UNRESOLVED,,,,0,,,
CONFIG_SND_SOC_DAVINCI_EVM,TODO,UNRESOLVED,,,,0,,,
CONFIG_SND_SOC_DAVINCI_MCASP,TODO,UNRESOLVED,,,,0,,,
CONFIG_SND_SOC_DB1000,TODO,UNRESOLVED,,,,0,,,
CONFIG_SND_SOC_DB1200,TODO,UNRESOLVED,,,,0,,,
CONFIG_SND_SOC_DMIC,TODO,UNRESOLVED,,,,0,,,
CONFIG_SND_SOC_ES7134,TODO,UNRESOLVED,,,,0,,,
CONFIG_SND_SOC_ES7241,TODO,UNRESOLVED,,,,0,,,
CONFIG_SND_SOC_ES8311,TODO,UNRESOLVED,,,,0,,,
CONFIG_SND_SOC_ES8316,TODO,UNRESOLVED,,,,0,,,
CONFIG_SND_SOC_ES8323,TODO,UNRESOLVED,,,,0,,,
CONFIG_SND_SOC_ES8326,TODO,UNRESOLVED,,,,0,,,
CONFIG_SND_SOC_ES8328,TODO,UNRESOLVED,,,,0,,,
CONFIG_SND_SOC_ES8328_I2C,TODO,UNRESOLVED,,,,0,,,
CONFIG_SND_SOC_ES8328_SPI,TODO,UNRESOLVED,,,,0,,,
CONFIG_SND_SOC_ES8375,TODO,UNRESOLVED,,,,0,,,
CONFIG_SND_SOC_ES8389,TODO,UNRESOLVED,,,,0,,,
CONFIG_SND_SOC_ES83XX_DSM_COMMON,TODO,UNRESOLVED,,,,0,,,
CONFIG_SND_SOC_EUKREA_TLV320,TODO,UNRESOLVED,,,,0,,,
CONFIG_SND_SOC_FRAMER,TODO,UNRESOLVED,,,,0,,,
CONFIG_SND_SOC_FS210X,TODO,UNRESOLVED,,,,0,,,
CONFIG_SND_SOC_FSL_ASOC_CARD,TODO,UNRESOLVED,,,,0,,,
CONFIG_SND_SOC_FSL_ASRC,TODO,UNRESOLVED,,,,0,,,
CONFIG_SND_SOC_FSL_AUD2HTX,TODO,UNRESOLVED,,,,0,,,
CONFIG_SND_SOC_FSL_AUDMIX,TODO,UNRESOLVED,,,,0,,,
CONFIG_SND_SOC_FSL_EASRC,TODO,UNRESOLVED,,,,0,,,
CONFIG_SND_SOC_FSL_ESAI,TODO,UNRESOLVED,,,,0,,,
CONFIG_SND_SOC_FSL_LPC3XXX,TODO,UNRESOLVED,,,,0,,,
CONFIG_SND_SOC_FSL_MICFIL,TODO,UNRESOLVED,,,,0,,,
CONFIG_SND_SOC_FSL_MQS,TODO,UNRESOLVED,,,,0,,,
CONFIG_SND_SOC_FSL_RPMSG,TODO,UNRESOLVED,,,,0,,,
CONFIG_SND_SOC_FSL_SAI,TODO,UNRESOLVED,,,,0,,,
CONFIG_SND_SOC_FSL_SPDIF,TODO,UNRESOLVED,,,,0,,,
CONFIG_SND_SOC_FSL_SSI,TODO,UNRESOLVED,,,,0,,,
CONFIG_SND_SOC_FSL_UTILS,TODO,UNRESOLVED,,,,0,,,
CONFIG_SND_SOC_FSL_XCVR,TODO,UNRESOLVED,,,,0,,,
CONFIG_SND_SOC_FS_AMP_LIB,TODO,UNRESOLVED,,,,0,,,
CONFIG_SND_SOC_GENERIC_DMAENGINE_PCM,TODO,UNRESOLVED,,,,0,,,
CONFIG_SND_SOC_GTM601,TODO,UNRESOLVED,,,,0,,,
CONFIG_SND_SOC_HDA,TODO,UNRESOLVED,,,,0,,,
CONFIG_SND_SOC_HDAC_HDA,TODO,UNRESOLVED,,,,0,,,
CONFIG_SND_SOC_HDAC_HDMI,TODO,UNRESOLVED,,,,0,,,
CONFIG_SND_SOC_HDMI_CODEC,TODO,UNRESOLVED,,,,0,,,
CONFIG_SND_SOC_I2C_AND_SPI,TODO,UNRESOLVED,,,,0,,,
CONFIG_SND_SOC_ICS43432,TODO,UNRESOLVED,,,,0,,,
CONFIG_SND_SOC_IDT821034,TODO,UNRESOLVED,,,,0,,,
CONFIG_SND_SOC_IMG_I2S_IN,TODO,UNRESOLVED,,,,0,,,
CONFIG_SND_SOC_IMG_I2S_OUT,TODO,UNRESOLVED,,,,0,,,
CONFIG_SND_SOC_IMG_PARALLEL_OUT,TODO,UNRESOLVED,,,,0,,,
CONFIG_SND_SOC_IMG_PISTACHIO_INTERNAL_DAC,TODO,UNRESOLVED,,,,0,,,
CONFIG_SND_SOC_IMG_SPDIF_IN,TODO,UNRESOLVED,,,,0,,,
CONFIG_SND_SOC_IMG_SPDIF_OUT,TODO,UNRESOLVED,,,,0,,,
CONFIG_SND_SOC_IMX_AUDIO_RPMSG,TODO,UNRESOLVED,,,,0,,,
CONFIG_SND_SOC_IMX_AUDMIX,TODO,UNRESOLVED,,,,0,,,
CONFIG_SND_SOC_IMX_AUDMUX,TODO,UNRESOLVED,,,,0,,,
CONFIG_SND_SOC_IMX_CARD,TODO,UNRESOLVED,,,,0,,,
CONFIG_SND_SOC_IMX_ES8328,TODO,UNRESOLVED,,,,0,,,
CONFIG_SND_SOC_IMX_HDMI,TODO,UNRESOLVED,,,,0,,,
CONFIG_SND_SOC_IMX_PCM_DMA,TODO,UNRESOLVED,,,,0,,,
CONFIG_SND_SOC_IMX_PCM_FIQ,TODO,UNRESOLVED,,,,0,,,
CONFIG_SND_SOC_IMX_PCM_RPMSG,TODO,UNRESOLVED,,,,0,,,
CONFIG_SND_SOC_IMX_RPMSG,TODO,UNRESOLVED,,,,0,,,
CONFIG_SND_SOC_IMX_SGTL5000,TODO,UNRESOLVED,,,,0,,,
CONFIG_SND_SOC_INNO_RK3036,TODO,UNRESOLVED,,,,0,,,
CONFIG_SND_SOC_INTEL_AVS,TODO,UNRESOLVED,,,,0,,,
CONFIG_SND_SOC_INTEL_AVS_CARDNAME_OBSOLETE,TODO,UNRESOLVED,,,,0,,,
CONFIG_SND_SOC_INTEL_AVS_MACH_DA7219,TODO,UNRESOLVED,,,,0,,,
CONFIG_SND_SOC_INTEL_AVS_MACH_DMIC,TODO,UNRESOLVED,,,,0,,,
CONFIG_SND_SOC_INTEL_AVS_MACH_ES8336,TODO,UNRESOLVED,,,,0,,,
CONFIG_SND_SOC_INTEL_AVS_MACH_HDAUDIO,TODO,UNRESOLVED,,,,0,,,
CONFIG_SND_SOC_INTEL_AVS_MACH_I2S_TEST,TODO,UNRESOLVED,,,,0,,,
CONFIG_SND_SOC_INTEL_AVS_MACH_MAX98357A,TODO,UNRESOLVED,,,,0,,,
CONFIG_SND_SOC_INTEL_AVS_MACH_MAX98373,TODO,UNRESOLVED,,,,0,,,
CONFIG_SND_SOC_INTEL_AVS_MACH_MAX98927,TODO,UNRESOLVED,,,,0,,,
CONFIG_SND_SOC_INTEL_AVS_MACH_NAU8825,TODO,UNRESOLVED,,,,0,,,
CONFIG_SND_SOC_INTEL_AVS_MACH_PCM3168A,TODO,UNRESOLVED,,,,0,,,
CONFIG_SND_SOC_INTEL_AVS_MACH_PROBE,TODO,UNRESOLVED,,,,0,,,
CONFIG_SND_SOC_INTEL_AVS_MACH_RT274,TODO,UNRESOLVED,,,,0,,,
CONFIG_SND_SOC_INTEL_AVS_MACH_RT286,TODO,UNRESOLVED,,,,0,,,
CONFIG_SND_SOC_INTEL_AVS_MACH_RT298,TODO,UNRESOLVED,,,,0,,,
CONFIG_SND_SOC_INTEL_AVS_MACH_RT5514,TODO,UNRESOLVED,,,,0,,,
CONFIG_SND_SOC_INTEL_AVS_MACH_RT5640,TODO,UNRESOLVED,,,,0,,,
CONFIG_SND_SOC_INTEL_AVS_MACH_RT5663,TODO,UNRESOLVED,,,,0,,,
CONFIG_SND_SOC_INTEL_AVS_MACH_RT5682,TODO,UNRESOLVED,,,,0,,,
CONFIG_SND_SOC_INTEL_AVS_MACH_SSM4567,TODO,UNRESOLVED,,,,0,,,
CONFIG_SND_SOC_INTEL_BDW_RT5650_MACH,TODO,UNRESOLVED,,,,0,,,
CONFIG_SND_SOC_INTEL_BDW_RT5677_MACH,TODO,UNRESOLVED,,,,0,,,
CONFIG_SND_SOC_INTEL_BROADWELL_MACH,TODO,UNRESOLVED,,,,0,,,
CONFIG_SND_SOC_INTEL_BYTCR_RT5640_MACH,TODO,UNRESOLVED,,,,0,,,
CONFIG_SND_SOC_INTEL_BYTCR_RT5651_MACH,TODO,UNRESOLVED,,,,0,,,
CONFIG_SND_SOC_INTEL_BYTCR_WM5102_MACH,TODO,UNRESOLVED,,,,0,,,
CONFIG_SND_SOC_INTEL_BYT_CHT_CX2072X_MACH,TODO,UNRESOLVED,,,,0,,,
CONFIG_SND_SOC_INTEL_BYT_CHT_DA7213_MACH,TODO,UNRESOLVED,,,,0,,,
CONFIG_SND_SOC_INTEL_BYT_CHT_ES8316_MACH,TODO,UNRESOLVED,,,,0,,,
CONFIG_SND_SOC_INTEL_BYT_CHT_NOCODEC_MACH,TODO,UNRESOLVED,,,,0,,,
CONFIG_SND_SOC_INTEL_CATPT,TODO,UNRESOLVED,,,,0,,,
CONFIG_SND_SOC_INTEL_CHT_BSW_MAX98090_TI_MACH,TODO,UNRESOLVED,,,,0,,,
CONFIG_SND_SOC_INTEL_CHT_BSW_NAU8824_MACH,TODO,UNRESOLVED,,,,0,,,
CONFIG_SND_SOC_INTEL_CHT_BSW_RT5645_MACH,TODO,UNRESOLVED,,,,0,,,
CONFIG_SND_SOC_INTEL_CHT_BSW_RT5672_MACH,TODO,UNRESOLVED,,,,0,,,
CONFIG_SND_SOC_INTEL_CML_LP_DA7219_MAX98357A_MACH,TODO,UNRESOLVED,,,,0,,,
CONFIG_SND_SOC_INTEL_EHL_RT5660_MACH,TODO,UNRESOLVED,,,,0,,,
CONFIG_SND_SOC_INTEL_GLK_DA7219_MAX98357A_MACH,TODO,UNRESOLVED,,,,0,,,
CONFIG_SND_SOC_INTEL_GLK_RT5682_MAX98357A_MACH,TODO,UNRESOLVED,,,,0,,,
CONFIG_SND_SOC_INTEL_HASWELL,TODO,UNRESOLVED,,,,0,,,
CONFIG_SND_SOC_INTEL_HASWELL_MACH,TODO,UNRESOLVED,,,,0,,,
CONFIG_SND_SOC_INTEL_HDA_DSP_COMMON,TODO,UNRESOLVED,,,,0,,,
CONFIG_SND_SOC_INTEL_KEEMBAY,TODO,UNRESOLVED,,,,0,,,
CONFIG_SND_SOC_INTEL_MACH,TODO,UNRESOLVED,,,,0,,,
CONFIG_SND_SOC_INTEL_SKL_HDA_DSP_GENERIC_MACH,TODO,UNRESOLVED,,,,0,,,
CONFIG_SND_SOC_INTEL_SOF_BOARD_HELPERS,TODO,UNRESOLVED,,,,0,,,
CONFIG_SND_SOC_INTEL_SOF_CIRRUS_COMMON,TODO,UNRESOLVED,,,,0,,,
CONFIG_SND_SOC_INTEL_SOF_CML_RT1011_RT5682_MACH,TODO,UNRESOLVED,,,,0,,,
CONFIG_SND_SOC_INTEL_SOF_CS42L42_MACH,TODO,UNRESOLVED,,,,0,,,
CONFIG_SND_SOC_INTEL_SOF_DA7219_MACH,TODO,UNRESOLVED,,,,0,,,
CONFIG_SND_SOC_INTEL_SOF_ES8336_MACH,TODO,UNRESOLVED,,,,0,,,
CONFIG_SND_SOC_INTEL_SOF_MAXIM_COMMON,TODO,UNRESOLVED,,,,0,,,
CONFIG_SND_SOC_INTEL_SOF_NAU8825_MACH,TODO,UNRESOLVED,,,,0,,,
CONFIG_SND_SOC_INTEL_SOF_NUVOTON_COMMON,TODO,UNRESOLVED,,,,0,,,
CONFIG_SND_SOC_INTEL_SOF_PCM512x_MACH,TODO,UNRESOLVED,,,,0,,,
CONFIG_SND_SOC_INTEL_SOF_REALTEK_COMMON,TODO,UNRESOLVED,,,,0,,,
CONFIG_SND_SOC_INTEL_SOF_RT5682_MACH,TODO,UNRESOLVED,,,,0,,,
CONFIG_SND_SOC_INTEL_SOF_SSP_AMP_MACH,TODO,UNRESOLVED,,,,0,,,
CONFIG_SND_SOC_INTEL_SOF_WM8804_MACH,TODO,UNRESOLVED,,,,0,,,
CONFIG_SND_SOC_INTEL_SOUNDWIRE_SOF_MACH,TODO,UNRESOLVED,,,,0,,,
CONFIG_SND_SOC_INTEL_SST_TOPLEVEL,TODO,UNRESOLVED,,,,0,,,
CONFIG_SND_SOC_INTEL_USER_FRIENDLY_LONG_NAMES,TODO,UNRESOLVED,,,,0,,,
CONFIG_SND_SOC_ISABELLE,TODO,UNRESOLVED,,,,0,,,
CONFIG_SND_SOC_J721E_EVM,TODO,UNRESOLVED,,,,0,,,
CONFIG_SND_SOC_JH7110_PWMDAC,TODO,UNRESOLVED,,,,0,,,
CONFIG_SND_SOC_JH7110_TDM,TODO,UNRESOLVED,,,,0,,,
CONFIG_SND_SOC_JZ4725B_CODEC,TODO,UNRESOLVED,,,,0,,,
CONFIG_SND_SOC_JZ4740_CODEC,TODO,UNRESOLVED,,,,0,,,
CONFIG_SND_SOC_JZ4760_CODEC,TODO,UNRESOLVED,,,,0,,,
CONFIG_SND_SOC_JZ4770_CODEC,TODO,UNRESOLVED,,,,0,,,
CONFIG_SND_SOC_LITTLEMILL,TODO,UNRESOLVED,,,,0,,,
CONFIG_SND_SOC_LM4857,TODO,UNRESOLVED,,,,0,,,
CONFIG_SND_SOC_LM49453,TODO,UNRESOLVED,,,,0,,,
CONFIG_SND_SOC_LOCHNAGAR_SC,TODO,UNRESOLVED,,,,0,,,
CONFIG_SND_SOC_LOONGSON_CARD,TODO,UNRESOLVED,,,,0,,,
CONFIG_SND_SOC_LOONGSON_I2S_PCI,TODO,UNRESOLVED,,,,0,,,
CONFIG_SND_SOC_LOONGSON_I2S_PLATFORM,TODO,UNRESOLVED,,,,0,,,
CONFIG_SND_SOC_LOWLAND,TODO,UNRESOLVED,,,,0,,,
CONFIG_SND_SOC_LPASS_APQ8016,TODO,UNRESOLVED,,,,0,,,
CONFIG_SND_SOC_LPASS_CDC_DMA,TODO,UNRESOLVED,,,,0,,,
CONFIG_SND_SOC_LPASS_CPU,TODO,UNRESOLVED,,,,0,,,
CONFIG_SND_SOC_LPASS_HDMI,TODO,UNRESOLVED,,,,0,,,
CONFIG_SND_SOC_LPASS_IPQ806X,TODO,UNRESOLVED,,,,0,,,
CONFIG_SND_SOC_LPASS_MACRO_COMMON,TODO,UNRESOLVED,,,,0,,,
CONFIG_SND_SOC_LPASS_PLATFORM,TODO,UNRESOLVED,,,,0,,,
CONFIG_SND_SOC_LPASS_RX_MACRO,TODO,UNRESOLVED,,,,0,,,
CONFIG_SND_SOC_LPASS_SC7180,TODO,UNRESOLVED,,,,0,,,
CONFIG_SND_SOC_LPASS_SC7280,TODO,UNRESOLVED,,,,0,,,
CONFIG_SND_SOC_LPASS_TX_MACRO,TODO,UNRESOLVED,,,,0,,,
CONFIG_SND_SOC_LPASS_VA_MACRO,TODO,UNRESOLVED,,,,0,,,
CONFIG_SND_SOC_LPASS_WSA_MACRO,TODO,UNRESOLVED,,,,0,,,
CONFIG_SND_SOC_MADERA,TODO,UNRESOLVED,,,,0,,,
CONFIG_SND_SOC_MAX9759,TODO,UNRESOLVED,,,,0,,,
CONFIG_SND_SOC_MAX9768,TODO,UNRESOLVED,,,,0,,,
CONFIG_SND_SOC_MAX98088,TODO,UNRESOLVED,,,,0,,,
CONFIG_SND_SOC_MAX98090,TODO,UNRESOLVED,,,,0,,,
CONFIG_SND_SOC_MAX98095,TODO,UNRESOLVED,,,,0,,,
CONFIG_SND_SOC_MAX98357A,TODO,UNRESOLVED,,,,0,,,
CONFIG_SND_SOC_MAX98363,TODO,UNRESOLVED,,,,0,,,
CONFIG_SND_SOC_MAX98371,TODO,UNRESOLVED,,,,0,,,
CONFIG_SND_SOC_MAX98373,TODO,UNRESOLVED,,,,0,,,
CONFIG_SND_SOC_MAX98373_I2C,TODO,UNRESOLVED,,,,0,,,
CONFIG_SND_SOC_MAX98373_SDW,TODO,UNRESOLVED,,,,0,,,
CONFIG_SND_SOC_MAX98388,TODO,UNRESOLVED,,,,0,,,
CONFIG_SND_SOC_MAX98390,TODO,UNRESOLVED,,,,0,,,
CONFIG_SND_SOC_MAX98396,TODO,UNRESOLVED,,,,0,,,
CONFIG_SND_SOC_MAX9850,TODO,UNRESOLVED,,,,0,,,
CONFIG_SND_SOC_MAX98504,TODO,UNRESOLVED,,,,0,,,
CONFIG_SND_SOC_MAX98520,TODO,UNRESOLVED,,,,0,,,
CONFIG_SND_SOC_MAX9860,TODO,UNRESOLVED,,,,0,,,
CONFIG_SND_SOC_MAX9867,TODO,UNRESOLVED,,,,0,,,
CONFIG_SND_SOC_MAX9877,TODO,UNRESOLVED,,,,0,,,
CONFIG_SND_SOC_MAX98925,TODO,UNRESOLVED,,,,0,,,
CONFIG_SND_SOC_MAX98926,TODO,UNRESOLVED,,,,0,,,
CONFIG_SND_SOC_MAX98927,TODO,UNRESOLVED,,,,0,,,
CONFIG_SND_SOC_MC13783,TODO,UNRESOLVED,,,,0,,,
CONFIG_SND_SOC_MEDIATEK,TODO,UNRESOLVED,,,,0,,,
CONFIG_SND_SOC_MESON_T9015,TODO,UNRESOLVED,,,,0,,,
CONFIG_SND_SOC_MIKROE_PROTO,TODO,UNRESOLVED,,,,0,,,
CONFIG_SND_SOC_ML26124,TODO,UNRESOLVED,,,,0,,,
CONFIG_SND_SOC_MPC5200_AC97,TODO,UNRESOLVED,,,,0,,,
CONFIG_SND_SOC_MPC5200_I2S,TODO,UNRESOLVED,,,,0,,,
CONFIG_SND_SOC_MSIOF,TODO,UNRESOLVED,,,,0,,,
CONFIG_SND_SOC_MSM8916_WCD_ANALOG,TODO,UNRESOLVED,,,,0,,,
CONFIG_SND_SOC_MSM8916_WCD_DIGITAL,TODO,UNRESOLVED,,,,0,,,
CONFIG_SND_SOC_MSM8996,TODO,UNRESOLVED,,,,0,,,
CONFIG_SND_SOC_MT2701,TODO,UNRESOLVED,,,,0,,,
CONFIG_SND_SOC_MT2701_CS42448,TODO,UNRESOLVED,,,,0,,,
CONFIG_SND_SOC_MT2701_WM8960,TODO,UNRESOLVED,,,,0,,,
CONFIG_SND_SOC_MT6351,TODO,UNRESOLVED,,,,0,,,
CONFIG_SND_SOC_MT6357,TODO,UNRESOLVED,,,,0,,,
CONFIG_SND_SOC_MT6358,TODO,UNRESOLVED,,,,0,,,
CONFIG_SND_SOC_MT6359,TODO,UNRESOLVED,,,,0,,,
CONFIG_SND_SOC_MT6359_ACCDET,TODO,UNRESOLVED,,,,0,,,
CONFIG_SND_SOC_MT6660,TODO,UNRESOLVED,,,,0,,,
CONFIG_SND_SOC_MT6797,TODO,UNRESOLVED,,,,0,,,
CONFIG_SND_SOC_MT6797_MT6351,TODO,UNRESOLVED,,,,0,,,
CONFIG_SND_SOC_MT7986,TODO,UNRESOLVED,,,,0,,,
CONFIG_SND_SOC_MT7986_WM8960,TODO,UNRESOLVED,,,,0,,,
CONFIG_SND_SOC_MT8173,TODO,UNRESOLVED,,,,0,,,
CONFIG_SND_SOC_MT8173_MAX98090,TODO,UNRESOLVED,,,,0,,,
CONFIG_SND_SOC_MT8173_RT5650,TODO,UNRESOLVED,,,,0,,,
CONFIG_SND_SOC_MT8173_RT5650_RT5514,TODO,UNRESOLVED,,,,0,,,
CONFIG_SND_SOC_MT8173_RT5650_RT5676,TODO,UNRESOLVED,,,,0,,,
CONFIG_SND_SOC_MT8183,TODO,UNRESOLVED,,,,0,,,
CONFIG_SND_SOC_MT8183_DA7219_MAX98357A,TODO,UNRESOLVED,,,,0,,,
CONFIG_SND_SOC_MT8183_MT6358_TS3A227E_MAX98357A,TODO,UNRESOLVED,,,,0,,,
CONFIG_SND_SOC_MT8186,TODO,UNRESOLVED,,,,0,,,
CONFIG_SND_SOC_MT8186_MT6366,TODO,UNRESOLVED,,,,0,,,
CONFIG_SND_SOC_MT8188,TODO,UNRESOLVED,,,,0,,,
CONFIG_SND_SOC_MT8188_MT6359,TODO,UNRESOLVED,,,,0,,,
CONFIG_SND_SOC_MT8192,TODO,UNRESOLVED,,,,0,,,
CONFIG_SND_SOC_MT8192_MT6359_RT1015_RT5682,TODO,UNRESOLVED,,,,0,,,
CONFIG_SND_SOC_MT8195,TODO,UNRESOLVED,,,,0,,,
CONFIG_SND_SOC_MT8195_MT6359,TODO,UNRESOLVED,,,,0,,,
CONFIG_SND_SOC_MT8365,TODO,UNRESOLVED,,,,0,,,
CONFIG_SND_SOC_MT8365_MT6357,TODO,UNRESOLVED,,,,0,,,
CONFIG_SND_SOC_MTK_BTCVSD,TODO,UNRESOLVED,,,,0,,,
CONFIG_SND_SOC_MXS_SGTL5000,TODO,UNRESOLVED,,,,0,,,
CONFIG_SND_SOC_NAU8315,TODO,UNRESOLVED,,,,0,,,
CONFIG_SND_SOC_NAU8325,TODO,UNRESOLVED,,,,0,,,
CONFIG_SND_SOC_NAU8540,TODO,UNRESOLVED,,,,0,,,
CONFIG_SND_SOC_NAU8810,TODO,UNRESOLVED,,,,0,,,
CONFIG_SND_SOC_NAU8821,TODO,UNRESOLVED,,,,0,,,
CONFIG_SND_SOC_NAU8822,TODO,UNRESOLVED,,,,0,,,
CONFIG_SND_SOC_NAU8824,TODO,UNRESOLVED,,,,0,,,
CONFIG_SND_SOC_NAU8825,TODO,UNRESOLVED,,,,0,,,
CONFIG_SND_SOC_NOKIA_N810,TODO,UNRESOLVED,,,,0,,,
CONFIG_SND_SOC_NOKIA_RX51,TODO,UNRESOLVED,,,,0,,,
CONFIG_SND_SOC_NTP8835,TODO,UNRESOLVED,,,,0,,,
CONFIG_SND_SOC_NTP8918,TODO,UNRESOLVED,,,,0,,,
CONFIG_SND_SOC_NTPFW,TODO,UNRESOLVED,,,,0,,,
CONFIG_SND_SOC_ODROID,TODO,UNRESOLVED,,,,0,,,
CONFIG_SND_SOC_OMAP3_PANDORA,TODO,UNRESOLVED,,,,0,,,
CONFIG_SND_SOC_OMAP3_TWL4030,TODO,UNRESOLVED,,,,0,,,
CONFIG_SND_SOC_OMAP_ABE_TWL6040,TODO,UNRESOLVED,,,,0,,,
CONFIG_SND_SOC_OMAP_AMS_DELTA,TODO,UNRESOLVED,,,,0,,,
CONFIG_SND_SOC_OMAP_DMIC,TODO,UNRESOLVED,,,,0,,,
CONFIG_SND_SOC_OMAP_HDMI,TODO,UNRESOLVED,,,,0,,,
CONFIG_SND_SOC_OMAP_MCBSP,TODO,UNRESOLVED,,,,0,,,
CONFIG_SND_SOC_OMAP_MCPDM,TODO,UNRESOLVED,,,,0,,,
CONFIG_SND_SOC_OMAP_OSK5912,TODO,UNRESOLVED,,,,0,,,
CONFIG_SND_SOC_OPS_KUNIT_TEST,TODO,UNRESOLVED,,,,0,,,
CONFIG_SND_SOC_P1022_DS,TODO,UNRESOLVED,,,,0,,,
CONFIG_SND_SOC_P1022_RDK,TODO,UNRESOLVED,,,,0,,,
CONFIG_SND_SOC_PCM1681,TODO,UNRESOLVED,,,,0,,,
CONFIG_SND_SOC_PCM1754,TODO,UNRESOLVED,,,,0,,,
CONFIG_SND_SOC_PCM1789,TODO,UNRESOLVED,,,,0,,,
CONFIG_SND_SOC_PCM1789_I2C,TODO,UNRESOLVED,,,,0,,,
CONFIG_SND_SOC_PCM179X,TODO,UNRESOLVED,,,,0,,,
CONFIG_SND_SOC_PCM179X_I2C,TODO,UNRESOLVED,,,,0,,,
CONFIG_SND_SOC_PCM179X_SPI,TODO,UNRESOLVED,,,,0,,,
CONFIG_SND_SOC_PCM186X,TODO,UNRESOLVED,,,,0,,,
CONFIG_SND_SOC_PCM186X_I2C,TODO,UNRESOLVED,,,,0,,,
CONFIG_SND_SOC_PCM186X_SPI,TODO,UNRESOLVED,,,,0,,,
CONFIG_SND_SOC_PCM3008,TODO,UNRESOLVED,,,,0,,,
CONFIG_SND_SOC_PCM3060,TODO,UNRESOLVED,,,,0,,,
CONFIG_SND_SOC_PCM3060_I2C,TODO,UNRESOLVED,,,,0,,,
CONFIG_SND_SOC_PCM3060_SPI,TODO,UNRESOLVED,,,,0,,,
CONFIG_SND_SOC_PCM3168A,TODO,UNRESOLVED,,,,0,,,
CONFIG_SND_SOC_PCM3168A_I2C,TODO,UNRESOLVED,,,,0,,,
CONFIG_SND_SOC_PCM3168A_SPI,TODO,UNRESOLVED,,,,0,,,
CONFIG_SND_SOC_PCM5102A,TODO,UNRESOLVED,,,,0,,,
CONFIG_SND_SOC_PCM512x,TODO,UNRESOLVED,,,,0,,,
CONFIG_SND_SOC_PCM512x_I2C,TODO,UNRESOLVED,,,,0,,,
CONFIG_SND_SOC_PCM512x_SPI,TODO,UNRESOLVED,,,,0,,,
CONFIG_SND_SOC_PCM6240,TODO,UNRESOLVED,,,,0,,,
CONFIG_SND_SOC_PCM_SH7760,TODO,UNRESOLVED,,,,0,,,
CONFIG_SND_SOC_PEB2466,TODO,UNRESOLVED,,,,0,,,
CONFIG_SND_SOC_PM4125,TODO,UNRESOLVED,,,,0,,,
CONFIG_SND_SOC_PM4125_SDW,TODO,UNRESOLVED,,,,0,,,
CONFIG_SND_SOC_POWERPC_DMA,TODO,UNRESOLVED,,,,0,,,
CONFIG_SND_SOC_POWERPC_QMC_AUDIO,TODO,UNRESOLVED,,,,0,,,
CONFIG_SND_SOC_QCOM,TODO,UNRESOLVED,,,,0,,,
CONFIG_SND_SOC_QCOM_COMMON,TODO,UNRESOLVED,,,,0,,,
CONFIG_SND_SOC_QCOM_OFFLOAD_UTILS,TODO,UNRESOLVED,,,,0,,,
CONFIG_SND_SOC_QCOM_SDW,TODO,UNRESOLVED,,,,0,,,
CONFIG_SND_SOC_QDSP6,TODO,UNRESOLVED,,,,0,,,
CONFIG_SND_SOC_QDSP6_ADM,TODO,UNRESOLVED,,,,0,,,
CONFIG_SND_SOC_QDSP6_AFE,TODO,UNRESOLVED,,,,0,,,
CONFIG_SND_SOC_QDSP6_AFE_CLOCKS,TODO,UNRESOLVED,,,,0,,,
CONFIG_SND_SOC_QDSP6_AFE_DAI,TODO,UNRESOLVED,,,,0,,,
CONFIG_SND_SOC_QDSP6_APM,TODO,UNRESOLVED,,,,0,,,
CONFIG_SND_SOC_QDSP6_APM_DAI,TODO,UNRESOLVED,,,,0,,,
CONFIG_SND_SOC_QDSP6_APM_LPASS_DAI,TODO,UNRESOLVED,,,,0,,,
CONFIG_SND_SOC_QDSP6_ASM,TODO,UNRESOLVED,,,,0,,,
CONFIG_SND_SOC_QDSP6_ASM_DAI,TODO,UNRESOLVED,,,,0,,,
CONFIG_SND_SOC_QDSP6_COMMON,TODO,UNRESOLVED,,,,0,,,
CONFIG_SND_SOC_QDSP6_CORE,TODO,UNRESOLVED,,,,0,,,
CONFIG_SND_SOC_QDSP6_PRM,TODO,UNRESOLVED,,,,0,,,
CONFIG_SND_SOC_QDSP6_PRM_LPASS_CLOCKS,TODO,UNRESOLVED,,,,0,,,
CONFIG_SND_SOC_QDSP6_ROUTING,TODO,UNRESOLVED,,,,0,,,
CONFIG_SND_SOC_QDSP6_USB,TODO,UNRESOLVED,,,,0,,,
CONFIG_SND_SOC_RCAR,TODO,UNRESOLVED,,,,0,,,
CONFIG_SND_SOC_RK3288_HDMI_ANALOG,TODO,UNRESOLVED,,,,0,,,
CONFIG_SND_SOC_RK3308,TODO,UNRESOLVED,,,,0,,,
CONFIG_SND_SOC_RK3328,TODO,UNRESOLVED,,,,0,,,
CONFIG_SND_SOC_RK3399_GRU_SOUND,TODO,UNRESOLVED,,,,0,,,
CONFIG_SND_SOC_RK817,TODO,UNRESOLVED,,,,0,,,
CONFIG_SND_SOC_RL6231,TODO,UNRESOLVED,,,,0,,,
CONFIG_SND_SOC_RL6347A,TODO,UNRESOLVED,,,,0,,,
CONFIG_SND_SOC_ROCKCHIP_I2S,TODO,UNRESOLVED,,,,0,,,
CONFIG_SND_SOC_ROCKCHIP_I2S_TDM,TODO,UNRESOLVED,,,,0,,,
CONFIG_SND_SOC_ROCKCHIP_MAX98090,TODO,UNRESOLVED,,,,0,,,
CONFIG_SND_SOC_ROCKCHIP_PDM,TODO,UNRESOLVED,,,,0,,,
CONFIG_SND_SOC_ROCKCHIP_RT5645,TODO,UNRESOLVED,,,,0,,,
CONFIG_SND_SOC_ROCKCHIP_SAI,TODO,UNRESOLVED,,,,0,,,
CONFIG_SND_SOC_ROCKCHIP_SPDIF,TODO,UNRESOLVED,,,,0,,,
CONFIG_SND_SOC_RT1011,TODO,UNRESOLVED,,,,0,,,
CONFIG_SND_SOC_RT1015,TODO,UNRESOLVED,,,,0,,,
CONFIG_SND_SOC_RT1015P,TODO,UNRESOLVED,,,,0,,,
CONFIG_SND_SOC_RT1016,TODO,UNRESOLVED,,,,0,,,
CONFIG_SND_SOC_RT1017_SDCA_SDW,TODO,UNRESOLVED,,,,0,,,
CONFIG_SND_SOC_RT1019,TODO,UNRESOLVED,,,,0,,,
CONFIG_SND_SOC_RT1305,TODO,UNRESOLVED,,,,0,,,
CONFIG_SND_SOC_RT1308,TODO,UNRESOLVED,,,,0,,,
CONFIG_SND_SOC_RT1308_SDW,TODO,UNRESOLVED,,,,0,,,
CONFIG_SND_SOC_RT1316_SDW,TODO,UNRESOLVED,,,,0,,,
CONFIG_SND_SOC_RT1318,TODO,UNRESOLVED,,,,0,,,
CONFIG_SND_SOC_RT1318_SDW,TODO,UNRESOLVED,,,,0,,,
CONFIG_SND_SOC_RT1320_SDW,TODO,UNRESOLVED,,,,0,,,
CONFIG_SND_SOC_RT274,TODO,UNRESOLVED,,,,0,,,
CONFIG_SND_SOC_RT286,TODO,UNRESOLVED,,,,0,,,
CONFIG_SND_SOC_RT298,TODO,UNRESOLVED,,,,0,,,
CONFIG_SND_SOC_RT5514,TODO,UNRESOLVED,,,,0,,,
CONFIG_SND_SOC_RT5514_SPI,TODO,UNRESOLVED,,,,0,,,
CONFIG_SND_SOC_RT5514_SPI_BUILTIN,TODO,UNRESOLVED,,,,0,,,
CONFIG_SND_SOC_RT5616,TODO,UNRESOLVED,,,,0,,,
CONFIG_SND_SOC_RT5631,TODO,UNRESOLVED,,,,0,,,
CONFIG_SND_SOC_RT5640,TODO,UNRESOLVED,,,,0,,,
CONFIG_SND_SOC_RT5645,TODO,UNRESOLVED,,,,0,,,
CONFIG_SND_SOC_RT5651,TODO,UNRESOLVED,,,,0,,,
CONFIG_SND_SOC_RT5659,TODO,UNRESOLVED,,,,0,,,
CONFIG_SND_SOC_RT5660,TODO,UNRESOLVED,,,,0,,,
CONFIG_SND_SOC_RT5663,TODO,UNRESOLVED,,,,0,,,
CONFIG_SND_SOC_RT5665,TODO,UNRESOLVED,,,,0,,,
CONFIG_SND_SOC_RT5668,TODO,UNRESOLVED,,,,0,,,
CONFIG_SND_SOC_RT5670,TODO,UNRESOLVED,,,,0,,,
CONFIG_SND_SOC_RT5677,TODO,UNRESOLVED,,,,0,,,
CONFIG_SND_SOC_RT5677_SPI,TODO,UNRESOLVED,,,,0,,,
CONFIG_SND_SOC_RT5682,TODO,UNRESOLVED,,,,0,,,
CONFIG_SND_SOC_RT5682S,TODO,UNRESOLVED,,,,0,,,
CONFIG_SND_SOC_RT5682_I2C,TODO,UNRESOLVED,,,,0,,,
CONFIG_SND_SOC_RT5682_SDW,TODO,UNRESOLVED,,,,0,,,
CONFIG_SND_SOC_RT700,TODO,UNRESOLVED,,,,0,,,
CONFIG_SND_SOC_RT700_SDW,TODO,UNRESOLVED,,,,0,,,
CONFIG_SND_SOC_RT711,TODO,UNRESOLVED,,,,0,,,
CONFIG_SND_SOC_RT711_SDCA_SDW,TODO,UNRESOLVED,,,,0,,,
CONFIG_SND_SOC_RT711_SDW,TODO,UNRESOLVED,,,,0,,,
CONFIG_SND_SOC_RT712_SDCA_DMIC_SDW,TODO,UNRESOLVED,,,,0,,,
CONFIG_SND_SOC_RT712_SDCA_SDW,TODO,UNRESOLVED,,,,0,,,
CONFIG_SND_SOC_RT715,TODO,UNRESOLVED,,,,0,,,
CONFIG_SND_SOC_RT715_SDCA_SDW,TODO,UNRESOLVED,,,,0,,,
CONFIG_SND_SOC_RT715_SDW,TODO,UNRESOLVED,,,,0,,,
CONFIG_SND_SOC_RT721_SDCA_SDW,TODO,UNRESOLVED,,,,0,,,
CONFIG_SND_SOC_RT722_SDCA_SDW,TODO,UNRESOLVED,,,,0,,,
CONFIG_SND_SOC_RT9120,TODO,UNRESOLVED,,,,0,,,
CONFIG_SND_SOC_RT9123,TODO,UNRESOLVED,,,,0,,,
CONFIG_SND_SOC_RT9123P,TODO,UNRESOLVED,,,,0,,,
CONFIG_SND_SOC_RTQ9124,TODO,UNRESOLVED,,,,0,,,
CONFIG_SND_SOC_RTQ9128,TODO,UNRESOLVED,,,,0,,,
CONFIG_SND_SOC_RT_SDW_COMMON,TODO,UNRESOLVED,,,,0,,,
CONFIG_SND_SOC_RZ,TODO,UNRESOLVED,,,,0,,,
CONFIG_SND_SOC_SAMSUNG,TODO,UNRESOLVED,,,,0,,,
CONFIG_SND_SOC_SAMSUNG_ARIES_WM8994,TODO,UNRESOLVED,,,,0,,,
CONFIG_SND_SOC_SAMSUNG_MIDAS_WM1811,TODO,UNRESOLVED,,,,0,,,
CONFIG_SND_SOC_SAMSUNG_SMDK_SPDIF,TODO,UNRESOLVED,,,,0,,,
CONFIG_SND_SOC_SAMSUNG_SMDK_WM8994,TODO,UNRESOLVED,,,,0,,,
CONFIG_SND_SOC_SAMSUNG_TM2_WM5110,TODO,UNRESOLVED,,,,0,,,
CONFIG_SND_SOC_SC7180,TODO,UNRESOLVED,,,,0,,,
CONFIG_SND_SOC_SC7280,TODO,UNRESOLVED,,,,0,,,
CONFIG_SND_SOC_SC8280XP,TODO,UNRESOLVED,,,,0,,,
CONFIG_SND_SOC_SDCA,TODO,UNRESOLVED,,,,0,,,
CONFIG_SND_SOC_SDCA_HID,TODO,UNRESOLVED,,,,0,,,
CONFIG_SND_SOC_SDCA_IRQ,TODO,UNRESOLVED,,,,0,,,
CONFIG_SND_SOC_SDCA_OPTIONAL,TODO,UNRESOLVED,,,,0,,,
CONFIG_SND_SOC_SDM845,TODO,UNRESOLVED,,,,0,,,
CONFIG_SND_SOC_SDW_MOCKUP,TODO,UNRESOLVED,,,,0,,,
CONFIG_SND_SOC_SDW_UTILS,TODO,UNRESOLVED,,,,0,,,
CONFIG_SND_SOC_SGTL5000,TODO,UNRESOLVED,,,,0,,,
CONFIG_SND_SOC_SH4_FSI,TODO,UNRESOLVED,,,,0,,,
CONFIG_SND_SOC_SH4_HAC,TODO,UNRESOLVED,,,,0,,,
CONFIG_SND_SOC_SH4_SIU,TODO,UNRESOLVED,,,,0,,,
CONFIG_SND_SOC_SH4_SSI,TODO,UNRESOLVED,,,,0,,,
CONFIG_SND_SOC_SI476X,TODO,UNRESOLVED,,,,0,,,
CONFIG_SND_SOC_SIGMADSP,TODO,UNRESOLVED,,,,0,,,
CONFIG_SND_SOC_SIGMADSP_I2C,TODO,UNRESOLVED,,,,0,,,
CONFIG_SND_SOC_SIGMADSP_REGMAP,TODO,UNRESOLVED,,,,0,,,
CONFIG_SND_SOC_SIMPLE_AMPLIFIER,TODO,UNRESOLVED,,,,0,,,
CONFIG_SND_SOC_SIMPLE_MUX,TODO,UNRESOLVED,,,,0,,,
CONFIG_SND_SOC_SM8250,TODO,UNRESOLVED,,,,0,,,
CONFIG_SND_SOC_SMA1303,TODO,UNRESOLVED,,,,0,,,
CONFIG_SND_SOC_SMA1307,TODO,UNRESOLVED,,,,0,,,
CONFIG_SND_SOC_SMDK_WM8994_PCM,TODO,UNRESOLVED,,,,0,,,
CONFIG_SND_SOC_SNOW,TODO,UNRESOLVED,,,,0,,,
CONFIG_SND_SOC_SOF,TODO,UNRESOLVED,,,,0,,,
CONFIG_SND_SOC_SOF_ACPI,TODO,UNRESOLVED,,,,0,,,
CONFIG_SND_SOC_SOF_ACPI_DEV,TODO,UNRESOLVED,,,,0,,,
CONFIG_SND_SOC_SOF_ACP_PROBES,TODO,UNRESOLVED,,,,0,,,
CONFIG_SND_SOC_SOF_ALDERLAKE,TODO,UNRESOLVED,,,,0,,,
CONFIG_SND_SOC_SOF_ALLOW_FALLBACK_TO_NEWER_IPC_VERSION,TODO,UNRESOLVED,,,,0,,,
CONFIG_SND_SOC_SOF_AMD_ACP63,TODO,UNRESOLVED,,,,0,,,
CONFIG_SND_SOC_SOF_AMD_ACP70,TODO,UNRESOLVED,,,,0,,,
CONFIG_SND_SOC_SOF_AMD_COMMON,TODO,UNRESOLVED,,,,0,,,
CONFIG_SND_SOC_SOF_AMD_REMBRANDT,TODO,UNRESOLVED,,,,0,,,
CONFIG_SND_SOC_SOF_AMD_RENOIR,TODO,UNRESOLVED,,,,0,,,
CONFIG_SND_SOC_SOF_AMD_SOUNDWIRE,TODO,UNRESOLVED,,,,0,,,
CONFIG_SND_SOC_SOF_AMD_SOUNDWIRE_LINK_BASELINE,TODO,UNRESOLVED,,,,0,,,
CONFIG_SND_SOC_SOF_AMD_TOPLEVEL,TODO,UNRESOLVED,,,,0,,,
CONFIG_SND_SOC_SOF_AMD_VANGOGH,TODO,UNRESOLVED,,,,0,,,
CONFIG_SND_SOC_SOF_APOLLOLAKE,TODO,UNRESOLVED,,,,0,,,
CONFIG_SND_SOC_SOF_BAYTRAIL,TODO,UNRESOLVED,,,,0,,,
CONFIG_SND_SOC_SOF_BROADWELL,TODO,UNRESOLVED,,,,0,,,
CONFIG_SND_SOC_SOF_CANNONLAKE,TODO,UNRESOLVED,,,,0,,,
CONFIG_SND_SOC_SOF_CLIENT,TODO,UNRESOLVED,,,,0,,,
CONFIG_SND_SOC_SOF_COFFEELAKE,TODO,UNRESOLVED,,,,0,,,
CONFIG_SND_SOC_SOF_COMETLAKE,TODO,UNRESOLVED,,,,0,,,
CONFIG_SND_SOC_SOF_COMPRESS,TODO,UNRESOLVED,,,,0,,,
CONFIG_SND_SOC_SOF_DEBUG,TODO,UNRESOLVED,,,,0,,,
CONFIG_SND_SOC_SOF_DEBUG_ENABLE_DEBUGFS_CACHE,TODO,UNRESOLVED,,,,0,,,
CONFIG_SND_SOC_SOF_DEBUG_ENABLE_FIRMWARE_TRACE,TODO,UNRESOLVED,,,,0,,,
CONFIG_SND_SOC_SOF_DEBUG_FORCE_IPC_POSITION,TODO,UNRESOLVED,,,,0,,,
CONFIG_SND_SOC_SOF_DEBUG_IPC_FLOOD_TEST,TODO,UNRESOLVED,,,,0,,,
CONFIG_SND_SOC_SOF_DEBUG_IPC_FLOOD_TEST_NUM,TODO,UNRESOLVED,,,,0,,,
CONFIG_SND_SOC_SOF_DEBUG_IPC_KERNEL_INJECTOR,TODO,UNRESOLVED,,,,0,,,
CONFIG_SND_SOC_SOF_DEBUG_IPC_MSG_INJECTOR,TODO,UNRESOLVED,,,,0,,,
CONFIG_SND_SOC_SOF_DEBUG_PROBES,TODO,UNRESOLVED,,,,0,,,
CONFIG_SND_SOC_SOF_DEBUG_RETAIN_DSP_CONTEXT,TODO,UNRESOLVED,,,,0,,,
CONFIG_SND_SOC_SOF_DEBUG_VERBOSE_IPC,TODO,UNRESOLVED,,,,0,,,
CONFIG_SND_SOC_SOF_DEBUG_XRUN_STOP,TODO,UNRESOLVED,,,,0,,,
CONFIG_SND_SOC_SOF_DEVELOPER_SUPPORT,TODO,UNRESOLVED,,,,0,,,
CONFIG_SND_SOC_SOF_ELKHARTLAKE,TODO,UNRESOLVED,,,,0,,,
CONFIG_SND_SOC_SOF_FORCE_NOCODEC_MODE,TODO,UNRESOLVED,,,,0,,,
CONFIG_SND_SOC_SOF_FORCE_PROBE_WORKQUEUE,TODO,UNRESOLVED,,,,0,,,
CONFIG_SND_SOC_SOF_GEMINILAKE,TODO,UNRESOLVED,,,,0,,,
CONFIG_SND_SOC_SOF_HDA,TODO,UNRESOLVED,,,,0,,,
CONFIG_SND_SOC_SOF_HDA_AUDIO_CODEC,TODO,UNRESOLVED,,,,0,,,
CONFIG_SND_SOC_SOF_HDA_COMMON,TODO,UNRESOLVED,,,,0,,,
CONFIG_SND_SOC_SOF_HDA_GENERIC,TODO,UNRESOLVED,,,,0,,,
CONFIG_SND_SOC_SOF_HDA_LINK,TODO,UNRESOLVED,,,,0,,,
CONFIG_SND_SOC_SOF_HDA_LINK_BASELINE,TODO,UNRESOLVED,,,,0,,,
CONFIG_SND_SOC_SOF_HDA_MLINK,TODO,UNRESOLVED,,,,0,,,
CONFIG_SND_SOC_SOF_HDA_PROBES,TODO,UNRESOLVED,,,,0,,,
CONFIG_SND_SOC_SOF_ICELAKE,TODO,UNRESOLVED,,,,0,,,
CONFIG_SND_SOC_SOF_IMX8,TODO,UNRESOLVED,,,,0,,,
CONFIG_SND_SOC_SOF_IMX9,TODO,UNRESOLVED,,,,0,,,
CONFIG_SND_SOC_SOF_IMX_COMMON,TODO,UNRESOLVED,,,,0,,,
CONFIG_SND_SOC_SOF_IMX_TOPLEVEL,TODO,UNRESOLVED,,,,0,,,
CONFIG_SND_SOC_SOF_INTEL_APL,TODO,UNRESOLVED,,,,0,,,
CONFIG_SND_SOC_SOF_INTEL_ATOM_HIFI_EP,TODO,UNRESOLVED,,,,0,,,
CONFIG_SND_SOC_SOF_INTEL_CNL,TODO,UNRESOLVED,,,,0,,,
CONFIG_SND_SOC_SOF_INTEL_COMMON,TODO,UNRESOLVED,,,,0,,,
CONFIG_SND_SOC_SOF_INTEL_HIFI_EP_IPC,TODO,UNRESOLVED,,,,0,,,
CONFIG_SND_SOC_SOF_INTEL_ICL,TODO,UNRESOLVED,,,,0,,,
CONFIG_SND_SOC_SOF_INTEL_LNL,TODO,UNRESOLVED,,,,0,,,
CONFIG_SND_SOC_SOF_INTEL_MTL,TODO,UNRESOLVED,,,,0,,,
CONFIG_SND_SOC_SOF_INTEL_PTL,TODO,UNRESOLVED,,,,0,,,
CONFIG_SND_SOC_SOF_INTEL_SKL,TODO,UNRESOLVED,,,,0,,,
CONFIG_SND_SOC_SOF_INTEL_SOUNDWIRE,TODO,UNRESOLVED,,,,0,,,
CONFIG_SND_SOC_SOF_INTEL_SOUNDWIRE_LINK_BASELINE,TODO,UNRESOLVED,,,,0,,,
CONFIG_SND_SOC_SOF_INTEL_TGL,TODO,UNRESOLVED,,,,0,,,
CONFIG_SND_SOC_SOF_INTEL_TOPLEVEL,TODO,UNRESOLVED,,,,0,,,
CONFIG_SND_SOC_SOF_IPC3,TODO,UNRESOLVED,,,,0,,,
CONFIG_SND_SOC_SOF_IPC4,TODO,UNRESOLVED,,,,0,,,
CONFIG_SND_SOC_SOF_JASPERLAKE,TODO,UNRESOLVED,,,,0,,,
CONFIG_SND_SOC_SOF_KABYLAKE,TODO,UNRESOLVED,,,,0,,,
CONFIG_SND_SOC_SOF_LUNARLAKE,TODO,UNRESOLVED,,,,0,,,
CONFIG_SND_SOC_SOF_MERRIFIELD,TODO,UNRESOLVED,,,,0,,,
CONFIG_SND_SOC_SOF_METEORLAKE,TODO,UNRESOLVED,,,,0,,,
CONFIG_SND_SOC_SOF_MT8186,TODO,UNRESOLVED,,,,0,,,
CONFIG_SND_SOC_SOF_MT8195,TODO,UNRESOLVED,,,,0,,,
CONFIG_SND_SOC_SOF_MTK_COMMON,TODO,UNRESOLVED,,,,0,,,
CONFIG_SND_SOC_SOF_MTK_TOPLEVEL,TODO,UNRESOLVED,,,,0,,,
CONFIG_SND_SOC_SOF_NOCODEC,TODO,UNRESOLVED,,,,0,,,
CONFIG_SND_SOC_SOF_NOCODEC_DEBUG_SUPPORT,TODO,UNRESOLVED,,,,0,,,
CONFIG_SND_SOC_SOF_NOCODEC_SUPPORT,TODO,UNRESOLVED,,,,0,,,
CONFIG_SND_SOC_SOF_OF,TODO,UNRESOLVED,,,,0,,,
CONFIG_SND_SOC_SOF_OF_DEV,TODO,UNRESOLVED,,,,0,,,
CONFIG_SND_SOC_SOF_PANTHERLAKE,TODO,UNRESOLVED,,,,0,,,
CONFIG_SND_SOC_SOF_PCI,TODO,UNRESOLVED,,,,0,,,
CONFIG_SND_SOC_SOF_PCI_DEV,TODO,UNRESOLVED,,,,0,,,
CONFIG_SND_SOC_SOF_PROBE_WORK_QUEUE,TODO,UNRESOLVED,,,,0,,,
CONFIG_SND_SOC_SOF_SKYLAKE,TODO,UNRESOLVED,,,,0,,,
CONFIG_SND_SOC_SOF_STRICT_ABI_CHECKS,TODO,UNRESOLVED,,,,0,,,
CONFIG_SND_SOC_SOF_TIGERLAKE,TODO,UNRESOLVED,,,,0,,,
CONFIG_SND_SOC_SOF_TOPLEVEL,TODO,UNRESOLVED,,,,0,,,
CONFIG_SND_SOC_SOF_XTENSA,TODO,UNRESOLVED,,,,0,,,
CONFIG_SND_SOC_SPDIF,TODO,UNRESOLVED,,,,0,,,
CONFIG_SND_SOC_SPEYSIDE,TODO,UNRESOLVED,,,,0,,,
CONFIG_SND_SOC_SPRD,TODO,UNRESOLVED,,,,0,,,
CONFIG_SND_SOC_SPRD_MCDT,TODO,UNRESOLVED,,,,0,,,
CONFIG_SND_SOC_SRC4XXX,TODO,UNRESOLVED,,,,0,,,
CONFIG_SND_SOC_SRC4XXX_I2C,TODO,UNRESOLVED,,,,0,,,
CONFIG_SND_SOC_SSM2305,TODO,UNRESOLVED,,,,0,,,
CONFIG_SND_SOC_SSM2518,TODO,UNRESOLVED,,,,0,,,
CONFIG_SND_SOC_SSM2602,TODO,UNRESOLVED,,,,0,,,
CONFIG_SND_SOC_SSM2602_I2C,TODO,UNRESOLVED,,,,0,,,
CONFIG_SND_SOC_SSM2602_SPI,TODO,UNRESOLVED,,,,0,,,
CONFIG_SND_SOC_SSM3515,TODO,UNRESOLVED,,,,0,,,
CONFIG_SND_SOC_SSM4567,TODO,UNRESOLVED,,,,0,,,
CONFIG_SND_SOC_STA32X,TODO,UNRESOLVED,,,,0,,,
CONFIG_SND_SOC_STA350,TODO,UNRESOLVED,,,,0,,,
CONFIG_SND_SOC_STA529,TODO,UNRESOLVED,,,,0,,,
CONFIG_SND_SOC_STAC9766,TODO,UNRESOLVED,,,,0,,,
CONFIG_SND_SOC_STI,TODO,UNRESOLVED,,,,0,,,
CONFIG_SND_SOC_STI_SAS,TODO,UNRESOLVED,,,,0,,,
CONFIG_SND_SOC_STM32_DFSDM,TODO,UNRESOLVED,,,,0,,,
CONFIG_SND_SOC_STM32_I2S,TODO,UNRESOLVED,,,,0,,,
CONFIG_SND_SOC_STM32_SAI,TODO,UNRESOLVED,,,,0,,,
CONFIG_SND_SOC_STM32_SPDIFRX,TODO,UNRESOLVED,,,,0,,,
CONFIG_SND_SOC_STORM,TODO,UNRESOLVED,,,,0,,,
CONFIG_SND_SOC_TAS2552,TODO,UNRESOLVED,,,,0,,,
CONFIG_SND_SOC_TAS2562,TODO,UNRESOLVED,,,,0,,,
CONFIG_SND_SOC_TAS2764,TODO,UNRESOLVED,,,,0,,,
CONFIG_SND_SOC_TAS2770,TODO,UNRESOLVED,,,,0,,,
CONFIG_SND_SOC_TAS2780,TODO,UNRESOLVED,,,,0,,,
CONFIG_SND_SOC_TAS2781_COMLIB,TODO,UNRESOLVED,,,,0,,,
CONFIG_SND_SOC_TAS2781_COMLIB_I2C,TODO,UNRESOLVED,,,,0,,,
CONFIG_SND_SOC_TAS2781_FMWLIB,TODO,UNRESOLVED,,,,0,,,
CONFIG_SND_SOC_TAS2781_I2C,TODO,UNRESOLVED,,,,0,,,
CONFIG_SND_SOC_TAS2783_SDW,TODO,UNRESOLVED,,,,0,,,
CONFIG_SND_SOC_TAS5086,TODO,UNRESOLVED,,,,0,,,
CONFIG_SND_SOC_TAS571X,TODO,UNRESOLVED,,,,0,,,
CONFIG_SND_SOC_TAS5720,TODO,UNRESOLVED,,,,0,,,
CONFIG_SND_SOC_TAS5805M,TODO,UNRESOLVED,,,,0,,,
CONFIG_SND_SOC_TAS6424,TODO,UNRESOLVED,,,,0,,,
CONFIG_SND_SOC_TDA7419,TODO,UNRESOLVED,,,,0,,,
CONFIG_SND_SOC_TEGRA,TODO,UNRESOLVED,,,,0,,,
CONFIG_SND_SOC_TEGRA186_ASRC,TODO,UNRESOLVED,,,,0,,,
CONFIG_SND_SOC_TEGRA186_DSPK,TODO,UNRESOLVED,,,,0,,,
CONFIG_SND_SOC_TEGRA20_AC97,TODO,UNRESOLVED,,,,0,,,
CONFIG_SND_SOC_TEGRA20_DAS,TODO,UNRESOLVED,,,,0,,,
CONFIG_SND_SOC_TEGRA20_I2S,TODO,UNRESOLVED,,,,0,,,
CONFIG_SND_SOC_TEGRA20_SPDIF,TODO,UNRESOLVED,,,,0,,,
CONFIG_SND_SOC_TEGRA210_ADMAIF,TODO,UNRESOLVED,,,,0,,,
CONFIG_SND_SOC_TEGRA210_ADX,TODO,UNRESOLVED,,,,0,,,
CONFIG_SND_SOC_TEGRA210_AHUB,TODO,UNRESOLVED,,,,0,,,
CONFIG_SND_SOC_TEGRA210_AMX,TODO,UNRESOLVED,,,,0,,,
CONFIG_SND_SOC_TEGRA210_DMIC,TODO,UNRESOLVED,,,,0,,,
CONFIG_SND_SOC_TEGRA210_I2S,TODO,UNRESOLVED,,,,0,,,
CONFIG_SND_SOC_TEGRA210_MIXER,TODO,UNRESOLVED,,,,0,,,
CONFIG_SND_SOC_TEGRA210_MVC,TODO,UNRESOLVED,,,,0,,,
CONFIG_SND_SOC_TEGRA210_OPE,TODO,UNRESOLVED,,,,0,,,
CONFIG_SND_SOC_TEGRA210_SFC,TODO,UNRESOLVED,,,,0,,,
CONFIG_SND_SOC_TEGRA30_AHUB,TODO,UNRESOLVED,,,,0,,,
CONFIG_SND_SOC_TEGRA30_I2S,TODO,UNRESOLVED,,,,0,,,
CONFIG_SND_SOC_TEGRA_ALC5632,TODO,UNRESOLVED,,,,0,,,
CONFIG_SND_SOC_TEGRA_AUDIO_GRAPH_CARD,TODO,UNRESOLVED,,,,0,,,
CONFIG_SND_SOC_TEGRA_MACHINE_DRV,TODO,UNRESOLVED,,,,0,,,
CONFIG_SND_SOC_TEGRA_MAX98088,TODO,UNRESOLVED,,,,0,,,
CONFIG_SND_SOC_TEGRA_MAX98090,TODO,UNRESOLVED,,,,0,,,
CONFIG_SND_SOC_TEGRA_RT5631,TODO,UNRESOLVED,,,,0,,,
CONFIG_SND_SOC_TEGRA_RT5640,TODO,UNRESOLVED,,,,0,,,
CONFIG_SND_SOC_TEGRA_RT5677,TODO,UNRESOLVED,,,,0,,,
CONFIG_SND_SOC_TEGRA_SGTL5000,TODO,UNRESOLVED,,,,0,,,
CONFIG_SND_SOC_TEGRA_TRIMSLICE,TODO,UNRESOLVED,,,,0,,,
CONFIG_SND_SOC_TEGRA_WM8753,TODO,UNRESOLVED,,,,0,,,
CONFIG_SND_SOC_TEGRA_WM8903,TODO,UNRESOLVED,,,,0,,,
CONFIG_SND_SOC_TEGRA_WM9712,TODO,UNRESOLVED,,,,0,,,
CONFIG_SND_SOC_TFA9879,TODO,UNRESOLVED,,,,0,,,
CONFIG_SND_SOC_TFA989X,TODO,UNRESOLVED,,,,0,,,
CONFIG_SND_SOC_TI_EDMA_PCM,TODO,UNRESOLVED,,,,0,,,
CONFIG_SND_SOC_TI_SDMA_PCM,TODO,UNRESOLVED,,,,0,,,
CONFIG_SND_SOC_TI_UDMA_PCM,TODO,UNRESOLVED,,,,0,,,
CONFIG_SND_SOC_TLV320ADC3XXX,TODO,UNRESOLVED,,,,0,,,
CONFIG_SND_SOC_TLV320ADCX140,TODO,UNRESOLVED,,,,0,,,
CONFIG_SND_SOC_TLV320AIC23,TODO,UNRESOLVED,,,,0,,,
CONFIG_SND_SOC_TLV320AIC23_I2C,TODO,UNRESOLVED,,,,0,,,
CONFIG_SND_SOC_TLV320AIC23_SPI,TODO,UNRESOLVED,,,,0,,,
CONFIG_SND_SOC_TLV320AIC26,TODO,UNRESOLVED,,,,0,,,
CONFIG_SND_SOC_TLV320AIC31XX,TODO,UNRESOLVED,,,,0,,,
CONFIG_SND_SOC_TLV320AIC32X4,TODO,UNRESOLVED,,,,0,,,
CONFIG_SND_SOC_TLV320AIC32X4_I2C,TODO,UNRESOLVED,,,,0,,,
CONFIG_SND_SOC_TLV320AIC32X4_SPI,TODO,UNRESOLVED,,,,0,,,
CONFIG_SND_SOC_TLV320AIC3X,TODO,UNRESOLVED,,,,0,,,
CONFIG_SND_SOC_TLV320AIC3X_I2C,TODO,UNRESOLVED,,,,0,,,
CONFIG_SND_SOC_TLV320AIC3X_SPI,TODO,UNRESOLVED,,,,0,,,
CONFIG_SND_SOC_TLV320DAC33,TODO,UNRESOLVED,,,,0,,,
CONFIG_SND_SOC_TOBERMORY,TODO,UNRESOLVED,,,,0,,,
CONFIG_SND_SOC_TOPOLOGY,TODO,UNRESOLVED,,,,0,,,
CONFIG_SND_SOC_TOPOLOGY_BUILD,TODO,UNRESOLVED,,,,0,,,
CONFIG_SND_SOC_TOPOLOGY_KUNIT_TEST,TODO,UNRESOLVED,,,,0,,,
CONFIG_SND_SOC_TPA6130A2,TODO,UNRESOLVED,,,,0,,,
CONFIG_SND_SOC_TS3A227E,TODO,UNRESOLVED,,,,0,,,
CONFIG_SND_SOC_TSCS42XX,TODO,UNRESOLVED,,,,0,,,
CONFIG_SND_SOC_TSCS454,TODO,UNRESOLVED,,,,0,,,
CONFIG_SND_SOC_TWL4030,TODO,UNRESOLVED,,,,0,,,
CONFIG_SND_SOC_TWL6040,TODO,UNRESOLVED,,,,0,,,
CONFIG_SND_SOC_UDA1334,TODO,UNRESOLVED,,,,0,,,
CONFIG_SND_SOC_UDA1342,TODO,UNRESOLVED,,,,0,,,
CONFIG_SND_SOC_UDA1380,TODO,UNRESOLVED,,,,0,,,
CONFIG_SND_SOC_UNIPHIER_AIO,TODO,UNRESOLVED,,,,0,,,
CONFIG_SND_SOC_UNIPHIER_EVEA_CODEC,TODO,UNRESOLVED,,,,0,,,
CONFIG_SND_SOC_UNIPHIER_LD11,TODO,UNRESOLVED,,,,0,,,
CONFIG_SND_SOC_UNIPHIER_PXS2,TODO,UNRESOLVED,,,,0,,,
CONFIG_SND_SOC_USB,TODO,UNRESOLVED,,,,0,,,
CONFIG_SND_SOC_UTILS_KUNIT_TEST,TODO,UNRESOLVED,,,,0,,,
CONFIG_SND_SOC_UX500,TODO,UNRESOLVED,,,,0,,,
CONFIG_SND_SOC_UX500_MACH_MOP500,TODO,UNRESOLVED,,,,0,,,
CONFIG_SND_SOC_UX500_PLAT_DMA,TODO,UNRESOLVED,,,,0,,,
CONFIG_SND_SOC_UX500_PLAT_MSP_I2S,TODO,UNRESOLVED,,,,0,,,
CONFIG_SND_SOC_WCD9335,TODO,UNRESOLVED,,,,0,,,
CONFIG_SND_SOC_WCD934X,TODO,UNRESOLVED,,,,0,,,
CONFIG_SND_SOC_WCD937X,TODO,UNRESOLVED,,,,0,,,
CONFIG_SND_SOC_WCD937X_SDW,TODO,UNRESOLVED,,,,0,,,
CONFIG_SND_SOC_WCD938X,TODO,UNRESOLVED,,,,0,,,
CONFIG_SND_SOC_WCD938X_SDW,TODO,UNRESOLVED,,,,0,,,
CONFIG_SND_SOC_WCD939X,TODO,UNRESOLVED,,,,0,,,
CONFIG_SND_SOC_WCD939X_SDW,TODO,UNRESOLVED,,,,0,,,
CONFIG_SND_SOC_WCD_CLASSH,TODO,UNRESOLVED,,,,0,,,
CONFIG_SND_SOC_WCD_COMMON,TODO,UNRESOLVED,,,,0,,,
CONFIG_SND_SOC_WCD_MBHC,TODO,UNRESOLVED,,,,0,,,
CONFIG_SND_SOC_WM0010,TODO,UNRESOLVED,,,,0,,,
CONFIG_SND_SOC_WM1250_EV1,TODO,UNRESOLVED,,,,0,,,
CONFIG_SND_SOC_WM2000,TODO,UNRESOLVED,,,,0,,,
CONFIG_SND_SOC_WM2200,TODO,UNRESOLVED,,,,0,,,
CONFIG_SND_SOC_WM5100,TODO,UNRESOLVED,,,,0,,,
CONFIG_SND_SOC_WM5102,TODO,UNRESOLVED,,,,0,,,
CONFIG_SND_SOC_WM5110,TODO,UNRESOLVED,,,,0,,,
CONFIG_SND_SOC_WM8350,TODO,UNRESOLVED,,,,0,,,
CONFIG_SND_SOC_WM8400,TODO,UNRESOLVED,,,,0,,,
CONFIG_SND_SOC_WM8510,TODO,UNRESOLVED,,,,0,,,
CONFIG_SND_SOC_WM8523,TODO,UNRESOLVED,,,,0,,,
CONFIG_SND_SOC_WM8524,TODO,UNRESOLVED,,,,0,,,
CONFIG_SND_SOC_WM8580,TODO,UNRESOLVED,,,,0,,,
CONFIG_SND_SOC_WM8711,TODO,UNRESOLVED,,,,0,,,
CONFIG_SND_SOC_WM8727,TODO,UNRESOLVED,,,,0,,,
CONFIG_SND_SOC_WM8728,TODO,UNRESOLVED,,,,0,,,
CONFIG_SND_SOC_WM8731,TODO,UNRESOLVED,,,,0,,,
CONFIG_SND_SOC_WM8731_I2C,TODO,UNRESOLVED,,,,0,,,
CONFIG_SND_SOC_WM8731_SPI,TODO,UNRESOLVED,,,,0,,,
CONFIG_SND_SOC_WM8737,TODO,UNRESOLVED,,,,0,,,
CONFIG_SND_SOC_WM8741,TODO,UNRESOLVED,,,,0,,,
CONFIG_SND_SOC_WM8750,TODO,UNRESOLVED,,,,0,,,
CONFIG_SND_SOC_WM8753,TODO,UNRESOLVED,,,,0,,,
CONFIG_SND_SOC_WM8770,TODO,UNRESOLVED,,,,0,,,
CONFIG_SND_SOC_WM8776,TODO,UNRESOLVED,,,,0,,,
CONFIG_SND_SOC_WM8782,TODO,UNRESOLVED,,,,0,,,
CONFIG_SND_SOC_WM8804,TODO,UNRESOLVED,,,,0,,,
CONFIG_SND_SOC_WM8804_I2C,TODO,UNRESOLVED,,,,0,,,
CONFIG_SND_SOC_WM8804_SPI,TODO,UNRESOLVED,,,,0,,,
CONFIG_SND_SOC_WM8900,TODO,UNRESOLVED,,,,0,,,
CONFIG_SND_SOC_WM8903,TODO,UNRESOLVED,,,,0,,,
CONFIG_SND_SOC_WM8904,TODO,UNRESOLVED,,,,0,,,
CONFIG_SND_SOC_WM8940,TODO,UNRESOLVED,,,,0,,,
CONFIG_SND_SOC_WM8955,TODO,UNRESOLVED,,,,0,,,
CONFIG_SND_SOC_WM8960,TODO,UNRESOLVED,,,,0,,,
CONFIG_SND_SOC_WM8961,TODO,UNRESOLVED,,,,0,,,
CONFIG_SND_SOC_WM8962,TODO,UNRESOLVED,,,,0,,,
CONFIG_SND_SOC_WM8971,TODO,UNRESOLVED,,,,0,,,
CONFIG_SND_SOC_WM8974,TODO,UNRESOLVED,,,,0,,,
CONFIG_SND_SOC_WM8978,TODO,UNRESOLVED,,,,0,,,
CONFIG_SND_SOC_WM8983,TODO,UNRESOLVED,,,,0,,,
CONFIG_SND_SOC_WM8985,TODO,UNRESOLVED,,,,0,,,
CONFIG_SND_SOC_WM8988,TODO,UNRESOLVED,,,,0,,,
CONFIG_SND_SOC_WM8990,TODO,UNRESOLVED,,,,0,,,
CONFIG_SND_SOC_WM8991,TODO,UNRESOLVED,,,,0,,,
CONFIG_SND_SOC_WM8993,TODO,UNRESOLVED,,,,0,,,
CONFIG_SND_SOC_WM8994,TODO,UNRESOLVED,,,,0,,,
CONFIG_SND_SOC_WM8995,TODO,UNRESOLVED,,,,0,,,
CONFIG_SND_SOC_WM8996,TODO,UNRESOLVED,,,,0,,,
CONFIG_SND_SOC_WM8997,TODO,UNRESOLVED,,,,0,,,
CONFIG_SND_SOC_WM8998,TODO,UNRESOLVED,,,,0,,,
CONFIG_SND_SOC_WM9081,TODO,UNRESOLVED,,,,0,,,
CONFIG_SND_SOC_WM9090,TODO,UNRESOLVED,,,,0,,,
CONFIG_SND_SOC_WM9705,TODO,UNRESOLVED,,,,0,,,
CONFIG_SND_SOC_WM9712,TODO,UNRESOLVED,,,,0,,,
CONFIG_SND_SOC_WM9713,TODO,UNRESOLVED,,,,0,,,
CONFIG_SND_SOC_WM_ADSP,TODO,UNRESOLVED,,,,0,,,
CONFIG_SND_SOC_WM_HUBS,TODO,UNRESOLVED,,,,0,,,
CONFIG_SND_SOC_WSA881X,TODO,UNRESOLVED,,,,0,,,
CONFIG_SND_SOC_WSA883X,TODO,UNRESOLVED,,,,0,,,
CONFIG_SND_SOC_WSA884X,TODO,UNRESOLVED,,,,0,,,
CONFIG_SND_SOC_X1E80100,TODO,UNRESOLVED,,,,0,,,
CONFIG_SND_SOC_XILINX_AUDIO_FORMATTER,TODO,UNRESOLVED,,,,0,,,
CONFIG_SND_SOC_XILINX_I2S,TODO,UNRESOLVED,,,,0,,,
CONFIG_SND_SOC_XILINX_SPDIF,TODO,UNRESOLVED,,,,0,,,
CONFIG_SND_SOC_XTFPGA_I2S,TODO,UNRESOLVED,,,,0,,,
CONFIG_SND_SOC_ZL38060,TODO,UNRESOLVED,,,,0,,,
CONFIG_SND_SOF_SOF_HDA_SDW_BPT,TODO,UNRESOLVED,,,,0,,,
CONFIG_SND_SONICVIBES,TODO,UNRESOLVED,,,,0,,,
CONFIG_SND_SPARC,TODO,UNRESOLVED,,,,0,,,
CONFIG_SND_SPEAR_SOC,TODO,UNRESOLVED,,,,0,,,
CONFIG_SND_SPEAR_SPDIF_IN,TODO,UNRESOLVED,,,,0,,,
CONFIG_SND_SPEAR_SPDIF_OUT,TODO,UNRESOLVED,,,,0,,,
CONFIG_SND_SPI,TODO,UNRESOLVED,,,,0,,,
CONFIG_SND_SSCAPE,TODO,UNRESOLVED,,,,0,,,
CONFIG_SND_SST_ATOM_HIFI2_PLATFORM,TODO,UNRESOLVED,,,,0,,,
CONFIG_SND_SST_ATOM_HIFI2_PLATFORM_ACPI,TODO,UNRESOLVED,,,,0,,,
CONFIG_SND_SST_ATOM_HIFI2_PLATFORM_PCI,TODO,UNRESOLVED,,,,0,,,
CONFIG_SND_SUN4I_CODEC,TODO,UNRESOLVED,,,,0,,,
CONFIG_SND_SUN4I_I2S,TODO,UNRESOLVED,,,,0,,,
CONFIG_SND_SUN4I_SPDIF,TODO,UNRESOLVED,,,,0,,,
CONFIG_SND_SUN50I_CODEC_ANALOG,TODO,UNRESOLVED,,,,0,,,
CONFIG_SND_SUN50I_DMIC,TODO,UNRESOLVED,,,,0,,,
CONFIG_SND_SUN8I_ADDA_PR_REGMAP,TODO,UNRESOLVED,,,,0,,,
CONFIG_SND_SUN8I_CODEC,TODO,UNRESOLVED,,,,0,,,
CONFIG_SND_SUN8I_CODEC_ANALOG,TODO,UNRESOLVED,,,,0,,,
CONFIG_SND_SUN_AMD7930,TODO,UNRESOLVED,,,,0,,,
CONFIG_SND_SUN_CS4231,TODO,UNRESOLVED,,,,0,,,
CONFIG_SND_SUN_DBRI,TODO,UNRESOLVED,,,,0,,,
CONFIG_SND_SUPERH,TODO,UNRESOLVED,,,,0,,,
CONFIG_SND_SUPPORT_OLD_API,TODO,UNRESOLVED,,,,0,,,
CONFIG_SND_SYNTH_EMUX,TODO,UNRESOLVED,,,,0,,,
CONFIG_SND_TEST_COMPONENT,TODO,UNRESOLVED,,,,0,,,
CONFIG_SND_TIMER,TODO,UNRESOLVED,,,,0,,,
CONFIG_SND_TRIDENT,TODO,UNRESOLVED,,,,0,,,
CONFIG_SND_UMP,TODO,UNRESOLVED,,,,0,,,
CONFIG_SND_UMP_LEGACY_RAWMIDI,TODO,UNRESOLVED,,,,0,,,
CONFIG_SND_USB,TODO,UNRESOLVED,,,,0,,,
CONFIG_SND_USB_6FIRE,TODO,UNRESOLVED,,,,0,,,
CONFIG_SND_USB_AUDIO,TODO,UNRESOLVED,,,,0,,,
CONFIG_SND_USB_AUDIO_MIDI_V2,TODO,UNRESOLVED,,,,0,,,
CONFIG_SND_USB_AUDIO_QMI,TODO,UNRESOLVED,,,,0,,,
CONFIG_SND_USB_AUDIO_USE_MEDIA_CONTROLLER,TODO,UNRESOLVED,,,,0,,,
CONFIG_SND_USB_CAIAQ,TODO,UNRESOLVED,,,,0,,,
CONFIG_SND_USB_CAIAQ_INPUT,TODO,UNRESOLVED,,,,0,,,
CONFIG_SND_USB_HIFACE,TODO,UNRESOLVED,,,,0,,,
CONFIG_SND_USB_LINE6,TODO,UNRESOLVED,,,,0,,,
CONFIG_SND_USB_POD,TODO,UNRESOLVED,,,,0,,,
CONFIG_SND_USB_PODHD,TODO,UNRESOLVED,,,,0,,,
CONFIG_SND_USB_TONEPORT,TODO,UNRESOLVED,,,,0,,,
CONFIG_SND_USB_UA101,TODO,UNRESOLVED,,,,0,,,
CONFIG_SND_USB_US122L,TODO,UNRESOLVED,,,,0,,,
CONFIG_SND_USB_US144MKII,TODO,UNRESOLVED,,,,0,,,
CONFIG_SND_USB_USX2Y,TODO,UNRESOLVED,,,,0,,,
CONFIG_SND_USB_VARIAX,TODO,UNRESOLVED,,,,0,,,
CONFIG_SND_UTIMER,TODO,UNRESOLVED,,,,0,,,
CONFIG_SND_VERBOSE_PROCFS,TODO,UNRESOLVED,,,,0,,,
CONFIG_SND_VIA82XX,TODO,UNRESOLVED,,,,0,,,
CONFIG_SND_VIA82XX_MODEM,TODO,UNRESOLVED,,,,0,,,
CONFIG_SND_VIRMIDI,TODO,UNRESOLVED,,,,0,,,
CONFIG_SND_VIRTIO,TODO,UNRESOLVED,,,,0,,,
CONFIG_SND_VIRTUOSO,TODO,UNRESOLVED,,,,0,,,
CONFIG_SND_VMASTER,TODO,UNRESOLVED,,,,0,,,
CONFIG_SND_VX222,TODO,UNRESOLVED,,,,0,,,
CONFIG_SND_VXPOCKET,TODO,UNRESOLVED,,,,0,,,
CONFIG_SND_VX_LIB,TODO,UNRESOLVED,,,,0,,,
CONFIG_SND_WAVEFRONT,TODO,UNRESOLVED,,,,0,,,
CONFIG_SND_WSS_LIB,TODO,UNRESOLVED,,,,0,,,
CONFIG_SND_X86,TODO,UNRESOLVED,,,,0,,,
CONFIG_SND_XEN_FRONTEND,TODO,UNRESOLVED,,,,0,,,
CONFIG_SND_YMFPCI,TODO,UNRESOLVED,,,,0,,,
CONFIG_SNET_VDPA,TODO,UNRESOLVED,,,,0,,,
CONFIG_SNI_82596,TODO,UNRESOLVED,,,,0,,,
CONFIG_SNI_AVE,TODO,UNRESOLVED,,,,0,,,
CONFIG_SNI_NETSEC,TODO,UNRESOLVED,,,,0,,,
CONFIG_SOCFPGA_FPGA_BRIDGE,TODO,UNRESOLVED,,,,0,,,
CONFIG_SOCK_CGROUP_DATA,TODO,UNRESOLVED,,,,0,,,
CONFIG_SOCK_RX_QUEUE_MAPPING,TODO,UNRESOLVED,,,,0,,,
CONFIG_SOCK_VALIDATE_XMIT,TODO,UNRESOLVED,,,,0,,,
CONFIG_SOC_BRCMSTB,TODO,UNRESOLVED,,,,0,,,
CONFIG_SOC_BUS,TODO,UNRESOLVED,,,,0,,,
CONFIG_SOC_IMX8M,TODO,UNRESOLVED,,,,0,,,
CONFIG_SOC_IMX9,TODO,UNRESOLVED,,,,0,,,
CONFIG_SOC_INTEGRATOR_CM,TODO,UNRESOLVED,,,,0,,,
CONFIG_SOC_K210_SYSCTL,TODO,UNRESOLVED,,,,0,,,
CONFIG_SOC_REALVIEW,TODO,UNRESOLVED,,,,0,,,
CONFIG_SOC_RENESAS,TODO,UNRESOLVED,,,,0,,,
CONFIG_SOC_SAMSUNG,TODO,UNRESOLVED,,,,0,,,
CONFIG_SOC_TEGRA20_VOLTAGE_COUPLER,TODO,UNRESOLVED,,,,0,,,
CONFIG_SOC_TEGRA30_VOLTAGE_COUPLER,TODO,UNRESOLVED,,,,0,,,
CONFIG_SOC_TEGRA_CBB,TODO,UNRESOLVED,,,,0,,,
CONFIG_SOC_TEGRA_FLOWCTRL,TODO,UNRESOLVED,,,,0,,,
CONFIG_SOC_TEGRA_FUSE,TODO,UNRESOLVED,,,,0,,,
CONFIG_SOC_TEGRA_PMC,TODO,UNRESOLVED,,,,0,,,
CONFIG_SOC_TEGRA_POWERGATE_BPMP,TODO,UNRESOLVED,,,,0,,,
CONFIG_SOC_TI,TODO,UNRESOLVED,,,,0,,,
CONFIG_SOFTIRQ_ON_OWN_STACK,TODO,UNRESOLVED,,,,0,,,
CONFIG_SOFTLOCKUP_DETECTOR,TODO,UNRESOLVED,,,,0,,,
CONFIG_SOFTLOCKUP_DETECTOR_INTR_STORM,TODO,UNRESOLVED,,,,0,,,
CONFIG_SOFT_WATCHDOG,TODO,UNRESOLVED,,,,0,,,
CONFIG_SOFT_WATCHDOG_PRETIMEOUT,TODO,UNRESOLVED,,,,0,,,
CONFIG_SOLARIS_X86_PARTITION,TODO,UNRESOLVED,,,,0,,,
CONFIG_SONYPI,TODO,UNRESOLVED,,,,0,,,
CONFIG_SONYPI_COMPAT,TODO,UNRESOLVED,,,,0,,,
CONFIG_SONY_FF,TODO,UNRESOLVED,,,,0,,,
CONFIG_SONY_LAPTOP,TODO,UNRESOLVED,,,,0,,,
CONFIG_SOPHGO_CV1800B_ADC,TODO,UNRESOLVED,,,,0,,,
CONFIG_SOPHGO_CV1800B_DMAMUX,TODO,UNRESOLVED,,,,0,,,
CONFIG_SOPHGO_CV1800_RTCSYS,TODO,UNRESOLVED,,,,0,,,
CONFIG_SOPHGO_SG2042_MSI,TODO,UNRESOLVED,,,,0,,,
CONFIG_SOPHGO_SG2044_TOPSYS,TODO,UNRESOLVED,,,,0,,,
CONFIG_SOUND,TODO,UNRESOLVED,,,,0,,,
CONFIG_SOUNDWIRE,TODO,UNRESOLVED,,,,0,,,
CONFIG_SOUNDWIRE_AMD,TODO,UNRESOLVED,,,,0,,,
CONFIG_SOUNDWIRE_CADENCE,TODO,UNRESOLVED,,,,0,,,
CONFIG_SOUNDWIRE_GENERIC_ALLOCATION,TODO,UNRESOLVED,,,,0,,,
CONFIG_SOUNDWIRE_INTEL,TODO,UNRESOLVED,,,,0,,,
CONFIG_SOUNDWIRE_QCOM,TODO,UNRESOLVED,,,,0,,,
CONFIG_SOUND_OSS_CORE,TODO,UNRESOLVED,,,,0,,,
CONFIG_SOUND_OSS_CORE_PRECLAIM,TODO,UNRESOLVED,,,,0,,,
CONFIG_SP5100_TCO,TODO,UNRESOLVED,,,,0,,,
CONFIG_SP7021_EMAC,TODO,UNRESOLVED,,,,0,,,
CONFIG_SPACEMIT_CCU,TODO,UNRESOLVED,,,,0,,,
CONFIG_SPACEMIT_K1_CCU,TODO,UNRESOLVED,,,,0,,,
CONFIG_SPACEMIT_K1_EMAC,TODO,UNRESOLVED,,,,0,,,
CONFIG_SPAPR_TCE_IOMMU,TODO,UNRESOLVED,,,,0,,,
CONFIG_SPARC_US2E_CPUFREQ,TODO,UNRESOLVED,,,,0,,,
CONFIG_SPARC_US3_CPUFREQ,TODO,UNRESOLVED,,,,0,,,
CONFIG_SPARSEMEM,TODO,UNRESOLVED,,,,0,,,
CONFIG_SPARSEMEM_EXTREME,TODO,UNRESOLVED,,,,0,,,
CONFIG_SPARSEMEM_MANUAL,TODO,UNRESOLVED,,,,0,,,
CONFIG_SPARSEMEM_STATIC,TODO,UNRESOLVED,,,,0,,,
CONFIG_SPARSEMEM_VMEMMAP,TODO,UNRESOLVED,,,,0,,,
CONFIG_SPARSEMEM_VMEMMAP_ENABLE,TODO,UNRESOLVED,,,,0,,,
CONFIG_SPARSEMEM_VMEMMAP_PREINIT,TODO,UNRESOLVED,,,,0,,,
CONFIG_SPARSE_IRQ,TODO,UNRESOLVED,,,,0,,,
CONFIG_SPARX5_DCB,TODO,UNRESOLVED,,,,0,,,
CONFIG_SPARX5_SWITCH,TODO,UNRESOLVED,,,,0,,,
CONFIG_SPEAKUP,TODO,UNRESOLVED,,,,0,,,
CONFIG_SPEAKUP_SERIALIO,TODO,UNRESOLVED,,,,0,,,
CONFIG_SPEAKUP_SYNTH_ACNTPC,TODO,UNRESOLVED,,,,0,,,
CONFIG_SPEAKUP_SYNTH_ACNTSA,TODO,UNRESOLVED,,,,0,,,
CONFIG_SPEAKUP_SYNTH_APOLLO,TODO,UNRESOLVED,,,,0,,,
CONFIG_SPEAKUP_SYNTH_AUDPTR,TODO,UNRESOLVED,,,,0,,,
CONFIG_SPEAKUP_SYNTH_BNS,TODO,UNRESOLVED,,,,0,,,
CONFIG_SPEAKUP_SYNTH_DECEXT,TODO,UNRESOLVED,,,,0,,,
CONFIG_SPEAKUP_SYNTH_DECPC,TODO,UNRESOLVED,,,,0,,,
CONFIG_SPEAKUP_SYNTH_DECTLK,TODO,UNRESOLVED,,,,0,,,
CONFIG_SPEAKUP_SYNTH_DTLK,TODO,UNRESOLVED,,,,0,,,
CONFIG_SPEAKUP_SYNTH_DUMMY,TODO,UNRESOLVED,,,,0,,,
CONFIG_SPEAKUP_SYNTH_KEYPC,TODO,UNRESOLVED,,,,0,,,
CONFIG_SPEAKUP_SYNTH_LTLK,TODO,UNRESOLVED,,,,0,,,
CONFIG_SPEAKUP_SYNTH_SOFT,TODO,UNRESOLVED,,,,0,,,
CONFIG_SPEAKUP_SYNTH_SPKOUT,TODO,UNRESOLVED,,,,0,,,
CONFIG_SPEAKUP_SYNTH_TXPRT,TODO,UNRESOLVED,,,,0,,,
CONFIG_SPEAR_ADC,TODO,UNRESOLVED,,,,0,,,
CONFIG_SPEAR_THERMAL,TODO,UNRESOLVED,,,,0,,,
CONFIG_SPI,TODO,UNRESOLVED,,,,0,,,
CONFIG_SPI_AIROHA_SNFI,TODO,UNRESOLVED,,,,0,,,
CONFIG_SPI_ALTERA,TODO,UNRESOLVED,,,,0,,,
CONFIG_SPI_ALTERA_CORE,TODO,UNRESOLVED,,,,0,,,
CONFIG_SPI_ALTERA_DFL,TODO,UNRESOLVED,,,,0,,,
CONFIG_SPI_AMD,TODO,UNRESOLVED,,,,0,,,
CONFIG_SPI_AMLOGIC_SPIFC_A1,TODO,UNRESOLVED,,,,0,,,
CONFIG_SPI_AMLOGIC_SPIFC_A4,TODO,UNRESOLVED,,,,0,,,
CONFIG_SPI_AMLOGIC_SPISG,TODO,UNRESOLVED,,,,0,,,
CONFIG_SPI_APPLE,TODO,UNRESOLVED,,,,0,,,
CONFIG_SPI_AR934X,TODO,UNRESOLVED,,,,0,,,
CONFIG_SPI_ARMADA_3700,TODO,UNRESOLVED,,,,0,,,
CONFIG_SPI_ASPEED_SMC,TODO,UNRESOLVED,,,,0,,,
CONFIG_SPI_AT91_USART,TODO,UNRESOLVED,,,,0,,,
CONFIG_SPI_ATH79,TODO,UNRESOLVED,,,,0,,,
CONFIG_SPI_ATMEL,TODO,UNRESOLVED,,,,0,,,
CONFIG_SPI_ATMEL_QUADSPI,TODO,UNRESOLVED,,,,0,,,
CONFIG_SPI_AU1550,TODO,UNRESOLVED,,,,0,,,
CONFIG_SPI_AX88796C,TODO,UNRESOLVED,,,,0,,,
CONFIG_SPI_AX88796C_COMPRESSION,TODO,UNRESOLVED,,,,0,,,
CONFIG_SPI_AXI_SPI_ENGINE,TODO,UNRESOLVED,,,,0,,,
CONFIG_SPI_BCM2835,TODO,UNRESOLVED,,,,0,,,
CONFIG_SPI_BCM2835AUX,TODO,UNRESOLVED,,,,0,,,
CONFIG_SPI_BCM63XX,TODO,UNRESOLVED,,,,0,,,
CONFIG_SPI_BCM63XX_HSSPI,TODO,UNRESOLVED,,,,0,,,
CONFIG_SPI_BCMBCA_HSSPI,TODO,UNRESOLVED,,,,0,,,
CONFIG_SPI_BCM_QSPI,TODO,UNRESOLVED,,,,0,,,
CONFIG_SPI_BITBANG,TODO,UNRESOLVED,,,,0,,,
CONFIG_SPI_BUTTERFLY,TODO,UNRESOLVED,,,,0,,,
CONFIG_SPI_CADENCE,TODO,UNRESOLVED,,,,0,,,
CONFIG_SPI_CADENCE_QUADSPI,TODO,UNRESOLVED,,,,0,,,
CONFIG_SPI_CADENCE_XSPI,TODO,UNRESOLVED,,,,0,,,
CONFIG_SPI_CH341,TODO,UNRESOLVED,,,,0,,,
CONFIG_SPI_CLPS711X,TODO,UNRESOLVED,,,,0,,,
CONFIG_SPI_COLDFIRE_QSPI,TODO,UNRESOLVED,,,,0,,,
CONFIG_SPI_CS42L43,TODO,UNRESOLVED,,,,0,,,
CONFIG_SPI_DAVINCI,TODO,UNRESOLVED,,,,0,,,
CONFIG_SPI_DEBUG,TODO,UNRESOLVED,,,,0,,,
CONFIG_SPI_DESIGNWARE,TODO,UNRESOLVED,,,,0,,,
CONFIG_SPI_DLN2,TODO,UNRESOLVED,,,,0,,,
CONFIG_SPI_DW_BT1,TODO,UNRESOLVED,,,,0,,,
CONFIG_SPI_DW_BT1_DIRMAP,TODO,UNRESOLVED,,,,0,,,
CONFIG_SPI_DW_DMA,TODO,UNRESOLVED,,,,0,,,
CONFIG_SPI_DW_MMIO,TODO,UNRESOLVED,,,,0,,,
CONFIG_SPI_DW_PCI,TODO,UNRESOLVED,,,,0,,,
CONFIG_SPI_DYNAMIC,TODO,UNRESOLVED,,,,0,,,
CONFIG_SPI_EP93XX,TODO,UNRESOLVED,,,,0,,,
CONFIG_SPI_FALCON,TODO,UNRESOLVED,,,,0,,,
CONFIG_SPI_FSI,TODO,UNRESOLVED,,,,0,,,
CONFIG_SPI_FSL_CPM,TODO,UNRESOLVED,,,,0,,,
CONFIG_SPI_FSL_DSPI,TODO,UNRESOLVED,,,,0,,,
CONFIG_SPI_FSL_ESPI,TODO,UNRESOLVED,,,,0,,,
CONFIG_SPI_FSL_LIB,TODO,UNRESOLVED,,,,0,,,
CONFIG_SPI_FSL_LPSPI,TODO,UNRESOLVED,,,,0,,,
CONFIG_SPI_FSL_QUADSPI,TODO,UNRESOLVED,,,,0,,,
CONFIG_SPI_FSL_SPI,TODO,UNRESOLVED,,,,0,,,
CONFIG_SPI_GPIO,TODO,UNRESOLVED,,,,0,,,
CONFIG_SPI_GXP,TODO,UNRESOLVED,,,,0,,,
CONFIG_SPI_HISI_KUNPENG,TODO,UNRESOLVED,,,,0,,,
CONFIG_SPI_HISI_SFC,TODO,UNRESOLVED,,,,0,,,
CONFIG_SPI_HISI_SFC_V3XX,TODO,UNRESOLVED,,,,0,,,
CONFIG_SPI_IMG_SPFI,TODO,UNRESOLVED,,,,0,,,
CONFIG_SPI_IMX,TODO,UNRESOLVED,,,,0,,,
CONFIG_SPI_INGENIC,TODO,UNRESOLVED,,,,0,,,
CONFIG_SPI_INTEL,TODO,UNRESOLVED,,,,0,,,
CONFIG_SPI_INTEL_PCI,TODO,UNRESOLVED,,,,0,,,
CONFIG_SPI_INTEL_PLATFORM,TODO,UNRESOLVED,,,,0,,,
CONFIG_SPI_JCORE,TODO,UNRESOLVED,,,,0,,,
CONFIG_SPI_KSPI2,TODO,UNRESOLVED,,,,0,,,
CONFIG_SPI_LANTIQ_SSC,TODO,UNRESOLVED,,,,0,,,
CONFIG_SPI_LJCA,TODO,UNRESOLVED,,,,0,,,
CONFIG_SPI_LM70_LLP,TODO,UNRESOLVED,,,,0,,,
CONFIG_SPI_LOONGSON_CORE,TODO,UNRESOLVED,,,,0,,,
CONFIG_SPI_LOONGSON_PCI,TODO,UNRESOLVED,,,,0,,,
CONFIG_SPI_LOONGSON_PLATFORM,TODO,UNRESOLVED,,,,0,,,
CONFIG_SPI_LOOPBACK_TEST,TODO,UNRESOLVED,,,,0,,,
CONFIG_SPI_LP8841_RTC,TODO,UNRESOLVED,,,,0,,,
CONFIG_SPI_MASTER,TODO,UNRESOLVED,,,,0,,,
CONFIG_SPI_MEM,TODO,UNRESOLVED,,,,0,,,
CONFIG_SPI_MESON_SPICC,TODO,UNRESOLVED,,,,0,,,
CONFIG_SPI_MESON_SPIFC,TODO,UNRESOLVED,,,,0,,,
CONFIG_SPI_MICROCHIP_CORE_QSPI,TODO,UNRESOLVED,,,,0,,,
CONFIG_SPI_MPC512x_PSC,TODO,UNRESOLVED,,,,0,,,
CONFIG_SPI_MPC52xx,TODO,UNRESOLVED,,,,0,,,
CONFIG_SPI_MPC52xx_PSC,TODO,UNRESOLVED,,,,0,,,
CONFIG_SPI_MT65XX,TODO,UNRESOLVED,,,,0,,,
CONFIG_SPI_MT7621,TODO,UNRESOLVED,,,,0,,,
CONFIG_SPI_MTK_NOR,TODO,UNRESOLVED,,,,0,,,
CONFIG_SPI_MTK_SNFI,TODO,UNRESOLVED,,,,0,,,
CONFIG_SPI_MUX,TODO,UNRESOLVED,,,,0,,,
CONFIG_SPI_MXIC,TODO,UNRESOLVED,,,,0,,,
CONFIG_SPI_MXS,TODO,UNRESOLVED,,,,0,,,
CONFIG_SPI_NPCM_FIU,TODO,UNRESOLVED,,,,0,,,
CONFIG_SPI_NPCM_PSPI,TODO,UNRESOLVED,,,,0,,,
CONFIG_SPI_NXP_FLEXSPI,TODO,UNRESOLVED,,,,0,,,
CONFIG_SPI_NXP_SPIFI,TODO,UNRESOLVED,,,,0,,,
CONFIG_SPI_OCTEON,TODO,UNRESOLVED,,,,0,,,
CONFIG_SPI_OC_TINY,TODO,UNRESOLVED,,,,0,,,
CONFIG_SPI_OFFLOAD,TODO,UNRESOLVED,,,,0,,,
CONFIG_SPI_OFFLOAD_TRIGGER_ADI_UTIL_SD,TODO,UNRESOLVED,,,,0,,,
CONFIG_SPI_OFFLOAD_TRIGGER_PWM,TODO,UNRESOLVED,,,,0,,,
CONFIG_SPI_OMAP24XX,TODO,UNRESOLVED,,,,0,,,
CONFIG_SPI_OMAP_UWIRE,TODO,UNRESOLVED,,,,0,,,
CONFIG_SPI_ORION,TODO,UNRESOLVED,,,,0,,,
CONFIG_SPI_PCI1XXXX,TODO,UNRESOLVED,,,,0,,,
CONFIG_SPI_PIC32,TODO,UNRESOLVED,,,,0,,,
CONFIG_SPI_PIC32_SQI,TODO,UNRESOLVED,,,,0,,,
CONFIG_SPI_PL022,TODO,UNRESOLVED,,,,0,,,
CONFIG_SPI_POLARFIRE_SOC,TODO,UNRESOLVED,,,,0,,,
CONFIG_SPI_PPC4xx,TODO,UNRESOLVED,,,,0,,,
CONFIG_SPI_PXA2XX,TODO,UNRESOLVED,,,,0,,,
CONFIG_SPI_PXA2XX_PCI,TODO,UNRESOLVED,,,,0,,,
CONFIG_SPI_QCOM_GENI,TODO,UNRESOLVED,,,,0,,,
CONFIG_SPI_QCOM_QSPI,TODO,UNRESOLVED,,,,0,,,
CONFIG_SPI_QPIC_SNAND,TODO,UNRESOLVED,,,,0,,,
CONFIG_SPI_QUP,TODO,UNRESOLVED,,,,0,,,
CONFIG_SPI_RB4XX,TODO,UNRESOLVED,,,,0,,,
CONFIG_SPI_REALTEK_SNAND,TODO,UNRESOLVED,,,,0,,,
CONFIG_SPI_ROCKCHIP,TODO,UNRESOLVED,,,,0,,,
CONFIG_SPI_ROCKCHIP_SFC,TODO,UNRESOLVED,,,,0,,,
CONFIG_SPI_RPCIF,TODO,UNRESOLVED,,,,0,,,
CONFIG_SPI_RSPI,TODO,UNRESOLVED,,,,0,,,
CONFIG_SPI_RZV2H_RSPI,TODO,UNRESOLVED,,,,0,,,
CONFIG_SPI_RZV2M_CSI,TODO,UNRESOLVED,,,,0,,,
CONFIG_SPI_S3C64XX,TODO,UNRESOLVED,,,,0,,,
CONFIG_SPI_SC18IS602,TODO,UNRESOLVED,,,,0,,,
CONFIG_SPI_SG2044_NOR,TODO,UNRESOLVED,,,,0,,,
CONFIG_SPI_SH,TODO,UNRESOLVED,,,,0,,,
CONFIG_SPI_SH_HSPI,TODO,UNRESOLVED,,,,0,,,
CONFIG_SPI_SH_MSIOF,TODO,UNRESOLVED,,,,0,,,
CONFIG_SPI_SH_SCI,TODO,UNRESOLVED,,,,0,,,
CONFIG_SPI_SIFIVE,TODO,UNRESOLVED,,,,0,,,
CONFIG_SPI_SLAVE,TODO,UNRESOLVED,,,,0,,,
CONFIG_SPI_SLAVE_MT27XX,TODO,UNRESOLVED,,,,0,,,
CONFIG_SPI_SLAVE_SYSTEM_CONTROL,TODO,UNRESOLVED,,,,0,,,
CONFIG_SPI_SLAVE_TIME,TODO,UNRESOLVED,,,,0,,,
CONFIG_SPI_SN_F_OSPI,TODO,UNRESOLVED,,,,0,,,
CONFIG_SPI_SPIDEV,TODO,UNRESOLVED,,,,0,,,
CONFIG_SPI_SPRD,TODO,UNRESOLVED,,,,0,,,
CONFIG_SPI_SPRD_ADI,TODO,UNRESOLVED,,,,0,,,
CONFIG_SPI_STM32,TODO,UNRESOLVED,,,,0,,,
CONFIG_SPI_STM32_OSPI,TODO,UNRESOLVED,,,,0,,,
CONFIG_SPI_STM32_QSPI,TODO,UNRESOLVED,,,,0,,,
CONFIG_SPI_ST_SSC4,TODO,UNRESOLVED,,,,0,,,
CONFIG_SPI_SUN4I,TODO,UNRESOLVED,,,,0,,,
CONFIG_SPI_SUN6I,TODO,UNRESOLVED,,,,0,,,
CONFIG_SPI_SUNPLUS_SP7021,TODO,UNRESOLVED,,,,0,,,
CONFIG_SPI_SYNQUACER,TODO,UNRESOLVED,,,,0,,,
CONFIG_SPI_TEGRA114,TODO,UNRESOLVED,,,,0,,,
CONFIG_SPI_TEGRA20_SFLASH,TODO,UNRESOLVED,,,,0,,,
CONFIG_SPI_TEGRA20_SLINK,TODO,UNRESOLVED,,,,0,,,
CONFIG_SPI_TEGRA210_QUAD,TODO,UNRESOLVED,,,,0,,,
CONFIG_SPI_THUNDERX,TODO,UNRESOLVED,,,,0,,,
CONFIG_SPI_TI_QSPI,TODO,UNRESOLVED,,,,0,,,
CONFIG_SPI_TLE62X0,TODO,UNRESOLVED,,,,0,,,
CONFIG_SPI_TOPCLIFF_PCH,TODO,UNRESOLVED,,,,0,,,
CONFIG_SPI_UNIPHIER,TODO,UNRESOLVED,,,,0,,,
CONFIG_SPI_VIRTIO,TODO,UNRESOLVED,,,,0,,,
CONFIG_SPI_WPCM_FIU,TODO,UNRESOLVED,,,,0,,,
CONFIG_SPI_XCOMM,TODO,UNRESOLVED,,,,0,,,
CONFIG_SPI_XILINX,TODO,UNRESOLVED,,,,0,,,
CONFIG_SPI_XLP,TODO,UNRESOLVED,,,,0,,,
CONFIG_SPI_XTENSA_XTFPGA,TODO,UNRESOLVED,,,,0,,,
CONFIG_SPI_ZYNQMP_GQSPI,TODO,UNRESOLVED,,,,0,,,
CONFIG_SPI_ZYNQ_QSPI,TODO,UNRESOLVED,,,,0,,,
CONFIG_SPLIT_PMD_PTLOCKS,TODO,UNRESOLVED,,,,0,,,
CONFIG_SPLIT_PTE_PTLOCKS,TODO,UNRESOLVED,,,,0,,,
CONFIG_SPMI,TODO,UNRESOLVED,,,,0,,,
CONFIG_SPMI_APPLE,TODO,UNRESOLVED,,,,0,,,
CONFIG_SPMI_HISI3670,TODO,UNRESOLVED,,,,0,,,
CONFIG_SPMI_MSM_PMIC_ARB,TODO,UNRESOLVED,,,,0,,,
CONFIG_SPMI_MTK_PMIF,TODO,UNRESOLVED,,,,0,,,
CONFIG_SPMI_PMIC_CLKDIV,TODO,UNRESOLVED,,,,0,,,
CONFIG_SPRD_COMMON_CLK,TODO,UNRESOLVED,,,,0,,,
CONFIG_SPRD_DMA,TODO,UNRESOLVED,,,,0,,,
CONFIG_SPRD_IOMMU,TODO,UNRESOLVED,,,,0,,,
CONFIG_SPRD_MBOX,TODO,UNRESOLVED,,,,0,,,
CONFIG_SPRD_SC9860_CLK,TODO,UNRESOLVED,,,,0,,,
CONFIG_SPRD_SC9863A_CLK,TODO,UNRESOLVED,,,,0,,,
CONFIG_SPRD_THERMAL,TODO,UNRESOLVED,,,,0,,,
CONFIG_SPRD_TIMER,TODO,UNRESOLVED,,,,0,,,
CONFIG_SPRD_UMS512_CLK,TODO,UNRESOLVED,,,,0,,,
CONFIG_SPRD_WATCHDOG,TODO,UNRESOLVED,,,,0,,,
CONFIG_SPS30,TODO,UNRESOLVED,,,,0,,,
CONFIG_SPS30_I2C,TODO,UNRESOLVED,,,,0,,,
CONFIG_SPS30_SERIAL,TODO,UNRESOLVED,,,,0,,,
CONFIG_SQUASHFS,TODO,UNRESOLVED,,,,0,,,
CONFIG_SQUASHFS_4K_DEVBLK_SIZE,TODO,UNRESOLVED,,,,0,,,
CONFIG_SQUASHFS_CHOICE_DECOMP_BY_MOUNT,TODO,UNRESOLVED,,,,0,,,
CONFIG_SQUASHFS_COMPILE_DECOMP_MULTI,TODO,UNRESOLVED,,,,0,,,
CONFIG_SQUASHFS_COMPILE_DECOMP_MULTI_PERCPU,TODO,UNRESOLVED,,,,0,,,
CONFIG_SQUASHFS_COMPILE_DECOMP_SINGLE,TODO,UNRESOLVED,,,,0,,,
CONFIG_SQUASHFS_COMP_CACHE_FULL,TODO,UNRESOLVED,,,,0,,,
CONFIG_SQUASHFS_DECOMP_MULTI,TODO,UNRESOLVED,,,,0,,,
CONFIG_SQUASHFS_DECOMP_MULTI_PERCPU,TODO,UNRESOLVED,,,,0,,,
CONFIG_SQUASHFS_DECOMP_SINGLE,TODO,UNRESOLVED,,,,0,,,
CONFIG_SQUASHFS_EMBEDDED,TODO,UNRESOLVED,,,,0,,,
CONFIG_SQUASHFS_FILE_CACHE,TODO,UNRESOLVED,,,,0,,,
CONFIG_SQUASHFS_FILE_DIRECT,TODO,UNRESOLVED,,,,0,,,
CONFIG_SQUASHFS_FRAGMENT_CACHE_SIZE,TODO,UNRESOLVED,,,,0,,,
CONFIG_SQUASHFS_LZ4,TODO,UNRESOLVED,,,,0,,,
CONFIG_SQUASHFS_LZO,TODO,UNRESOLVED,,,,0,,,
CONFIG_SQUASHFS_MOUNT_DECOMP_THREADS,TODO,UNRESOLVED,,,,0,,,
CONFIG_SQUASHFS_XATTR,TODO,UNRESOLVED,,,,0,,,
CONFIG_SQUASHFS_XZ,TODO,UNRESOLVED,,,,0,,,
CONFIG_SQUASHFS_ZLIB,TODO,UNRESOLVED,,,,0,,,
CONFIG_SQUASHFS_ZSTD,TODO,UNRESOLVED,,,,0,,,
CONFIG_SRAM,TODO,UNRESOLVED,,,,0,,,
CONFIG_SRAM_EXEC,TODO,UNRESOLVED,,,,0,,,
CONFIG_SRF04,TODO,UNRESOLVED,,,,0,,,
CONFIG_SRF08,TODO,UNRESOLVED,,,,0,,,
CONFIG_SSB,TODO,UNRESOLVED,,,,0,,,
CONFIG_SSB_B43_PCI_BRIDGE,TODO,UNRESOLVED,,,,0,,,
CONFIG_SSB_BLOCKIO,TODO,UNRESOLVED,,,,0,,,
CONFIG_SSB_DRIVER_EXTIF,TODO,UNRESOLVED,,,,0,,,
CONFIG_SSB_DRIVER_GIGE,TODO,UNRESOLVED,,,,0,,,
CONFIG_SSB_DRIVER_GPIO,TODO,UNRESOLVED,,,,0,,,
CONFIG_SSB_DRIVER_MIPS,TODO,UNRESOLVED,,,,0,,,
CONFIG_SSB_DRIVER_PCICORE,TODO,UNRESOLVED,,,,0,,,
CONFIG_SSB_DRIVER_PCICORE_POSSIBLE,TODO,UNRESOLVED,,,,0,,,
CONFIG_SSB_EMBEDDED,TODO,UNRESOLVED,,,,0,,,
CONFIG_SSB_HOST_SOC,TODO,UNRESOLVED,,,,0,,,
CONFIG_SSB_PCICORE_HOSTMODE,TODO,UNRESOLVED,,,,0,,,
CONFIG_SSB_PCIHOST,TODO,UNRESOLVED,,,,0,,,
CONFIG_SSB_PCIHOST_POSSIBLE,TODO,UNRESOLVED,,,,0,,,
CONFIG_SSB_PCMCIAHOST,TODO,UNRESOLVED,,,,0,,,
CONFIG_SSB_PCMCIAHOST_POSSIBLE,TODO,UNRESOLVED,,,,0,,,
CONFIG_SSB_POSSIBLE,TODO,UNRESOLVED,,,,0,,,
CONFIG_SSB_SDIOHOST,TODO,UNRESOLVED,,,,0,,,
CONFIG_SSB_SDIOHOST_POSSIBLE,TODO,UNRESOLVED,,,,0,,,
CONFIG_SSB_SERIAL,TODO,UNRESOLVED,,,,0,,,
CONFIG_SSB_SFLASH,TODO,UNRESOLVED,,,,0,,,
CONFIG_SSB_SPROM,TODO,UNRESOLVED,,,,0,,,
CONFIG_SSFDC,TODO,UNRESOLVED,,,,0,,,
CONFIG_SSIF_IPMI_BMC,TODO,UNRESOLVED,,,,0,,,
CONFIG_SSI_PROTOCOL,TODO,UNRESOLVED,,,,0,,,
CONFIG_STACKDEPOT,TODO,UNRESOLVED,,,,0,,,
CONFIG_STACKDEPOT_ALWAYS_INIT,TODO,UNRESOLVED,,,,0,,,
CONFIG_STACKDEPOT_MAX_FRAMES,TODO,UNRESOLVED,,,,0,,,
CONFIG_STACKINIT_KUNIT_TEST,TODO,UNRESOLVED,,,,0,,,
CONFIG_STACKPROTECTOR,TODO,UNRESOLVED,,,,0,,,
CONFIG_STACKPROTECTOR_STRONG,TODO,UNRESOLVED,,,,0,,,
CONFIG_STACKTRACE,TODO,UNRESOLVED,,,,0,,,
CONFIG_STACKTRACE_BUILD_ID,TODO,UNRESOLVED,,,,0,,,
CONFIG_STACKTRACE_SUPPORT,TODO,UNRESOLVED,,,,0,,,
CONFIG_STACK_MAX_DEFAULT_SIZE_MB,TODO,UNRESOLVED,,,,0,,,
CONFIG_STACK_TRACER,TODO,UNRESOLVED,,,,0,,,
CONFIG_STACK_VALIDATION,TODO,UNRESOLVED,,,,0,,,
CONFIG_STAGING,TODO,UNRESOLVED,,,,0,,,
CONFIG_STAGING_MEDIA,TODO,UNRESOLVED,,,,0,,,
CONFIG_STAGING_MEDIA_DEPRECATED,TODO,UNRESOLVED,,,,0,,,
CONFIG_STANDALONE,TODO,UNRESOLVED,,,,0,,,
CONFIG_STARFIVE_JH8100_INTC,TODO,UNRESOLVED,,,,0,,,
CONFIG_STARFIVE_STARLINK_CACHE,TODO,UNRESOLVED,,,,0,,,
CONFIG_STARFIVE_STARLINK_PMU,TODO,UNRESOLVED,,,,0,,,
CONFIG_STARFIVE_WATCHDOG,TODO,UNRESOLVED,,,,0,,,
CONFIG_STATIC_CALL_SELFTEST,TODO,UNRESOLVED,,,,0,,,
CONFIG_STATIC_KEYS_SELFTEST,TODO,UNRESOLVED,,,,0,,,
CONFIG_STATIC_USERMODEHELPER,TODO,UNRESOLVED,,,,0,,,
CONFIG_STATIC_USERMODEHELPER_PATH,TODO,UNRESOLVED,,,,0,,,
CONFIG_STE10XP,TODO,UNRESOLVED,,,,0,,,
CONFIG_STEAM_FF,TODO,UNRESOLVED,,,,0,,,
CONFIG_STE_DMA40,TODO,UNRESOLVED,,,,0,,,
CONFIG_STIH407_RESET,TODO,UNRESOLVED,,,,0,,,
CONFIG_STI_CONSOLE,TODO,UNRESOLVED,,,,0,,,
CONFIG_STI_CORE,TODO,UNRESOLVED,,,,0,,,
CONFIG_STI_MBOX,TODO,UNRESOLVED,,,,0,,,
CONFIG_STK3310,TODO,UNRESOLVED,,,,0,,,
CONFIG_STK8312,TODO,UNRESOLVED,,,,0,,,
CONFIG_STK8BA50,TODO,UNRESOLVED,,,,0,,,
CONFIG_STM,TODO,UNRESOLVED,,,,0,,,
CONFIG_STM32MP_EXTI,TODO,UNRESOLVED,,,,0,,,
CONFIG_STM32_ADC,TODO,UNRESOLVED,,,,0,,,
CONFIG_STM32_ADC_CORE,TODO,UNRESOLVED,,,,0,,,
CONFIG_STM32_DAC,TODO,UNRESOLVED,,,,0,,,
CONFIG_STM32_DAC_CORE,TODO,UNRESOLVED,,,,0,,,
CONFIG_STM32_DFSDM_ADC,TODO,UNRESOLVED,,,,0,,,
CONFIG_STM32_DFSDM_CORE,TODO,UNRESOLVED,,,,0,,,
CONFIG_STM32_DMA,TODO,UNRESOLVED,,,,0,,,
CONFIG_STM32_DMA3,TODO,UNRESOLVED,,,,0,,,
CONFIG_STM32_DMAMUX,TODO,UNRESOLVED,,,,0,,,
CONFIG_STM32_EXTI,TODO,UNRESOLVED,,,,0,,,
CONFIG_STM32_FIREWALL,TODO,UNRESOLVED,,,,0,,,
CONFIG_STM32_FMC2_EBI,TODO,UNRESOLVED,,,,0,,,
CONFIG_STM32_IPCC,TODO,UNRESOLVED,,,,0,,,
CONFIG_STM32_LPTIMER_CNT,TODO,UNRESOLVED,,,,0,,,
CONFIG_STM32_MDMA,TODO,UNRESOLVED,,,,0,,,
CONFIG_STM32_OMM,TODO,UNRESOLVED,,,,0,,,
CONFIG_STM32_RPROC,TODO,UNRESOLVED,,,,0,,,
CONFIG_STM32_THERMAL,TODO,UNRESOLVED,,,,0,,,
CONFIG_STM32_TIMER_CNT,TODO,UNRESOLVED,,,,0,,,
CONFIG_STM32_WATCHDOG,TODO,UNRESOLVED,,,,0,,,
CONFIG_STMMAC_ETH,TODO,UNRESOLVED,,,,0,,,
CONFIG_STMMAC_PCI,TODO,UNRESOLVED,,,,0,,,
CONFIG_STMMAC_PLATFORM,TODO,UNRESOLVED,,,,0,,,
CONFIG_STMMAC_SELFTESTS,TODO,UNRESOLVED,,,,0,,,
CONFIG_STMP3XXX_RTC_WATCHDOG,TODO,UNRESOLVED,,,,0,,,
CONFIG_STMPE_ADC,TODO,UNRESOLVED,,,,0,,,
CONFIG_STMPE_I2C,TODO,UNRESOLVED,,,,0,,,
CONFIG_STMPE_SPI,TODO,UNRESOLVED,,,,0,,,
CONFIG_STMP_DEVICE,TODO,UNRESOLVED,,,,0,,,
CONFIG_STM_DUMMY,TODO,UNRESOLVED,,,,0,,,
CONFIG_STM_PROTO_BASIC,TODO,UNRESOLVED,,,,0,,,
CONFIG_STM_PROTO_SYS_T,TODO,UNRESOLVED,,,,0,,,
CONFIG_STM_SOURCE_CONSOLE,TODO,UNRESOLVED,,,,0,,,
CONFIG_STM_SOURCE_FTRACE,TODO,UNRESOLVED,,,,0,,,
CONFIG_STM_SOURCE_HEARTBEAT,TODO,UNRESOLVED,,,,0,,,
CONFIG_STNIC,TODO,UNRESOLVED,,,,0,,,
CONFIG_STP,TODO,UNRESOLVED,,,,0,,,
CONFIG_STPMIC1_WATCHDOG,TODO,UNRESOLVED,,,,0,,,
CONFIG_STREAM_PARSER,TODO,UNRESOLVED,,,,0,,,
CONFIG_STRICT_DEVMEM,TODO,UNRESOLVED,,,,0,,,
CONFIG_STRICT_KERNEL_RWX,TODO,UNRESOLVED,,,,0,,,
CONFIG_STRICT_MODULE_RWX,TODO,UNRESOLVED,,,,0,,,
CONFIG_STRICT_SIGALTSTACK_SIZE,TODO,UNRESOLVED,,,,0,,,
CONFIG_STRING_HELPERS_KUNIT_TEST,TODO,UNRESOLVED,,,,0,,,
CONFIG_STRING_KUNIT_TEST,TODO,UNRESOLVED,,,,0,,,
CONFIG_STRIP_ASM_SYMS,TODO,UNRESOLVED,,,,0,,,
CONFIG_STUB_CLK_HI3660,TODO,UNRESOLVED,,,,0,,,
CONFIG_STUB_CLK_HI6220,TODO,UNRESOLVED,,,,0,,,
CONFIG_STX104,TODO,UNRESOLVED,,,,0,,,
CONFIG_ST_FDMA,TODO,UNRESOLVED,,,,0,,,
CONFIG_ST_IRQCHIP,TODO,UNRESOLVED,,,,0,,,
CONFIG_ST_LPC_WATCHDOG,TODO,UNRESOLVED,,,,0,,,
CONFIG_ST_REMOTEPROC,TODO,UNRESOLVED,,,,0,,,
CONFIG_ST_SLIM_REMOTEPROC,TODO,UNRESOLVED,,,,0,,,
CONFIG_ST_THERMAL,TODO,UNRESOLVED,,,,0,,,
CONFIG_ST_THERMAL_MEMMAP,TODO,UNRESOLVED,,,,0,,,
CONFIG_ST_UVIS25,TODO,UNRESOLVED,,,,0,,,
CONFIG_ST_UVIS25_I2C,TODO,UNRESOLVED,,,,0,,,
CONFIG_ST_UVIS25_SPI,TODO,UNRESOLVED,,,,0,,,
CONFIG_SUN20I_D1_CCU,TODO,UNRESOLVED,,,,0,,,
CONFIG_SUN20I_D1_R_CCU,TODO,UNRESOLVED,,,,0,,,
CONFIG_SUN20I_GPADC,TODO,UNRESOLVED,,,,0,,,
CONFIG_SUN20I_PPU,TODO,UNRESOLVED,,,,0,,,
CONFIG_SUN3LANCE,TODO,UNRESOLVED,,,,0,,,
CONFIG_SUN3X_ESP,TODO,UNRESOLVED,,,,0,,,
CONFIG_SUN3_82586,TODO,UNRESOLVED,,,,0,,,
CONFIG_SUN3_SCSI,TODO,UNRESOLVED,,,,0,,,
CONFIG_SUN4I_A10_CCU,TODO,UNRESOLVED,,,,0,,,
CONFIG_SUN4I_EMAC,TODO,UNRESOLVED,,,,0,,,
CONFIG_SUN4I_GPADC,TODO,UNRESOLVED,,,,0,,,
CONFIG_SUN4I_INTC,TODO,UNRESOLVED,,,,0,,,
CONFIG_SUN4I_TIMER,TODO,UNRESOLVED,,,,0,,,
CONFIG_SUN50I_A100_CCU,TODO,UNRESOLVED,,,,0,,,
CONFIG_SUN50I_A100_R_CCU,TODO,UNRESOLVED,,,,0,,,
CONFIG_SUN50I_A64_CCU,TODO,UNRESOLVED,,,,0,,,
CONFIG_SUN50I_DE2_BUS,TODO,UNRESOLVED,,,,0,,,
CONFIG_SUN50I_ERRATUM_UNKNOWN1,TODO,UNRESOLVED,,,,0,,,
CONFIG_SUN50I_H616_CCU,TODO,UNRESOLVED,,,,0,,,
CONFIG_SUN50I_H6_CCU,TODO,UNRESOLVED,,,,0,,,
CONFIG_SUN50I_H6_PRCM_PPU,TODO,UNRESOLVED,,,,0,,,
CONFIG_SUN50I_H6_R_CCU,TODO,UNRESOLVED,,,,0,,,
CONFIG_SUN50I_IOMMU,TODO,UNRESOLVED,,,,0,,,
CONFIG_SUN55I_A523_CCU,TODO,UNRESOLVED,,,,0,,,
CONFIG_SUN55I_A523_MCU_CCU,TODO,UNRESOLVED,,,,0,,,
CONFIG_SUN55I_A523_R_CCU,TODO,UNRESOLVED,,,,0,,,
CONFIG_SUN55I_PCK600,TODO,UNRESOLVED,,,,0,,,
CONFIG_SUN5I_CCU,TODO,UNRESOLVED,,,,0,,,
CONFIG_SUN5I_HSTIMER,TODO,UNRESOLVED,,,,0,,,
CONFIG_SUN6I_A31_CCU,TODO,UNRESOLVED,,,,0,,,
CONFIG_SUN6I_MSGBOX,TODO,UNRESOLVED,,,,0,,,
CONFIG_SUN6I_RTC_CCU,TODO,UNRESOLVED,,,,0,,,
CONFIG_SUN6I_R_INTC,TODO,UNRESOLVED,,,,0,,,
CONFIG_SUN8I_A23_CCU,TODO,UNRESOLVED,,,,0,,,
CONFIG_SUN8I_A33_CCU,TODO,UNRESOLVED,,,,0,,,
CONFIG_SUN8I_A83T_CCU,TODO,UNRESOLVED,,,,0,,,
CONFIG_SUN8I_DE2_CCU,TODO,UNRESOLVED,,,,0,,,
CONFIG_SUN8I_H3_CCU,TODO,UNRESOLVED,,,,0,,,
CONFIG_SUN8I_R40_CCU,TODO,UNRESOLVED,,,,0,,,
CONFIG_SUN8I_R_CCU,TODO,UNRESOLVED,,,,0,,,
CONFIG_SUN8I_THERMAL,TODO,UNRESOLVED,,,,0,,,
CONFIG_SUN8I_V3S_CCU,TODO,UNRESOLVED,,,,0,,,
CONFIG_SUN9I_A80_CCU,TODO,UNRESOLVED,,,,0,,,
CONFIG_SUNBMAC,TODO,UNRESOLVED,,,,0,,,
CONFIG_SUNDANCE,TODO,UNRESOLVED,,,,0,,,
CONFIG_SUNDANCE_MMIO,TODO,UNRESOLVED,,,,0,,,
CONFIG_SUNGEM,TODO,UNRESOLVED,,,,0,,,
CONFIG_SUNGEM_PHY,TODO,UNRESOLVED,,,,0,,,
CONFIG_SUNIV_F1C100S_CCU,TODO,UNRESOLVED,,,,0,,,
CONFIG_SUNLANCE,TODO,UNRESOLVED,,,,0,,,
CONFIG_SUNPLUS_SP7021_INTC,TODO,UNRESOLVED,,,,0,,,
CONFIG_SUNPLUS_WATCHDOG,TODO,UNRESOLVED,,,,0,,,
CONFIG_SUNQE,TODO,UNRESOLVED,,,,0,,,
CONFIG_SUNRPC,TODO,UNRESOLVED,,,,0,,,
CONFIG_SUNRPC_BACKCHANNEL,TODO,UNRESOLVED,,,,0,,,
CONFIG_SUNRPC_DEBUG,TODO,UNRESOLVED,,,,0,,,
CONFIG_SUNRPC_DEBUG_TRACE,TODO,UNRESOLVED,,,,0,,,
CONFIG_SUNRPC_GSS,TODO,UNRESOLVED,,,,0,,,
CONFIG_SUNRPC_SWAP,TODO,UNRESOLVED,,,,0,,,
CONFIG_SUNRPC_XPRT_RDMA,TODO,UNRESOLVED,,,,0,,,
CONFIG_SUNVDC,TODO,UNRESOLVED,,,,0,,,
CONFIG_SUNVNET,TODO,UNRESOLVED,,,,0,,,
CONFIG_SUNVNET_COMMON,TODO,UNRESOLVED,,,,0,,,
CONFIG_SUNXI_CCU,TODO,UNRESOLVED,,,,0,,,
CONFIG_SUNXI_MBUS,TODO,UNRESOLVED,,,,0,,,
CONFIG_SUNXI_NMI_INTC,TODO,UNRESOLVED,,,,0,,,
CONFIG_SUNXI_RSB,TODO,UNRESOLVED,,,,0,,,
CONFIG_SUNXI_SRAM,TODO,UNRESOLVED,,,,0,,,
CONFIG_SUNXI_WATCHDOG,TODO,UNRESOLVED,,,,0,,,
CONFIG_SUN_PARTITION,TODO,UNRESOLVED,,,,0,,,
CONFIG_SURFACE3_WMI,TODO,UNRESOLVED,,,,0,,,
CONFIG_SURFACE_3_POWER_OPREGION,TODO,UNRESOLVED,,,,0,,,
CONFIG_SURFACE_ACPI_NOTIFY,TODO,UNRESOLVED,,,,0,,,
CONFIG_SURFACE_AGGREGATOR,TODO,UNRESOLVED,,,,0,,,
CONFIG_SURFACE_AGGREGATOR_BUS,TODO,UNRESOLVED,,,,0,,,
CONFIG_SURFACE_AGGREGATOR_CDEV,TODO,UNRESOLVED,,,,0,,,
CONFIG_SURFACE_AGGREGATOR_ERROR_INJECTION,TODO,UNRESOLVED,,,,0,,,
CONFIG_SURFACE_AGGREGATOR_HUB,TODO,UNRESOLVED,,,,0,,,
CONFIG_SURFACE_AGGREGATOR_REGISTRY,TODO,UNRESOLVED,,,,0,,,
CONFIG_SURFACE_AGGREGATOR_TABLET_SWITCH,TODO,UNRESOLVED,,,,0,,,
CONFIG_SURFACE_DTX,TODO,UNRESOLVED,,,,0,,,
CONFIG_SURFACE_GPE,TODO,UNRESOLVED,,,,0,,,
CONFIG_SURFACE_HID,TODO,UNRESOLVED,,,,0,,,
CONFIG_SURFACE_HID_CORE,TODO,UNRESOLVED,,,,0,,,
CONFIG_SURFACE_HOTPLUG,TODO,UNRESOLVED,,,,0,,,
CONFIG_SURFACE_KBD,TODO,UNRESOLVED,,,,0,,,
CONFIG_SURFACE_PLATFORMS,TODO,UNRESOLVED,,,,0,,,
CONFIG_SURFACE_PLATFORM_PROFILE,TODO,UNRESOLVED,,,,0,,,
CONFIG_SURFACE_PRO3_BUTTON,TODO,UNRESOLVED,,,,0,,,
CONFIG_SUSPEND,TODO,UNRESOLVED,,,,0,,,
CONFIG_SUSPEND_FREEZER,TODO,UNRESOLVED,,,,0,,,
CONFIG_SUSPEND_SKIP_SYNC,TODO,UNRESOLVED,,,,0,,,
CONFIG_SVC_I3C_MASTER,TODO,UNRESOLVED,,,,0,,,
CONFIG_SWAP,TODO,UNRESOLVED,,,,0,,,
CONFIG_SWIOTLB,TODO,UNRESOLVED,,,,0,,,
CONFIG_SWIOTLB_DYNAMIC,TODO,UNRESOLVED,,,,0,,,
CONFIG_SWIOTLB_XEN,TODO,UNRESOLVED,,,,0,,,
CONFIG_SWPHY,TODO,UNRESOLVED,,,,0,,,
CONFIG_SW_SYNC,TODO,UNRESOLVED,,,,0,,,
CONFIG_SX9310,TODO,UNRESOLVED,,,,0,,,
CONFIG_SX9324,TODO,UNRESOLVED,,,,0,,,
CONFIG_SX9360,TODO,UNRESOLVED,,,,0,,,
CONFIG_SX9500,TODO,UNRESOLVED,,,,0,,,
CONFIG_SXGBE_ETH,TODO,UNRESOLVED,,,,0,,,
CONFIG_SX_COMMON,TODO,UNRESOLVED,,,,0,,,
CONFIG_SYMBOLIC_ERRNAME,TODO,UNRESOLVED,,,,0,,,
CONFIG_SYNCLINK_GT,TODO,UNRESOLVED,,,,0,,,
CONFIG_SYNC_FILE,TODO,UNRESOLVED,,,,0,,,
CONFIG_SYNTH_EVENTS,TODO,UNRESOLVED,,,,0,,,
CONFIG_SYNTH_EVENT_GEN_TEST,TODO,UNRESOLVED,,,,0,,,
CONFIG_SYN_COOKIES,TODO,UNRESOLVED,,,,0,,,
CONFIG_SYSCON_REBOOT_MODE,TODO,UNRESOLVED,,,,0,,,
CONFIG_SYSCTL,TODO,UNRESOLVED,,,,0,,,
CONFIG_SYSCTL_ARCH_UNALIGN_ALLOW,TODO,UNRESOLVED,,,,0,,,
CONFIG_SYSCTL_ARCH_UNALIGN_NO_WARN,TODO,UNRESOLVED,,,,0,,,
CONFIG_SYSCTL_EXCEPTION_TRACE,TODO,UNRESOLVED,,,,0,,,
CONFIG_SYSCTL_KUNIT_TEST,TODO,UNRESOLVED,,,,0,,,
CONFIG_SYSC_R8A7742,TODO,UNRESOLVED,,,,0,,,
CONFIG_SYSC_R8A7743,TODO,UNRESOLVED,,,,0,,,
CONFIG_SYSC_R8A7745,TODO,UNRESOLVED,,,,0,,,
CONFIG_SYSC_R8A77470,TODO,UNRESOLVED,,,,0,,,
CONFIG_SYSC_R8A774A1,TODO,UNRESOLVED,,,,0,,,
CONFIG_SYSC_R8A774B1,TODO,UNRESOLVED,,,,0,,,
CONFIG_SYSC_R8A774C0,TODO,UNRESOLVED,,,,0,,,
CONFIG_SYSC_R8A774E1,TODO,UNRESOLVED,,,,0,,,
CONFIG_SYSC_R8A7779,TODO,UNRESOLVED,,,,0,,,
CONFIG_SYSC_R8A7790,TODO,UNRESOLVED,,,,0,,,
CONFIG_SYSC_R8A7791,TODO,UNRESOLVED,,,,0,,,
CONFIG_SYSC_R8A7792,TODO,UNRESOLVED,,,,0,,,
CONFIG_SYSC_R8A7794,TODO,UNRESOLVED,,,,0,,,
CONFIG_SYSC_R8A7795,TODO,UNRESOLVED,,,,0,,,
CONFIG_SYSC_R8A77960,TODO,UNRESOLVED,,,,0,,,
CONFIG_SYSC_R8A77961,TODO,UNRESOLVED,,,,0,,,
CONFIG_SYSC_R8A77965,TODO,UNRESOLVED,,,,0,,,
CONFIG_SYSC_R8A77970,TODO,UNRESOLVED,,,,0,,,
CONFIG_SYSC_R8A77980,TODO,UNRESOLVED,,,,0,,,
CONFIG_SYSC_R8A77990,TODO,UNRESOLVED,,,,0,,,
CONFIG_SYSC_R8A77995,TODO,UNRESOLVED,,,,0,,,
CONFIG_SYSC_R8A779A0,TODO,UNRESOLVED,,,,0,,,
CONFIG_SYSC_R8A779F0,TODO,UNRESOLVED,,,,0,,,
CONFIG_SYSC_R8A779G0,TODO,UNRESOLVED,,,,0,,,
CONFIG_SYSC_R8A779H0,TODO,UNRESOLVED,,,,0,,,
CONFIG_SYSC_R9A08G045,TODO,UNRESOLVED,,,,0,,,
CONFIG_SYSC_RCAR,TODO,UNRESOLVED,,,,0,,,
CONFIG_SYSC_RCAR_GEN4,TODO,UNRESOLVED,,,,0,,,
CONFIG_SYSC_RMOBILE,TODO,UNRESOLVED,,,,0,,,
CONFIG_SYSC_RZ,TODO,UNRESOLVED,,,,0,,,
CONFIG_SYSFB,TODO,UNRESOLVED,,,,0,,,
CONFIG_SYSFB_SIMPLEFB,TODO,UNRESOLVED,,,,0,,,
CONFIG_SYSFS,TODO,UNRESOLVED,,,,0,,,
CONFIG_SYSFS_SYSCALL,TODO,UNRESOLVED,,,,0,,,
CONFIG_SYSTEM76_ACPI,TODO,UNRESOLVED,,,,0,,,
CONFIG_SYSTEMPORT,TODO,UNRESOLVED,,,,0,,,
CONFIG_SYSTEM_BLACKLIST_AUTH_UPDATE,TODO,UNRESOLVED,,,,0,,,
CONFIG_SYSTEM_BLACKLIST_HASH_LIST,TODO,UNRESOLVED,,,,0,,,
CONFIG_SYSTEM_BLACKLIST_KEYRING,TODO,UNRESOLVED,,,,0,,,
CONFIG_SYSTEM_DATA_VERIFICATION,TODO,UNRESOLVED,,,,0,,,
CONFIG_SYSTEM_EXTRA_CERTIFICATE,TODO,UNRESOLVED,,,,0,,,
CONFIG_SYSTEM_EXTRA_CERTIFICATE_SIZE,TODO,UNRESOLVED,,,,0,,,
CONFIG_SYSTEM_REVOCATION_KEYS,TODO,UNRESOLVED,,,,0,,,
CONFIG_SYSTEM_REVOCATION_LIST,TODO,UNRESOLVED,,,,0,,,
CONFIG_SYSTEM_TRUSTED_KEYRING,TODO,UNRESOLVED,,,,0,,,
CONFIG_SYSTEM_TRUSTED_KEYS,TODO,UNRESOLVED,,,,0,,,
CONFIG_SYSV68_PARTITION,TODO,UNRESOLVED,,,,0,,,
CONFIG_SYSVIPC,TODO,UNRESOLVED,,,,0,,,
CONFIG_SYSVIPC_COMPAT,TODO,UNRESOLVED,,,,0,,,
CONFIG_SYSVIPC_SYSCTL,TODO,UNRESOLVED,,,,0,,,
CONFIG_SYS_HYPERVISOR,TODO,UNRESOLVED,,,,0,,,
CONFIG_SYS_R9A09G047,TODO,UNRESOLVED,,,,0,,,
CONFIG_SYS_R9A09G056,TODO,UNRESOLVED,,,,0,,,
CONFIG_SYS_R9A09G057,TODO,UNRESOLVED,,,,0,,,
CONFIG_SYS_SUPPORTS_EM_STI,TODO,UNRESOLVED,,,,0,,,
CONFIG_SYS_SUPPORTS_SH_CMT,TODO,UNRESOLVED,,,,0,,,
CONFIG_SYS_SUPPORTS_SH_MTU2,TODO,UNRESOLVED,,,,0,,,
CONFIG_SYS_SUPPORTS_SH_TMU,TODO,UNRESOLVED,,,,0,,,
CONFIG_T5403,TODO,UNRESOLVED,,,,0,,,
CONFIG_TABLET_SERIAL_WACOM4,TODO,UNRESOLVED,,,,0,,,
CONFIG_TABLET_USB_ACECAD,TODO,UNRESOLVED,,,,0,,,
CONFIG_TABLET_USB_AIPTEK,TODO,UNRESOLVED,,,,0,,,
CONFIG_TABLET_USB_HANWANG,TODO,UNRESOLVED,,,,0,,,
CONFIG_TABLET_USB_KBTAB,TODO,UNRESOLVED,,,,0,,,
CONFIG_TABLET_USB_PEGASUS,TODO,UNRESOLVED,,,,0,,,
CONFIG_TAHVO_USB,TODO,UNRESOLVED,,,,0,,,
CONFIG_TAHVO_USB_HOST_BY_DEFAULT,TODO,UNRESOLVED,,,,0,,,
CONFIG_TAP,TODO,UNRESOLVED,,,,0,,,
CONFIG_TARGET_CORE,TODO,UNRESOLVED,,,,0,,,
CONFIG_TASKSTATS,TODO,UNRESOLVED,,,,0,,,
CONFIG_TASKS_RCU,TODO,UNRESOLVED,,,,0,,,
CONFIG_TASKS_RCU_GENERIC,TODO,UNRESOLVED,,,,0,,,
CONFIG_TASKS_RUDE_RCU,TODO,UNRESOLVED,,,,0,,,
CONFIG_TASKS_TRACE_RCU,TODO,UNRESOLVED,,,,0,,,
CONFIG_TASKS_TRACE_RCU_READ_MB,TODO,UNRESOLVED,,,,0,,,
CONFIG_TASK_DELAY_ACCT,TODO,UNRESOLVED,,,,0,,,
CONFIG_TASK_IO_ACCOUNTING,TODO,UNRESOLVED,,,,0,,,
CONFIG_TASK_XACCT,TODO,UNRESOLVED,,,,0,,,
CONFIG_TB10X_IRQC,TODO,UNRESOLVED,,,,0,,,
CONFIG_TC1100_WMI,TODO,UNRESOLVED,,,,0,,,
CONFIG_TC35815,TODO,UNRESOLVED,,,,0,,,
CONFIG_TCG_ARM_CRB_FFA,TODO,UNRESOLVED,,,,0,,,
CONFIG_TCG_ATMEL,TODO,UNRESOLVED,,,,0,,,
CONFIG_TCG_CRB,TODO,UNRESOLVED,,,,0,,,
CONFIG_TCG_FTPM_TEE,TODO,UNRESOLVED,,,,0,,,
CONFIG_TCG_IBMVTPM,TODO,UNRESOLVED,,,,0,,,
CONFIG_TCG_INFINEON,TODO,UNRESOLVED,,,,0,,,
CONFIG_TCG_LOONGSON,TODO,UNRESOLVED,,,,0,,,
CONFIG_TCG_NSC,TODO,UNRESOLVED,,,,0,,,
CONFIG_TCG_SVSM,TODO,UNRESOLVED,,,,0,,,
CONFIG_TCG_TIS,TODO,UNRESOLVED,,,,0,,,
CONFIG_TCG_TIS_CORE,TODO,UNRESOLVED,,,,0,,,
CONFIG_TCG_TIS_I2C,TODO,UNRESOLVED,,,,0,,,
CONFIG_TCG_TIS_I2C_ATMEL,TODO,UNRESOLVED,,,,0,,,
CONFIG_TCG_TIS_I2C_CR50,TODO,UNRESOLVED,,,,0,,,
CONFIG_TCG_TIS_I2C_INFINEON,TODO,UNRESOLVED,,,,0,,,
CONFIG_TCG_TIS_I2C_NUVOTON,TODO,UNRESOLVED,,,,0,,,
CONFIG_TCG_TIS_SPI,TODO,UNRESOLVED,,,,0,,,
CONFIG_TCG_TIS_SPI_CR50,TODO,UNRESOLVED,,,,0,,,
CONFIG_TCG_TIS_ST33ZP24,TODO,UNRESOLVED,,,,0,,,
CONFIG_TCG_TIS_ST33ZP24_I2C,TODO,UNRESOLVED,,,,0,,,
CONFIG_TCG_TIS_ST33ZP24_SPI,TODO,UNRESOLVED,,,,0,,,
CONFIG_TCG_TIS_SYNQUACER,TODO,UNRESOLVED,,,,0,,,
CONFIG_TCG_TPM,TODO,UNRESOLVED,,,,0,,,
CONFIG_TCG_TPM2_HMAC,TODO,UNRESOLVED,,,,0,,,
CONFIG_TCG_VTPM_PROXY,TODO,UNRESOLVED,,,,0,,,
CONFIG_TCG_XEN,TODO,UNRESOLVED,,,,0,,,
CONFIG_TCIC,TODO,UNRESOLVED,,,,0,,,
CONFIG_TCM_FC,TODO,UNRESOLVED,,,,0,,,
CONFIG_TCM_FILEIO,TODO,UNRESOLVED,,,,0,,,
CONFIG_TCM_IBLOCK,TODO,UNRESOLVED,,,,0,,,
CONFIG_TCM_PSCSI,TODO,UNRESOLVED,,,,0,,,
CONFIG_TCM_QLA2XXX,TODO,UNRESOLVED,,,,0,,,
CONFIG_TCM_QLA2XXX_DEBUG,TODO,UNRESOLVED,,,,0,,,
CONFIG_TCM_USER2,TODO,UNRESOLVED,,,,0,,,
CONFIG_TCP_AO,TODO,UNRESOLVED,,,,0,,,
CONFIG_TCP_CONG_ADVANCED,TODO,UNRESOLVED,,,,0,,,
CONFIG_TCP_CONG_BBR,TODO,UNRESOLVED,,,,0,,,
CONFIG_TCP_CONG_BIC,TODO,UNRESOLVED,,,,0,,,
CONFIG_TCP_CONG_CDG,TODO,UNRESOLVED,,,,0,,,
CONFIG_TCP_CONG_CUBIC,TODO,UNRESOLVED,,,,0,,,
CONFIG_TCP_CONG_DCTCP,TODO,UNRESOLVED,,,,0,,,
CONFIG_TCP_CONG_HSTCP,TODO,UNRESOLVED,,,,0,,,
CONFIG_TCP_CONG_HTCP,TODO,UNRESOLVED,,,,0,,,
CONFIG_TCP_CONG_HYBLA,TODO,UNRESOLVED,,,,0,,,
CONFIG_TCP_CONG_ILLINOIS,TODO,UNRESOLVED,,,,0,,,
CONFIG_TCP_CONG_LP,TODO,UNRESOLVED,,,,0,,,
CONFIG_TCP_CONG_NV,TODO,UNRESOLVED,,,,0,,,
CONFIG_TCP_CONG_SCALABLE,TODO,UNRESOLVED,,,,0,,,
CONFIG_TCP_CONG_VEGAS,TODO,UNRESOLVED,,,,0,,,
CONFIG_TCP_CONG_VENO,TODO,UNRESOLVED,,,,0,,,
CONFIG_TCP_CONG_WESTWOOD,TODO,UNRESOLVED,,,,0,,,
CONFIG_TCP_CONG_YEAH,TODO,UNRESOLVED,,,,0,,,
CONFIG_TCP_MD5SIG,TODO,UNRESOLVED,,,,0,,,
CONFIG_TCP_SIGPOOL,TODO,UNRESOLVED,,,,0,,,
CONFIG_TCS3414,TODO,UNRESOLVED,,,,0,,,
CONFIG_TCS3472,TODO,UNRESOLVED,,,,0,,,
CONFIG_TDX_GUEST_DRIVER,TODO,UNRESOLVED,,,,0,,,
CONFIG_TEE,TODO,UNRESOLVED,,,,0,,,
CONFIG_TEE_BNXT_FW,TODO,UNRESOLVED,,,,0,,,
CONFIG_TEE_DMABUF_HEAPS,TODO,UNRESOLVED,,,,0,,,
CONFIG_TEE_STMM_EFI,TODO,UNRESOLVED,,,,0,,,
CONFIG_TEGRA124_CLK_EMC,TODO,UNRESOLVED,,,,0,,,
CONFIG_TEGRA124_EMC,TODO,UNRESOLVED,,,,0,,,
CONFIG_TEGRA186_GPC_DMA,TODO,UNRESOLVED,,,,0,,,
CONFIG_TEGRA186_TIMER,TODO,UNRESOLVED,,,,0,,,
CONFIG_TEGRA20_APB_DMA,TODO,UNRESOLVED,,,,0,,,
CONFIG_TEGRA20_EMC,TODO,UNRESOLVED,,,,0,,,
CONFIG_TEGRA210_ADMA,TODO,UNRESOLVED,,,,0,,,
CONFIG_TEGRA210_EMC,TODO,UNRESOLVED,,,,0,,,
CONFIG_TEGRA210_EMC_TABLE,TODO,UNRESOLVED,,,,0,,,
CONFIG_TEGRA241_CMDQV,TODO,UNRESOLVED,,,,0,,,
CONFIG_TEGRA30_EMC,TODO,UNRESOLVED,,,,0,,,
CONFIG_TEGRA30_TSENSOR,TODO,UNRESOLVED,,,,0,,,
CONFIG_TEGRA_ACONNECT,TODO,UNRESOLVED,,,,0,,,
CONFIG_TEGRA_AHB,TODO,UNRESOLVED,,,,0,,,
CONFIG_TEGRA_BPMP,TODO,UNRESOLVED,,,,0,,,
CONFIG_TEGRA_BPMP_THERMAL,TODO,UNRESOLVED,,,,0,,,
CONFIG_TEGRA_CLK_DFLL,TODO,UNRESOLVED,,,,0,,,
CONFIG_TEGRA_GMI,TODO,UNRESOLVED,,,,0,,,
CONFIG_TEGRA_HOST1X,TODO,UNRESOLVED,,,,0,,,
CONFIG_TEGRA_HOST1X_CONTEXT_BUS,TODO,UNRESOLVED,,,,0,,,
CONFIG_TEGRA_HOST1X_FIREWALL,TODO,UNRESOLVED,,,,0,,,
CONFIG_TEGRA_HSP_MBOX,TODO,UNRESOLVED,,,,0,,,
CONFIG_TEGRA_IOMMU_SMMU,TODO,UNRESOLVED,,,,0,,,
CONFIG_TEGRA_IVC,TODO,UNRESOLVED,,,,0,,,
CONFIG_TEGRA_MC,TODO,UNRESOLVED,,,,0,,,
CONFIG_TEGRA_SOCTHERM,TODO,UNRESOLVED,,,,0,,,
CONFIG_TEGRA_TIMER,TODO,UNRESOLVED,,,,0,,,
CONFIG_TEGRA_WATCHDOG,TODO,UNRESOLVED,,,,0,,,
CONFIG_TEHUTI,TODO,UNRESOLVED,,,,0,,,
CONFIG_TEHUTI_TN40,TODO,UNRESOLVED,,,,0,,,
CONFIG_TELCLOCK,TODO,UNRESOLVED,,,,0,,,
CONFIG_TERANETICS_PHY,TODO,UNRESOLVED,,,,0,,,
CONFIG_TESLA_FSD_COMMON_CLK,TODO,UNRESOLVED,,,,0,,,
CONFIG_TEST_ASYNC_DRIVER_PROBE,TODO,UNRESOLVED,,,,0,,,
CONFIG_TEST_BITMAP,TODO,UNRESOLVED,,,,0,,,
CONFIG_TEST_BITOPS,TODO,UNRESOLVED,,,,0,,,
CONFIG_TEST_BPF,TODO,UNRESOLVED,,,,0,,,
CONFIG_TEST_CLOCKSOURCE_WATCHDOG,TODO,UNRESOLVED,,,,0,,,
CONFIG_TEST_DEBUG_VIRTUAL,TODO,UNRESOLVED,,,,0,,,
CONFIG_TEST_DHRY,TODO,UNRESOLVED,,,,0,,,
CONFIG_TEST_DIV64,TODO,UNRESOLVED,,,,0,,,
CONFIG_TEST_DYNAMIC_DEBUG,TODO,UNRESOLVED,,,,0,,,
CONFIG_TEST_FIRMWARE,TODO,UNRESOLVED,,,,0,,,
CONFIG_TEST_FPU,TODO,UNRESOLVED,,,,0,,,
CONFIG_TEST_FREE_PAGES,TODO,UNRESOLVED,,,,0,,,
CONFIG_TEST_HEXDUMP,TODO,UNRESOLVED,,,,0,,,
CONFIG_TEST_HMM,TODO,UNRESOLVED,,,,0,,,
CONFIG_TEST_IDA,TODO,UNRESOLVED,,,,0,,,
CONFIG_TEST_IOV_ITER,TODO,UNRESOLVED,,,,0,,,
CONFIG_TEST_IRQ_TIMINGS,TODO,UNRESOLVED,,,,0,,,
CONFIG_TEST_KALLSYMS,TODO,UNRESOLVED,,,,0,,,
CONFIG_TEST_KALLSYMS_A,TODO,UNRESOLVED,,,,0,,,
CONFIG_TEST_KALLSYMS_B,TODO,UNRESOLVED,,,,0,,,
CONFIG_TEST_KALLSYMS_C,TODO,UNRESOLVED,,,,0,,,
CONFIG_TEST_KALLSYMS_D,TODO,UNRESOLVED,,,,0,,,
CONFIG_TEST_KALLSYMS_FAST,TODO,UNRESOLVED,,,,0,,,
CONFIG_TEST_KALLSYMS_LARGE,TODO,UNRESOLVED,,,,0,,,
CONFIG_TEST_KALLSYMS_MAX,TODO,UNRESOLVED,,,,0,,,
CONFIG_TEST_KALLSYMS_NUMSYMS,TODO,UNRESOLVED,,,,0,,,
CONFIG_TEST_KALLSYMS_SCALE_FACTOR,TODO,UNRESOLVED,,,,0,,,
CONFIG_TEST_KEXEC_HANDOVER,TODO,UNRESOLVED,,,,0,,,
CONFIG_TEST_KMOD,TODO,UNRESOLVED,,,,0,,,
CONFIG_TEST_KSTRTOX,TODO,UNRESOLVED,,,,0,,,
CONFIG_TEST_LIST_SORT,TODO,UNRESOLVED,,,,0,,,
CONFIG_TEST_LKM,TODO,UNRESOLVED,,,,0,,,
CONFIG_TEST_LOCKUP,TODO,UNRESOLVED,,,,0,,,
CONFIG_TEST_MAPLE_TREE,TODO,UNRESOLVED,,,,0,,,
CONFIG_TEST_MEMCAT_P,TODO,UNRESOLVED,,,,0,,,
CONFIG_TEST_MEMINIT,TODO,UNRESOLVED,,,,0,,,
CONFIG_TEST_MIN_HEAP,TODO,UNRESOLVED,,,,0,,,
CONFIG_TEST_MISC_MINOR,TODO,UNRESOLVED,,,,0,,,
CONFIG_TEST_MULDIV64,TODO,UNRESOLVED,,,,0,,,
CONFIG_TEST_OBJAGG,TODO,UNRESOLVED,,,,0,,,
CONFIG_TEST_OBJPOOL,TODO,UNRESOLVED,,,,0,,,
CONFIG_TEST_PARMAN,TODO,UNRESOLVED,,,,0,,,
CONFIG_TEST_POWER,TODO,UNRESOLVED,,,,0,,,
CONFIG_TEST_REF_TRACKER,TODO,UNRESOLVED,,,,0,,,
CONFIG_TEST_RHASHTABLE,TODO,UNRESOLVED,,,,0,,,
CONFIG_TEST_RUNTIME,TODO,UNRESOLVED,,,,0,,,
CONFIG_TEST_RUNTIME_MODULE,TODO,UNRESOLVED,,,,0,,,
CONFIG_TEST_SORT,TODO,UNRESOLVED,,,,0,,,
CONFIG_TEST_STATIC_KEYS,TODO,UNRESOLVED,,,,0,,,
CONFIG_TEST_SYSCTL,TODO,UNRESOLVED,,,,0,,,
CONFIG_TEST_UBSAN,TODO,UNRESOLVED,,,,0,,,
CONFIG_TEST_UDELAY,TODO,UNRESOLVED,,,,0,,,
CONFIG_TEST_UUID,TODO,UNRESOLVED,,,,0,,,
CONFIG_TEST_VMALLOC,TODO,UNRESOLVED,,,,0,,,
CONFIG_TEST_XARRAY,TODO,UNRESOLVED,,,,0,,,
CONFIG_TEXTSEARCH,TODO,UNRESOLVED,,,,0,,,
CONFIG_TEXTSEARCH_BM,TODO,UNRESOLVED,,,,0,,,
CONFIG_TEXTSEARCH_FSM,TODO,UNRESOLVED,,,,0,,,
CONFIG_TEXTSEARCH_KMP,TODO,UNRESOLVED,,,,0,,,
CONFIG_TH1520_AON_PROTOCOL,TODO,UNRESOLVED,,,,0,,,
CONFIG_TH1520_PM_DOMAINS,TODO,UNRESOLVED,,,,0,,,
CONFIG_THEAD_C900_ACLINT_SSWI,TODO,UNRESOLVED,,,,0,,,
CONFIG_THEAD_TH1520_MBOX,TODO,UNRESOLVED,,,,0,,,
CONFIG_THERMAL,REVIEWED,DEFERRED,DOCUMENTED_SCENARIO,OPTIONAL,held-parent-default,1,Held at K-HVCORE-001 value n to prevent unrelated defaults from widening K-HOSTCHAN-001.,https://github.com/microsoft/WSL2-Linux-Kernel/tree/14794180686c2fb6307fbe359c359bec765249f3,
CONFIG_THERMAL_CORE_TESTING,TODO,UNRESOLVED,,,,0,,,
CONFIG_THERMAL_DEBUGFS,TODO,UNRESOLVED,,,,0,,,
CONFIG_THERMAL_DEFAULT_GOV_BANG_BANG,TODO,UNRESOLVED,,,,0,,,
CONFIG_THERMAL_DEFAULT_GOV_FAIR_SHARE,TODO,UNRESOLVED,,,,0,,,
CONFIG_THERMAL_DEFAULT_GOV_POWER_ALLOCATOR,TODO,UNRESOLVED,,,,0,,,
CONFIG_THERMAL_DEFAULT_GOV_STEP_WISE,TODO,UNRESOLVED,,,,0,,,
CONFIG_THERMAL_DEFAULT_GOV_USER_SPACE,TODO,UNRESOLVED,,,,0,,,
CONFIG_THERMAL_EMERGENCY_POWEROFF_DELAY_MS,TODO,UNRESOLVED,,,,0,,,
CONFIG_THERMAL_EMULATION,TODO,UNRESOLVED,,,,0,,,
CONFIG_THERMAL_GOV_BANG_BANG,TODO,UNRESOLVED,,,,0,,,
CONFIG_THERMAL_GOV_FAIR_SHARE,TODO,UNRESOLVED,,,,0,,,
CONFIG_THERMAL_GOV_POWER_ALLOCATOR,TODO,UNRESOLVED,,,,0,,,
CONFIG_THERMAL_GOV_STEP_WISE,TODO,UNRESOLVED,,,,0,,,
CONFIG_THERMAL_GOV_USER_SPACE,TODO,UNRESOLVED,,,,0,,,
CONFIG_THERMAL_HWMON,TODO,UNRESOLVED,,,,0,,,
CONFIG_THERMAL_MMIO,TODO,UNRESOLVED,,,,0,,,
CONFIG_THERMAL_NETLINK,TODO,UNRESOLVED,,,,0,,,
CONFIG_THERMAL_OF,TODO,UNRESOLVED,,,,0,,,
CONFIG_THERMAL_STATISTICS,TODO,UNRESOLVED,,,,0,,,
CONFIG_THERM_ADT746X,TODO,UNRESOLVED,,,,0,,,
CONFIG_THERM_WINDTUNNEL,TODO,UNRESOLVED,,,,0,,,
CONFIG_THINKPAD_ACPI,TODO,UNRESOLVED,,,,0,,,
CONFIG_THINKPAD_ACPI_ALSA_SUPPORT,TODO,UNRESOLVED,,,,0,,,
CONFIG_THINKPAD_ACPI_DEBUG,TODO,UNRESOLVED,,,,0,,,
CONFIG_THINKPAD_ACPI_DEBUGFACILITIES,TODO,UNRESOLVED,,,,0,,,
CONFIG_THINKPAD_ACPI_HOTKEY_POLL,TODO,UNRESOLVED,,,,0,,,
CONFIG_THINKPAD_ACPI_UNSAFE_LEDS,TODO,UNRESOLVED,,,,0,,,
CONFIG_THINKPAD_ACPI_VIDEO,TODO,UNRESOLVED,,,,0,,,
CONFIG_THINKPAD_LMI,TODO,UNRESOLVED,,,,0,,,
CONFIG_THP_SWAP,TODO,UNRESOLVED,,,,0,,,
CONFIG_THREAD_INFO_IN_TASK,TODO,UNRESOLVED,,,,0,,,
CONFIG_THRUSTMASTER_FF,TODO,UNRESOLVED,,,,0,,,
CONFIG_THUNDERX2_PMU,TODO,UNRESOLVED,,,,0,,,
CONFIG_THUNDER_NIC_BGX,TODO,UNRESOLVED,,,,0,,,
CONFIG_THUNDER_NIC_PF,TODO,UNRESOLVED,,,,0,,,
CONFIG_THUNDER_NIC_RGX,TODO,UNRESOLVED,,,,0,,,
CONFIG_THUNDER_NIC_VF,TODO,UNRESOLVED,,,,0,,,
CONFIG_TICK_CPU_ACCOUNTING,TODO,UNRESOLVED,,,,0,,,
CONFIG_TICK_ONESHOT,TODO,UNRESOLVED,,,,0,,,
CONFIG_TIFM_7XX1,TODO,UNRESOLVED,,,,0,,,
CONFIG_TIFM_CORE,TODO,UNRESOLVED,,,,0,,,
CONFIG_TIGON3,TODO,UNRESOLVED,,,,0,,,
CONFIG_TIGON3_HWMON,TODO,UNRESOLVED,,,,0,,,
CONFIG_TIMB_DMA,TODO,UNRESOLVED,,,,0,,,
CONFIG_TIMERFD,TODO,UNRESOLVED,,,,0,,,
CONFIG_TIMERLAT_TRACER,TODO,UNRESOLVED,,,,0,,,
CONFIG_TIMER_ACPI,TODO,UNRESOLVED,,,,0,,,
CONFIG_TIMER_IMX_SYS_CTR,TODO,UNRESOLVED,,,,0,,,
CONFIG_TIMER_OF,TODO,UNRESOLVED,,,,0,,,
CONFIG_TIMER_PROBE,TODO,UNRESOLVED,,,,0,,,
CONFIG_TIME_KUNIT_TEST,TODO,UNRESOLVED,,,,0,,,
CONFIG_TIME_NS,TODO,UNRESOLVED,,,,0,,,
CONFIG_TINYDRM_HX8357D,TODO,UNRESOLVED,,,,0,,,
CONFIG_TINYDRM_ILI9163,TODO,UNRESOLVED,,,,0,,,
CONFIG_TINYDRM_ILI9225,TODO,UNRESOLVED,,,,0,,,
CONFIG_TINYDRM_ILI9341,TODO,UNRESOLVED,,,,0,,,
CONFIG_TINYDRM_ILI9486,TODO,UNRESOLVED,,,,0,,,
CONFIG_TINYDRM_MI0283QT,TODO,UNRESOLVED,,,,0,,,
CONFIG_TINYDRM_REPAPER,TODO,UNRESOLVED,,,,0,,,
CONFIG_TINYDRM_SHARP_MEMORY,TODO,UNRESOLVED,,,,0,,,
CONFIG_TINY_RCU,TODO,UNRESOLVED,,,,0,,,
CONFIG_TINY_SRCU,TODO,UNRESOLVED,,,,0,,,
CONFIG_TIPC,TODO,UNRESOLVED,,,,0,,,
CONFIG_TIPC_CRYPTO,TODO,UNRESOLVED,,,,0,,,
CONFIG_TIPC_DIAG,TODO,UNRESOLVED,,,,0,,,
CONFIG_TIPC_MEDIA_IB,TODO,UNRESOLVED,,,,0,,,
CONFIG_TIPC_MEDIA_UDP,TODO,UNRESOLVED,,,,0,,,
CONFIG_TI_ADC081C,TODO,UNRESOLVED,,,,0,,,
CONFIG_TI_ADC0832,TODO,UNRESOLVED,,,,0,,,
CONFIG_TI_ADC084S021,TODO,UNRESOLVED,,,,0,,,
CONFIG_TI_ADC108S102,TODO,UNRESOLVED,,,,0,,,
CONFIG_TI_ADC12138,TODO,UNRESOLVED,,,,0,,,
CONFIG_TI_ADC128S052,TODO,UNRESOLVED,,,,0,,,
CONFIG_TI_ADC161S626,TODO,UNRESOLVED,,,,0,,,
CONFIG_TI_ADS1015,TODO,UNRESOLVED,,,,0,,,
CONFIG_TI_ADS1100,TODO,UNRESOLVED,,,,0,,,
CONFIG_TI_ADS1119,TODO,UNRESOLVED,,,,0,,,
CONFIG_TI_ADS124S08,TODO,UNRESOLVED,,,,0,,,
CONFIG_TI_ADS1298,TODO,UNRESOLVED,,,,0,,,
CONFIG_TI_ADS131E08,TODO,UNRESOLVED,,,,0,,,
CONFIG_TI_ADS7138,TODO,UNRESOLVED,,,,0,,,
CONFIG_TI_ADS7924,TODO,UNRESOLVED,,,,0,,,
CONFIG_TI_ADS7950,TODO,UNRESOLVED,,,,0,,,
CONFIG_TI_ADS8344,TODO,UNRESOLVED,,,,0,,,
CONFIG_TI_ADS8688,TODO,UNRESOLVED,,,,0,,,
CONFIG_TI_AEMIF,TODO,UNRESOLVED,,,,0,,,
CONFIG_TI_AM335X_ADC,TODO,UNRESOLVED,,,,0,,,
CONFIG_TI_AM65_CPSW_QOS,TODO,UNRESOLVED,,,,0,,,
CONFIG_TI_CPPI41,TODO,UNRESOLVED,,,,0,,,
CONFIG_TI_CPSW,TODO,UNRESOLVED,,,,0,,,
CONFIG_TI_CPSW_PHY_SEL,TODO,UNRESOLVED,,,,0,,,
CONFIG_TI_CPSW_SWITCHDEV,TODO,UNRESOLVED,,,,0,,,
CONFIG_TI_CPTS,TODO,UNRESOLVED,,,,0,,,
CONFIG_TI_DAC082S085,TODO,UNRESOLVED,,,,0,,,
CONFIG_TI_DAC5571,TODO,UNRESOLVED,,,,0,,,
CONFIG_TI_DAC7311,TODO,UNRESOLVED,,,,0,,,
CONFIG_TI_DAC7612,TODO,UNRESOLVED,,,,0,,,
CONFIG_TI_DAVINCI_EMAC,TODO,UNRESOLVED,,,,0,,,
CONFIG_TI_DAVINCI_MDIO,TODO,UNRESOLVED,,,,0,,,
CONFIG_TI_DMA_CROSSBAR,TODO,UNRESOLVED,,,,0,,,
CONFIG_TI_ECAP_CAPTURE,TODO,UNRESOLVED,,,,0,,,
CONFIG_TI_EDMA,TODO,UNRESOLVED,,,,0,,,
CONFIG_TI_EMIF,TODO,UNRESOLVED,,,,0,,,
CONFIG_TI_EMIF_SRAM,TODO,UNRESOLVED,,,,0,,,
CONFIG_TI_EQEP,TODO,UNRESOLVED,,,,0,,,
CONFIG_TI_FPC202,TODO,UNRESOLVED,,,,0,,,
CONFIG_TI_ICSSG_PRUETH,TODO,UNRESOLVED,,,,0,,,
CONFIG_TI_ICSSG_PRUETH_SR1,TODO,UNRESOLVED,,,,0,,,
CONFIG_TI_ICSS_IEP,TODO,UNRESOLVED,,,,0,,,
CONFIG_TI_K3_AM65_CPSW_NUSS,TODO,UNRESOLVED,,,,0,,,
CONFIG_TI_K3_AM65_CPSW_SWITCHDEV,TODO,UNRESOLVED,,,,0,,,
CONFIG_TI_K3_AM65_CPTS,TODO,UNRESOLVED,,,,0,,,
CONFIG_TI_K3_CPPI_DESC_POOL,TODO,UNRESOLVED,,,,0,,,
CONFIG_TI_K3_DSP_REMOTEPROC,TODO,UNRESOLVED,,,,0,,,
CONFIG_TI_K3_M4_REMOTEPROC,TODO,UNRESOLVED,,,,0,,,
CONFIG_TI_K3_PSIL,TODO,UNRESOLVED,,,,0,,,
CONFIG_TI_K3_R5_REMOTEPROC,TODO,UNRESOLVED,,,,0,,,
CONFIG_TI_K3_RINGACC,TODO,UNRESOLVED,,,,0,,,
CONFIG_TI_K3_SOCINFO,TODO,UNRESOLVED,,,,0,,,
CONFIG_TI_K3_UDMA,TODO,UNRESOLVED,,,,0,,,
CONFIG_TI_K3_UDMA_GLUE_LAYER,TODO,UNRESOLVED,,,,0,,,
CONFIG_TI_KEYSTONE_NETCP,TODO,UNRESOLVED,,,,0,,,
CONFIG_TI_KEYSTONE_NETCP_ETHSS,TODO,UNRESOLVED,,,,0,,,
CONFIG_TI_LMP92064,TODO,UNRESOLVED,,,,0,,,
CONFIG_TI_MESSAGE_MANAGER,TODO,UNRESOLVED,,,,0,,,
CONFIG_TI_PIPE3,TODO,UNRESOLVED,,,,0,,,
CONFIG_TI_PRUETH,TODO,UNRESOLVED,,,,0,,,
CONFIG_TI_PRUSS,TODO,UNRESOLVED,,,,0,,,
CONFIG_TI_PRUSS_INTC,TODO,UNRESOLVED,,,,0,,,
CONFIG_TI_PWMSS,TODO,UNRESOLVED,,,,0,,,
CONFIG_TI_SCI_CLK,TODO,UNRESOLVED,,,,0,,,
CONFIG_TI_SCI_CLK_PROBE_FROM_FW,TODO,UNRESOLVED,,,,0,,,
CONFIG_TI_SCI_INTA_IRQCHIP,TODO,UNRESOLVED,,,,0,,,
CONFIG_TI_SCI_INTA_MSI_DOMAIN,TODO,UNRESOLVED,,,,0,,,
CONFIG_TI_SCI_INTR_IRQCHIP,TODO,UNRESOLVED,,,,0,,,
CONFIG_TI_SCI_PM_DOMAINS,TODO,UNRESOLVED,,,,0,,,
CONFIG_TI_SCI_PROTOCOL,TODO,UNRESOLVED,,,,0,,,
CONFIG_TI_SOC_THERMAL,TODO,UNRESOLVED,,,,0,,,
CONFIG_TI_SYSC,TODO,UNRESOLVED,,,,0,,,
CONFIG_TI_SYSCON_CLK,TODO,UNRESOLVED,,,,0,,,
CONFIG_TI_THERMAL,TODO,UNRESOLVED,,,,0,,,
CONFIG_TI_TLC4541,TODO,UNRESOLVED,,,,0,,,
CONFIG_TI_TMAG5273,TODO,UNRESOLVED,,,,0,,,
CONFIG_TI_TSC2046,TODO,UNRESOLVED,,,,0,,,
CONFIG_TLAN,TODO,UNRESOLVED,,,,0,,,
CONFIG_TLS,TODO,UNRESOLVED,,,,0,,,
CONFIG_TLS_DEVICE,TODO,UNRESOLVED,,,,0,,,
CONFIG_TLS_TOE,TODO,UNRESOLVED,,,,0,,,
CONFIG_TMP006,TODO,UNRESOLVED,,,,0,,,
CONFIG_TMP007,TODO,UNRESOLVED,,,,0,,,
CONFIG_TMP117,TODO,UNRESOLVED,,,,0,,,
CONFIG_TMPFS,TODO,UNRESOLVED,,,,0,,,
CONFIG_TMPFS_INODE64,TODO,UNRESOLVED,,,,0,,,
CONFIG_TMPFS_POSIX_ACL,TODO,UNRESOLVED,,,,0,,,
CONFIG_TMPFS_QUOTA,TODO,UNRESOLVED,,,,0,,,
CONFIG_TMPFS_XATTR,TODO,UNRESOLVED,,,,0,,,
CONFIG_TMR_INJECT,TODO,UNRESOLVED,,,,0,,,
CONFIG_TMR_MANAGER,TODO,UNRESOLVED,,,,0,,,
CONFIG_TN3215,TODO,UNRESOLVED,,,,0,,,
CONFIG_TN3215_CONSOLE,TODO,UNRESOLVED,,,,0,,,
CONFIG_TN3270,TODO,UNRESOLVED,,,,0,,,
CONFIG_TN3270_CONSOLE,TODO,UNRESOLVED,,,,0,,,
CONFIG_TN3270_FS,TODO,UNRESOLVED,,,,0,,,
CONFIG_TOOLS_SUPPORT_RELR,TODO,UNRESOLVED,,,,0,,,
CONFIG_TOPSTAR_LAPTOP,TODO,UNRESOLVED,,,,0,,,
CONFIG_TORTURE_TEST,TODO,UNRESOLVED,,,,0,,,
CONFIG_TOSHIBA,TODO,UNRESOLVED,,,,0,,,
CONFIG_TOSHIBA_BT_RFKILL,TODO,UNRESOLVED,,,,0,,,
CONFIG_TOSHIBA_HAPS,TODO,UNRESOLVED,,,,0,,,
CONFIG_TOSHIBA_WMI,TODO,UNRESOLVED,,,,0,,,
CONFIG_TOUCHSCREEN_88PM860X,TODO,UNRESOLVED,,,,0,,,
CONFIG_TOUCHSCREEN_AD7877,TODO,UNRESOLVED,,,,0,,,
CONFIG_TOUCHSCREEN_AD7879,TODO,UNRESOLVED,,,,0,,,
CONFIG_TOUCHSCREEN_AD7879_I2C,TODO,UNRESOLVED,,,,0,,,
CONFIG_TOUCHSCREEN_AD7879_SPI,TODO,UNRESOLVED,,,,0,,,
CONFIG_TOUCHSCREEN_ADC,TODO,UNRESOLVED,,,,0,,,
CONFIG_TOUCHSCREEN_ADS7846,TODO,UNRESOLVED,,,,0,,,
CONFIG_TOUCHSCREEN_APPLE_Z2,TODO,UNRESOLVED,,,,0,,,
CONFIG_TOUCHSCREEN_AR1021_I2C,TODO,UNRESOLVED,,,,0,,,
CONFIG_TOUCHSCREEN_ATMEL_MXT,TODO,UNRESOLVED,,,,0,,,
CONFIG_TOUCHSCREEN_ATMEL_MXT_T37,TODO,UNRESOLVED,,,,0,,,
CONFIG_TOUCHSCREEN_AUO_PIXCIR,TODO,UNRESOLVED,,,,0,,,
CONFIG_TOUCHSCREEN_BU21013,TODO,UNRESOLVED,,,,0,,,
CONFIG_TOUCHSCREEN_BU21029,TODO,UNRESOLVED,,,,0,,,
CONFIG_TOUCHSCREEN_CHIPONE_ICN8318,TODO,UNRESOLVED,,,,0,,,
CONFIG_TOUCHSCREEN_CHIPONE_ICN8505,TODO,UNRESOLVED,,,,0,,,
CONFIG_TOUCHSCREEN_COLIBRI_VF50,TODO,UNRESOLVED,,,,0,,,
CONFIG_TOUCHSCREEN_CY8CTMA140,TODO,UNRESOLVED,,,,0,,,
CONFIG_TOUCHSCREEN_CY8CTMG110,TODO,UNRESOLVED,,,,0,,,
CONFIG_TOUCHSCREEN_CYTTSP5,TODO,UNRESOLVED,,,,0,,,
CONFIG_TOUCHSCREEN_CYTTSP_CORE,TODO,UNRESOLVED,,,,0,,,
CONFIG_TOUCHSCREEN_CYTTSP_I2C,TODO,UNRESOLVED,,,,0,,,
CONFIG_TOUCHSCREEN_CYTTSP_SPI,TODO,UNRESOLVED,,,,0,,,
CONFIG_TOUCHSCREEN_DA9034,TODO,UNRESOLVED,,,,0,,,
CONFIG_TOUCHSCREEN_DA9052,TODO,UNRESOLVED,,,,0,,,
CONFIG_TOUCHSCREEN_DMI,TODO,UNRESOLVED,,,,0,,,
CONFIG_TOUCHSCREEN_DYNAPRO,TODO,UNRESOLVED,,,,0,,,
CONFIG_TOUCHSCREEN_EDT_FT5X06,TODO,UNRESOLVED,,,,0,,,
CONFIG_TOUCHSCREEN_EETI,TODO,UNRESOLVED,,,,0,,,
CONFIG_TOUCHSCREEN_EGALAX,TODO,UNRESOLVED,,,,0,,,
CONFIG_TOUCHSCREEN_EGALAX_SERIAL,TODO,UNRESOLVED,,,,0,,,
CONFIG_TOUCHSCREEN_EKTF2127,TODO,UNRESOLVED,,,,0,,,
CONFIG_TOUCHSCREEN_ELAN,TODO,UNRESOLVED,,,,0,,,
CONFIG_TOUCHSCREEN_ELO,TODO,UNRESOLVED,,,,0,,,
CONFIG_TOUCHSCREEN_EXC3000,TODO,UNRESOLVED,,,,0,,,
CONFIG_TOUCHSCREEN_FUJITSU,TODO,UNRESOLVED,,,,0,,,
CONFIG_TOUCHSCREEN_GOODIX,TODO,UNRESOLVED,,,,0,,,
CONFIG_TOUCHSCREEN_GOODIX_BERLIN_CORE,TODO,UNRESOLVED,,,,0,,,
CONFIG_TOUCHSCREEN_GOODIX_BERLIN_I2C,TODO,UNRESOLVED,,,,0,,,
CONFIG_TOUCHSCREEN_GOODIX_BERLIN_SPI,TODO,UNRESOLVED,,,,0,,,
CONFIG_TOUCHSCREEN_GUNZE,TODO,UNRESOLVED,,,,0,,,
CONFIG_TOUCHSCREEN_HAMPSHIRE,TODO,UNRESOLVED,,,,0,,,
CONFIG_TOUCHSCREEN_HIDEEP,TODO,UNRESOLVED,,,,0,,,
CONFIG_TOUCHSCREEN_HIMAX_HX83112B,TODO,UNRESOLVED,,,,0,,,
CONFIG_TOUCHSCREEN_HIMAX_HX852X,TODO,UNRESOLVED,,,,0,,,
CONFIG_TOUCHSCREEN_HP600,TODO,UNRESOLVED,,,,0,,,
CONFIG_TOUCHSCREEN_HP7XX,TODO,UNRESOLVED,,,,0,,,
CONFIG_TOUCHSCREEN_HTCPEN,TODO,UNRESOLVED,,,,0,,,
CONFIG_TOUCHSCREEN_HYCON_HY46XX,TODO,UNRESOLVED,,,,0,,,
CONFIG_TOUCHSCREEN_HYNITRON_CST816X,TODO,UNRESOLVED,,,,0,,,
CONFIG_TOUCHSCREEN_HYNITRON_CSTXXX,TODO,UNRESOLVED,,,,0,,,
CONFIG_TOUCHSCREEN_ILI210X,TODO,UNRESOLVED,,,,0,,,
CONFIG_TOUCHSCREEN_ILITEK,TODO,UNRESOLVED,,,,0,,,
CONFIG_TOUCHSCREEN_IMAGIS,TODO,UNRESOLVED,,,,0,,,
CONFIG_TOUCHSCREEN_IMX6UL_TSC,TODO,UNRESOLVED,,,,0,,,
CONFIG_TOUCHSCREEN_INEXIO,TODO,UNRESOLVED,,,,0,,,
CONFIG_TOUCHSCREEN_IPAQ_MICRO,TODO,UNRESOLVED,,,,0,,,
CONFIG_TOUCHSCREEN_IPROC,TODO,UNRESOLVED,,,,0,,,
CONFIG_TOUCHSCREEN_IQS5XX,TODO,UNRESOLVED,,,,0,,,
CONFIG_TOUCHSCREEN_IQS7211,TODO,UNRESOLVED,,,,0,,,
CONFIG_TOUCHSCREEN_LPC32XX,TODO,UNRESOLVED,,,,0,,,
CONFIG_TOUCHSCREEN_MAX11801,TODO,UNRESOLVED,,,,0,,,
CONFIG_TOUCHSCREEN_MC13783,TODO,UNRESOLVED,,,,0,,,
CONFIG_TOUCHSCREEN_MELFAS_MIP4,TODO,UNRESOLVED,,,,0,,,
CONFIG_TOUCHSCREEN_MIGOR,TODO,UNRESOLVED,,,,0,,,
CONFIG_TOUCHSCREEN_MK712,TODO,UNRESOLVED,,,,0,,,
CONFIG_TOUCHSCREEN_MMS114,TODO,UNRESOLVED,,,,0,,,
CONFIG_TOUCHSCREEN_MSG2638,TODO,UNRESOLVED,,,,0,,,
CONFIG_TOUCHSCREEN_MTOUCH,TODO,UNRESOLVED,,,,0,,,
CONFIG_TOUCHSCREEN_MX25,TODO,UNRESOLVED,,,,0,,,
CONFIG_TOUCHSCREEN_MXS_LRADC,TODO,UNRESOLVED,,,,0,,,
CONFIG_TOUCHSCREEN_NOVATEK_NVT_TS,TODO,UNRESOLVED,,,,0,,,
CONFIG_TOUCHSCREEN_PCAP,TODO,UNRESOLVED,,,,0,,,
CONFIG_TOUCHSCREEN_PENMOUNT,TODO,UNRESOLVED,,,,0,,,
CONFIG_TOUCHSCREEN_PIXCIR,TODO,UNRESOLVED,,,,0,,,
CONFIG_TOUCHSCREEN_RASPBERRYPI_FW,TODO,UNRESOLVED,,,,0,,,
CONFIG_TOUCHSCREEN_RM_TS,TODO,UNRESOLVED,,,,0,,,
CONFIG_TOUCHSCREEN_ROHM_BU21023,TODO,UNRESOLVED,,,,0,,,
CONFIG_TOUCHSCREEN_S6SY761,TODO,UNRESOLVED,,,,0,,,
CONFIG_TOUCHSCREEN_SILEAD,TODO,UNRESOLVED,,,,0,,,
CONFIG_TOUCHSCREEN_SIS_I2C,TODO,UNRESOLVED,,,,0,,,
CONFIG_TOUCHSCREEN_ST1232,TODO,UNRESOLVED,,,,0,,,
CONFIG_TOUCHSCREEN_STMFTS,TODO,UNRESOLVED,,,,0,,,
CONFIG_TOUCHSCREEN_STMPE,TODO,UNRESOLVED,,,,0,,,
CONFIG_TOUCHSCREEN_SUN4I,TODO,UNRESOLVED,,,,0,,,
CONFIG_TOUCHSCREEN_SUR40,TODO,UNRESOLVED,,,,0,,,
CONFIG_TOUCHSCREEN_SURFACE3_SPI,TODO,UNRESOLVED,,,,0,,,
CONFIG_TOUCHSCREEN_SX8654,TODO,UNRESOLVED,,,,0,,,
CONFIG_TOUCHSCREEN_TI_AM335X_TSC,TODO,UNRESOLVED,,,,0,,,
CONFIG_TOUCHSCREEN_TOUCHIT213,TODO,UNRESOLVED,,,,0,,,
CONFIG_TOUCHSCREEN_TOUCHRIGHT,TODO,UNRESOLVED,,,,0,,,
CONFIG_TOUCHSCREEN_TOUCHWIN,TODO,UNRESOLVED,,,,0,,,
CONFIG_TOUCHSCREEN_TPS6507X,TODO,UNRESOLVED,,,,0,,,
CONFIG_TOUCHSCREEN_TS4800,TODO,UNRESOLVED,,,,0,,,
CONFIG_TOUCHSCREEN_TSC2004,TODO,UNRESOLVED,,,,0,,,
CONFIG_TOUCHSCREEN_TSC2005,TODO,UNRESOLVED,,,,0,,,
CONFIG_TOUCHSCREEN_TSC2007,TODO,UNRESOLVED,,,,0,,,
CONFIG_TOUCHSCREEN_TSC2007_IIO,TODO,UNRESOLVED,,,,0,,,
CONFIG_TOUCHSCREEN_TSC200X_CORE,TODO,UNRESOLVED,,,,0,,,
CONFIG_TOUCHSCREEN_TSC_SERIO,TODO,UNRESOLVED,,,,0,,,
CONFIG_TOUCHSCREEN_USB_3M,TODO,UNRESOLVED,,,,0,,,
CONFIG_TOUCHSCREEN_USB_COMPOSITE,TODO,UNRESOLVED,,,,0,,,
CONFIG_TOUCHSCREEN_USB_DMC_TSC10,TODO,UNRESOLVED,,,,0,,,
CONFIG_TOUCHSCREEN_USB_E2I,TODO,UNRESOLVED,,,,0,,,
CONFIG_TOUCHSCREEN_USB_EASYTOUCH,TODO,UNRESOLVED,,,,0,,,
CONFIG_TOUCHSCREEN_USB_EGALAX,TODO,UNRESOLVED,,,,0,,,
CONFIG_TOUCHSCREEN_USB_ELO,TODO,UNRESOLVED,,,,0,,,
CONFIG_TOUCHSCREEN_USB_ETT_TC45USB,TODO,UNRESOLVED,,,,0,,,
CONFIG_TOUCHSCREEN_USB_ETURBO,TODO,UNRESOLVED,,,,0,,,
CONFIG_TOUCHSCREEN_USB_GENERAL_TOUCH,TODO,UNRESOLVED,,,,0,,,
CONFIG_TOUCHSCREEN_USB_GOTOP,TODO,UNRESOLVED,,,,0,,,
CONFIG_TOUCHSCREEN_USB_GUNZE,TODO,UNRESOLVED,,,,0,,,
CONFIG_TOUCHSCREEN_USB_IDEALTEK,TODO,UNRESOLVED,,,,0,,,
CONFIG_TOUCHSCREEN_USB_IRTOUCH,TODO,UNRESOLVED,,,,0,,,
CONFIG_TOUCHSCREEN_USB_ITM,TODO,UNRESOLVED,,,,0,,,
CONFIG_TOUCHSCREEN_USB_JASTEC,TODO,UNRESOLVED,,,,0,,,
CONFIG_TOUCHSCREEN_USB_NEXIO,TODO,UNRESOLVED,,,,0,,,
CONFIG_TOUCHSCREEN_USB_PANJIT,TODO,UNRESOLVED,,,,0,,,
CONFIG_TOUCHSCREEN_USB_ZYTRONIC,TODO,UNRESOLVED,,,,0,,,
CONFIG_TOUCHSCREEN_WACOM_I2C,TODO,UNRESOLVED,,,,0,,,
CONFIG_TOUCHSCREEN_WACOM_W8001,TODO,UNRESOLVED,,,,0,,,
CONFIG_TOUCHSCREEN_WDT87XX_I2C,TODO,UNRESOLVED,,,,0,,,
CONFIG_TOUCHSCREEN_WM831X,TODO,UNRESOLVED,,,,0,,,
CONFIG_TOUCHSCREEN_WM9705,TODO,UNRESOLVED,,,,0,,,
CONFIG_TOUCHSCREEN_WM9712,TODO,UNRESOLVED,,,,0,,,
CONFIG_TOUCHSCREEN_WM9713,TODO,UNRESOLVED,,,,0,,,
CONFIG_TOUCHSCREEN_WM97XX,TODO,UNRESOLVED,,,,0,,,
CONFIG_TOUCHSCREEN_WM97XX_MAINSTONE,TODO,UNRESOLVED,,,,0,,,
CONFIG_TOUCHSCREEN_ZET6223,TODO,UNRESOLVED,,,,0,,,
CONFIG_TOUCHSCREEN_ZFORCE,TODO,UNRESOLVED,,,,0,,,
CONFIG_TOUCHSCREEN_ZINITIX,TODO,UNRESOLVED,,,,0,,,
CONFIG_TPL0102,TODO,UNRESOLVED,,,,0,,,
CONFIG_TPS6105X,TODO,UNRESOLVED,,,,0,,,
CONFIG_TPS65010,TODO,UNRESOLVED,,,,0,,,
CONFIG_TPS6507X,TODO,UNRESOLVED,,,,0,,,
CONFIG_TPS65911_COMPARATOR,TODO,UNRESOLVED,,,,0,,,
CONFIG_TPS6594_ESM,TODO,UNRESOLVED,,,,0,,,
CONFIG_TPS6594_PFSM,TODO,UNRESOLVED,,,,0,,,
CONFIG_TPS68470_PMIC_OPREGION,TODO,UNRESOLVED,,,,0,,,
CONFIG_TQMX86_WDT,TODO,UNRESOLVED,,,,0,,,
CONFIG_TRACEFS_AUTOMOUNT_DEPRECATED,TODO,UNRESOLVED,,,,0,,,
CONFIG_TRACEPOINTS,TODO,UNRESOLVED,,,,0,,,
CONFIG_TRACEPOINT_BENCHMARK,TODO,UNRESOLVED,,,,0,,,
CONFIG_TRACER_MAX_TRACE,TODO,UNRESOLVED,,,,0,,,
CONFIG_TRACER_SNAPSHOT,TODO,UNRESOLVED,,,,0,,,
CONFIG_TRACER_SNAPSHOT_PER_CPU_SWAP,TODO,UNRESOLVED,,,,0,,,
CONFIG_TRACE_BRANCH_PROFILING,TODO,UNRESOLVED,,,,0,,,
CONFIG_TRACE_CLOCK,TODO,UNRESOLVED,,,,0,,,
CONFIG_TRACE_EVAL_MAP_FILE,TODO,UNRESOLVED,,,,0,,,
CONFIG_TRACE_EVENT_INJECT,TODO,UNRESOLVED,,,,0,,,
CONFIG_TRACE_GPU_MEM,TODO,UNRESOLVED,,,,0,,,
CONFIG_TRACE_IRQFLAGS,TODO,UNRESOLVED,,,,0,,,
CONFIG_TRACE_IRQFLAGS_NMI,TODO,UNRESOLVED,,,,0,,,
CONFIG_TRACE_IRQFLAGS_NMI_SUPPORT,TODO,UNRESOLVED,,,,0,,,
CONFIG_TRACE_IRQFLAGS_SUPPORT,TODO,UNRESOLVED,,,,0,,,
CONFIG_TRACE_MMIO_ACCESS,TODO,UNRESOLVED,,,,0,,,
CONFIG_TRACE_PREEMPT_TOGGLE,TODO,UNRESOLVED,,,,0,,,
CONFIG_TRACING,TODO,UNRESOLVED,,,,0,,,
CONFIG_TRACING_BRANCHES,TODO,UNRESOLVED,,,,0,,,
CONFIG_TRACING_MAP,TODO,UNRESOLVED,,,,0,,,
CONFIG_TRACING_SUPPORT,TODO,UNRESOLVED,,,,0,,,
CONFIG_TRANSPARENT_HUGEPAGE,TODO,UNRESOLVED,,,,0,,,
CONFIG_TRANSPARENT_HUGEPAGE_ALWAYS,TODO,UNRESOLVED,,,,0,,,
CONFIG_TRANSPARENT_HUGEPAGE_MADVISE,TODO,UNRESOLVED,,,,0,,,
CONFIG_TRANSPARENT_HUGEPAGE_NEVER,TODO,UNRESOLVED,,,,0,,,
CONFIG_TREE_RCU,TODO,UNRESOLVED,,,,0,,,
CONFIG_TREE_SRCU,TODO,UNRESOLVED,,,,0,,,
CONFIG_TRIM_UNUSED_KSYMS,TODO,UNRESOLVED,,,,0,,,
CONFIG_TRUSTED_FOUNDATIONS,TODO,UNRESOLVED,,,,0,,,
CONFIG_TRUSTED_KEYS,TODO,UNRESOLVED,,,,0,,,
CONFIG_TRUSTED_KEYS_CAAM,TODO,UNRESOLVED,,,,0,,,
CONFIG_TRUSTED_KEYS_DCP,TODO,UNRESOLVED,,,,0,,,
CONFIG_TRUSTED_KEYS_TEE,TODO,UNRESOLVED,,,,0,,,
CONFIG_TRUSTED_KEYS_TPM,TODO,UNRESOLVED,,,,0,,,
CONFIG_TS4800_IRQ,TODO,UNRESOLVED,,,,0,,,
CONFIG_TS4800_WATCHDOG,TODO,UNRESOLVED,,,,0,,,
CONFIG_TS5500,TODO,UNRESOLVED,,,,0,,,
CONFIG_TS72XX_WATCHDOG,TODO,UNRESOLVED,,,,0,,,
CONFIG_TSI108_ETH,TODO,UNRESOLVED,,,,0,,,
CONFIG_TSL2583,TODO,UNRESOLVED,,,,0,,,
CONFIG_TSL2591,TODO,UNRESOLVED,,,,0,,,
CONFIG_TSL2772,TODO,UNRESOLVED,,,,0,,,
CONFIG_TSL4531,TODO,UNRESOLVED,,,,0,,,
CONFIG_TSM_GUEST,TODO,UNRESOLVED,,,,0,,,
CONFIG_TSM_MEASUREMENTS,TODO,UNRESOLVED,,,,0,,,
CONFIG_TSM_REPORTS,TODO,UNRESOLVED,,,,0,,,
CONFIG_TSNEP,TODO,UNRESOLVED,,,,0,,,
CONFIG_TSNEP_SELFTESTS,TODO,UNRESOLVED,,,,0,,,
CONFIG_TSYS01,TODO,UNRESOLVED,,,,0,,,
CONFIG_TSYS02D,TODO,UNRESOLVED,,,,0,,,
CONFIG_TS_NBUS,TODO,UNRESOLVED,,,,0,,,
CONFIG_TTPCI_EEPROM,TODO,UNRESOLVED,,,,0,,,
CONFIG_TTY,TODO,UNRESOLVED,,,,0,,,
CONFIG_TTY_PRINTK,TODO,UNRESOLVED,,,,0,,,
CONFIG_TTY_PRINTK_LEVEL,TODO,UNRESOLVED,,,,0,,,
CONFIG_TULIP,TODO,UNRESOLVED,,,,0,,,
CONFIG_TULIP_DM910X,TODO,UNRESOLVED,,,,0,,,
CONFIG_TULIP_MMIO,TODO,UNRESOLVED,,,,0,,,
CONFIG_TULIP_MWI,TODO,UNRESOLVED,,,,0,,,
CONFIG_TULIP_NAPI,TODO,UNRESOLVED,,,,0,,,
CONFIG_TULIP_NAPI_HW_MITIGATION,TODO,UNRESOLVED,,,,0,,,
CONFIG_TUN,TODO,UNRESOLVED,,,,0,,,
CONFIG_TUN_VNET_CROSS_LE,TODO,UNRESOLVED,,,,0,,,
CONFIG_TURRIS_MOX_RWTM,TODO,UNRESOLVED,,,,0,,,
CONFIG_TURRIS_MOX_RWTM_KEYCTL,TODO,UNRESOLVED,,,,0,,,
CONFIG_TURRIS_OMNIA_MCU,TODO,UNRESOLVED,,,,0,,,
CONFIG_TURRIS_OMNIA_MCU_GPIO,TODO,UNRESOLVED,,,,0,,,
CONFIG_TURRIS_OMNIA_MCU_KEYCTL,TODO,UNRESOLVED,,,,0,,,
CONFIG_TURRIS_OMNIA_MCU_SYSOFF_WAKEUP,TODO,UNRESOLVED,,,,0,,,
CONFIG_TURRIS_OMNIA_MCU_TRNG,TODO,UNRESOLVED,,,,0,,,
CONFIG_TURRIS_OMNIA_MCU_WATCHDOG,TODO,UNRESOLVED,,,,0,,,
CONFIG_TURRIS_SIGNING_KEY,TODO,UNRESOLVED,,,,0,,,
CONFIG_TUXEDO_NB04_WMI_AB,TODO,UNRESOLVED,,,,0,,,
CONFIG_TWL4030_CORE,TODO,UNRESOLVED,,,,0,,,
CONFIG_TWL4030_MADC,TODO,UNRESOLVED,,,,0,,,
CONFIG_TWL4030_POWER,TODO,UNRESOLVED,,,,0,,,
CONFIG_TWL4030_USB,TODO,UNRESOLVED,,,,0,,,
CONFIG_TWL4030_WATCHDOG,TODO,UNRESOLVED,,,,0,,,
CONFIG_TWL6030_GPADC,TODO,UNRESOLVED,,,,0,,,
CONFIG_TWL6030_USB,TODO,UNRESOLVED,,,,0,,,
CONFIG_TWL6040_CORE,TODO,UNRESOLVED,,,,0,,,
CONFIG_TXGBE,TODO,UNRESOLVED,,,,0,,,
CONFIG_TXGBEVF,TODO,UNRESOLVED,,,,0,,,
CONFIG_TXX9_DMAC,TODO,UNRESOLVED,,,,0,,,
CONFIG_TXX9_WDT,TODO,UNRESOLVED,,,,0,,,
CONFIG_TYPEC,TODO,UNRESOLVED,,,,0,,,
CONFIG_TYPEC_ANX7411,TODO,UNRESOLVED,,,,0,,,
CONFIG_TYPEC_DP_ALTMODE,TODO,UNRESOLVED,,,,0,,,
CONFIG_TYPEC_FUSB302,TODO,UNRESOLVED,,,,0,,,
CONFIG_TYPEC_HD3SS3220,TODO,UNRESOLVED,,,,0,,,
CONFIG_TYPEC_MT6360,TODO,UNRESOLVED,,,,0,,,
CONFIG_TYPEC_MUX_FSA4480,TODO,UNRESOLVED,,,,0,,,
CONFIG_TYPEC_MUX_GPIO_SBU,TODO,UNRESOLVED,,,,0,,,
CONFIG_TYPEC_MUX_INTEL_PMC,TODO,UNRESOLVED,,,,0,,,
CONFIG_TYPEC_MUX_IT5205,TODO,UNRESOLVED,,,,0,,,
CONFIG_TYPEC_MUX_NB7VPQ904M,TODO,UNRESOLVED,,,,0,,,
CONFIG_TYPEC_MUX_PI3USB30532,TODO,UNRESOLVED,,,,0,,,
CONFIG_TYPEC_MUX_PS883X,TODO,UNRESOLVED,,,,0,,,
CONFIG_TYPEC_MUX_PTN36502,TODO,UNRESOLVED,,,,0,,,
CONFIG_TYPEC_MUX_TUSB1046,TODO,UNRESOLVED,,,,0,,,
CONFIG_TYPEC_MUX_WCD939X_USBSS,TODO,UNRESOLVED,,,,0,,,
CONFIG_TYPEC_NVIDIA_ALTMODE,TODO,UNRESOLVED,,,,0,,,
CONFIG_TYPEC_QCOM_PMIC,TODO,UNRESOLVED,,,,0,,,
CONFIG_TYPEC_RT1711H,TODO,UNRESOLVED,,,,0,,,
CONFIG_TYPEC_RT1719,TODO,UNRESOLVED,,,,0,,,
CONFIG_TYPEC_STUSB160X,TODO,UNRESOLVED,,,,0,,,
CONFIG_TYPEC_TBT_ALTMODE,TODO,UNRESOLVED,,,,0,,,
CONFIG_TYPEC_TCPCI,TODO,UNRESOLVED,,,,0,,,
CONFIG_TYPEC_TCPCI_MAXIM,TODO,UNRESOLVED,,,,0,,,
CONFIG_TYPEC_TCPCI_MT6370,TODO,UNRESOLVED,,,,0,,,
CONFIG_TYPEC_TCPM,TODO,UNRESOLVED,,,,0,,,
CONFIG_TYPEC_TPS6598X,TODO,UNRESOLVED,,,,0,,,
CONFIG_TYPEC_UCSI,TODO,UNRESOLVED,,,,0,,,
CONFIG_TYPEC_WCOVE,TODO,UNRESOLVED,,,,0,,,
CONFIG_TYPEC_WUSB3801,TODO,UNRESOLVED,,,,0,,,
CONFIG_TYPHOON,TODO,UNRESOLVED,,,,0,,,
CONFIG_UACCE,TODO,UNRESOLVED,,,,0,,,
CONFIG_UACCESS_MEMCPY,TODO,UNRESOLVED,,,,0,,,
CONFIG_UAPI_HEADER_TEST,TODO,UNRESOLVED,,,,0,,,
CONFIG_UBIFS_ATIME_SUPPORT,TODO,UNRESOLVED,,,,0,,,
CONFIG_UBIFS_FS,TODO,UNRESOLVED,,,,0,,,
CONFIG_UBIFS_FS_ADVANCED_COMPR,TODO,UNRESOLVED,,,,0,,,
CONFIG_UBIFS_FS_AUTHENTICATION,TODO,UNRESOLVED,,,,0,,,
CONFIG_UBIFS_FS_LZO,TODO,UNRESOLVED,,,,0,,,
CONFIG_UBIFS_FS_SECURITY,TODO,UNRESOLVED,,,,0,,,
CONFIG_UBIFS_FS_XATTR,TODO,UNRESOLVED,,,,0,,,
CONFIG_UBIFS_FS_ZLIB,TODO,UNRESOLVED,,,,0,,,
CONFIG_UBIFS_FS_ZSTD,TODO,UNRESOLVED,,,,0,,,
CONFIG_UBSAN,TODO,UNRESOLVED,,,,0,,,
CONFIG_UBSAN_ALIGNMENT,TODO,UNRESOLVED,,,,0,,,
CONFIG_UBSAN_ARRAY_BOUNDS,TODO,UNRESOLVED,,,,0,,,
CONFIG_UBSAN_BOOL,TODO,UNRESOLVED,,,,0,,,
CONFIG_UBSAN_BOUNDS,TODO,UNRESOLVED,,,,0,,,
CONFIG_UBSAN_BOUNDS_STRICT,TODO,UNRESOLVED,,,,0,,,
CONFIG_UBSAN_DIV_ZERO,TODO,UNRESOLVED,,,,0,,,
CONFIG_UBSAN_ENUM,TODO,UNRESOLVED,,,,0,,,
CONFIG_UBSAN_INTEGER_WRAP,TODO,UNRESOLVED,,,,0,,,
CONFIG_UBSAN_KVM_EL2,TODO,UNRESOLVED,,,,0,,,
CONFIG_UBSAN_LOCAL_BOUNDS,TODO,UNRESOLVED,,,,0,,,
CONFIG_UBSAN_SHIFT,TODO,UNRESOLVED,,,,0,,,
CONFIG_UBSAN_TRAP,TODO,UNRESOLVED,,,,0,,,
CONFIG_UBSAN_UNREACHABLE,TODO,UNRESOLVED,,,,0,,,
CONFIG_UCC,TODO,UNRESOLVED,,,,0,,,
CONFIG_UCC_FAST,TODO,UNRESOLVED,,,,0,,,
CONFIG_UCC_GETH,TODO,UNRESOLVED,,,,0,,,
CONFIG_UCC_SLOW,TODO,UNRESOLVED,,,,0,,,
CONFIG_UCLAMP_BUCKETS_COUNT,TODO,UNRESOLVED,,,,0,,,
CONFIG_UCLAMP_TASK,TODO,UNRESOLVED,,,,0,,,
CONFIG_UCLAMP_TASK_GROUP,TODO,UNRESOLVED,,,,0,,,
CONFIG_UCS2_STRING,TODO,UNRESOLVED,,,,0,,,
CONFIG_UCSI_ACPI,TODO,UNRESOLVED,,,,0,,,
CONFIG_UCSI_CCG,TODO,UNRESOLVED,,,,0,,,
CONFIG_UCSI_HUAWEI_GAOKUN,TODO,UNRESOLVED,,,,0,,,
CONFIG_UCSI_LENOVO_YOGA_C630,TODO,UNRESOLVED,,,,0,,,
CONFIG_UCSI_PMIC_GLINK,TODO,UNRESOLVED,,,,0,,,
CONFIG_UCSI_STM32G0,TODO,UNRESOLVED,,,,0,,,
CONFIG_UDF_FS,TODO,UNRESOLVED,,,,0,,,
CONFIG_UDMABUF,TODO,UNRESOLVED,,,,0,,,
CONFIG_UEFI_CPER,TODO,UNRESOLVED,,,,0,,,
CONFIG_UEFI_CPER_ARM,TODO,UNRESOLVED,,,,0,,,
CONFIG_UEFI_CPER_X86,TODO,UNRESOLVED,,,,0,,,
CONFIG_UEVENT_HELPER,TODO,UNRESOLVED,,,,0,,,
CONFIG_UEVENT_HELPER_PATH,TODO,UNRESOLVED,,,,0,,,
CONFIG_UFS_DEBUG,TODO,UNRESOLVED,,,,0,,,
CONFIG_UFS_FS,TODO,UNRESOLVED,,,,0,,,
CONFIG_UFS_FS_WRITE,TODO,UNRESOLVED,,,,0,,,
CONFIG_UGETH_TX_ON_DEMAND,TODO,UNRESOLVED,,,,0,,,
CONFIG_UHID,TODO,UNRESOLVED,,,,0,,,
CONFIG_UID16,TODO,UNRESOLVED,,,,0,,,
CONFIG_UIO,TODO,UNRESOLVED,,,,0,,,
CONFIG_UIO_AEC,TODO,UNRESOLVED,,,,0,,,
CONFIG_UIO_CIF,TODO,UNRESOLVED,,,,0,,,
CONFIG_UIO_DFL,TODO,UNRESOLVED,,,,0,,,
CONFIG_UIO_DMEM_GENIRQ,TODO,UNRESOLVED,,,,0,,,
CONFIG_UIO_FSL_ELBC_GPCM,TODO,UNRESOLVED,,,,0,,,
CONFIG_UIO_FSL_ELBC_GPCM_NETX5152,TODO,UNRESOLVED,,,,0,,,
CONFIG_UIO_HV_GENERIC,TODO,UNRESOLVED,,,,0,,,
CONFIG_UIO_MF624,TODO,UNRESOLVED,,,,0,,,
CONFIG_UIO_NETX,TODO,UNRESOLVED,,,,0,,,
CONFIG_UIO_PCI_GENERIC,TODO,UNRESOLVED,,,,0,,,
CONFIG_UIO_PDRV_GENIRQ,TODO,UNRESOLVED,,,,0,,,
CONFIG_UIO_SERCOS3,TODO,UNRESOLVED,,,,0,,,
CONFIG_ULI526X,TODO,UNRESOLVED,,,,0,,,
CONFIG_ULTRA,TODO,UNRESOLVED,,,,0,,,
CONFIG_ULTRIX_PARTITION,TODO,UNRESOLVED,,,,0,,,
CONFIG_UML_RANDOM,TODO,UNRESOLVED,,,,0,,,
CONFIG_UML_WATCHDOG,TODO,UNRESOLVED,,,,0,,,
CONFIG_UNACCEPTED_MEMORY,TODO,UNRESOLVED,,,,0,,,
CONFIG_UNICODE,TODO,UNRESOLVED,,,,0,,,
CONFIG_UNICODE_NORMALIZATION_KUNIT_TEST,TODO,UNRESOLVED,,,,0,,,
CONFIG_UNINLINE_SPIN_UNLOCK,TODO,UNRESOLVED,,,,0,,,
CONFIG_UNION_FIND,TODO,UNRESOLVED,,,,0,,,
CONFIG_UNIPHIER_MDMAC,TODO,UNRESOLVED,,,,0,,,
CONFIG_UNIPHIER_SYSTEM_BUS,TODO,UNRESOLVED,,,,0,,,
CONFIG_UNIPHIER_THERMAL,TODO,UNRESOLVED,,,,0,,,
CONFIG_UNIPHIER_WATCHDOG,TODO,UNRESOLVED,,,,0,,,
CONFIG_UNIPHIER_XDMAC,TODO,UNRESOLVED,,,,0,,,
CONFIG_UNIX,TODO,UNRESOLVED,,,,0,,,
CONFIG_UNIX98_PTYS,TODO,UNRESOLVED,,,,0,,,
CONFIG_UNIXWARE_DISKLABEL,TODO,UNRESOLVED,,,,0,,,
CONFIG_UNIX_DIAG,TODO,UNRESOLVED,,,,0,,,
CONFIG_UNUSED_KSYMS_WHITELIST,TODO,UNRESOLVED,,,,0,,,
CONFIG_UNWINDER_FRAME_POINTER,TODO,UNRESOLVED,,,,0,,,
CONFIG_UNWINDER_GUESS,TODO,UNRESOLVED,,,,0,,,
CONFIG_UNWINDER_ORC,TODO,UNRESOLVED,,,,0,,,
CONFIG_UNWIND_USER,TODO,UNRESOLVED,,,,0,,,
CONFIG_UPROBES,TODO,UNRESOLVED,,,,0,,,
CONFIG_UPROBE_EVENTS,TODO,UNRESOLVED,,,,0,,,
CONFIG_UP_LATE_INIT,TODO,UNRESOLVED,,,,0,,,
CONFIG_US5182D,TODO,UNRESOLVED,,,,0,,,
CONFIG_USB,TODO,UNRESOLVED,,,,0,,,
CONFIG_USB4,TODO,UNRESOLVED,,,,0,,,
CONFIG_USB4_DEBUGFS_MARGINING,TODO,UNRESOLVED,,,,0,,,
CONFIG_USB4_DEBUGFS_WRITE,TODO,UNRESOLVED,,,,0,,,
CONFIG_USB4_DMA_TEST,TODO,UNRESOLVED,,,,0,,,
CONFIG_USB4_KUNIT_TEST,TODO,UNRESOLVED,,,,0,,,
CONFIG_USB4_NET,TODO,UNRESOLVED,,,,0,,,
CONFIG_USBIP_CORE,TODO,UNRESOLVED,,,,0,,,
CONFIG_USBIP_DEBUG,TODO,UNRESOLVED,,,,0,,,
CONFIG_USBIP_HOST,TODO,UNRESOLVED,,,,0,,,
CONFIG_USBIP_VHCI_HCD,TODO,UNRESOLVED,,,,0,,,
CONFIG_USBIP_VHCI_HC_PORTS,TODO,UNRESOLVED,,,,0,,,
CONFIG_USBIP_VHCI_NR_HCS,TODO,UNRESOLVED,,,,0,,,
CONFIG_USBIP_VUDC,TODO,UNRESOLVED,,,,0,,,
CONFIG_USBPCWATCHDOG,TODO,UNRESOLVED,,,,0,,,
CONFIG_USB_ACM,TODO,UNRESOLVED,,,,0,,,
CONFIG_USB_ADUTUX,TODO,UNRESOLVED,,,,0,,,
CONFIG_USB_AIRSPY,TODO,UNRESOLVED,,,,0,,,
CONFIG_USB_ALI_M5632,TODO,UNRESOLVED,,,,0,,,
CONFIG_USB_AMD5536UDC,TODO,UNRESOLVED,,,,0,,,
CONFIG_USB_AN2720,TODO,UNRESOLVED,,,,0,,,
CONFIG_USB_ANNOUNCE_NEW_DEVICES,TODO,UNRESOLVED,,,,0,,,
CONFIG_USB_APPLEDISPLAY,TODO,UNRESOLVED,,,,0,,,
CONFIG_USB_ARCH_HAS_HCD,TODO,UNRESOLVED,,,,0,,,
CONFIG_USB_ARMLINUX,TODO,UNRESOLVED,,,,0,,,
CONFIG_USB_ASPEED_UDC,TODO,UNRESOLVED,,,,0,,,
CONFIG_USB_ASPEED_VHUB,TODO,UNRESOLVED,,,,0,,,
CONFIG_USB_AT91,TODO,UNRESOLVED,,,,0,,,
CONFIG_USB_ATM,TODO,UNRESOLVED,,,,0,,,
CONFIG_USB_ATMEL_USBA,TODO,UNRESOLVED,,,,0,,,
CONFIG_USB_AUDIO,TODO,UNRESOLVED,,,,0,,,
CONFIG_USB_AUTOSUSPEND_DELAY,TODO,UNRESOLVED,,,,0,,,
CONFIG_USB_BCM63XX_UDC,TODO,UNRESOLVED,,,,0,,,
CONFIG_USB_BDC_UDC,TODO,UNRESOLVED,,,,0,,,
CONFIG_USB_BELKIN,TODO,UNRESOLVED,,,,0,,,
CONFIG_USB_BRCMSTB,TODO,UNRESOLVED,,,,0,,,
CONFIG_USB_C67X00_HCD,TODO,UNRESOLVED,,,,0,,,
CONFIG_USB_CATC,TODO,UNRESOLVED,,,,0,,,
CONFIG_USB_CDC_COMPOSITE,TODO,UNRESOLVED,,,,0,,,
CONFIG_USB_CDC_PHONET,TODO,UNRESOLVED,,,,0,,,
CONFIG_USB_CDNS2_UDC,TODO,UNRESOLVED,,,,0,,,
CONFIG_USB_CDNS3,TODO,UNRESOLVED,,,,0,,,
CONFIG_USB_CDNS3_GADGET,TODO,UNRESOLVED,,,,0,,,
CONFIG_USB_CDNS3_HOST,TODO,UNRESOLVED,,,,0,,,
CONFIG_USB_CDNS3_IMX,TODO,UNRESOLVED,,,,0,,,
CONFIG_USB_CDNS3_PCI_WRAP,TODO,UNRESOLVED,,,,0,,,
CONFIG_USB_CDNS3_STARFIVE,TODO,UNRESOLVED,,,,0,,,
CONFIG_USB_CDNS3_TI,TODO,UNRESOLVED,,,,0,,,
CONFIG_USB_CDNSP_GADGET,TODO,UNRESOLVED,,,,0,,,
CONFIG_USB_CDNSP_HOST,TODO,UNRESOLVED,,,,0,,,
CONFIG_USB_CDNSP_PCI,TODO,UNRESOLVED,,,,0,,,
CONFIG_USB_CDNS_HOST,TODO,UNRESOLVED,,,,0,,,
CONFIG_USB_CDNS_SUPPORT,TODO,UNRESOLVED,,,,0,,,
CONFIG_USB_CHAOSKEY,TODO,UNRESOLVED,,,,0,,,
CONFIG_USB_CHIPIDEA,TODO,UNRESOLVED,,,,0,,,
CONFIG_USB_CHIPIDEA_GENERIC,TODO,UNRESOLVED,,,,0,,,
CONFIG_USB_CHIPIDEA_HOST,TODO,UNRESOLVED,,,,0,,,
CONFIG_USB_CHIPIDEA_IMX,TODO,UNRESOLVED,,,,0,,,
CONFIG_USB_CHIPIDEA_MSM,TODO,UNRESOLVED,,,,0,,,
CONFIG_USB_CHIPIDEA_NPCM,TODO,UNRESOLVED,,,,0,,,
CONFIG_USB_CHIPIDEA_PCI,TODO,UNRESOLVED,,,,0,,,
CONFIG_USB_CHIPIDEA_TEGRA,TODO,UNRESOLVED,,,,0,,,
CONFIG_USB_CHIPIDEA_UDC,TODO,UNRESOLVED,,,,0,,,
CONFIG_USB_COMMON,TODO,UNRESOLVED,,,,0,,,
CONFIG_USB_CONFIGFS,TODO,UNRESOLVED,,,,0,,,
CONFIG_USB_CONFIGFS_ACM,TODO,UNRESOLVED,,,,0,,,
CONFIG_USB_CONFIGFS_ECM,TODO,UNRESOLVED,,,,0,,,
CONFIG_USB_CONFIGFS_ECM_SUBSET,TODO,UNRESOLVED,,,,0,,,
CONFIG_USB_CONFIGFS_EEM,TODO,UNRESOLVED,,,,0,,,
CONFIG_USB_CONFIGFS_F_FS,TODO,UNRESOLVED,,,,0,,,
CONFIG_USB_CONFIGFS_F_HID,TODO,UNRESOLVED,,,,0,,,
CONFIG_USB_CONFIGFS_F_LB_SS,TODO,UNRESOLVED,,,,0,,,
CONFIG_USB_CONFIGFS_F_MIDI,TODO,UNRESOLVED,,,,0,,,
CONFIG_USB_CONFIGFS_F_MIDI2,TODO,UNRESOLVED,,,,0,,,
CONFIG_USB_CONFIGFS_F_PRINTER,TODO,UNRESOLVED,,,,0,,,
CONFIG_USB_CONFIGFS_F_TCM,TODO,UNRESOLVED,,,,0,,,
CONFIG_USB_CONFIGFS_F_UAC1,TODO,UNRESOLVED,,,,0,,,
CONFIG_USB_CONFIGFS_F_UAC1_LEGACY,TODO,UNRESOLVED,,,,0,,,
CONFIG_USB_CONFIGFS_F_UAC2,TODO,UNRESOLVED,,,,0,,,
CONFIG_USB_CONFIGFS_F_UVC,TODO,UNRESOLVED,,,,0,,,
CONFIG_USB_CONFIGFS_MASS_STORAGE,TODO,UNRESOLVED,,,,0,,,
CONFIG_USB_CONFIGFS_NCM,TODO,UNRESOLVED,,,,0,,,
CONFIG_USB_CONFIGFS_OBEX,TODO,UNRESOLVED,,,,0,,,
CONFIG_USB_CONFIGFS_PHONET,TODO,UNRESOLVED,,,,0,,,
CONFIG_USB_CONFIGFS_RNDIS,TODO,UNRESOLVED,,,,0,,,
CONFIG_USB_CONFIGFS_SERIAL,TODO,UNRESOLVED,,,,0,,,
CONFIG_USB_CONN_GPIO,TODO,UNRESOLVED,,,,0,,,
CONFIG_USB_CXACRU,TODO,UNRESOLVED,,,,0,,,
CONFIG_USB_CYPRESS_CY7C63,TODO,UNRESOLVED,,,,0,,,
CONFIG_USB_CYTHERM,TODO,UNRESOLVED,,,,0,,,
CONFIG_USB_DEFAULT_AUTHORIZATION_MODE,TODO,UNRESOLVED,,,,0,,,
CONFIG_USB_DEFAULT_PERSIST,TODO,UNRESOLVED,,,,0,,,
CONFIG_USB_DSBR,TODO,UNRESOLVED,,,,0,,,
CONFIG_USB_DUMMY_HCD,TODO,UNRESOLVED,,,,0,,,
CONFIG_USB_DWC2,TODO,UNRESOLVED,,,,0,,,
CONFIG_USB_DWC2_DEBUG,TODO,UNRESOLVED,,,,0,,,
CONFIG_USB_DWC2_DEBUG_PERIODIC,TODO,UNRESOLVED,,,,0,,,
CONFIG_USB_DWC2_DUAL_ROLE,TODO,UNRESOLVED,,,,0,,,
CONFIG_USB_DWC2_HOST,TODO,UNRESOLVED,,,,0,,,
CONFIG_USB_DWC2_PCI,TODO,UNRESOLVED,,,,0,,,
CONFIG_USB_DWC2_PERIPHERAL,TODO,UNRESOLVED,,,,0,,,
CONFIG_USB_DWC2_TRACK_MISSED_SOFS,TODO,UNRESOLVED,,,,0,,,
CONFIG_USB_DWC2_VERBOSE,TODO,UNRESOLVED,,,,0,,,
CONFIG_USB_DWC3,TODO,UNRESOLVED,,,,0,,,
CONFIG_USB_DWC3_AM62,TODO,UNRESOLVED,,,,0,,,
CONFIG_USB_DWC3_DUAL_ROLE,TODO,UNRESOLVED,,,,0,,,
CONFIG_USB_DWC3_EXYNOS,TODO,UNRESOLVED,,,,0,,,
CONFIG_USB_DWC3_GADGET,TODO,UNRESOLVED,,,,0,,,
CONFIG_USB_DWC3_GENERIC_PLAT,TODO,UNRESOLVED,,,,0,,,
CONFIG_USB_DWC3_HAPS,TODO,UNRESOLVED,,,,0,,,
CONFIG_USB_DWC3_HOST,TODO,UNRESOLVED,,,,0,,,
CONFIG_USB_DWC3_IMX8MP,TODO,UNRESOLVED,,,,0,,,
CONFIG_USB_DWC3_KEYSTONE,TODO,UNRESOLVED,,,,0,,,
CONFIG_USB_DWC3_MESON_G12A,TODO,UNRESOLVED,,,,0,,,
CONFIG_USB_DWC3_OCTEON,TODO,UNRESOLVED,,,,0,,,
CONFIG_USB_DWC3_OF_SIMPLE,TODO,UNRESOLVED,,,,0,,,
CONFIG_USB_DWC3_OMAP,TODO,UNRESOLVED,,,,0,,,
CONFIG_USB_DWC3_PCI,TODO,UNRESOLVED,,,,0,,,
CONFIG_USB_DWC3_QCOM,TODO,UNRESOLVED,,,,0,,,
CONFIG_USB_DWC3_RTK,TODO,UNRESOLVED,,,,0,,,
CONFIG_USB_DWC3_ST,TODO,UNRESOLVED,,,,0,,,
CONFIG_USB_DWC3_ULPI,TODO,UNRESOLVED,,,,0,,,
CONFIG_USB_DWC3_XILINX,TODO,UNRESOLVED,,,,0,,,
CONFIG_USB_DYNAMIC_MINORS,TODO,UNRESOLVED,,,,0,,,
CONFIG_USB_EG20T,TODO,UNRESOLVED,,,,0,,,
CONFIG_USB_EHCI_BIG_ENDIAN_DESC,TODO,UNRESOLVED,,,,0,,,
CONFIG_USB_EHCI_BIG_ENDIAN_MMIO,TODO,UNRESOLVED,,,,0,,,
CONFIG_USB_EHCI_BRCMSTB,TODO,UNRESOLVED,,,,0,,,
CONFIG_USB_EHCI_EXYNOS,TODO,UNRESOLVED,,,,0,,,
CONFIG_USB_EHCI_FSL,TODO,UNRESOLVED,,,,0,,,
CONFIG_USB_EHCI_HCD,TODO,UNRESOLVED,,,,0,,,
CONFIG_USB_EHCI_HCD_AT91,TODO,UNRESOLVED,,,,0,,,
CONFIG_USB_EHCI_HCD_NPCM7XX,TODO,UNRESOLVED,,,,0,,,
CONFIG_USB_EHCI_HCD_OMAP,TODO,UNRESOLVED,,,,0,,,
CONFIG_USB_EHCI_HCD_ORION,TODO,UNRESOLVED,,,,0,,,
CONFIG_USB_EHCI_HCD_PLATFORM,TODO,UNRESOLVED,,,,0,,,
CONFIG_USB_EHCI_HCD_PPC_OF,TODO,UNRESOLVED,,,,0,,,
CONFIG_USB_EHCI_HCD_SPEAR,TODO,UNRESOLVED,,,,0,,,
CONFIG_USB_EHCI_HCD_STI,TODO,UNRESOLVED,,,,0,,,
CONFIG_USB_EHCI_MV,TODO,UNRESOLVED,,,,0,,,
CONFIG_USB_EHCI_PCI,TODO,UNRESOLVED,,,,0,,,
CONFIG_USB_EHCI_ROOT_HUB_TT,TODO,UNRESOLVED,,,,0,,,
CONFIG_USB_EHCI_SH,TODO,UNRESOLVED,,,,0,,,
CONFIG_USB_EHCI_TEGRA,TODO,UNRESOLVED,,,,0,,,
CONFIG_USB_EHCI_TT_NEWSCHED,TODO,UNRESOLVED,,,,0,,,
CONFIG_USB_EHSET_TEST_FIXTURE,TODO,UNRESOLVED,,,,0,,,
CONFIG_USB_EMI26,TODO,UNRESOLVED,,,,0,,,
CONFIG_USB_EMI62,TODO,UNRESOLVED,,,,0,,,
CONFIG_USB_EPSON2888,TODO,UNRESOLVED,,,,0,,,
CONFIG_USB_ETH,TODO,UNRESOLVED,,,,0,,,
CONFIG_USB_ETH_EEM,TODO,UNRESOLVED,,,,0,,,
CONFIG_USB_ETH_RNDIS,TODO,UNRESOLVED,,,,0,,,
CONFIG_USB_EXTRON_DA_HD_4K_PLUS_CEC,TODO,UNRESOLVED,,,,0,,,
CONFIG_USB_EZUSB_FX2,TODO,UNRESOLVED,,,,0,,,
CONFIG_USB_FEW_INIT_RETRIES,TODO,UNRESOLVED,,,,0,,,
CONFIG_USB_FHCI_HCD,TODO,UNRESOLVED,,,,0,,,
CONFIG_USB_FOTG210,TODO,UNRESOLVED,,,,0,,,
CONFIG_USB_FOTG210_HCD,TODO,UNRESOLVED,,,,0,,,
CONFIG_USB_FOTG210_UDC,TODO,UNRESOLVED,,,,0,,,
CONFIG_USB_FSL_QE,TODO,UNRESOLVED,,,,0,,,
CONFIG_USB_FSL_USB2,TODO,UNRESOLVED,,,,0,,,
CONFIG_USB_FUNCTIONFS,TODO,UNRESOLVED,,,,0,,,
CONFIG_USB_FUNCTIONFS_ETH,TODO,UNRESOLVED,,,,0,,,
CONFIG_USB_FUNCTIONFS_GENERIC,TODO,UNRESOLVED,,,,0,,,
CONFIG_USB_FUNCTIONFS_RNDIS,TODO,UNRESOLVED,,,,0,,,
CONFIG_USB_F_ACM,TODO,UNRESOLVED,,,,0,,,
CONFIG_USB_F_ECM,TODO,UNRESOLVED,,,,0,,,
CONFIG_USB_F_EEM,TODO,UNRESOLVED,,,,0,,,
CONFIG_USB_F_FS,TODO,UNRESOLVED,,,,0,,,
CONFIG_USB_F_HID,TODO,UNRESOLVED,,,,0,,,
CONFIG_USB_F_MASS_STORAGE,TODO,UNRESOLVED,,,,0,,,
CONFIG_USB_F_MIDI,TODO,UNRESOLVED,,,,0,,,
CONFIG_USB_F_MIDI2,TODO,UNRESOLVED,,,,0,,,
CONFIG_USB_F_NCM,TODO,UNRESOLVED,,,,0,,,
CONFIG_USB_F_OBEX,TODO,UNRESOLVED,,,,0,,,
CONFIG_USB_F_PHONET,TODO,UNRESOLVED,,,,0,,,
CONFIG_USB_F_PRINTER,TODO,UNRESOLVED,,,,0,,,
CONFIG_USB_F_RNDIS,TODO,UNRESOLVED,,,,0,,,
CONFIG_USB_F_SERIAL,TODO,UNRESOLVED,,,,0,,,
CONFIG_USB_F_SS_LB,TODO,UNRESOLVED,,,,0,,,
CONFIG_USB_F_SUBSET,TODO,UNRESOLVED,,,,0,,,
CONFIG_USB_F_TCM,TODO,UNRESOLVED,,,,0,,,
CONFIG_USB_F_UAC1,TODO,UNRESOLVED,,,,0,,,
CONFIG_USB_F_UAC1_LEGACY,TODO,UNRESOLVED,,,,0,,,
CONFIG_USB_F_UAC2,TODO,UNRESOLVED,,,,0,,,
CONFIG_USB_F_UVC,TODO,UNRESOLVED,,,,0,,,
CONFIG_USB_GADGET,TODO,UNRESOLVED,,,,0,,,
CONFIG_USB_GADGETFS,TODO,UNRESOLVED,,,,0,,,
CONFIG_USB_GADGET_DEBUG,TODO,UNRESOLVED,,,,0,,,
CONFIG_USB_GADGET_DEBUG_FILES,TODO,UNRESOLVED,,,,0,,,
CONFIG_USB_GADGET_DEBUG_FS,TODO,UNRESOLVED,,,,0,,,
CONFIG_USB_GADGET_STORAGE_NUM_BUFFERS,TODO,UNRESOLVED,,,,0,,,
CONFIG_USB_GADGET_TARGET,TODO,UNRESOLVED,,,,0,,,
CONFIG_USB_GADGET_VBUS_DRAW,TODO,UNRESOLVED,,,,0,,,
CONFIG_USB_GADGET_VERBOSE,TODO,UNRESOLVED,,,,0,,,
CONFIG_USB_GADGET_XILINX,TODO,UNRESOLVED,,,,0,,,
CONFIG_USB_GL860,TODO,UNRESOLVED,,,,0,,,
CONFIG_USB_GOKU,TODO,UNRESOLVED,,,,0,,,
CONFIG_USB_GPIO_VBUS,TODO,UNRESOLVED,,,,0,,,
CONFIG_USB_GR_UDC,TODO,UNRESOLVED,,,,0,,,
CONFIG_USB_GSPCA,TODO,UNRESOLVED,,,,0,,,
CONFIG_USB_GSPCA_BENQ,TODO,UNRESOLVED,,,,0,,,
CONFIG_USB_GSPCA_CONEX,TODO,UNRESOLVED,,,,0,,,
CONFIG_USB_GSPCA_CPIA1,TODO,UNRESOLVED,,,,0,,,
CONFIG_USB_GSPCA_DTCS033,TODO,UNRESOLVED,,,,0,,,
CONFIG_USB_GSPCA_ETOMS,TODO,UNRESOLVED,,,,0,,,
CONFIG_USB_GSPCA_FINEPIX,TODO,UNRESOLVED,,,,0,,,
CONFIG_USB_GSPCA_JEILINJ,TODO,UNRESOLVED,,,,0,,,
CONFIG_USB_GSPCA_JL2005BCD,TODO,UNRESOLVED,,,,0,,,
CONFIG_USB_GSPCA_KINECT,TODO,UNRESOLVED,,,,0,,,
CONFIG_USB_GSPCA_KONICA,TODO,UNRESOLVED,,,,0,,,
CONFIG_USB_GSPCA_MARS,TODO,UNRESOLVED,,,,0,,,
CONFIG_USB_GSPCA_MR97310A,TODO,UNRESOLVED,,,,0,,,
CONFIG_USB_GSPCA_NW80X,TODO,UNRESOLVED,,,,0,,,
CONFIG_USB_GSPCA_OV519,TODO,UNRESOLVED,,,,0,,,
CONFIG_USB_GSPCA_OV534,TODO,UNRESOLVED,,,,0,,,
CONFIG_USB_GSPCA_OV534_9,TODO,UNRESOLVED,,,,0,,,
CONFIG_USB_GSPCA_PAC207,TODO,UNRESOLVED,,,,0,,,
CONFIG_USB_GSPCA_PAC7302,TODO,UNRESOLVED,,,,0,,,
CONFIG_USB_GSPCA_PAC7311,TODO,UNRESOLVED,,,,0,,,
CONFIG_USB_GSPCA_SE401,TODO,UNRESOLVED,,,,0,,,
CONFIG_USB_GSPCA_SN9C2028,TODO,UNRESOLVED,,,,0,,,
CONFIG_USB_GSPCA_SN9C20X,TODO,UNRESOLVED,,,,0,,,
CONFIG_USB_GSPCA_SONIXB,TODO,UNRESOLVED,,,,0,,,
CONFIG_USB_GSPCA_SONIXJ,TODO,UNRESOLVED,,,,0,,,
CONFIG_USB_GSPCA_SPCA1528,TODO,UNRESOLVED,,,,0,,,
CONFIG_USB_GSPCA_SPCA500,TODO,UNRESOLVED,,,,0,,,
CONFIG_USB_GSPCA_SPCA501,TODO,UNRESOLVED,,,,0,,,
CONFIG_USB_GSPCA_SPCA505,TODO,UNRESOLVED,,,,0,,,
CONFIG_USB_GSPCA_SPCA506,TODO,UNRESOLVED,,,,0,,,
CONFIG_USB_GSPCA_SPCA508,TODO,UNRESOLVED,,,,0,,,
CONFIG_USB_GSPCA_SPCA561,TODO,UNRESOLVED,,,,0,,,
CONFIG_USB_GSPCA_SQ905,TODO,UNRESOLVED,,,,0,,,
CONFIG_USB_GSPCA_SQ905C,TODO,UNRESOLVED,,,,0,,,
CONFIG_USB_GSPCA_SQ930X,TODO,UNRESOLVED,,,,0,,,
CONFIG_USB_GSPCA_STK014,TODO,UNRESOLVED,,,,0,,,
CONFIG_USB_GSPCA_STK1135,TODO,UNRESOLVED,,,,0,,,
CONFIG_USB_GSPCA_STV0680,TODO,UNRESOLVED,,,,0,,,
CONFIG_USB_GSPCA_SUNPLUS,TODO,UNRESOLVED,,,,0,,,
CONFIG_USB_GSPCA_T613,TODO,UNRESOLVED,,,,0,,,
CONFIG_USB_GSPCA_TOPRO,TODO,UNRESOLVED,,,,0,,,
CONFIG_USB_GSPCA_TOUPTEK,TODO,UNRESOLVED,,,,0,,,
CONFIG_USB_GSPCA_TV8532,TODO,UNRESOLVED,,,,0,,,
CONFIG_USB_GSPCA_VC032X,TODO,UNRESOLVED,,,,0,,,
CONFIG_USB_GSPCA_VICAM,TODO,UNRESOLVED,,,,0,,,
CONFIG_USB_GSPCA_XIRLINK_CIT,TODO,UNRESOLVED,,,,0,,,
CONFIG_USB_GSPCA_ZC3XX,TODO,UNRESOLVED,,,,0,,,
CONFIG_USB_G_ACM_MS,TODO,UNRESOLVED,,,,0,,,
CONFIG_USB_G_DBGP,TODO,UNRESOLVED,,,,0,,,
CONFIG_USB_G_DBGP_PRINTK,TODO,UNRESOLVED,,,,0,,,
CONFIG_USB_G_DBGP_SERIAL,TODO,UNRESOLVED,,,,0,,,
CONFIG_USB_G_HID,TODO,UNRESOLVED,,,,0,,,
CONFIG_USB_G_MULTI,TODO,UNRESOLVED,,,,0,,,
CONFIG_USB_G_MULTI_CDC,TODO,UNRESOLVED,,,,0,,,
CONFIG_USB_G_MULTI_RNDIS,TODO,UNRESOLVED,,,,0,,,
CONFIG_USB_G_NCM,TODO,UNRESOLVED,,,,0,,,
CONFIG_USB_G_NOKIA,TODO,UNRESOLVED,,,,0,,,
CONFIG_USB_G_PRINTER,TODO,UNRESOLVED,,,,0,,,
CONFIG_USB_G_SERIAL,TODO,UNRESOLVED,,,,0,,,
CONFIG_USB_G_WEBCAM,TODO,UNRESOLVED,,,,0,,,
CONFIG_USB_HACKRF,TODO,UNRESOLVED,,,,0,,,
CONFIG_USB_HCD_BCMA,TODO,UNRESOLVED,,,,0,,,
CONFIG_USB_HCD_SSB,TODO,UNRESOLVED,,,,0,,,
CONFIG_USB_HCD_TEST_MODE,TODO,UNRESOLVED,,,,0,,,
CONFIG_USB_HID,TODO,UNRESOLVED,,,,0,,,
CONFIG_USB_HIDDEV,TODO,UNRESOLVED,,,,0,,,
CONFIG_USB_HSIC_USB3503,TODO,UNRESOLVED,,,,0,,,
CONFIG_USB_HSIC_USB4604,TODO,UNRESOLVED,,,,0,,,
CONFIG_USB_HSO,TODO,UNRESOLVED,,,,0,,,
CONFIG_USB_HUB_USB251XB,TODO,UNRESOLVED,,,,0,,,
CONFIG_USB_IDMOUSE,TODO,UNRESOLVED,,,,0,,,
CONFIG_USB_INVENTRA_DMA,TODO,UNRESOLVED,,,,0,,,
CONFIG_USB_IOWARRIOR,TODO,UNRESOLVED,,,,0,,,
CONFIG_USB_IPHETH,TODO,UNRESOLVED,,,,0,,,
CONFIG_USB_ISIGHTFW,TODO,UNRESOLVED,,,,0,,,
CONFIG_USB_ISP116X_HCD,TODO,UNRESOLVED,,,,0,,,
CONFIG_USB_ISP1301,TODO,UNRESOLVED,,,,0,,,
CONFIG_USB_ISP1362_HCD,TODO,UNRESOLVED,,,,0,,,
CONFIG_USB_ISP1760,TODO,UNRESOLVED,,,,0,,,
CONFIG_USB_ISP1760_DUAL_ROLE,TODO,UNRESOLVED,,,,0,,,
CONFIG_USB_ISP1760_GADGET_ROLE,TODO,UNRESOLVED,,,,0,,,
CONFIG_USB_ISP1760_HCD,TODO,UNRESOLVED,,,,0,,,
CONFIG_USB_ISP1760_HOST_ROLE,TODO,UNRESOLVED,,,,0,,,
CONFIG_USB_ISP1761_UDC,TODO,UNRESOLVED,,,,0,,,
CONFIG_USB_KAWETH,TODO,UNRESOLVED,,,,0,,,
CONFIG_USB_KBD,TODO,UNRESOLVED,,,,0,,,
CONFIG_USB_KC2190,TODO,UNRESOLVED,,,,0,,,
CONFIG_USB_KEENE,TODO,UNRESOLVED,,,,0,,,
CONFIG_USB_LAN78XX,TODO,UNRESOLVED,,,,0,,,
CONFIG_USB_LCD,TODO,UNRESOLVED,,,,0,,,
CONFIG_USB_LD,TODO,UNRESOLVED,,,,0,,,
CONFIG_USB_LEDS_TRIGGER_USBPORT,TODO,UNRESOLVED,,,,0,,,
CONFIG_USB_LED_TRIG,TODO,UNRESOLVED,,,,0,,,
CONFIG_USB_LEGOTOWER,TODO,UNRESOLVED,,,,0,,,
CONFIG_USB_LGM_PHY,TODO,UNRESOLVED,,,,0,,,
CONFIG_USB_LIBCOMPOSITE,TODO,UNRESOLVED,,,,0,,,
CONFIG_USB_LINK_LAYER_TEST,TODO,UNRESOLVED,,,,0,,,
CONFIG_USB_LJCA,TODO,UNRESOLVED,,,,0,,,
CONFIG_USB_LPC32XX,TODO,UNRESOLVED,,,,0,,,
CONFIG_USB_M5602,TODO,UNRESOLVED,,,,0,,,
CONFIG_USB_M66592,TODO,UNRESOLVED,,,,0,,,
CONFIG_USB_MA901,TODO,UNRESOLVED,,,,0,,,
CONFIG_USB_MASS_STORAGE,TODO,UNRESOLVED,,,,0,,,
CONFIG_USB_MAX3420_UDC,TODO,UNRESOLVED,,,,0,,,
CONFIG_USB_MAX3421_HCD,TODO,UNRESOLVED,,,,0,,,
CONFIG_USB_MDC800,TODO,UNRESOLVED,,,,0,,,
CONFIG_USB_MICROTEK,TODO,UNRESOLVED,,,,0,,,
CONFIG_USB_MIDI_GADGET,TODO,UNRESOLVED,,,,0,,,
CONFIG_USB_MON,TODO,UNRESOLVED,,,,0,,,
CONFIG_USB_MOUSE,TODO,UNRESOLVED,,,,0,,,
CONFIG_USB_MR800,TODO,UNRESOLVED,,,,0,,,
CONFIG_USB_MSI2500,TODO,UNRESOLVED,,,,0,,,
CONFIG_USB_MTU3,TODO,UNRESOLVED,,,,0,,,
CONFIG_USB_MTU3_DEBUG,TODO,UNRESOLVED,,,,0,,,
CONFIG_USB_MTU3_DUAL_ROLE,TODO,UNRESOLVED,,,,0,,,
CONFIG_USB_MTU3_GADGET,TODO,UNRESOLVED,,,,0,,,
CONFIG_USB_MTU3_HOST,TODO,UNRESOLVED,,,,0,,,
CONFIG_USB_MUSB_DA8XX,TODO,UNRESOLVED,,,,0,,,
CONFIG_USB_MUSB_DSPS,TODO,UNRESOLVED,,,,0,,,
CONFIG_USB_MUSB_DUAL_ROLE,TODO,UNRESOLVED,,,,0,,,
CONFIG_USB_MUSB_GADGET,TODO,UNRESOLVED,,,,0,,,
CONFIG_USB_MUSB_HDRC,TODO,UNRESOLVED,,,,0,,,
CONFIG_USB_MUSB_HOST,TODO,UNRESOLVED,,,,0,,,
CONFIG_USB_MUSB_JZ4740,TODO,UNRESOLVED,,,,0,,,
CONFIG_USB_MUSB_MEDIATEK,TODO,UNRESOLVED,,,,0,,,
CONFIG_USB_MUSB_OMAP2PLUS,TODO,UNRESOLVED,,,,0,,,
CONFIG_USB_MUSB_POLARFIRE_SOC,TODO,UNRESOLVED,,,,0,,,
CONFIG_USB_MUSB_SUNXI,TODO,UNRESOLVED,,,,0,,,
CONFIG_USB_MUSB_TUSB6010,TODO,UNRESOLVED,,,,0,,,
CONFIG_USB_MUSB_UX500,TODO,UNRESOLVED,,,,0,,,
CONFIG_USB_MXS_PHY,TODO,UNRESOLVED,,,,0,,,
CONFIG_USB_NET2280,TODO,UNRESOLVED,,,,0,,,
CONFIG_USB_NET_AQC111,TODO,UNRESOLVED,,,,0,,,
CONFIG_USB_NET_AX88179_178A,TODO,UNRESOLVED,,,,0,,,
CONFIG_USB_NET_AX8817X,TODO,UNRESOLVED,,,,0,,,
CONFIG_USB_NET_CDCETHER,TODO,UNRESOLVED,,,,0,,,
CONFIG_USB_NET_CDC_EEM,TODO,UNRESOLVED,,,,0,,,
CONFIG_USB_NET_CDC_MBIM,TODO,UNRESOLVED,,,,0,,,
CONFIG_USB_NET_CDC_NCM,TODO,UNRESOLVED,,,,0,,,
CONFIG_USB_NET_CDC_SUBSET,TODO,UNRESOLVED,,,,0,,,
CONFIG_USB_NET_CDC_SUBSET_ENABLE,TODO,UNRESOLVED,,,,0,,,
CONFIG_USB_NET_CH9200,TODO,UNRESOLVED,,,,0,,,
CONFIG_USB_NET_CX82310_ETH,TODO,UNRESOLVED,,,,0,,,
CONFIG_USB_NET_DM9601,TODO,UNRESOLVED,,,,0,,,
CONFIG_USB_NET_DRIVERS,TODO,UNRESOLVED,,,,0,,,
CONFIG_USB_NET_GL620A,TODO,UNRESOLVED,,,,0,,,
CONFIG_USB_NET_HUAWEI_CDC_NCM,TODO,UNRESOLVED,,,,0,,,
CONFIG_USB_NET_INT51X1,TODO,UNRESOLVED,,,,0,,,
CONFIG_USB_NET_KALMIA,TODO,UNRESOLVED,,,,0,,,
CONFIG_USB_NET_MCS7830,TODO,UNRESOLVED,,,,0,,,
CONFIG_USB_NET_NET1080,TODO,UNRESOLVED,,,,0,,,
CONFIG_USB_NET_PLUSB,TODO,UNRESOLVED,,,,0,,,
CONFIG_USB_NET_QMI_WWAN,TODO,UNRESOLVED,,,,0,,,
CONFIG_USB_NET_RNDIS_HOST,TODO,UNRESOLVED,,,,0,,,
CONFIG_USB_NET_SMSC75XX,TODO,UNRESOLVED,,,,0,,,
CONFIG_USB_NET_SMSC95XX,TODO,UNRESOLVED,,,,0,,,
CONFIG_USB_NET_SR9700,TODO,UNRESOLVED,,,,0,,,
CONFIG_USB_NET_SR9800,TODO,UNRESOLVED,,,,0,,,
CONFIG_USB_NET_ZAURUS,TODO,UNRESOLVED,,,,0,,,
CONFIG_USB_OCTEON_EHCI,TODO,UNRESOLVED,,,,0,,,
CONFIG_USB_OCTEON_HCD,TODO,UNRESOLVED,,,,0,,,
CONFIG_USB_OCTEON_OHCI,TODO,UNRESOLVED,,,,0,,,
CONFIG_USB_OHCI_BIG_ENDIAN_DESC,TODO,UNRESOLVED,,,,0,,,
CONFIG_USB_OHCI_BIG_ENDIAN_MMIO,TODO,UNRESOLVED,,,,0,,,
CONFIG_USB_OHCI_EXYNOS,TODO,UNRESOLVED,,,,0,,,
CONFIG_USB_OHCI_HCD,TODO,UNRESOLVED,,,,0,,,
CONFIG_USB_OHCI_HCD_AT91,TODO,UNRESOLVED,,,,0,,,
CONFIG_USB_OHCI_HCD_DAVINCI,TODO,UNRESOLVED,,,,0,,,
CONFIG_USB_OHCI_HCD_LPC32XX,TODO,UNRESOLVED,,,,0,,,
CONFIG_USB_OHCI_HCD_OMAP1,TODO,UNRESOLVED,,,,0,,,
CONFIG_USB_OHCI_HCD_OMAP3,TODO,UNRESOLVED,,,,0,,,
CONFIG_USB_OHCI_HCD_PCI,TODO,UNRESOLVED,,,,0,,,
CONFIG_USB_OHCI_HCD_PLATFORM,TODO,UNRESOLVED,,,,0,,,
CONFIG_USB_OHCI_HCD_PPC_OF,TODO,UNRESOLVED,,,,0,,,
CONFIG_USB_OHCI_HCD_PPC_OF_BE,TODO,UNRESOLVED,,,,0,,,
CONFIG_USB_OHCI_HCD_PPC_OF_LE,TODO,UNRESOLVED,,,,0,,,
CONFIG_USB_OHCI_HCD_PXA27X,TODO,UNRESOLVED,,,,0,,,
CONFIG_USB_OHCI_HCD_S3C2410,TODO,UNRESOLVED,,,,0,,,
CONFIG_USB_OHCI_HCD_SPEAR,TODO,UNRESOLVED,,,,0,,,
CONFIG_USB_OHCI_HCD_SSB,TODO,UNRESOLVED,,,,0,,,
CONFIG_USB_OHCI_HCD_STI,TODO,UNRESOLVED,,,,0,,,
CONFIG_USB_OHCI_LITTLE_ENDIAN,TODO,UNRESOLVED,,,,0,,,
CONFIG_USB_OMAP,TODO,UNRESOLVED,,,,0,,,
CONFIG_USB_ONBOARD_DEV,TODO,UNRESOLVED,,,,0,,,
CONFIG_USB_ONBOARD_DEV_USB5744,TODO,UNRESOLVED,,,,0,,,
CONFIG_USB_OTG,TODO,UNRESOLVED,,,,0,,,
CONFIG_USB_OTG_DISABLE_EXTERNAL_HUB,TODO,UNRESOLVED,,,,0,,,
CONFIG_USB_OTG_FSM,TODO,UNRESOLVED,,,,0,,,
CONFIG_USB_OTG_PRODUCTLIST,TODO,UNRESOLVED,,,,0,,,
CONFIG_USB_OXU210HP_HCD,TODO,UNRESOLVED,,,,0,,,
CONFIG_USB_PCI,TODO,UNRESOLVED,,,,0,,,
CONFIG_USB_PCI_AMD,TODO,UNRESOLVED,,,,0,,,
CONFIG_USB_PEGASUS,TODO,UNRESOLVED,,,,0,,,
CONFIG_USB_PHY,TODO,UNRESOLVED,,,,0,,,
CONFIG_USB_PRINTER,TODO,UNRESOLVED,,,,0,,,
CONFIG_USB_PULSE8_CEC,TODO,UNRESOLVED,,,,0,,,
CONFIG_USB_PWC,TODO,UNRESOLVED,,,,0,,,
CONFIG_USB_PWC_DEBUG,TODO,UNRESOLVED,,,,0,,,
CONFIG_USB_PWC_INPUT_EVDEV,TODO,UNRESOLVED,,,,0,,,
CONFIG_USB_PXA25X,TODO,UNRESOLVED,,,,0,,,
CONFIG_USB_PXA25X_SMALL,TODO,UNRESOLVED,,,,0,,,
CONFIG_USB_PXA27X,TODO,UNRESOLVED,,,,0,,,
CONFIG_USB_QCOM_EUD,TODO,UNRESOLVED,,,,0,,,
CONFIG_USB_R8A66597,TODO,UNRESOLVED,,,,0,,,
CONFIG_USB_R8A66597_HCD,TODO,UNRESOLVED,,,,0,,,
CONFIG_USB_RAINSHADOW_CEC,TODO,UNRESOLVED,,,,0,,,
CONFIG_USB_RAREMONO,TODO,UNRESOLVED,,,,0,,,
CONFIG_USB_RAW_GADGET,TODO,UNRESOLVED,,,,0,,,
CONFIG_USB_RENESAS_USB3,TODO,UNRESOLVED,,,,0,,,
CONFIG_USB_RENESAS_USBF,TODO,UNRESOLVED,,,,0,,,
CONFIG_USB_RENESAS_USBHS,TODO,UNRESOLVED,,,,0,,,
CONFIG_USB_RENESAS_USBHS_HCD,TODO,UNRESOLVED,,,,0,,,
CONFIG_USB_RENESAS_USBHS_UDC,TODO,UNRESOLVED,,,,0,,,
CONFIG_USB_ROLES_INTEL_XHCI,TODO,UNRESOLVED,,,,0,,,
CONFIG_USB_ROLE_SWITCH,TODO,UNRESOLVED,,,,0,,,
CONFIG_USB_RTL8150,TODO,UNRESOLVED,,,,0,,,
CONFIG_USB_RTL8152,TODO,UNRESOLVED,,,,0,,,
CONFIG_USB_RTL8153_ECM,TODO,UNRESOLVED,,,,0,,,
CONFIG_USB_RZV2M_USB3DRD,TODO,UNRESOLVED,,,,0,,,
CONFIG_USB_S2255,TODO,UNRESOLVED,,,,0,,,
CONFIG_USB_SERIAL,TODO,UNRESOLVED,,,,0,,,
CONFIG_USB_SERIAL_AIRCABLE,TODO,UNRESOLVED,,,,0,,,
CONFIG_USB_SERIAL_ARK3116,TODO,UNRESOLVED,,,,0,,,
CONFIG_USB_SERIAL_BELKIN,TODO,UNRESOLVED,,,,0,,,
CONFIG_USB_SERIAL_CH341,TODO,UNRESOLVED,,,,0,,,
CONFIG_USB_SERIAL_CONSOLE,TODO,UNRESOLVED,,,,0,,,
CONFIG_USB_SERIAL_CP210X,TODO,UNRESOLVED,,,,0,,,
CONFIG_USB_SERIAL_CYBERJACK,TODO,UNRESOLVED,,,,0,,,
CONFIG_USB_SERIAL_CYPRESS_M8,TODO,UNRESOLVED,,,,0,,,
CONFIG_USB_SERIAL_DEBUG,TODO,UNRESOLVED,,,,0,,,
CONFIG_USB_SERIAL_DIGI_ACCELEPORT,TODO,UNRESOLVED,,,,0,,,
CONFIG_USB_SERIAL_EDGEPORT,TODO,UNRESOLVED,,,,0,,,
CONFIG_USB_SERIAL_EDGEPORT_TI,TODO,UNRESOLVED,,,,0,,,
CONFIG_USB_SERIAL_EMPEG,TODO,UNRESOLVED,,,,0,,,
CONFIG_USB_SERIAL_F81232,TODO,UNRESOLVED,,,,0,,,
CONFIG_USB_SERIAL_F8153X,TODO,UNRESOLVED,,,,0,,,
CONFIG_USB_SERIAL_FTDI_SIO,TODO,UNRESOLVED,,,,0,,,
CONFIG_USB_SERIAL_GARMIN,TODO,UNRESOLVED,,,,0,,,
CONFIG_USB_SERIAL_GENERIC,TODO,UNRESOLVED,,,,0,,,
CONFIG_USB_SERIAL_IPAQ,TODO,UNRESOLVED,,,,0,,,
CONFIG_USB_SERIAL_IPW,TODO,UNRESOLVED,,,,0,,,
CONFIG_USB_SERIAL_IR,TODO,UNRESOLVED,,,,0,,,
CONFIG_USB_SERIAL_IUU,TODO,UNRESOLVED,,,,0,,,
CONFIG_USB_SERIAL_KEYSPAN,TODO,UNRESOLVED,,,,0,,,
CONFIG_USB_SERIAL_KEYSPAN_PDA,TODO,UNRESOLVED,,,,0,,,
CONFIG_USB_SERIAL_KLSI,TODO,UNRESOLVED,,,,0,,,
CONFIG_USB_SERIAL_KOBIL_SCT,TODO,UNRESOLVED,,,,0,,,
CONFIG_USB_SERIAL_MCT_U232,TODO,UNRESOLVED,,,,0,,,
CONFIG_USB_SERIAL_METRO,TODO,UNRESOLVED,,,,0,,,
CONFIG_USB_SERIAL_MOS7715_PARPORT,TODO,UNRESOLVED,,,,0,,,
CONFIG_USB_SERIAL_MOS7720,TODO,UNRESOLVED,,,,0,,,
CONFIG_USB_SERIAL_MOS7840,TODO,UNRESOLVED,,,,0,,,
CONFIG_USB_SERIAL_MXUPORT,TODO,UNRESOLVED,,,,0,,,
CONFIG_USB_SERIAL_NAVMAN,TODO,UNRESOLVED,,,,0,,,
CONFIG_USB_SERIAL_OMNINET,TODO,UNRESOLVED,,,,0,,,
CONFIG_USB_SERIAL_OPTICON,TODO,UNRESOLVED,,,,0,,,
CONFIG_USB_SERIAL_OPTION,TODO,UNRESOLVED,,,,0,,,
CONFIG_USB_SERIAL_OTI6858,TODO,UNRESOLVED,,,,0,,,
CONFIG_USB_SERIAL_PL2303,TODO,UNRESOLVED,,,,0,,,
CONFIG_USB_SERIAL_QCAUX,TODO,UNRESOLVED,,,,0,,,
CONFIG_USB_SERIAL_QT2,TODO,UNRESOLVED,,,,0,,,
CONFIG_USB_SERIAL_QUALCOMM,TODO,UNRESOLVED,,,,0,,,
CONFIG_USB_SERIAL_SAFE,TODO,UNRESOLVED,,,,0,,,
CONFIG_USB_SERIAL_SAFE_PADDED,TODO,UNRESOLVED,,,,0,,,
CONFIG_USB_SERIAL_SIERRAWIRELESS,TODO,UNRESOLVED,,,,0,,,
CONFIG_USB_SERIAL_SIMPLE,TODO,UNRESOLVED,,,,0,,,
CONFIG_USB_SERIAL_SPCP8X5,TODO,UNRESOLVED,,,,0,,,
CONFIG_USB_SERIAL_SSU100,TODO,UNRESOLVED,,,,0,,,
CONFIG_USB_SERIAL_SYMBOL,TODO,UNRESOLVED,,,,0,,,
CONFIG_USB_SERIAL_TI,TODO,UNRESOLVED,,,,0,,,
CONFIG_USB_SERIAL_UPD78F0730,TODO,UNRESOLVED,,,,0,,,
CONFIG_USB_SERIAL_VISOR,TODO,UNRESOLVED,,,,0,,,
CONFIG_USB_SERIAL_WHITEHEAT,TODO,UNRESOLVED,,,,0,,,
CONFIG_USB_SERIAL_WISHBONE,TODO,UNRESOLVED,,,,0,,,
CONFIG_USB_SERIAL_WWAN,TODO,UNRESOLVED,,,,0,,,
CONFIG_USB_SERIAL_XR,TODO,UNRESOLVED,,,,0,,,
CONFIG_USB_SERIAL_XSENS_MT,TODO,UNRESOLVED,,,,0,,,
CONFIG_USB_SEVSEG,TODO,UNRESOLVED,,,,0,,,
CONFIG_USB_SI470X,TODO,UNRESOLVED,,,,0,,,
CONFIG_USB_SI4713,TODO,UNRESOLVED,,,,0,,,
CONFIG_USB_SIERRA_NET,TODO,UNRESOLVED,,,,0,,,
CONFIG_USB_SISUSBVGA,TODO,UNRESOLVED,,,,0,,,
CONFIG_USB_SL811_CS,TODO,UNRESOLVED,,,,0,,,
CONFIG_USB_SL811_HCD,TODO,UNRESOLVED,,,,0,,,
CONFIG_USB_SL811_HCD_ISO,TODO,UNRESOLVED,,,,0,,,
CONFIG_USB_SNP_CORE,TODO,UNRESOLVED,,,,0,,,
CONFIG_USB_SNP_UDC_PLAT,TODO,UNRESOLVED,,,,0,,,
CONFIG_USB_SPEEDTOUCH,TODO,UNRESOLVED,,,,0,,,
CONFIG_USB_STORAGE,TODO,UNRESOLVED,,,,0,,,
CONFIG_USB_STORAGE_ALAUDA,TODO,UNRESOLVED,,,,0,,,
CONFIG_USB_STORAGE_CYPRESS_ATACB,TODO,UNRESOLVED,,,,0,,,
CONFIG_USB_STORAGE_DATAFAB,TODO,UNRESOLVED,,,,0,,,
CONFIG_USB_STORAGE_DEBUG,TODO,UNRESOLVED,,,,0,,,
CONFIG_USB_STORAGE_ENE_UB6250,TODO,UNRESOLVED,,,,0,,,
CONFIG_USB_STORAGE_FREECOM,TODO,UNRESOLVED,,,,0,,,
CONFIG_USB_STORAGE_ISD200,TODO,UNRESOLVED,,,,0,,,
CONFIG_USB_STORAGE_JUMPSHOT,TODO,UNRESOLVED,,,,0,,,
CONFIG_USB_STORAGE_KARMA,TODO,UNRESOLVED,,,,0,,,
CONFIG_USB_STORAGE_ONETOUCH,TODO,UNRESOLVED,,,,0,,,
CONFIG_USB_STORAGE_REALTEK,TODO,UNRESOLVED,,,,0,,,
CONFIG_USB_STORAGE_SDDR09,TODO,UNRESOLVED,,,,0,,,
CONFIG_USB_STORAGE_SDDR55,TODO,UNRESOLVED,,,,0,,,
CONFIG_USB_STORAGE_USBAT,TODO,UNRESOLVED,,,,0,,,
CONFIG_USB_STV06XX,TODO,UNRESOLVED,,,,0,,,
CONFIG_USB_SUPPORT,TODO,UNRESOLVED,,,,0,,,
CONFIG_USB_TEGRA_PHY,TODO,UNRESOLVED,,,,0,,,
CONFIG_USB_TEGRA_XUDC,TODO,UNRESOLVED,,,,0,,,
CONFIG_USB_TEST,TODO,UNRESOLVED,,,,0,,,
CONFIG_USB_TI_CPPI41_DMA,TODO,UNRESOLVED,,,,0,,,
CONFIG_USB_TMC,TODO,UNRESOLVED,,,,0,,,
CONFIG_USB_TRANCEVIBRATOR,TODO,UNRESOLVED,,,,0,,,
CONFIG_USB_TUSB_OMAP_DMA,TODO,UNRESOLVED,,,,0,,,
CONFIG_USB_UAS,TODO,UNRESOLVED,,,,0,,,
CONFIG_USB_UEAGLEATM,TODO,UNRESOLVED,,,,0,,,
CONFIG_USB_UHCI_ASPEED,TODO,UNRESOLVED,,,,0,,,
CONFIG_USB_UHCI_BIG_ENDIAN_DESC,TODO,UNRESOLVED,,,,0,,,
CONFIG_USB_UHCI_BIG_ENDIAN_MMIO,TODO,UNRESOLVED,,,,0,,,
CONFIG_USB_UHCI_HCD,TODO,UNRESOLVED,,,,0,,,
CONFIG_USB_UHCI_PLATFORM,TODO,UNRESOLVED,,,,0,,,
CONFIG_USB_UHCI_SUPPORT_NON_PCI_HC,TODO,UNRESOLVED,,,,0,,,
CONFIG_USB_ULPI,TODO,UNRESOLVED,,,,0,,,
CONFIG_USB_ULPI_BUS,TODO,UNRESOLVED,,,,0,,,
CONFIG_USB_ULPI_VIEWPORT,TODO,UNRESOLVED,,,,0,,,
CONFIG_USB_USBIO,TODO,UNRESOLVED,,,,0,,,
CONFIG_USB_USBNET,TODO,UNRESOLVED,,,,0,,,
CONFIG_USB_USS720,TODO,UNRESOLVED,,,,0,,,
CONFIG_USB_UX500_DMA,TODO,UNRESOLVED,,,,0,,,
CONFIG_USB_U_AUDIO,TODO,UNRESOLVED,,,,0,,,
CONFIG_USB_U_ETHER,TODO,UNRESOLVED,,,,0,,,
CONFIG_USB_U_SERIAL,TODO,UNRESOLVED,,,,0,,,
CONFIG_USB_VIDEO_CLASS,TODO,UNRESOLVED,,,,0,,,
CONFIG_USB_VIDEO_CLASS_INPUT_EVDEV,TODO,UNRESOLVED,,,,0,,,
CONFIG_USB_VL600,TODO,UNRESOLVED,,,,0,,,
CONFIG_USB_WDM,TODO,UNRESOLVED,,,,0,,,
CONFIG_USB_XEN_HCD,TODO,UNRESOLVED,,,,0,,,
CONFIG_USB_XHCI_DBGCAP,TODO,UNRESOLVED,,,,0,,,
CONFIG_USB_XHCI_HCD,TODO,UNRESOLVED,,,,0,,,
CONFIG_USB_XHCI_HISTB,TODO,UNRESOLVED,,,,0,,,
CONFIG_USB_XHCI_MTK,TODO,UNRESOLVED,,,,0,,,
CONFIG_USB_XHCI_MVEBU,TODO,UNRESOLVED,,,,0,,,
CONFIG_USB_XHCI_PCI,TODO,UNRESOLVED,,,,0,,,
CONFIG_USB_XHCI_PCI_RENESAS,TODO,UNRESOLVED,,,,0,,,
CONFIG_USB_XHCI_PLATFORM,TODO,UNRESOLVED,,,,0,,,
CONFIG_USB_XHCI_RCAR,TODO,UNRESOLVED,,,,0,,,
CONFIG_USB_XHCI_RZV2M,TODO,UNRESOLVED,,,,0,,,
CONFIG_USB_XHCI_SIDEBAND,TODO,UNRESOLVED,,,,0,,,
CONFIG_USB_XHCI_TEGRA,TODO,UNRESOLVED,,,,0,,,
CONFIG_USB_XUSBATM,TODO,UNRESOLVED,,,,0,,,
CONFIG_USB_YUREX,TODO,UNRESOLVED,,,,0,,,
CONFIG_USB_ZERO,TODO,UNRESOLVED,,,,0,,,
CONFIG_USB_ZERO_HNPTEST,TODO,UNRESOLVED,,,,0,,,
CONFIG_USERCOPY_KUNIT_TEST,TODO,UNRESOLVED,,,,0,,,
CONFIG_USERFAULTFD,TODO,UNRESOLVED,,,,0,,,
CONFIG_USERIO,TODO,UNRESOLVED,,,,0,,,
CONFIG_USER_DECRYPTED_DATA,TODO,UNRESOLVED,,,,0,,,
CONFIG_USER_EVENTS,TODO,UNRESOLVED,,,,0,,,
CONFIG_USER_NS,TODO,UNRESOLVED,,,,0,,,
CONFIG_USER_RETURN_NOTIFIER,TODO,UNRESOLVED,,,,0,,,
CONFIG_USER_STACKTRACE_SUPPORT,TODO,UNRESOLVED,,,,0,,,
CONFIG_USE_PERCPU_NUMA_NODE_ID,TODO,UNRESOLVED,,,,0,,,
CONFIG_USE_X86_SEG_SUPPORT,TODO,UNRESOLVED,,,,0,,,
CONFIG_UTIL_MACROS_KUNIT,TODO,UNRESOLVED,,,,0,,,
CONFIG_UTS_NS,TODO,UNRESOLVED,,,,0,,,
CONFIG_UVC_COMMON,TODO,UNRESOLVED,,,,0,,,
CONFIG_UV_MMTIMER,TODO,UNRESOLVED,,,,0,,,
CONFIG_UV_SYSFS,TODO,UNRESOLVED,,,,0,,,
CONFIG_UX500_PM_DOMAIN,TODO,UNRESOLVED,,,,0,,,
CONFIG_UX500_SOC_ID,TODO,UNRESOLVED,,,,0,,,
CONFIG_U_SERIAL_CONSOLE,TODO,UNRESOLVED,,,,0,,,
CONFIG_V4L2_ASYNC,TODO,UNRESOLVED,,,,0,,,
CONFIG_V4L2_CCI,TODO,UNRESOLVED,,,,0,,,
CONFIG_V4L2_CCI_I2C,TODO,UNRESOLVED,,,,0,,,
CONFIG_V4L2_FLASH_LED_CLASS,TODO,UNRESOLVED,,,,0,,,
CONFIG_V4L2_FWNODE,TODO,UNRESOLVED,,,,0,,,
CONFIG_V4L2_H264,TODO,UNRESOLVED,,,,0,,,
CONFIG_V4L2_JPEG_HELPER,TODO,UNRESOLVED,,,,0,,,
CONFIG_V4L2_MEM2MEM_DEV,TODO,UNRESOLVED,,,,0,,,
CONFIG_V4L2_VP9,TODO,UNRESOLVED,,,,0,,,
CONFIG_V4L_MEM2MEM_DRIVERS,TODO,UNRESOLVED,,,,0,,,
CONFIG_V4L_PLATFORM_DRIVERS,TODO,UNRESOLVED,,,,0,,,
CONFIG_V4L_RADIO_ISA_DRIVERS,TODO,UNRESOLVED,,,,0,,,
CONFIG_V4L_TEST_DRIVERS,TODO,UNRESOLVED,,,,0,,,
CONFIG_VALIDATE_FS_PARSER,TODO,UNRESOLVED,,,,0,,,
CONFIG_VBOXGUEST,TODO,UNRESOLVED,,,,0,,,
CONFIG_VBOXSF_FS,TODO,UNRESOLVED,,,,0,,,
CONFIG_VCAP,TODO,UNRESOLVED,,,,0,,,
CONFIG_VCAP_KUNIT_TEST,TODO,UNRESOLVED,,,,0,,,
CONFIG_VCC,TODO,UNRESOLVED,,,,0,,,
CONFIG_VCHIQ_CDEV,TODO,UNRESOLVED,,,,0,,,
CONFIG_VCNL3020,TODO,UNRESOLVED,,,,0,,,
CONFIG_VCNL4000,TODO,UNRESOLVED,,,,0,,,
CONFIG_VCNL4035,TODO,UNRESOLVED,,,,0,,,
CONFIG_VCPU_STALL_DETECTOR,TODO,UNRESOLVED,,,,0,,,
CONFIG_VDPA,TODO,UNRESOLVED,,,,0,,,
CONFIG_VDPA_SIM,TODO,UNRESOLVED,,,,0,,,
CONFIG_VDPA_SIM_BLOCK,TODO,UNRESOLVED,,,,0,,,
CONFIG_VDPA_SIM_NET,TODO,UNRESOLVED,,,,0,,,
CONFIG_VDPA_USER,TODO,UNRESOLVED,,,,0,,,
CONFIG_VDSO_GETRANDOM,TODO,UNRESOLVED,,,,0,,,
CONFIG_VEML3235,TODO,UNRESOLVED,,,,0,,,
CONFIG_VEML6030,TODO,UNRESOLVED,,,,0,,,
CONFIG_VEML6040,TODO,UNRESOLVED,,,,0,,,
CONFIG_VEML6046X00,TODO,UNRESOLVED,,,,0,,,
CONFIG_VEML6070,TODO,UNRESOLVED,,,,0,,,
CONFIG_VEML6075,TODO,UNRESOLVED,,,,0,,,
CONFIG_VERSATILE_FPGA_IRQ,TODO,UNRESOLVED,,,,0,,,
CONFIG_VERSATILE_FPGA_IRQ_NR,TODO,UNRESOLVED,,,,0,,,
CONFIG_VETH,TODO,UNRESOLVED,,,,0,,,
CONFIG_VEXPRESS_CONFIG,TODO,UNRESOLVED,,,,0,,,
CONFIG_VF610_ADC,TODO,UNRESOLVED,,,,0,,,
CONFIG_VF610_DAC,TODO,UNRESOLVED,,,,0,,,
CONFIG_VFAT_FS,TODO,UNRESOLVED,,,,0,,,
CONFIG_VFIO,TODO,UNRESOLVED,,,,0,,,
CONFIG_VFIO_AMBA,TODO,UNRESOLVED,,,,0,,,
CONFIG_VFIO_CDX,TODO,UNRESOLVED,,,,0,,,
CONFIG_VFIO_CONTAINER,TODO,UNRESOLVED,,,,0,,,
CONFIG_VFIO_DEBUGFS,TODO,UNRESOLVED,,,,0,,,
CONFIG_VFIO_DEVICE_CDEV,TODO,UNRESOLVED,,,,0,,,
CONFIG_VFIO_FSL_MC,TODO,UNRESOLVED,,,,0,,,
CONFIG_VFIO_GROUP,TODO,UNRESOLVED,,,,0,,,
CONFIG_VFIO_IOMMU_SPAPR_TCE,TODO,UNRESOLVED,,,,0,,,
CONFIG_VFIO_IOMMU_TYPE1,TODO,UNRESOLVED,,,,0,,,
CONFIG_VFIO_MDEV,TODO,UNRESOLVED,,,,0,,,
CONFIG_VFIO_NOIOMMU,TODO,UNRESOLVED,,,,0,,,
CONFIG_VFIO_PCI,TODO,UNRESOLVED,,,,0,,,
CONFIG_VFIO_PCI_CORE,TODO,UNRESOLVED,,,,0,,,
CONFIG_VFIO_PCI_IGD,TODO,UNRESOLVED,,,,0,,,
CONFIG_VFIO_PCI_INTX,TODO,UNRESOLVED,,,,0,,,
CONFIG_VFIO_PCI_VGA,TODO,UNRESOLVED,,,,0,,,
CONFIG_VFIO_PCI_ZDEV_KVM,TODO,UNRESOLVED,,,,0,,,
CONFIG_VFIO_PLATFORM,TODO,UNRESOLVED,,,,0,,,
CONFIG_VFIO_PLATFORM_AMDXGBE_RESET,TODO,UNRESOLVED,,,,0,,,
CONFIG_VFIO_PLATFORM_BASE,TODO,UNRESOLVED,,,,0,,,
CONFIG_VFIO_PLATFORM_BCMFLEXRM_RESET,TODO,UNRESOLVED,,,,0,,,
CONFIG_VFIO_PLATFORM_CALXEDAXGMAC_RESET,TODO,UNRESOLVED,,,,0,,,
CONFIG_VFIO_VIRQFD,TODO,UNRESOLVED,,,,0,,,
CONFIG_VGASTATE,TODO,UNRESOLVED,,,,0,,,
CONFIG_VGA_ARB,TODO,UNRESOLVED,,,,0,,,
CONFIG_VGA_ARB_MAX_GPUS,TODO,UNRESOLVED,,,,0,,,
CONFIG_VGA_CONSOLE,TODO,UNRESOLVED,,,,0,,,
CONFIG_VGA_SWITCHEROO,TODO,UNRESOLVED,,,,0,,,
CONFIG_VHOST,TODO,UNRESOLVED,,,,0,,,
CONFIG_VHOST_CROSS_ENDIAN_LEGACY,TODO,UNRESOLVED,,,,0,,,
CONFIG_VHOST_ENABLE_FORK_OWNER_CONTROL,TODO,UNRESOLVED,,,,0,,,
CONFIG_VHOST_IOTLB,TODO,UNRESOLVED,,,,0,,,
CONFIG_VHOST_MENU,TODO,UNRESOLVED,,,,0,,,
CONFIG_VHOST_NET,TODO,UNRESOLVED,,,,0,,,
CONFIG_VHOST_RING,TODO,UNRESOLVED,,,,0,,,
CONFIG_VHOST_SCSI,TODO,UNRESOLVED,,,,0,,,
CONFIG_VHOST_TASK,TODO,UNRESOLVED,,,,0,,,
CONFIG_VHOST_VDPA,TODO,UNRESOLVED,,,,0,,,
CONFIG_VHOST_VSOCK,TODO,UNRESOLVED,,,,0,,,
CONFIG_VIA_RHINE,TODO,UNRESOLVED,,,,0,,,
CONFIG_VIA_RHINE_MMIO,TODO,UNRESOLVED,,,,0,,,
CONFIG_VIA_VELOCITY,TODO,UNRESOLVED,,,,0,,,
CONFIG_VIA_WDT,TODO,UNRESOLVED,,,,0,,,
CONFIG_VIDEO,TODO,UNRESOLVED,,,,0,,,
CONFIG_VIDEOBUF2_CORE,TODO,UNRESOLVED,,,,0,,,
CONFIG_VIDEOBUF2_DMA_CONTIG,TODO,UNRESOLVED,,,,0,,,
CONFIG_VIDEOBUF2_DMA_SG,TODO,UNRESOLVED,,,,0,,,
CONFIG_VIDEOBUF2_DVB,TODO,UNRESOLVED,,,,0,,,
CONFIG_VIDEOBUF2_MEMOPS,TODO,UNRESOLVED,,,,0,,,
CONFIG_VIDEOBUF2_V4L2,TODO,UNRESOLVED,,,,0,,,
CONFIG_VIDEOBUF2_VMALLOC,TODO,UNRESOLVED,,,,0,,,
CONFIG_VIDEOMODE_HELPERS,TODO,UNRESOLVED,,,,0,,,
CONFIG_VIDEO_AD5820,TODO,UNRESOLVED,,,,0,,,
CONFIG_VIDEO_ADP1653,TODO,UNRESOLVED,,,,0,,,
CONFIG_VIDEO_ADV7170,TODO,UNRESOLVED,,,,0,,,
CONFIG_VIDEO_ADV7175,TODO,UNRESOLVED,,,,0,,,
CONFIG_VIDEO_ADV7180,TODO,UNRESOLVED,,,,0,,,
CONFIG_VIDEO_ADV7183,TODO,UNRESOLVED,,,,0,,,
CONFIG_VIDEO_ADV7343,TODO,UNRESOLVED,,,,0,,,
CONFIG_VIDEO_ADV7393,TODO,UNRESOLVED,,,,0,,,
CONFIG_VIDEO_ADV748X,TODO,UNRESOLVED,,,,0,,,
CONFIG_VIDEO_ADV7511,TODO,UNRESOLVED,,,,0,,,
CONFIG_VIDEO_ADV7511_CEC,TODO,UNRESOLVED,,,,0,,,
CONFIG_VIDEO_ADV7604,TODO,UNRESOLVED,,,,0,,,
CONFIG_VIDEO_ADV7604_CEC,TODO,UNRESOLVED,,,,0,,,
CONFIG_VIDEO_ADV7842,TODO,UNRESOLVED,,,,0,,,
CONFIG_VIDEO_ADV7842_CEC,TODO,UNRESOLVED,,,,0,,,
CONFIG_VIDEO_ADV_DEBUG,TODO,UNRESOLVED,,,,0,,,
CONFIG_VIDEO_AK7375,TODO,UNRESOLVED,,,,0,,,
CONFIG_VIDEO_AK881X,TODO,UNRESOLVED,,,,0,,,
CONFIG_VIDEO_ALLEGRO_DVT,TODO,UNRESOLVED,,,,0,,,
CONFIG_VIDEO_ALVIUM_CSI2,TODO,UNRESOLVED,,,,0,,,
CONFIG_VIDEO_AM437X_VPFE,TODO,UNRESOLVED,,,,0,,,
CONFIG_VIDEO_AMPHION_VPU,TODO,UNRESOLVED,,,,0,,,
CONFIG_VIDEO_APTINA_PLL,TODO,UNRESOLVED,,,,0,,,
CONFIG_VIDEO_AR0521,TODO,UNRESOLVED,,,,0,,,
CONFIG_VIDEO_ASPEED,TODO,UNRESOLVED,,,,0,,,
CONFIG_VIDEO_ATMEL_ISC,TODO,UNRESOLVED,,,,0,,,
CONFIG_VIDEO_ATMEL_ISC_BASE,TODO,UNRESOLVED,,,,0,,,
CONFIG_VIDEO_ATMEL_ISI,TODO,UNRESOLVED,,,,0,,,
CONFIG_VIDEO_ATMEL_XISC,TODO,UNRESOLVED,,,,0,,,
CONFIG_VIDEO_ATOMISP,TODO,UNRESOLVED,,,,0,,,
CONFIG_VIDEO_ATOMISP_GC2235,TODO,UNRESOLVED,,,,0,,,
CONFIG_VIDEO_ATOMISP_OV2722,TODO,UNRESOLVED,,,,0,,,
CONFIG_VIDEO_AU0828,TODO,UNRESOLVED,,,,0,,,
CONFIG_VIDEO_AU0828_RC,TODO,UNRESOLVED,,,,0,,,
CONFIG_VIDEO_AU0828_V4L2,TODO,UNRESOLVED,,,,0,,,
CONFIG_VIDEO_BCM2835,TODO,UNRESOLVED,,,,0,,,
CONFIG_VIDEO_BCM2835_UNICAM,TODO,UNRESOLVED,,,,0,,,
CONFIG_VIDEO_BT819,TODO,UNRESOLVED,,,,0,,,
CONFIG_VIDEO_BT848,TODO,UNRESOLVED,,,,0,,,
CONFIG_VIDEO_BT856,TODO,UNRESOLVED,,,,0,,,
CONFIG_VIDEO_BT866,TODO,UNRESOLVED,,,,0,,,
CONFIG_VIDEO_C3_ISP,TODO,UNRESOLVED,,,,0,,,
CONFIG_VIDEO_C3_MIPI_ADAPTER,TODO,UNRESOLVED,,,,0,,,
CONFIG_VIDEO_C3_MIPI_CSI2,TODO,UNRESOLVED,,,,0,,,
CONFIG_VIDEO_CADENCE_CSI2RX,TODO,UNRESOLVED,,,,0,,,
CONFIG_VIDEO_CADENCE_CSI2TX,TODO,UNRESOLVED,,,,0,,,
CONFIG_VIDEO_CAFE_CCIC,TODO,UNRESOLVED,,,,0,,,
CONFIG_VIDEO_CAMERA_LENS,TODO,UNRESOLVED,,,,0,,,
CONFIG_VIDEO_CAMERA_SENSOR,TODO,UNRESOLVED,,,,0,,,
CONFIG_VIDEO_CCS,TODO,UNRESOLVED,,,,0,,,
CONFIG_VIDEO_CCS_PLL,TODO,UNRESOLVED,,,,0,,,
CONFIG_VIDEO_COBALT,TODO,UNRESOLVED,,,,0,,,
CONFIG_VIDEO_CODA,TODO,UNRESOLVED,,,,0,,,
CONFIG_VIDEO_CS3308,TODO,UNRESOLVED,,,,0,,,
CONFIG_VIDEO_CS5345,TODO,UNRESOLVED,,,,0,,,
CONFIG_VIDEO_CS53L32A,TODO,UNRESOLVED,,,,0,,,
CONFIG_VIDEO_CX18,TODO,UNRESOLVED,,,,0,,,
CONFIG_VIDEO_CX18_ALSA,TODO,UNRESOLVED,,,,0,,,
CONFIG_VIDEO_CX231XX,TODO,UNRESOLVED,,,,0,,,
CONFIG_VIDEO_CX231XX_ALSA,TODO,UNRESOLVED,,,,0,,,
CONFIG_VIDEO_CX231XX_DVB,TODO,UNRESOLVED,,,,0,,,
CONFIG_VIDEO_CX231XX_RC,TODO,UNRESOLVED,,,,0,,,
CONFIG_VIDEO_CX2341X,TODO,UNRESOLVED,,,,0,,,
CONFIG_VIDEO_CX23885,TODO,UNRESOLVED,,,,0,,,
CONFIG_VIDEO_CX25821,TODO,UNRESOLVED,,,,0,,,
CONFIG_VIDEO_CX25821_ALSA,TODO,UNRESOLVED,,,,0,,,
CONFIG_VIDEO_CX25840,TODO,UNRESOLVED,,,,0,,,
CONFIG_VIDEO_CX88,TODO,UNRESOLVED,,,,0,,,
CONFIG_VIDEO_CX88_ALSA,TODO,UNRESOLVED,,,,0,,,
CONFIG_VIDEO_CX88_BLACKBIRD,TODO,UNRESOLVED,,,,0,,,
CONFIG_VIDEO_CX88_DVB,TODO,UNRESOLVED,,,,0,,,
CONFIG_VIDEO_CX88_ENABLE_VP3054,TODO,UNRESOLVED,,,,0,,,
CONFIG_VIDEO_CX88_MPEG,TODO,UNRESOLVED,,,,0,,,
CONFIG_VIDEO_CX88_VP3054,TODO,UNRESOLVED,,,,0,,,
CONFIG_VIDEO_DAVINCI_VPIF_CAPTURE,TODO,UNRESOLVED,,,,0,,,
CONFIG_VIDEO_DAVINCI_VPIF_DISPLAY,TODO,UNRESOLVED,,,,0,,,
CONFIG_VIDEO_DEV,TODO,UNRESOLVED,,,,0,,,
CONFIG_VIDEO_DS90UB913,TODO,UNRESOLVED,,,,0,,,
CONFIG_VIDEO_DS90UB953,TODO,UNRESOLVED,,,,0,,,
CONFIG_VIDEO_DS90UB960,TODO,UNRESOLVED,,,,0,,,
CONFIG_VIDEO_DT3155,TODO,UNRESOLVED,,,,0,,,
CONFIG_VIDEO_DW100,TODO,UNRESOLVED,,,,0,,,
CONFIG_VIDEO_DW9714,TODO,UNRESOLVED,,,,0,,,
CONFIG_VIDEO_DW9719,TODO,UNRESOLVED,,,,0,,,
CONFIG_VIDEO_DW9768,TODO,UNRESOLVED,,,,0,,,
CONFIG_VIDEO_DW9807_VCM,TODO,UNRESOLVED,,,,0,,,
CONFIG_VIDEO_E5010_JPEG_ENC,TODO,UNRESOLVED,,,,0,,,
CONFIG_VIDEO_EM28XX,TODO,UNRESOLVED,,,,0,,,
CONFIG_VIDEO_EM28XX_ALSA,TODO,UNRESOLVED,,,,0,,,
CONFIG_VIDEO_EM28XX_DVB,TODO,UNRESOLVED,,,,0,,,
CONFIG_VIDEO_EM28XX_RC,TODO,UNRESOLVED,,,,0,,,
CONFIG_VIDEO_EM28XX_V4L2,TODO,UNRESOLVED,,,,0,,,
CONFIG_VIDEO_ET8EK8,TODO,UNRESOLVED,,,,0,,,
CONFIG_VIDEO_EXYNOS4_FIMC_IS,TODO,UNRESOLVED,,,,0,,,
CONFIG_VIDEO_EXYNOS4_ISP_DMA_CAPTURE,TODO,UNRESOLVED,,,,0,,,
CONFIG_VIDEO_EXYNOS4_IS_COMMON,TODO,UNRESOLVED,,,,0,,,
CONFIG_VIDEO_EXYNOS_FIMC_LITE,TODO,UNRESOLVED,,,,0,,,
CONFIG_VIDEO_FB_IVTV,TODO,UNRESOLVED,,,,0,,,
CONFIG_VIDEO_FB_IVTV_FORCE_PAT,TODO,UNRESOLVED,,,,0,,,
CONFIG_VIDEO_FIXED_MINOR_RANGES,TODO,UNRESOLVED,,,,0,,,
CONFIG_VIDEO_GC0308,TODO,UNRESOLVED,,,,0,,,
CONFIG_VIDEO_GC0310,TODO,UNRESOLVED,,,,0,,,
CONFIG_VIDEO_GC05A2,TODO,UNRESOLVED,,,,0,,,
CONFIG_VIDEO_GC08A3,TODO,UNRESOLVED,,,,0,,,
CONFIG_VIDEO_GC2145,TODO,UNRESOLVED,,,,0,,,
CONFIG_VIDEO_GO7007,TODO,UNRESOLVED,,,,0,,,
CONFIG_VIDEO_GO7007_LOADER,TODO,UNRESOLVED,,,,0,,,
CONFIG_VIDEO_GO7007_USB,TODO,UNRESOLVED,,,,0,,,
CONFIG_VIDEO_GO7007_USB_S2250_BOARD,TODO,UNRESOLVED,,,,0,,,
CONFIG_VIDEO_GS1662,TODO,UNRESOLVED,,,,0,,,
CONFIG_VIDEO_HANTRO,TODO,UNRESOLVED,,,,0,,,
CONFIG_VIDEO_HANTRO_HEVC_RFC,TODO,UNRESOLVED,,,,0,,,
CONFIG_VIDEO_HANTRO_IMX8M,TODO,UNRESOLVED,,,,0,,,
CONFIG_VIDEO_HANTRO_ROCKCHIP,TODO,UNRESOLVED,,,,0,,,
CONFIG_VIDEO_HANTRO_SAMA5D4,TODO,UNRESOLVED,,,,0,,,
CONFIG_VIDEO_HANTRO_STM32MP25,TODO,UNRESOLVED,,,,0,,,
CONFIG_VIDEO_HANTRO_SUNXI,TODO,UNRESOLVED,,,,0,,,
CONFIG_VIDEO_HDPVR,TODO,UNRESOLVED,,,,0,,,
CONFIG_VIDEO_HEXIUM_GEMINI,TODO,UNRESOLVED,,,,0,,,
CONFIG_VIDEO_HEXIUM_ORION,TODO,UNRESOLVED,,,,0,,,
CONFIG_VIDEO_HI556,TODO,UNRESOLVED,,,,0,,,
CONFIG_VIDEO_HI846,TODO,UNRESOLVED,,,,0,,,
CONFIG_VIDEO_HI847,TODO,UNRESOLVED,,,,0,,,
CONFIG_VIDEO_I2C,TODO,UNRESOLVED,,,,0,,,
CONFIG_VIDEO_IMX208,TODO,UNRESOLVED,,,,0,,,
CONFIG_VIDEO_IMX214,TODO,UNRESOLVED,,,,0,,,
CONFIG_VIDEO_IMX219,TODO,UNRESOLVED,,,,0,,,
CONFIG_VIDEO_IMX258,TODO,UNRESOLVED,,,,0,,,
CONFIG_VIDEO_IMX274,TODO,UNRESOLVED,,,,0,,,
CONFIG_VIDEO_IMX283,TODO,UNRESOLVED,,,,0,,,
CONFIG_VIDEO_IMX290,TODO,UNRESOLVED,,,,0,,,
CONFIG_VIDEO_IMX296,TODO,UNRESOLVED,,,,0,,,
CONFIG_VIDEO_IMX319,TODO,UNRESOLVED,,,,0,,,
CONFIG_VIDEO_IMX334,TODO,UNRESOLVED,,,,0,,,
CONFIG_VIDEO_IMX335,TODO,UNRESOLVED,,,,0,,,
CONFIG_VIDEO_IMX355,TODO,UNRESOLVED,,,,0,,,
CONFIG_VIDEO_IMX412,TODO,UNRESOLVED,,,,0,,,
CONFIG_VIDEO_IMX415,TODO,UNRESOLVED,,,,0,,,
CONFIG_VIDEO_IMX7_CSI,TODO,UNRESOLVED,,,,0,,,
CONFIG_VIDEO_IMX8MQ_MIPI_CSI2,TODO,UNRESOLVED,,,,0,,,
CONFIG_VIDEO_IMX8_ISI,TODO,UNRESOLVED,,,,0,,,
CONFIG_VIDEO_IMX8_ISI_M2M,TODO,UNRESOLVED,,,,0,,,
CONFIG_VIDEO_IMX8_JPEG,TODO,UNRESOLVED,,,,0,,,
CONFIG_VIDEO_IMX_MEDIA,TODO,UNRESOLVED,,,,0,,,
CONFIG_VIDEO_IMX_MIPI_CSIS,TODO,UNRESOLVED,,,,0,,,
CONFIG_VIDEO_IMX_PXP,TODO,UNRESOLVED,,,,0,,,
CONFIG_VIDEO_IMX_VDOA,TODO,UNRESOLVED,,,,0,,,
CONFIG_VIDEO_INTEL_IPU6,TODO,UNRESOLVED,,,,0,,,
CONFIG_VIDEO_INTEL_IPU7,TODO,UNRESOLVED,,,,0,,,
CONFIG_VIDEO_IPU3_CIO2,TODO,UNRESOLVED,,,,0,,,
CONFIG_VIDEO_IPU3_IMGU,TODO,UNRESOLVED,,,,0,,,
CONFIG_VIDEO_IR_I2C,TODO,UNRESOLVED,,,,0,,,
CONFIG_VIDEO_ISL7998X,TODO,UNRESOLVED,,,,0,,,
CONFIG_VIDEO_IVTV,TODO,UNRESOLVED,,,,0,,,
CONFIG_VIDEO_IVTV_ALSA,TODO,UNRESOLVED,,,,0,,,
CONFIG_VIDEO_KS0127,TODO,UNRESOLVED,,,,0,,,
CONFIG_VIDEO_LM3560,TODO,UNRESOLVED,,,,0,,,
CONFIG_VIDEO_LM3646,TODO,UNRESOLVED,,,,0,,,
CONFIG_VIDEO_LT6911UXE,TODO,UNRESOLVED,,,,0,,,
CONFIG_VIDEO_M52790,TODO,UNRESOLVED,,,,0,,,
CONFIG_VIDEO_MAX9271_LIB,TODO,UNRESOLVED,,,,0,,,
CONFIG_VIDEO_MAX9286,TODO,UNRESOLVED,,,,0,,,
CONFIG_VIDEO_MAX96712,TODO,UNRESOLVED,,,,0,,,
CONFIG_VIDEO_MAX96714,TODO,UNRESOLVED,,,,0,,,
CONFIG_VIDEO_MAX96717,TODO,UNRESOLVED,,,,0,,,
CONFIG_VIDEO_MEDIATEK_JPEG,TODO,UNRESOLVED,,,,0,,,
CONFIG_VIDEO_MEDIATEK_MDP,TODO,UNRESOLVED,,,,0,,,
CONFIG_VIDEO_MEDIATEK_MDP3,TODO,UNRESOLVED,,,,0,,,
CONFIG_VIDEO_MEDIATEK_VCODEC,TODO,UNRESOLVED,,,,0,,,
CONFIG_VIDEO_MEDIATEK_VCODEC_SCP,TODO,UNRESOLVED,,,,0,,,
CONFIG_VIDEO_MEDIATEK_VCODEC_VPU,TODO,UNRESOLVED,,,,0,,,
CONFIG_VIDEO_MEDIATEK_VPU,TODO,UNRESOLVED,,,,0,,,
CONFIG_VIDEO_MEM2MEM_DEINTERLACE,TODO,UNRESOLVED,,,,0,,,
CONFIG_VIDEO_MESON_GE2D,TODO,UNRESOLVED,,,,0,,,
CONFIG_VIDEO_MESON_VDEC,TODO,UNRESOLVED,,,,0,,,
CONFIG_VIDEO_MGB4,TODO,UNRESOLVED,,,,0,,,
CONFIG_VIDEO_MICROCHIP_CSI2DC,TODO,UNRESOLVED,,,,0,,,
CONFIG_VIDEO_MICROCHIP_ISC,TODO,UNRESOLVED,,,,0,,,
CONFIG_VIDEO_MICROCHIP_ISC_BASE,TODO,UNRESOLVED,,,,0,,,
CONFIG_VIDEO_MICROCHIP_XISC,TODO,UNRESOLVED,,,,0,,,
CONFIG_VIDEO_ML86V7667,TODO,UNRESOLVED,,,,0,,,
CONFIG_VIDEO_MMP_CAMERA,TODO,UNRESOLVED,,,,0,,,
CONFIG_VIDEO_MSP3400,TODO,UNRESOLVED,,,,0,,,
CONFIG_VIDEO_MT9M001,TODO,UNRESOLVED,,,,0,,,
CONFIG_VIDEO_MT9M111,TODO,UNRESOLVED,,,,0,,,
CONFIG_VIDEO_MT9M114,TODO,UNRESOLVED,,,,0,,,
CONFIG_VIDEO_MT9P031,TODO,UNRESOLVED,,,,0,,,
CONFIG_VIDEO_MT9T112,TODO,UNRESOLVED,,,,0,,,
CONFIG_VIDEO_MT9V011,TODO,UNRESOLVED,,,,0,,,
CONFIG_VIDEO_MT9V032,TODO,UNRESOLVED,,,,0,,,
CONFIG_VIDEO_MT9V111,TODO,UNRESOLVED,,,,0,,,
CONFIG_VIDEO_MUX,TODO,UNRESOLVED,,,,0,,,
CONFIG_VIDEO_MX2_EMMAPRP,TODO,UNRESOLVED,,,,0,,,
CONFIG_VIDEO_MXB,TODO,UNRESOLVED,,,,0,,,
CONFIG_VIDEO_NPCM_VCD_ECE,TODO,UNRESOLVED,,,,0,,,
CONFIG_VIDEO_OG01A1B,TODO,UNRESOLVED,,,,0,,,
CONFIG_VIDEO_OG0VE1B,TODO,UNRESOLVED,,,,0,,,
CONFIG_VIDEO_OMAP2_VOUT,TODO,UNRESOLVED,,,,0,,,
CONFIG_VIDEO_OMAP2_VOUT_VRFB,TODO,UNRESOLVED,,,,0,,,
CONFIG_VIDEO_OMAP3,TODO,UNRESOLVED,,,,0,,,
CONFIG_VIDEO_OMAP3_DEBUG,TODO,UNRESOLVED,,,,0,,,
CONFIG_VIDEO_OV01A10,TODO,UNRESOLVED,,,,0,,,
CONFIG_VIDEO_OV02A10,TODO,UNRESOLVED,,,,0,,,
CONFIG_VIDEO_OV02C10,TODO,UNRESOLVED,,,,0,,,
CONFIG_VIDEO_OV02E10,TODO,UNRESOLVED,,,,0,,,
CONFIG_VIDEO_OV08D10,TODO,UNRESOLVED,,,,0,,,
CONFIG_VIDEO_OV08X40,TODO,UNRESOLVED,,,,0,,,
CONFIG_VIDEO_OV13858,TODO,UNRESOLVED,,,,0,,,
CONFIG_VIDEO_OV13B10,TODO,UNRESOLVED,,,,0,,,
CONFIG_VIDEO_OV2640,TODO,UNRESOLVED,,,,0,,,
CONFIG_VIDEO_OV2659,TODO,UNRESOLVED,,,,0,,,
CONFIG_VIDEO_OV2680,TODO,UNRESOLVED,,,,0,,,
CONFIG_VIDEO_OV2685,TODO,UNRESOLVED,,,,0,,,
CONFIG_VIDEO_OV2735,TODO,UNRESOLVED,,,,0,,,
CONFIG_VIDEO_OV2740,TODO,UNRESOLVED,,,,0,,,
CONFIG_VIDEO_OV4689,TODO,UNRESOLVED,,,,0,,,
CONFIG_VIDEO_OV5640,TODO,UNRESOLVED,,,,0,,,
CONFIG_VIDEO_OV5645,TODO,UNRESOLVED,,,,0,,,
CONFIG_VIDEO_OV5647,TODO,UNRESOLVED,,,,0,,,
CONFIG_VIDEO_OV5648,TODO,UNRESOLVED,,,,0,,,
CONFIG_VIDEO_OV5670,TODO,UNRESOLVED,,,,0,,,
CONFIG_VIDEO_OV5675,TODO,UNRESOLVED,,,,0,,,
CONFIG_VIDEO_OV5693,TODO,UNRESOLVED,,,,0,,,
CONFIG_VIDEO_OV5695,TODO,UNRESOLVED,,,,0,,,
CONFIG_VIDEO_OV6211,TODO,UNRESOLVED,,,,0,,,
CONFIG_VIDEO_OV64A40,TODO,UNRESOLVED,,,,0,,,
CONFIG_VIDEO_OV7251,TODO,UNRESOLVED,,,,0,,,
CONFIG_VIDEO_OV7640,TODO,UNRESOLVED,,,,0,,,
CONFIG_VIDEO_OV7670,TODO,UNRESOLVED,,,,0,,,
CONFIG_VIDEO_OV772X,TODO,UNRESOLVED,,,,0,,,
CONFIG_VIDEO_OV7740,TODO,UNRESOLVED,,,,0,,,
CONFIG_VIDEO_OV8856,TODO,UNRESOLVED,,,,0,,,
CONFIG_VIDEO_OV8858,TODO,UNRESOLVED,,,,0,,,
CONFIG_VIDEO_OV8865,TODO,UNRESOLVED,,,,0,,,
CONFIG_VIDEO_OV9282,TODO,UNRESOLVED,,,,0,,,
CONFIG_VIDEO_OV9640,TODO,UNRESOLVED,,,,0,,,
CONFIG_VIDEO_OV9650,TODO,UNRESOLVED,,,,0,,,
CONFIG_VIDEO_OV9734,TODO,UNRESOLVED,,,,0,,,
CONFIG_VIDEO_PCI_SKELETON,TODO,UNRESOLVED,,,,0,,,
CONFIG_VIDEO_PVRUSB2,TODO,UNRESOLVED,,,,0,,,
CONFIG_VIDEO_PVRUSB2_DEBUGIFC,TODO,UNRESOLVED,,,,0,,,
CONFIG_VIDEO_PVRUSB2_DVB,TODO,UNRESOLVED,,,,0,,,
CONFIG_VIDEO_PVRUSB2_SYSFS,TODO,UNRESOLVED,,,,0,,,
CONFIG_VIDEO_PXA27x,TODO,UNRESOLVED,,,,0,,,
CONFIG_VIDEO_QCOM_CAMSS,TODO,UNRESOLVED,,,,0,,,
CONFIG_VIDEO_QCOM_IRIS,TODO,UNRESOLVED,,,,0,,,
CONFIG_VIDEO_QCOM_VENUS,TODO,UNRESOLVED,,,,0,,,
CONFIG_VIDEO_RASPBERRYPI_PISP_BE,TODO,UNRESOLVED,,,,0,,,
CONFIG_VIDEO_RCAR_CSI2,TODO,UNRESOLVED,,,,0,,,
CONFIG_VIDEO_RCAR_DRIF,TODO,UNRESOLVED,,,,0,,,
CONFIG_VIDEO_RCAR_ISP,TODO,UNRESOLVED,,,,0,,,
CONFIG_VIDEO_RCAR_VIN,TODO,UNRESOLVED,,,,0,,,
CONFIG_VIDEO_RDACM20,TODO,UNRESOLVED,,,,0,,,
CONFIG_VIDEO_RDACM21,TODO,UNRESOLVED,,,,0,,,
CONFIG_VIDEO_RENESAS_CEU,TODO,UNRESOLVED,,,,0,,,
CONFIG_VIDEO_RENESAS_FCP,TODO,UNRESOLVED,,,,0,,,
CONFIG_VIDEO_RENESAS_FDP1,TODO,UNRESOLVED,,,,0,,,
CONFIG_VIDEO_RENESAS_JPU,TODO,UNRESOLVED,,,,0,,,
CONFIG_VIDEO_RENESAS_VSP1,TODO,UNRESOLVED,,,,0,,,
CONFIG_VIDEO_RJ54N1,TODO,UNRESOLVED,,,,0,,,
CONFIG_VIDEO_ROCKCHIP_ISP1,TODO,UNRESOLVED,,,,0,,,
CONFIG_VIDEO_ROCKCHIP_RGA,TODO,UNRESOLVED,,,,0,,,
CONFIG_VIDEO_ROCKCHIP_VDEC,TODO,UNRESOLVED,,,,0,,,
CONFIG_VIDEO_RP1_CFE,TODO,UNRESOLVED,,,,0,,,
CONFIG_VIDEO_RZG2L_CRU,TODO,UNRESOLVED,,,,0,,,
CONFIG_VIDEO_RZG2L_CSI2,TODO,UNRESOLVED,,,,0,,,
CONFIG_VIDEO_S3C_CAMIF,TODO,UNRESOLVED,,,,0,,,
CONFIG_VIDEO_S5C73M3,TODO,UNRESOLVED,,,,0,,,
CONFIG_VIDEO_S5K5BAF,TODO,UNRESOLVED,,,,0,,,
CONFIG_VIDEO_S5K6A3,TODO,UNRESOLVED,,,,0,,,
CONFIG_VIDEO_S5P_FIMC,TODO,UNRESOLVED,,,,0,,,
CONFIG_VIDEO_S5P_MIPI_CSIS,TODO,UNRESOLVED,,,,0,,,
CONFIG_VIDEO_SAA6588,TODO,UNRESOLVED,,,,0,,,
CONFIG_VIDEO_SAA6752HS,TODO,UNRESOLVED,,,,0,,,
CONFIG_VIDEO_SAA7110,TODO,UNRESOLVED,,,,0,,,
CONFIG_VIDEO_SAA711X,TODO,UNRESOLVED,,,,0,,,
CONFIG_VIDEO_SAA7127,TODO,UNRESOLVED,,,,0,,,
CONFIG_VIDEO_SAA7134,TODO,UNRESOLVED,,,,0,,,
CONFIG_VIDEO_SAA7134_ALSA,TODO,UNRESOLVED,,,,0,,,
CONFIG_VIDEO_SAA7134_DVB,TODO,UNRESOLVED,,,,0,,,
CONFIG_VIDEO_SAA7134_GO7007,TODO,UNRESOLVED,,,,0,,,
CONFIG_VIDEO_SAA7134_RC,TODO,UNRESOLVED,,,,0,,,
CONFIG_VIDEO_SAA7146,TODO,UNRESOLVED,,,,0,,,
CONFIG_VIDEO_SAA7146_VV,TODO,UNRESOLVED,,,,0,,,
CONFIG_VIDEO_SAA7164,TODO,UNRESOLVED,,,,0,,,
CONFIG_VIDEO_SAA717X,TODO,UNRESOLVED,,,,0,,,
CONFIG_VIDEO_SAA7185,TODO,UNRESOLVED,,,,0,,,
CONFIG_VIDEO_SAMSUNG_EXYNOS4_IS,TODO,UNRESOLVED,,,,0,,,
CONFIG_VIDEO_SAMSUNG_EXYNOS_GSC,TODO,UNRESOLVED,,,,0,,,
CONFIG_VIDEO_SAMSUNG_S5P_G2D,TODO,UNRESOLVED,,,,0,,,
CONFIG_VIDEO_SAMSUNG_S5P_JPEG,TODO,UNRESOLVED,,,,0,,,
CONFIG_VIDEO_SAMSUNG_S5P_MFC,TODO,UNRESOLVED,,,,0,,,
CONFIG_VIDEO_SH_VOU,TODO,UNRESOLVED,,,,0,,,
CONFIG_VIDEO_SOLO6X10,TODO,UNRESOLVED,,,,0,,,
CONFIG_VIDEO_SONY_BTF_MPX,TODO,UNRESOLVED,,,,0,,,
CONFIG_VIDEO_STARFIVE_CAMSS,TODO,UNRESOLVED,,,,0,,,
CONFIG_VIDEO_STI_BDISP,TODO,UNRESOLVED,,,,0,,,
CONFIG_VIDEO_STI_DELTA,TODO,UNRESOLVED,,,,0,,,
CONFIG_VIDEO_STI_DELTA_DRIVER,TODO,UNRESOLVED,,,,0,,,
CONFIG_VIDEO_STI_DELTA_MJPEG,TODO,UNRESOLVED,,,,0,,,
CONFIG_VIDEO_STI_HVA,TODO,UNRESOLVED,,,,0,,,
CONFIG_VIDEO_STI_HVA_DEBUGFS,TODO,UNRESOLVED,,,,0,,,
CONFIG_VIDEO_STK1160,TODO,UNRESOLVED,,,,0,,,
CONFIG_VIDEO_STM32_CSI,TODO,UNRESOLVED,,,,0,,,
CONFIG_VIDEO_STM32_DCMI,TODO,UNRESOLVED,,,,0,,,
CONFIG_VIDEO_STM32_DCMIPP,TODO,UNRESOLVED,,,,0,,,
CONFIG_VIDEO_STM32_DMA2D,TODO,UNRESOLVED,,,,0,,,
CONFIG_VIDEO_ST_MIPID02,TODO,UNRESOLVED,,,,0,,,
CONFIG_VIDEO_SUN4I_CSI,TODO,UNRESOLVED,,,,0,,,
CONFIG_VIDEO_SUN6I_CSI,TODO,UNRESOLVED,,,,0,,,
CONFIG_VIDEO_SUN6I_ISP,TODO,UNRESOLVED,,,,0,,,
CONFIG_VIDEO_SUN6I_MIPI_CSI2,TODO,UNRESOLVED,,,,0,,,
CONFIG_VIDEO_SUN8I_A83T_MIPI_CSI2,TODO,UNRESOLVED,,,,0,,,
CONFIG_VIDEO_SUN8I_DEINTERLACE,TODO,UNRESOLVED,,,,0,,,
CONFIG_VIDEO_SUN8I_ROTATE,TODO,UNRESOLVED,,,,0,,,
CONFIG_VIDEO_SUNXI,TODO,UNRESOLVED,,,,0,,,
CONFIG_VIDEO_SUNXI_CEDRUS,TODO,UNRESOLVED,,,,0,,,
CONFIG_VIDEO_SYNOPSYS_HDMIRX,TODO,UNRESOLVED,,,,0,,,
CONFIG_VIDEO_SYNOPSYS_HDMIRX_LOAD_DEFAULT_EDID,TODO,UNRESOLVED,,,,0,,,
CONFIG_VIDEO_TC358743,TODO,UNRESOLVED,,,,0,,,
CONFIG_VIDEO_TC358743_CEC,TODO,UNRESOLVED,,,,0,,,
CONFIG_VIDEO_TC358746,TODO,UNRESOLVED,,,,0,,,
CONFIG_VIDEO_TDA1997X,TODO,UNRESOLVED,,,,0,,,
CONFIG_VIDEO_TDA7432,TODO,UNRESOLVED,,,,0,,,
CONFIG_VIDEO_TDA9840,TODO,UNRESOLVED,,,,0,,,
CONFIG_VIDEO_TEA6415C,TODO,UNRESOLVED,,,,0,,,
CONFIG_VIDEO_TEA6420,TODO,UNRESOLVED,,,,0,,,
CONFIG_VIDEO_TEGRA,TODO,UNRESOLVED,,,,0,,,
CONFIG_VIDEO_TEGRA_TPG,TODO,UNRESOLVED,,,,0,,,
CONFIG_VIDEO_TEGRA_VDE,TODO,UNRESOLVED,,,,0,,,
CONFIG_VIDEO_THP7312,TODO,UNRESOLVED,,,,0,,,
CONFIG_VIDEO_THS7303,TODO,UNRESOLVED,,,,0,,,
CONFIG_VIDEO_THS8200,TODO,UNRESOLVED,,,,0,,,
CONFIG_VIDEO_TI_CAL,TODO,UNRESOLVED,,,,0,,,
CONFIG_VIDEO_TI_CAL_MC,TODO,UNRESOLVED,,,,0,,,
CONFIG_VIDEO_TI_CSC,TODO,UNRESOLVED,,,,0,,,
CONFIG_VIDEO_TI_J721E_CSI2RX,TODO,UNRESOLVED,,,,0,,,
CONFIG_VIDEO_TI_SC,TODO,UNRESOLVED,,,,0,,,
CONFIG_VIDEO_TI_VPDMA,TODO,UNRESOLVED,,,,0,,,
CONFIG_VIDEO_TI_VPE,TODO,UNRESOLVED,,,,0,,,
CONFIG_VIDEO_TI_VPE_DEBUG,TODO,UNRESOLVED,,,,0,,,
CONFIG_VIDEO_TLV320AIC23B,TODO,UNRESOLVED,,,,0,,,
CONFIG_VIDEO_TUNER,TODO,UNRESOLVED,,,,0,,,
CONFIG_VIDEO_TVAUDIO,TODO,UNRESOLVED,,,,0,,,
CONFIG_VIDEO_TVEEPROM,TODO,UNRESOLVED,,,,0,,,
CONFIG_VIDEO_TVP514X,TODO,UNRESOLVED,,,,0,,,
CONFIG_VIDEO_TVP5150,TODO,UNRESOLVED,,,,0,,,
CONFIG_VIDEO_TVP7002,TODO,UNRESOLVED,,,,0,,,
CONFIG_VIDEO_TW2804,TODO,UNRESOLVED,,,,0,,,
CONFIG_VIDEO_TW5864,TODO,UNRESOLVED,,,,0,,,
CONFIG_VIDEO_TW68,TODO,UNRESOLVED,,,,0,,,
CONFIG_VIDEO_TW686X,TODO,UNRESOLVED,,,,0,,,
CONFIG_VIDEO_TW9900,TODO,UNRESOLVED,,,,0,,,
CONFIG_VIDEO_TW9903,TODO,UNRESOLVED,,,,0,,,
CONFIG_VIDEO_TW9906,TODO,UNRESOLVED,,,,0,,,
CONFIG_VIDEO_TW9910,TODO,UNRESOLVED,,,,0,,,
CONFIG_VIDEO_UDA1342,TODO,UNRESOLVED,,,,0,,,
CONFIG_VIDEO_UPD64031A,TODO,UNRESOLVED,,,,0,,,
CONFIG_VIDEO_UPD64083,TODO,UNRESOLVED,,,,0,,,
CONFIG_VIDEO_USBTV,TODO,UNRESOLVED,,,,0,,,
CONFIG_VIDEO_V4L2_I2C,TODO,UNRESOLVED,,,,0,,,
CONFIG_VIDEO_V4L2_SUBDEV_API,TODO,UNRESOLVED,,,,0,,,
CONFIG_VIDEO_V4L2_TPG,TODO,UNRESOLVED,,,,0,,,
CONFIG_VIDEO_VD55G1,TODO,UNRESOLVED,,,,0,,,
CONFIG_VIDEO_VD56G3,TODO,UNRESOLVED,,,,0,,,
CONFIG_VIDEO_VGXY61,TODO,UNRESOLVED,,,,0,,,
CONFIG_VIDEO_VIA_CAMERA,TODO,UNRESOLVED,,,,0,,,
CONFIG_VIDEO_VICODEC,TODO,UNRESOLVED,,,,0,,,
CONFIG_VIDEO_VIM2M,TODO,UNRESOLVED,,,,0,,,
CONFIG_VIDEO_VIMC,TODO,UNRESOLVED,,,,0,,,
CONFIG_VIDEO_VISL,TODO,UNRESOLVED,,,,0,,,
CONFIG_VIDEO_VIVID,TODO,UNRESOLVED,,,,0,,,
CONFIG_VIDEO_VIVID_CEC,TODO,UNRESOLVED,,,,0,,,
CONFIG_VIDEO_VIVID_MAX_DEVS,TODO,UNRESOLVED,,,,0,,,
CONFIG_VIDEO_VIVID_OSD,TODO,UNRESOLVED,,,,0,,,
CONFIG_VIDEO_VP27SMPX,TODO,UNRESOLVED,,,,0,,,
CONFIG_VIDEO_VPX3220,TODO,UNRESOLVED,,,,0,,,
CONFIG_VIDEO_WAVE_VPU,TODO,UNRESOLVED,,,,0,,,
CONFIG_VIDEO_WM8739,TODO,UNRESOLVED,,,,0,,,
CONFIG_VIDEO_WM8775,TODO,UNRESOLVED,,,,0,,,
CONFIG_VIDEO_XILINX,TODO,UNRESOLVED,,,,0,,,
CONFIG_VIDEO_XILINX_CSI2RXSS,TODO,UNRESOLVED,,,,0,,,
CONFIG_VIDEO_XILINX_TPG,TODO,UNRESOLVED,,,,0,,,
CONFIG_VIDEO_XILINX_VTC,TODO,UNRESOLVED,,,,0,,,
CONFIG_VIDEO_ZORAN,TODO,UNRESOLVED,,,,0,,,
CONFIG_VIDEO_ZORAN_AVS6EYES,TODO,UNRESOLVED,,,,0,,,
CONFIG_VIDEO_ZORAN_BUZ,TODO,UNRESOLVED,,,,0,,,
CONFIG_VIDEO_ZORAN_DC10,TODO,UNRESOLVED,,,,0,,,
CONFIG_VIDEO_ZORAN_DC30,TODO,UNRESOLVED,,,,0,,,
CONFIG_VIDEO_ZORAN_LML33,TODO,UNRESOLVED,,,,0,,,
CONFIG_VIDEO_ZORAN_LML33R10,TODO,UNRESOLVED,,,,0,,,
CONFIG_VIDEO_ZORAN_ZR36060,TODO,UNRESOLVED,,,,0,,,
CONFIG_VIPERBOARD_ADC,TODO,UNRESOLVED,,,,0,,,
CONFIG_VIRTIO,TODO,UNRESOLVED,,,,0,,,
CONFIG_VIRTIO_ANCHOR,TODO,UNRESOLVED,,,,0,,,
CONFIG_VIRTIO_BALLOON,TODO,UNRESOLVED,,,,0,,,
CONFIG_VIRTIO_BLK,TODO,UNRESOLVED,,,,0,,,
CONFIG_VIRTIO_CONSOLE,REVIEWED,UNRESOLVED,DOCUMENTED_PLATFORM,WSL_CONTROL,wsl-console,1,K-HVCORE-DIAG-001 reached /init but had no /dev/console or /dev/hvc1. VIRTIO_CONSOLE selects HVC_DRIVER and is enabled in Stage 1; console absence was observable but not the fatal host-channel blocker.,https://wsl.dev/debugging/,
CONFIG_VIRTIO_DEBUG,TODO,UNRESOLVED,,,,0,,,
CONFIG_VIRTIO_DMA_SHARED_BUFFER,TODO,UNRESOLVED,,,,0,,,
CONFIG_VIRTIO_FS,TODO,UNRESOLVED,,,,0,,,
CONFIG_VIRTIO_HARDEN_NOTIFICATION,TODO,UNRESOLVED,,,,0,,,
CONFIG_VIRTIO_INPUT,TODO,UNRESOLVED,,,,0,,,
CONFIG_VIRTIO_IOMMU,TODO,UNRESOLVED,,,,0,,,
CONFIG_VIRTIO_MEM,TODO,UNRESOLVED,,,,0,,,
CONFIG_VIRTIO_MENU,TODO,UNRESOLVED,,,,0,,,
CONFIG_VIRTIO_MMIO,TODO,UNRESOLVED,,,,0,,,
CONFIG_VIRTIO_MMIO_CMDLINE_DEVICES,TODO,UNRESOLVED,,,,0,,,
CONFIG_VIRTIO_NET,TODO,UNRESOLVED,,,,0,,,
CONFIG_VIRTIO_PCI,TODO,UNRESOLVED,,,,0,,,
CONFIG_VIRTIO_PCI_ADMIN_LEGACY,TODO,UNRESOLVED,,,,0,,,
CONFIG_VIRTIO_PCI_LEGACY,TODO,UNRESOLVED,,,,0,,,
CONFIG_VIRTIO_PCI_LIB,TODO,UNRESOLVED,,,,0,,,
CONFIG_VIRTIO_PCI_LIB_LEGACY,TODO,UNRESOLVED,,,,0,,,
CONFIG_VIRTIO_PMEM,TODO,UNRESOLVED,,,,0,,,
CONFIG_VIRTIO_RTC,TODO,UNRESOLVED,,,,0,,,
CONFIG_VIRTIO_RTC_ARM,TODO,UNRESOLVED,,,,0,,,
CONFIG_VIRTIO_RTC_CLASS,TODO,UNRESOLVED,,,,0,,,
CONFIG_VIRTIO_RTC_PTP,TODO,UNRESOLVED,,,,0,,,
CONFIG_VIRTIO_VDPA,TODO,UNRESOLVED,,,,0,,,
CONFIG_VIRTIO_VFIO_PCI,TODO,UNRESOLVED,,,,0,,,
CONFIG_VIRTIO_VFIO_PCI_ADMIN_LEGACY,TODO,UNRESOLVED,,,,0,,,
CONFIG_VIRTIO_VSOCKETS,TODO,UNRESOLVED,,,,0,,,
CONFIG_VIRTIO_VSOCKETS_COMMON,TODO,UNRESOLVED,,,,0,,,
CONFIG_VIRTUALIZATION,TODO,UNRESOLVED,,,,0,,,
CONFIG_VIRT_CPU_ACCOUNTING,TODO,UNRESOLVED,,,,0,,,
CONFIG_VIRT_CPU_ACCOUNTING_GEN,TODO,UNRESOLVED,,,,0,,,
CONFIG_VIRT_CPU_ACCOUNTING_NATIVE,TODO,UNRESOLVED,,,,0,,,
CONFIG_VIRT_DRIVERS,TODO,UNRESOLVED,,,,0,,,
CONFIG_VIRT_WIFI,TODO,UNRESOLVED,,,,0,,,
CONFIG_VIRT_XFER_TO_GUEST_WORK,TODO,UNRESOLVED,,,,0,,,
CONFIG_VISCONTI_WATCHDOG,TODO,UNRESOLVED,,,,0,,,
CONFIG_VISL_DEBUGFS,TODO,UNRESOLVED,,,,0,,,
CONFIG_VITESSE_PHY,TODO,UNRESOLVED,,,,0,,,
CONFIG_VL53L0X_I2C,TODO,UNRESOLVED,,,,0,,,
CONFIG_VL6180,TODO,UNRESOLVED,,,,0,,,
CONFIG_VLAN_8021Q,TODO,UNRESOLVED,,,,0,,,
CONFIG_VLAN_8021Q_GVRP,TODO,UNRESOLVED,,,,0,,,
CONFIG_VLAN_8021Q_MVRP,TODO,UNRESOLVED,,,,0,,,
CONFIG_VM86,TODO,UNRESOLVED,,,,0,,,
CONFIG_VMAP_PFN,TODO,UNRESOLVED,,,,0,,,
CONFIG_VMAP_STACK,TODO,UNRESOLVED,,,,0,,,
CONFIG_VMCORE_INFO,TODO,UNRESOLVED,,,,0,,,
CONFIG_VMCP,TODO,UNRESOLVED,,,,0,,,
CONFIG_VMCP_CMA_SIZE,TODO,UNRESOLVED,,,,0,,,
CONFIG_VMD,TODO,UNRESOLVED,,,,0,,,
CONFIG_VME_BUS,TODO,UNRESOLVED,,,,0,,,
CONFIG_VME_FAKE,TODO,UNRESOLVED,,,,0,,,
CONFIG_VME_TSI148,TODO,UNRESOLVED,,,,0,,,
CONFIG_VME_USER,TODO,UNRESOLVED,,,,0,,,
CONFIG_VMGENID,TODO,UNRESOLVED,,,,0,,,
CONFIG_VMLINUX_MAP,TODO,UNRESOLVED,,,,0,,,
CONFIG_VMLOGRDR,TODO,UNRESOLVED,,,,0,,,
CONFIG_VMSPLIT_1G,TODO,UNRESOLVED,,,,0,,,
CONFIG_VMSPLIT_2G,TODO,UNRESOLVED,,,,0,,,
CONFIG_VMSPLIT_2G_OPT,TODO,UNRESOLVED,,,,0,,,
CONFIG_VMSPLIT_3G,TODO,UNRESOLVED,,,,0,,,
CONFIG_VMSPLIT_3G_OPT,TODO,UNRESOLVED,,,,0,,,
CONFIG_VMWARE_BALLOON,TODO,UNRESOLVED,,,,0,,,
CONFIG_VMWARE_PVSCSI,REVIEWED,DEFERRED,DOCUMENTED_SCENARIO,OPTIONAL,held-storage-default,1,Exposed when SCSI_LOWLEVEL enabled for K-STORAGE-001; remained disabled and is unrelated to the evidence-selected Hyper-V storage path.,https://github.com/microsoft/WSL2-Linux-Kernel/tree/14794180686c2fb6307fbe359c359bec765249f3/drivers/scsi,
CONFIG_VMWARE_VMCI,TODO,UNRESOLVED,,,,0,,,
CONFIG_VMWARE_VMCI_VSOCKETS,TODO,UNRESOLVED,,,,0,,,
CONFIG_VMXNET3,TODO,UNRESOLVED,,,,0,,,
CONFIG_VM_EVENT_COUNTERS,TODO,UNRESOLVED,,,,0,,,
CONFIG_VORTEX,TODO,UNRESOLVED,,,,0,,,
CONFIG_VP_VDPA,TODO,UNRESOLVED,,,,0,,,
CONFIG_VSOCKETS,REVIEWED,UNRESOLVED,DOCUMENTED_PLATFORM,WSL_CONTROL,host-channel,1,K-HVCORE-DIAG-001 ran stock mini_init but UtilConnectVsock failed with errno 97 EAFNOSUPPORT while CONFIG_VSOCKETS was disabled. Strong direct blocker evidence; controlled restoration trial still required before PROVEN_WSL_REQUIRED.,https://wsl.dev/technical-documentation/mini_init/,
CONFIG_VSOCKETS_DIAG,REVIEWED,DEFERRED,DOCUMENTED_SCENARIO,OPTIONAL,held-parent-default,1,Held at K-HVCORE-001 value n to prevent unrelated defaults from widening K-HOSTCHAN-001.,https://github.com/microsoft/WSL2-Linux-Kernel/tree/14794180686c2fb6307fbe359c359bec765249f3,
CONFIG_VSOCKETS_LOOPBACK,REVIEWED,DEFERRED,DOCUMENTED_SCENARIO,OPTIONAL,held-parent-default,1,Held at K-HVCORE-001 value n to prevent unrelated defaults from widening K-HOSTCHAN-001.,https://github.com/microsoft/WSL2-Linux-Kernel/tree/14794180686c2fb6307fbe359c359bec765249f3,
CONFIG_VSOCKMON,TODO,UNRESOLVED,,,,0,,,
CONFIG_VT,TODO,UNRESOLVED,,,,0,,,
CONFIG_VT8500_TIMER,TODO,UNRESOLVED,,,,0,,,
CONFIG_VT_CONSOLE,TODO,UNRESOLVED,,,,0,,,
CONFIG_VT_CONSOLE_SLEEP,TODO,UNRESOLVED,,,,0,,,
CONFIG_VT_HW_CONSOLE_BINDING,TODO,UNRESOLVED,,,,0,,,
CONFIG_VXFS_FS,TODO,UNRESOLVED,,,,0,,,
CONFIG_VXLAN,TODO,UNRESOLVED,,,,0,,,
CONFIG_VZ89X,TODO,UNRESOLVED,,,,0,,,
CONFIG_W1,TODO,UNRESOLVED,,,,0,,,
CONFIG_W1_CON,TODO,UNRESOLVED,,,,0,,,
CONFIG_W1_MASTER_AMD_AXI,TODO,UNRESOLVED,,,,0,,,
CONFIG_W1_MASTER_DS2482,TODO,UNRESOLVED,,,,0,,,
CONFIG_W1_MASTER_DS2490,TODO,UNRESOLVED,,,,0,,,
CONFIG_W1_MASTER_GPIO,TODO,UNRESOLVED,,,,0,,,
CONFIG_W1_MASTER_MATROX,TODO,UNRESOLVED,,,,0,,,
CONFIG_W1_MASTER_MXC,TODO,UNRESOLVED,,,,0,,,
CONFIG_W1_MASTER_SGI,TODO,UNRESOLVED,,,,0,,,
CONFIG_W1_MASTER_UART,TODO,UNRESOLVED,,,,0,,,
CONFIG_W1_SLAVE_DS2405,TODO,UNRESOLVED,,,,0,,,
CONFIG_W1_SLAVE_DS2406,TODO,UNRESOLVED,,,,0,,,
CONFIG_W1_SLAVE_DS2408,TODO,UNRESOLVED,,,,0,,,
CONFIG_W1_SLAVE_DS2408_READBACK,TODO,UNRESOLVED,,,,0,,,
CONFIG_W1_SLAVE_DS2413,TODO,UNRESOLVED,,,,0,,,
CONFIG_W1_SLAVE_DS2423,TODO,UNRESOLVED,,,,0,,,
CONFIG_W1_SLAVE_DS2430,TODO,UNRESOLVED,,,,0,,,
CONFIG_W1_SLAVE_DS2431,TODO,UNRESOLVED,,,,0,,,
CONFIG_W1_SLAVE_DS2433,TODO,UNRESOLVED,,,,0,,,
CONFIG_W1_SLAVE_DS2433_CRC,TODO,UNRESOLVED,,,,0,,,
CONFIG_W1_SLAVE_DS2438,TODO,UNRESOLVED,,,,0,,,
CONFIG_W1_SLAVE_DS250X,TODO,UNRESOLVED,,,,0,,,
CONFIG_W1_SLAVE_DS2780,TODO,UNRESOLVED,,,,0,,,
CONFIG_W1_SLAVE_DS2781,TODO,UNRESOLVED,,,,0,,,
CONFIG_W1_SLAVE_DS2805,TODO,UNRESOLVED,,,,0,,,
CONFIG_W1_SLAVE_DS28E04,TODO,UNRESOLVED,,,,0,,,
CONFIG_W1_SLAVE_DS28E17,TODO,UNRESOLVED,,,,0,,,
CONFIG_W1_SLAVE_SMEM,TODO,UNRESOLVED,,,,0,,,
CONFIG_W1_SLAVE_THERM,TODO,UNRESOLVED,,,,0,,,
CONFIG_W83627HF_WDT,TODO,UNRESOLVED,,,,0,,,
CONFIG_W83877F_WDT,TODO,UNRESOLVED,,,,0,,,
CONFIG_W83977F_WDT,TODO,UNRESOLVED,,,,0,,,
CONFIG_WAFER_WDT,TODO,UNRESOLVED,,,,0,,,
CONFIG_WAN,TODO,UNRESOLVED,,,,0,,,
CONFIG_WANT_COMPAT_NETLINK_MESSAGES,TODO,UNRESOLVED,,,,0,,,
CONFIG_WANT_DEV_COREDUMP,TODO,UNRESOLVED,,,,0,,,
CONFIG_WANXL,TODO,UNRESOLVED,,,,0,,,
CONFIG_WANXL_BUILD_FIRMWARE,TODO,UNRESOLVED,,,,0,,,
CONFIG_WARN_ABI_ERRORS,TODO,UNRESOLVED,,,,0,,,
CONFIG_WARN_MISSING_DOCUMENTS,TODO,UNRESOLVED,,,,0,,,
CONFIG_WATCHDOG,TODO,UNRESOLVED,,,,0,,,
CONFIG_WATCHDOG_CORE,TODO,UNRESOLVED,,,,0,,,
CONFIG_WATCHDOG_CP1XXX,TODO,UNRESOLVED,,,,0,,,
CONFIG_WATCHDOG_HANDLE_BOOT_ENABLED,TODO,UNRESOLVED,,,,0,,,
CONFIG_WATCHDOG_HRTIMER_PRETIMEOUT,TODO,UNRESOLVED,,,,0,,,
CONFIG_WATCHDOG_NOWAYOUT,TODO,UNRESOLVED,,,,0,,,
CONFIG_WATCHDOG_OPEN_TIMEOUT,TODO,UNRESOLVED,,,,0,,,
CONFIG_WATCHDOG_PRETIMEOUT_DEFAULT_GOV_NOOP,TODO,UNRESOLVED,,,,0,,,
CONFIG_WATCHDOG_PRETIMEOUT_DEFAULT_GOV_PANIC,TODO,UNRESOLVED,,,,0,,,
CONFIG_WATCHDOG_PRETIMEOUT_GOV,TODO,UNRESOLVED,,,,0,,,
CONFIG_WATCHDOG_PRETIMEOUT_GOV_NOOP,TODO,UNRESOLVED,,,,0,,,
CONFIG_WATCHDOG_PRETIMEOUT_GOV_PANIC,TODO,UNRESOLVED,,,,0,,,
CONFIG_WATCHDOG_PRETIMEOUT_GOV_SEL,TODO,UNRESOLVED,,,,0,,,
CONFIG_WATCHDOG_RIO,TODO,UNRESOLVED,,,,0,,,
CONFIG_WATCHDOG_RTAS,TODO,UNRESOLVED,,,,0,,,
CONFIG_WATCHDOG_SUN4V,TODO,UNRESOLVED,,,,0,,,
CONFIG_WATCHDOG_SYSFS,TODO,UNRESOLVED,,,,0,,,
CONFIG_WATCH_QUEUE,TODO,UNRESOLVED,,,,0,,,
CONFIG_WCN36XX,TODO,UNRESOLVED,,,,0,,,
CONFIG_WCN36XX_DEBUGFS,TODO,UNRESOLVED,,,,0,,,
CONFIG_WD80x3,TODO,UNRESOLVED,,,,0,,,
CONFIG_WDAT_WDT,TODO,UNRESOLVED,,,,0,,,
CONFIG_WDT,TODO,UNRESOLVED,,,,0,,,
CONFIG_WDTPCI,TODO,UNRESOLVED,,,,0,,,
CONFIG_WDT_MTX1,TODO,UNRESOLVED,,,,0,,,
CONFIG_WERROR,TODO,UNRESOLVED,,,,0,,,
CONFIG_WEXT_CORE,TODO,UNRESOLVED,,,,0,,,
CONFIG_WEXT_PRIV,TODO,UNRESOLVED,,,,0,,,
CONFIG_WEXT_PROC,TODO,UNRESOLVED,,,,0,,,
CONFIG_WFX,TODO,UNRESOLVED,,,,0,,,
CONFIG_WIL6210,TODO,UNRESOLVED,,,,0,,,
CONFIG_WIL6210_DEBUGFS,TODO,UNRESOLVED,,,,0,,,
CONFIG_WIL6210_ISR_COR,TODO,UNRESOLVED,,,,0,,,
CONFIG_WIL6210_TRACING,TODO,UNRESOLVED,,,,0,,,
CONFIG_WILC1000,TODO,UNRESOLVED,,,,0,,,
CONFIG_WILC1000_HW_OOB_INTR,TODO,UNRESOLVED,,,,0,,,
CONFIG_WILC1000_SDIO,TODO,UNRESOLVED,,,,0,,,
CONFIG_WILC1000_SPI,TODO,UNRESOLVED,,,,0,,,
CONFIG_WILCO_EC,TODO,UNRESOLVED,,,,0,,,
CONFIG_WILCO_EC_DEBUGFS,TODO,UNRESOLVED,,,,0,,,
CONFIG_WILCO_EC_EVENTS,TODO,UNRESOLVED,,,,0,,,
CONFIG_WILCO_EC_TELEMETRY,TODO,UNRESOLVED,,,,0,,,
CONFIG_WINBOND_840,TODO,UNRESOLVED,,,,0,,,
CONFIG_WINDFARM,TODO,UNRESOLVED,,,,0,,,
CONFIG_WINDFARM_PM112,TODO,UNRESOLVED,,,,0,,,
CONFIG_WINDFARM_PM121,TODO,UNRESOLVED,,,,0,,,
CONFIG_WINDFARM_PM72,TODO,UNRESOLVED,,,,0,,,
CONFIG_WINDFARM_PM81,TODO,UNRESOLVED,,,,0,,,
CONFIG_WINDFARM_PM91,TODO,UNRESOLVED,,,,0,,,
CONFIG_WINDFARM_RM31,TODO,UNRESOLVED,,,,0,,,
CONFIG_WINMATE_FM07_KEYS,TODO,UNRESOLVED,,,,0,,,
CONFIG_WIREGUARD,TODO,UNRESOLVED,,,,0,,,
CONFIG_WIREGUARD_DEBUG,TODO,UNRESOLVED,,,,0,,,
CONFIG_WIRELESS,TODO,UNRESOLVED,,,,0,,,
CONFIG_WIRELESS_EXT,TODO,UNRESOLVED,,,,0,,,
CONFIG_WIRELESS_HOTKEY,TODO,UNRESOLVED,,,,0,,,
CONFIG_WIZNET_BUS_ANY,TODO,UNRESOLVED,,,,0,,,
CONFIG_WIZNET_BUS_DIRECT,TODO,UNRESOLVED,,,,0,,,
CONFIG_WIZNET_BUS_INDIRECT,TODO,UNRESOLVED,,,,0,,,
CONFIG_WIZNET_W5100,TODO,UNRESOLVED,,,,0,,,
CONFIG_WIZNET_W5100_SPI,TODO,UNRESOLVED,,,,0,,,
CONFIG_WIZNET_W5300,TODO,UNRESOLVED,,,,0,,,
CONFIG_WKUP_M3_IPC,TODO,UNRESOLVED,,,,0,,,
CONFIG_WKUP_M3_RPROC,TODO,UNRESOLVED,,,,0,,,
CONFIG_WL1251,TODO,UNRESOLVED,,,,0,,,
CONFIG_WL1251_SDIO,TODO,UNRESOLVED,,,,0,,,
CONFIG_WL1251_SPI,TODO,UNRESOLVED,,,,0,,,
CONFIG_WL12XX,TODO,UNRESOLVED,,,,0,,,
CONFIG_WL18XX,TODO,UNRESOLVED,,,,0,,,
CONFIG_WLAN,TODO,UNRESOLVED,,,,0,,,
CONFIG_WLAN_VENDOR_ADMTEK,TODO,UNRESOLVED,,,,0,,,
CONFIG_WLAN_VENDOR_ATH,TODO,UNRESOLVED,,,,0,,,
CONFIG_WLAN_VENDOR_ATMEL,TODO,UNRESOLVED,,,,0,,,
CONFIG_WLAN_VENDOR_BROADCOM,TODO,UNRESOLVED,,,,0,,,
CONFIG_WLAN_VENDOR_INTEL,TODO,UNRESOLVED,,,,0,,,
CONFIG_WLAN_VENDOR_INTERSIL,TODO,UNRESOLVED,,,,0,,,
CONFIG_WLAN_VENDOR_MARVELL,TODO,UNRESOLVED,,,,0,,,
CONFIG_WLAN_VENDOR_MEDIATEK,TODO,UNRESOLVED,,,,0,,,
CONFIG_WLAN_VENDOR_MICROCHIP,TODO,UNRESOLVED,,,,0,,,
CONFIG_WLAN_VENDOR_PURELIFI,TODO,UNRESOLVED,,,,0,,,
CONFIG_WLAN_VENDOR_QUANTENNA,TODO,UNRESOLVED,,,,0,,,
CONFIG_WLAN_VENDOR_RALINK,TODO,UNRESOLVED,,,,0,,,
CONFIG_WLAN_VENDOR_REALTEK,TODO,UNRESOLVED,,,,0,,,
CONFIG_WLAN_VENDOR_RSI,TODO,UNRESOLVED,,,,0,,,
CONFIG_WLAN_VENDOR_SILABS,TODO,UNRESOLVED,,,,0,,,
CONFIG_WLAN_VENDOR_ST,TODO,UNRESOLVED,,,,0,,,
CONFIG_WLAN_VENDOR_TI,TODO,UNRESOLVED,,,,0,,,
CONFIG_WLAN_VENDOR_ZYDAS,TODO,UNRESOLVED,,,,0,,,
CONFIG_WLCORE,TODO,UNRESOLVED,,,,0,,,
CONFIG_WLCORE_SDIO,TODO,UNRESOLVED,,,,0,,,
CONFIG_WLCORE_SPI,TODO,UNRESOLVED,,,,0,,,
CONFIG_WM831X_BACKUP,TODO,UNRESOLVED,,,,0,,,
CONFIG_WM831X_POWER,TODO,UNRESOLVED,,,,0,,,
CONFIG_WM831X_WATCHDOG,TODO,UNRESOLVED,,,,0,,,
CONFIG_WM8350_POWER,TODO,UNRESOLVED,,,,0,,,
CONFIG_WM8350_WATCHDOG,TODO,UNRESOLVED,,,,0,,,
CONFIG_WMI_BMOF,TODO,UNRESOLVED,,,,0,,,
CONFIG_WMT_SOCINFO,TODO,UNRESOLVED,,,,0,,,
CONFIG_WPCM450_AIC,TODO,UNRESOLVED,,,,0,,,
CONFIG_WPCM450_SOC,TODO,UNRESOLVED,,,,0,,,
CONFIG_WQ_CPU_INTENSIVE_REPORT,TODO,UNRESOLVED,,,,0,,,
CONFIG_WQ_POWER_EFFICIENT_DEFAULT,TODO,UNRESOLVED,,,,0,,,
CONFIG_WQ_WATCHDOG,TODO,UNRESOLVED,,,,0,,,
CONFIG_WWAN,TODO,UNRESOLVED,,,,0,,,
CONFIG_WWAN_DEBUGFS,TODO,UNRESOLVED,,,,0,,,
CONFIG_WWAN_HWSIM,TODO,UNRESOLVED,,,,0,,,
CONFIG_WW_MUTEX_SELFTEST,TODO,UNRESOLVED,,,,0,,,
CONFIG_X25,TODO,UNRESOLVED,,,,0,,,
CONFIG_X509_CERTIFICATE_PARSER,TODO,UNRESOLVED,,,,0,,,
CONFIG_X86,TODO,UNRESOLVED,,,,0,,,
CONFIG_X86_16BIT,TODO,UNRESOLVED,,,,0,,,
CONFIG_X86_32,TODO,UNRESOLVED,,,,0,,,
CONFIG_X86_32_IRIS,TODO,UNRESOLVED,,,,0,,,
CONFIG_X86_64,TODO,UNRESOLVED,,,,0,,,
CONFIG_X86_64_ACPI_NUMA,TODO,UNRESOLVED,,,,0,,,
CONFIG_X86_ACPI_CPUFREQ,TODO,UNRESOLVED,,,,0,,,
CONFIG_X86_ACPI_CPUFREQ_CPB,TODO,UNRESOLVED,,,,0,,,
CONFIG_X86_ALIGNMENT_16,TODO,UNRESOLVED,,,,0,,,
CONFIG_X86_AMD_FREQ_SENSITIVITY,TODO,UNRESOLVED,,,,0,,,
CONFIG_X86_AMD_PLATFORM_DEVICE,TODO,UNRESOLVED,,,,0,,,
CONFIG_X86_AMD_PSTATE,TODO,UNRESOLVED,,,,0,,,
CONFIG_X86_AMD_PSTATE_DEFAULT_MODE,TODO,UNRESOLVED,,,,0,,,
CONFIG_X86_AMD_PSTATE_UT,TODO,UNRESOLVED,,,,0,,,
CONFIG_X86_ANCIENT_MCE,TODO,UNRESOLVED,,,,0,,,
CONFIG_X86_ANDROID_TABLETS,TODO,UNRESOLVED,,,,0,,,
CONFIG_X86_APM_BOOT,TODO,UNRESOLVED,,,,0,,,
CONFIG_X86_BOOTPARAM_MEMORY_CORRUPTION_CHECK,TODO,UNRESOLVED,,,,0,,,
CONFIG_X86_BUS_LOCK_DETECT,TODO,UNRESOLVED,,,,0,,,
CONFIG_X86_CET,TODO,UNRESOLVED,,,,0,,,
CONFIG_X86_CHECK_BIOS_CORRUPTION,TODO,UNRESOLVED,,,,0,,,
CONFIG_X86_CMOV,TODO,UNRESOLVED,,,,0,,,
CONFIG_X86_CPA_STATISTICS,TODO,UNRESOLVED,,,,0,,,
CONFIG_X86_CPUFREQ_NFORCE2,TODO,UNRESOLVED,,,,0,,,
CONFIG_X86_CPUID,TODO,UNRESOLVED,,,,0,,,
CONFIG_X86_CPU_RESCTRL,TODO,UNRESOLVED,,,,0,,,
CONFIG_X86_CX8,TODO,UNRESOLVED,,,,0,,,
CONFIG_X86_DEBUGCTLMSR,TODO,UNRESOLVED,,,,0,,,
CONFIG_X86_DEBUG_FPU,TODO,UNRESOLVED,,,,0,,,
CONFIG_X86_DECODER_SELFTEST,TODO,UNRESOLVED,,,,0,,,
CONFIG_X86_DIRECT_GBPAGES,TODO,UNRESOLVED,,,,0,,,
CONFIG_X86_DISABLED_FEATURE_CALL_DEPTH,TODO,UNRESOLVED,,,,0,,,
CONFIG_X86_DISABLED_FEATURE_CENTAUR_MCR,TODO,UNRESOLVED,,,,0,,,
CONFIG_X86_DISABLED_FEATURE_CYRIX_ARR,TODO,UNRESOLVED,,,,0,,,
CONFIG_X86_DISABLED_FEATURE_ENQCMD,TODO,UNRESOLVED,,,,0,,,
CONFIG_X86_DISABLED_FEATURE_FRED,TODO,UNRESOLVED,,,,0,,,
CONFIG_X86_DISABLED_FEATURE_IBT,TODO,UNRESOLVED,,,,0,,,
CONFIG_X86_DISABLED_FEATURE_INVLPGB,TODO,UNRESOLVED,,,,0,,,
CONFIG_X86_DISABLED_FEATURE_K6_MTRR,TODO,UNRESOLVED,,,,0,,,
CONFIG_X86_DISABLED_FEATURE_LAM,TODO,UNRESOLVED,,,,0,,,
CONFIG_X86_DISABLED_FEATURE_OSPKE,TODO,UNRESOLVED,,,,0,,,
CONFIG_X86_DISABLED_FEATURE_PCID,TODO,UNRESOLVED,,,,0,,,
CONFIG_X86_DISABLED_FEATURE_PKU,TODO,UNRESOLVED,,,,0,,,
CONFIG_X86_DISABLED_FEATURE_PTI,TODO,UNRESOLVED,,,,0,,,
CONFIG_X86_DISABLED_FEATURE_RETHUNK,TODO,UNRESOLVED,,,,0,,,
CONFIG_X86_DISABLED_FEATURE_RETPOLINE,TODO,UNRESOLVED,,,,0,,,
CONFIG_X86_DISABLED_FEATURE_RETPOLINE_LFENCE,TODO,UNRESOLVED,,,,0,,,
CONFIG_X86_DISABLED_FEATURE_SEV_SNP,TODO,UNRESOLVED,,,,0,,,
CONFIG_X86_DISABLED_FEATURE_SGX,TODO,UNRESOLVED,,,,0,,,
CONFIG_X86_DISABLED_FEATURE_TDX_GUEST,TODO,UNRESOLVED,,,,0,,,
CONFIG_X86_DISABLED_FEATURE_UMIP,TODO,UNRESOLVED,,,,0,,,
CONFIG_X86_DISABLED_FEATURE_UNRET,TODO,UNRESOLVED,,,,0,,,
CONFIG_X86_DISABLED_FEATURE_USER_SHSTK,TODO,UNRESOLVED,,,,0,,,
CONFIG_X86_DISABLED_FEATURE_VME,TODO,UNRESOLVED,,,,0,,,
CONFIG_X86_DISABLED_FEATURE_XENPV,TODO,UNRESOLVED,,,,0,,,
CONFIG_X86_ESPFIX32,TODO,UNRESOLVED,,,,0,,,
CONFIG_X86_ESPFIX64,TODO,UNRESOLVED,,,,0,,,
CONFIG_X86_EXTENDED_PLATFORM,TODO,UNRESOLVED,,,,0,,,
CONFIG_X86_E_POWERSAVER,TODO,UNRESOLVED,,,,0,,,
CONFIG_X86_F00F_BUG,TODO,UNRESOLVED,,,,0,,,
CONFIG_X86_FRED,TODO,UNRESOLVED,,,,0,,,
CONFIG_X86_GENERIC,TODO,UNRESOLVED,,,,0,,,
CONFIG_X86_GOLDFISH,TODO,UNRESOLVED,,,,0,,,
CONFIG_X86_GX_SUSPMOD,TODO,UNRESOLVED,,,,0,,,
CONFIG_X86_HAVE_PAE,TODO,UNRESOLVED,,,,0,,,
CONFIG_X86_HV_CALLBACK_VECTOR,REVIEWED,TRANSITIVE,DOCUMENTED_PLATFORM,HYPERV,hyperv-execution,1,Selected by CONFIG_HYPERV on x86 for Hyper-V callback delivery.,https://github.com/microsoft/WSL2-Linux-Kernel/blob/14794180686c2fb6307fbe359c359bec765249f3/arch/x86/Kconfig,
CONFIG_X86_INTEL_CE,TODO,UNRESOLVED,,,,0,,,
CONFIG_X86_INTEL_LPSS,TODO,UNRESOLVED,,,,0,,,
CONFIG_X86_INTEL_MEMORY_PROTECTION_KEYS,TODO,UNRESOLVED,,,,0,,,
CONFIG_X86_INTEL_MID,TODO,UNRESOLVED,,,,0,,,
CONFIG_X86_INTEL_PSTATE,TODO,UNRESOLVED,,,,0,,,
CONFIG_X86_INTEL_QUARK,TODO,UNRESOLVED,,,,0,,,
CONFIG_X86_INTEL_TSX_MODE_AUTO,TODO,UNRESOLVED,,,,0,,,
CONFIG_X86_INTEL_TSX_MODE_OFF,TODO,UNRESOLVED,,,,0,,,
CONFIG_X86_INTEL_TSX_MODE_ON,TODO,UNRESOLVED,,,,0,,,
CONFIG_X86_INTEL_USERCOPY,TODO,UNRESOLVED,,,,0,,,
CONFIG_X86_INTERNODE_CACHE_SHIFT,TODO,UNRESOLVED,,,,0,,,
CONFIG_X86_INVD_BUG,TODO,UNRESOLVED,,,,0,,,
CONFIG_X86_IOPL_IOPERM,TODO,UNRESOLVED,,,,0,,,
CONFIG_X86_IO_APIC,TODO,UNRESOLVED,,,,0,,,
CONFIG_X86_KERNEL_IBT,TODO,UNRESOLVED,,,,0,,,
CONFIG_X86_L1_CACHE_SHIFT,TODO,UNRESOLVED,,,,0,,,
CONFIG_X86_LEGACY_VM86,TODO,UNRESOLVED,,,,0,,,
CONFIG_X86_LOCAL_APIC,TODO,UNRESOLVED,,,,0,,,
CONFIG_X86_LONGHAUL,TODO,UNRESOLVED,,,,0,,,
CONFIG_X86_LONGRUN,TODO,UNRESOLVED,,,,0,,,
CONFIG_X86_MCE,TODO,UNRESOLVED,,,,0,,,
CONFIG_X86_MCELOG_LEGACY,TODO,UNRESOLVED,,,,0,,,
CONFIG_X86_MCE_AMD,TODO,UNRESOLVED,,,,0,,,
CONFIG_X86_MCE_INJECT,TODO,UNRESOLVED,,,,0,,,
CONFIG_X86_MCE_INTEL,TODO,UNRESOLVED,,,,0,,,
CONFIG_X86_MCE_THRESHOLD,TODO,UNRESOLVED,,,,0,,,
CONFIG_X86_MEM_ENCRYPT,TODO,UNRESOLVED,,,,0,,,
CONFIG_X86_MINIMUM_CPU_FAMILY,TODO,UNRESOLVED,,,,0,,,
CONFIG_X86_MPPARSE,TODO,UNRESOLVED,,,,0,,,
CONFIG_X86_MSR,TODO,UNRESOLVED,,,,0,,,
CONFIG_X86_NATIVE_CPU,TODO,UNRESOLVED,,,,0,,,
CONFIG_X86_NEED_RELOCS,TODO,UNRESOLVED,,,,0,,,
CONFIG_X86_NUMACHIP,TODO,UNRESOLVED,,,,0,,,
CONFIG_X86_P4_CLOCKMOD,TODO,UNRESOLVED,,,,0,,,
CONFIG_X86_PAE,TODO,UNRESOLVED,,,,0,,,
CONFIG_X86_PAT,TODO,UNRESOLVED,,,,0,,,
CONFIG_X86_PCC_CPUFREQ,TODO,UNRESOLVED,,,,0,,,
CONFIG_X86_PKG_TEMP_THERMAL,TODO,UNRESOLVED,,,,0,,,
CONFIG_X86_PLATFORM_DEVICES,TODO,UNRESOLVED,,,,0,,,
CONFIG_X86_PLATFORM_DRIVERS_DELL,TODO,UNRESOLVED,,,,0,,,
CONFIG_X86_PLATFORM_DRIVERS_HP,TODO,UNRESOLVED,,,,0,,,
CONFIG_X86_PMEM_LEGACY,TODO,UNRESOLVED,,,,0,,,
CONFIG_X86_PMEM_LEGACY_DEVICE,TODO,UNRESOLVED,,,,0,,,
CONFIG_X86_PM_TIMER,REVIEWED,TRANSITIVE,DOCUMENTED_PLATFORM,HYPERV,hyperv-platform-enumeration,1,Kconfig-enabled ACPI/platform closure in K-HOSTCHAN-001; not independently requested or claimed required.,https://github.com/microsoft/WSL2-Linux-Kernel/blob/14794180686c2fb6307fbe359c359bec765249f3/drivers/acpi/Kconfig,
CONFIG_X86_POSTED_MSI,TODO,UNRESOLVED,,,,0,,,
CONFIG_X86_POWERNOW_K6,TODO,UNRESOLVED,,,,0,,,
CONFIG_X86_POWERNOW_K7,TODO,UNRESOLVED,,,,0,,,
CONFIG_X86_POWERNOW_K7_ACPI,TODO,UNRESOLVED,,,,0,,,
CONFIG_X86_POWERNOW_K8,TODO,UNRESOLVED,,,,0,,,
CONFIG_X86_RDC321X,TODO,UNRESOLVED,,,,0,,,
CONFIG_X86_REBOOTFIXUPS,TODO,UNRESOLVED,,,,0,,,
CONFIG_X86_REQUIRED_FEATURE_ALWAYS,TODO,UNRESOLVED,,,,0,,,
CONFIG_X86_REQUIRED_FEATURE_CMOV,TODO,UNRESOLVED,,,,0,,,
CONFIG_X86_REQUIRED_FEATURE_CPUID,TODO,UNRESOLVED,,,,0,,,
CONFIG_X86_REQUIRED_FEATURE_CX8,TODO,UNRESOLVED,,,,0,,,
CONFIG_X86_REQUIRED_FEATURE_FPU,TODO,UNRESOLVED,,,,0,,,
CONFIG_X86_REQUIRED_FEATURE_FXSR,TODO,UNRESOLVED,,,,0,,,
CONFIG_X86_REQUIRED_FEATURE_LM,TODO,UNRESOLVED,,,,0,,,
CONFIG_X86_REQUIRED_FEATURE_MOVBE,TODO,UNRESOLVED,,,,0,,,
CONFIG_X86_REQUIRED_FEATURE_MSR,TODO,UNRESOLVED,,,,0,,,
CONFIG_X86_REQUIRED_FEATURE_NOPL,TODO,UNRESOLVED,,,,0,,,
CONFIG_X86_REQUIRED_FEATURE_PAE,TODO,UNRESOLVED,,,,0,,,
CONFIG_X86_REQUIRED_FEATURE_PGE,TODO,UNRESOLVED,,,,0,,,
CONFIG_X86_REQUIRED_FEATURE_PSE,TODO,UNRESOLVED,,,,0,,,
CONFIG_X86_REQUIRED_FEATURE_UP,TODO,UNRESOLVED,,,,0,,,
CONFIG_X86_REQUIRED_FEATURE_XMM,TODO,UNRESOLVED,,,,0,,,
CONFIG_X86_REQUIRED_FEATURE_XMM2,TODO,UNRESOLVED,,,,0,,,
CONFIG_X86_REROUTE_FOR_BROKEN_BOOT_IRQS,TODO,UNRESOLVED,,,,0,,,
CONFIG_X86_SGX,TODO,UNRESOLVED,,,,0,,,
CONFIG_X86_SGX_KVM,TODO,UNRESOLVED,,,,0,,,
CONFIG_X86_SPEEDSTEP_CENTRINO,TODO,UNRESOLVED,,,,0,,,
CONFIG_X86_SPEEDSTEP_CENTRINO_TABLE,TODO,UNRESOLVED,,,,0,,,
CONFIG_X86_SPEEDSTEP_ICH,TODO,UNRESOLVED,,,,0,,,
CONFIG_X86_SPEEDSTEP_LIB,TODO,UNRESOLVED,,,,0,,,
CONFIG_X86_SPEEDSTEP_RELAXED_CAP_CHECK,TODO,UNRESOLVED,,,,0,,,
CONFIG_X86_SPEEDSTEP_SMI,TODO,UNRESOLVED,,,,0,,,
CONFIG_X86_SUPPORTS_MEMORY_FAILURE,TODO,UNRESOLVED,,,,0,,,
CONFIG_X86_THERMAL_VECTOR,TODO,UNRESOLVED,,,,0,,,
CONFIG_X86_TSC,TODO,UNRESOLVED,,,,0,,,
CONFIG_X86_UMIP,TODO,UNRESOLVED,,,,0,,,
CONFIG_X86_UP_APIC,TODO,UNRESOLVED,,,,0,,,
CONFIG_X86_UP_IOAPIC,TODO,UNRESOLVED,,,,0,,,
CONFIG_X86_USER_SHADOW_STACK,TODO,UNRESOLVED,,,,0,,,
CONFIG_X86_USE_PPRO_CHECKSUM,TODO,UNRESOLVED,,,,0,,,
CONFIG_X86_UV,TODO,UNRESOLVED,,,,0,,,
CONFIG_X86_VERBOSE_BOOTUP,TODO,UNRESOLVED,,,,0,,,
CONFIG_X86_VMX_FEATURE_NAMES,TODO,UNRESOLVED,,,,0,,,
CONFIG_X86_VSMP,TODO,UNRESOLVED,,,,0,,,
CONFIG_X86_VSYSCALL_EMULATION,TODO,UNRESOLVED,,,,0,,,
CONFIG_X86_X2APIC,TODO,UNRESOLVED,,,,0,,,
CONFIG_X86_X32_ABI,TODO,UNRESOLVED,,,,0,,,
CONFIG_X9250,TODO,UNRESOLVED,,,,0,,,
CONFIG_XARRAY_MULTI,TODO,UNRESOLVED,,,,0,,,
CONFIG_XDP_SOCKETS,TODO,UNRESOLVED,,,,0,,,
CONFIG_XDP_SOCKETS_DIAG,TODO,UNRESOLVED,,,,0,,,
CONFIG_XEN,TODO,UNRESOLVED,,,,0,,,
CONFIG_XENFS,TODO,UNRESOLVED,,,,0,,,
CONFIG_XEN_512GB,TODO,UNRESOLVED,,,,0,,,
CONFIG_XEN_ACPI,TODO,UNRESOLVED,,,,0,,,
CONFIG_XEN_ACPI_PROCESSOR,TODO,UNRESOLVED,,,,0,,,
CONFIG_XEN_AUTO_XLATE,TODO,UNRESOLVED,,,,0,,,
CONFIG_XEN_BACKEND,TODO,UNRESOLVED,,,,0,,,
CONFIG_XEN_BALLOON,TODO,UNRESOLVED,,,,0,,,
CONFIG_XEN_BALLOON_MEMORY_HOTPLUG,TODO,UNRESOLVED,,,,0,,,
CONFIG_XEN_BLKDEV_BACKEND,TODO,UNRESOLVED,,,,0,,,
CONFIG_XEN_BLKDEV_FRONTEND,TODO,UNRESOLVED,,,,0,,,
CONFIG_XEN_COMPAT_XENFS,TODO,UNRESOLVED,,,,0,,,
CONFIG_XEN_DEBUG_FS,TODO,UNRESOLVED,,,,0,,,
CONFIG_XEN_DEV_EVTCHN,TODO,UNRESOLVED,,,,0,,,
CONFIG_XEN_DOM0,TODO,UNRESOLVED,,,,0,,,
CONFIG_XEN_EFI,TODO,UNRESOLVED,,,,0,,,
CONFIG_XEN_FBDEV_FRONTEND,TODO,UNRESOLVED,,,,0,,,
CONFIG_XEN_FRONT_PGDIR_SHBUF,TODO,UNRESOLVED,,,,0,,,
CONFIG_XEN_GNTDEV,TODO,UNRESOLVED,,,,0,,,
CONFIG_XEN_GNTDEV_DMABUF,TODO,UNRESOLVED,,,,0,,,
CONFIG_XEN_GRANT_DEV_ALLOC,TODO,UNRESOLVED,,,,0,,,
CONFIG_XEN_GRANT_DMA_ALLOC,TODO,UNRESOLVED,,,,0,,,
CONFIG_XEN_GRANT_DMA_IOMMU,TODO,UNRESOLVED,,,,0,,,
CONFIG_XEN_GRANT_DMA_OPS,TODO,UNRESOLVED,,,,0,,,
CONFIG_XEN_HAVE_PVMMU,TODO,UNRESOLVED,,,,0,,,
CONFIG_XEN_HAVE_VPMU,TODO,UNRESOLVED,,,,0,,,
CONFIG_XEN_MCE_LOG,TODO,UNRESOLVED,,,,0,,,
CONFIG_XEN_MEMORY_HOTPLUG_LIMIT,TODO,UNRESOLVED,,,,0,,,
CONFIG_XEN_NETDEV_BACKEND,TODO,UNRESOLVED,,,,0,,,
CONFIG_XEN_NETDEV_FRONTEND,TODO,UNRESOLVED,,,,0,,,
CONFIG_XEN_PCIDEV_BACKEND,TODO,UNRESOLVED,,,,0,,,
CONFIG_XEN_PCIDEV_FRONTEND,TODO,UNRESOLVED,,,,0,,,
CONFIG_XEN_PCIDEV_STUB,TODO,UNRESOLVED,,,,0,,,
CONFIG_XEN_PCI_STUB,TODO,UNRESOLVED,,,,0,,,
CONFIG_XEN_PRIVCMD,TODO,UNRESOLVED,,,,0,,,
CONFIG_XEN_PRIVCMD_EVENTFD,TODO,UNRESOLVED,,,,0,,,
CONFIG_XEN_PV,TODO,UNRESOLVED,,,,0,,,
CONFIG_XEN_PVCALLS_BACKEND,TODO,UNRESOLVED,,,,0,,,
CONFIG_XEN_PVCALLS_FRONTEND,TODO,UNRESOLVED,,,,0,,,
CONFIG_XEN_PVH,TODO,UNRESOLVED,,,,0,,,
CONFIG_XEN_PVHVM,TODO,UNRESOLVED,,,,0,,,
CONFIG_XEN_PVHVM_GUEST,TODO,UNRESOLVED,,,,0,,,
CONFIG_XEN_PVHVM_SMP,TODO,UNRESOLVED,,,,0,,,
CONFIG_XEN_PV_DOM0,TODO,UNRESOLVED,,,,0,,,
CONFIG_XEN_PV_MSR_SAFE,TODO,UNRESOLVED,,,,0,,,
CONFIG_XEN_PV_SMP,TODO,UNRESOLVED,,,,0,,,
CONFIG_XEN_SCRUB_PAGES_DEFAULT,TODO,UNRESOLVED,,,,0,,,
CONFIG_XEN_SCSI_BACKEND,TODO,UNRESOLVED,,,,0,,,
CONFIG_XEN_SCSI_FRONTEND,TODO,UNRESOLVED,,,,0,,,
CONFIG_XEN_SYMS,TODO,UNRESOLVED,,,,0,,,
CONFIG_XEN_SYS_HYPERVISOR,TODO,UNRESOLVED,,,,0,,,
CONFIG_XEN_UNPOPULATED_ALLOC,TODO,UNRESOLVED,,,,0,,,
CONFIG_XEN_VIRTIO,TODO,UNRESOLVED,,,,0,,,
CONFIG_XEN_VIRTIO_FORCE_GRANT,TODO,UNRESOLVED,,,,0,,,
CONFIG_XEN_WDT,TODO,UNRESOLVED,,,,0,,,
CONFIG_XEN_XENBUS_FRONTEND,TODO,UNRESOLVED,,,,0,,,
CONFIG_XFRM,TODO,UNRESOLVED,,,,0,,,
CONFIG_XFRM_AH,TODO,UNRESOLVED,,,,0,,,
CONFIG_XFRM_ALGO,TODO,UNRESOLVED,,,,0,,,
CONFIG_XFRM_ESP,TODO,UNRESOLVED,,,,0,,,
CONFIG_XFRM_ESPINTCP,TODO,UNRESOLVED,,,,0,,,
CONFIG_XFRM_INTERFACE,TODO,UNRESOLVED,,,,0,,,
CONFIG_XFRM_IPCOMP,TODO,UNRESOLVED,,,,0,,,
CONFIG_XFRM_IPTFS,TODO,UNRESOLVED,,,,0,,,
CONFIG_XFRM_MIGRATE,TODO,UNRESOLVED,,,,0,,,
CONFIG_XFRM_OFFLOAD,TODO,UNRESOLVED,,,,0,,,
CONFIG_XFRM_STATISTICS,TODO,UNRESOLVED,,,,0,,,
CONFIG_XFRM_SUB_POLICY,TODO,UNRESOLVED,,,,0,,,
CONFIG_XFRM_USER,TODO,UNRESOLVED,,,,0,,,
CONFIG_XFRM_USER_COMPAT,TODO,UNRESOLVED,,,,0,,,
CONFIG_XFS_ASSERT_FATAL,TODO,UNRESOLVED,,,,0,,,
CONFIG_XFS_BTREE_IN_MEM,TODO,UNRESOLVED,,,,0,,,
CONFIG_XFS_DEBUG,TODO,UNRESOLVED,,,,0,,,
CONFIG_XFS_DEBUG_EXPENSIVE,TODO,UNRESOLVED,,,,0,,,
CONFIG_XFS_DRAIN_INTENTS,TODO,UNRESOLVED,,,,0,,,
CONFIG_XFS_FS,TODO,UNRESOLVED,,,,0,,,
CONFIG_XFS_LIVE_HOOKS,TODO,UNRESOLVED,,,,0,,,
CONFIG_XFS_MEMORY_BUFS,TODO,UNRESOLVED,,,,0,,,
CONFIG_XFS_ONLINE_REPAIR,TODO,UNRESOLVED,,,,0,,,
CONFIG_XFS_ONLINE_SCRUB,TODO,UNRESOLVED,,,,0,,,
CONFIG_XFS_ONLINE_SCRUB_STATS,TODO,UNRESOLVED,,,,0,,,
CONFIG_XFS_POSIX_ACL,TODO,UNRESOLVED,,,,0,,,
CONFIG_XFS_QUOTA,TODO,UNRESOLVED,,,,0,,,
CONFIG_XFS_RT,TODO,UNRESOLVED,,,,0,,,
CONFIG_XFS_SUPPORT_ASCII_CI,TODO,UNRESOLVED,,,,0,,,
CONFIG_XFS_SUPPORT_V4,TODO,UNRESOLVED,,,,0,,,
CONFIG_XFS_WARN,TODO,UNRESOLVED,,,,0,,,
CONFIG_XGENE_DMA,TODO,UNRESOLVED,,,,0,,,
CONFIG_XGENE_PMU,TODO,UNRESOLVED,,,,0,,,
CONFIG_XGENE_SLIMPRO_MBOX,TODO,UNRESOLVED,,,,0,,,
CONFIG_XIAOMI_WMI,TODO,UNRESOLVED,,,,0,,,
CONFIG_XILINX_AMS,TODO,UNRESOLVED,,,,0,,,
CONFIG_XILINX_AXI_EMAC,TODO,UNRESOLVED,,,,0,,,
CONFIG_XILINX_DMA,TODO,UNRESOLVED,,,,0,,,
CONFIG_XILINX_EMACLITE,TODO,UNRESOLVED,,,,0,,,
CONFIG_XILINX_GMII2RGMII,TODO,UNRESOLVED,,,,0,,,
CONFIG_XILINX_HWICAP,TODO,UNRESOLVED,,,,0,,,
CONFIG_XILINX_INTC,TODO,UNRESOLVED,,,,0,,,
CONFIG_XILINX_LL_TEMAC,TODO,UNRESOLVED,,,,0,,,
CONFIG_XILINX_PR_DECOUPLER,TODO,UNRESOLVED,,,,0,,,
CONFIG_XILINX_SDFEC,TODO,UNRESOLVED,,,,0,,,
CONFIG_XILINX_VCU,TODO,UNRESOLVED,,,,0,,,
CONFIG_XILINX_WATCHDOG,TODO,UNRESOLVED,,,,0,,,
CONFIG_XILINX_WINDOW_WATCHDOG,TODO,UNRESOLVED,,,,0,,,
CONFIG_XILINX_XADC,TODO,UNRESOLVED,,,,0,,,
CONFIG_XILINX_XDMA,TODO,UNRESOLVED,,,,0,,,
CONFIG_XILINX_ZYNQMP_DMA,TODO,UNRESOLVED,,,,0,,,
CONFIG_XILINX_ZYNQMP_DPDMA,TODO,UNRESOLVED,,,,0,,,
CONFIG_XILLYBUS,TODO,UNRESOLVED,,,,0,,,
CONFIG_XILLYBUS_CLASS,TODO,UNRESOLVED,,,,0,,,
CONFIG_XILLYBUS_OF,TODO,UNRESOLVED,,,,0,,,
CONFIG_XILLYBUS_PCIE,TODO,UNRESOLVED,,,,0,,,
CONFIG_XILLYUSB,TODO,UNRESOLVED,,,,0,,,
CONFIG_XIL_AXIS_FIFO,TODO,UNRESOLVED,,,,0,,,
CONFIG_XLNX_EVENT_MANAGER,TODO,UNRESOLVED,,,,0,,,
CONFIG_XLNX_R5_REMOTEPROC,TODO,UNRESOLVED,,,,0,,,
CONFIG_XO15_EBOOK,TODO,UNRESOLVED,,,,0,,,
CONFIG_XO1_RFKILL,TODO,UNRESOLVED,,,,0,,,
CONFIG_XOR_BLOCKS,TODO,UNRESOLVED,,,,0,,,
CONFIG_XPOWER_PMIC_OPREGION,TODO,UNRESOLVED,,,,0,,,
CONFIG_XPS,TODO,UNRESOLVED,,,,0,,,
CONFIG_XPS_USB_HCD_XILINX,TODO,UNRESOLVED,,,,0,,,
CONFIG_XSURF100,TODO,UNRESOLVED,,,,0,,,
CONFIG_XTENSA_MX,TODO,UNRESOLVED,,,,0,,,
CONFIG_XTENSA_XT2000_SONIC,TODO,UNRESOLVED,,,,0,,,
CONFIG_XXHASH,TODO,UNRESOLVED,,,,0,,,
CONFIG_XZ_DEC,TODO,UNRESOLVED,,,,0,,,
CONFIG_XZ_DEC_ARM,TODO,UNRESOLVED,,,,0,,,
CONFIG_XZ_DEC_ARM64,TODO,UNRESOLVED,,,,0,,,
CONFIG_XZ_DEC_ARMTHUMB,TODO,UNRESOLVED,,,,0,,,
CONFIG_XZ_DEC_BCJ,TODO,UNRESOLVED,,,,0,,,
CONFIG_XZ_DEC_MICROLZMA,TODO,UNRESOLVED,,,,0,,,
CONFIG_XZ_DEC_POWERPC,TODO,UNRESOLVED,,,,0,,,
CONFIG_XZ_DEC_RISCV,TODO,UNRESOLVED,,,,0,,,
CONFIG_XZ_DEC_SPARC,TODO,UNRESOLVED,,,,0,,,
CONFIG_XZ_DEC_TEST,TODO,UNRESOLVED,,,,0,,,
CONFIG_XZ_DEC_X86,TODO,UNRESOLVED,,,,0,,,
CONFIG_YAM,TODO,UNRESOLVED,,,,0,,,
CONFIG_YAMAHA_YAS530,TODO,UNRESOLVED,,,,0,,,
CONFIG_YELLOWFIN,TODO,UNRESOLVED,,,,0,,,
CONFIG_YENTA,TODO,UNRESOLVED,,,,0,,,
CONFIG_YENTA_ENE_TUNE,TODO,UNRESOLVED,,,,0,,,
CONFIG_YENTA_O2,TODO,UNRESOLVED,,,,0,,,
CONFIG_YENTA_RICOH,TODO,UNRESOLVED,,,,0,,,
CONFIG_YENTA_TI,TODO,UNRESOLVED,,,,0,,,
CONFIG_YENTA_TOSHIBA,TODO,UNRESOLVED,,,,0,,,
CONFIG_YOGABOOK,TODO,UNRESOLVED,,,,0,,,
CONFIG_YT2_1380,TODO,UNRESOLVED,,,,0,,,
CONFIG_ZCRYPT,TODO,UNRESOLVED,,,,0,,,
CONFIG_ZD1211RW,TODO,UNRESOLVED,,,,0,,,
CONFIG_ZD1211RW_DEBUG,TODO,UNRESOLVED,,,,0,,,
CONFIG_ZEROPLUS_FF,TODO,UNRESOLVED,,,,0,,,
CONFIG_ZERO_CALL_USED_REGS,TODO,UNRESOLVED,,,,0,,,
CONFIG_ZFCP,TODO,UNRESOLVED,,,,0,,,
CONFIG_ZIIRAVE_WATCHDOG,TODO,UNRESOLVED,,,,0,,,
CONFIG_ZISOFS,TODO,UNRESOLVED,,,,0,,,
CONFIG_ZL3073X,TODO,UNRESOLVED,,,,0,,,
CONFIG_ZL3073X_I2C,TODO,UNRESOLVED,,,,0,,,
CONFIG_ZL3073X_SPI,TODO,UNRESOLVED,,,,0,,,
CONFIG_ZLIB_DEFLATE,TODO,UNRESOLVED,,,,0,,,
CONFIG_ZLIB_DFLTCC,TODO,UNRESOLVED,,,,0,,,
CONFIG_ZLIB_INFLATE,TODO,UNRESOLVED,,,,0,,,
CONFIG_ZONEFS_FS,TODO,UNRESOLVED,,,,0,,,
CONFIG_ZONE_DEVICE,TODO,UNRESOLVED,,,,0,,,
CONFIG_ZONE_DMA,TODO,UNRESOLVED,,,,0,,,
CONFIG_ZONE_DMA32,TODO,UNRESOLVED,,,,0,,,
CONFIG_ZOPT2201,TODO,UNRESOLVED,,,,0,,,
CONFIG_ZORRO8390,TODO,UNRESOLVED,,,,0,,,
CONFIG_ZPA2326,TODO,UNRESOLVED,,,,0,,,
CONFIG_ZPA2326_I2C,TODO,UNRESOLVED,,,,0,,,
CONFIG_ZPA2326_SPI,TODO,UNRESOLVED,,,,0,,,
CONFIG_ZRAM,TODO,UNRESOLVED,,,,0,,,
CONFIG_ZRAM_BACKEND_842,TODO,UNRESOLVED,,,,0,,,
CONFIG_ZRAM_BACKEND_DEFLATE,TODO,UNRESOLVED,,,,0,,,
CONFIG_ZRAM_BACKEND_FORCE_LZO,TODO,UNRESOLVED,,,,0,,,
CONFIG_ZRAM_BACKEND_LZ4,TODO,UNRESOLVED,,,,0,,,
CONFIG_ZRAM_BACKEND_LZ4HC,TODO,UNRESOLVED,,,,0,,,
CONFIG_ZRAM_BACKEND_LZO,TODO,UNRESOLVED,,,,0,,,
CONFIG_ZRAM_BACKEND_ZSTD,TODO,UNRESOLVED,,,,0,,,
CONFIG_ZRAM_DEF_COMP,TODO,UNRESOLVED,,,,0,,,
CONFIG_ZRAM_DEF_COMP_842,TODO,UNRESOLVED,,,,0,,,
CONFIG_ZRAM_DEF_COMP_DEFLATE,TODO,UNRESOLVED,,,,0,,,
CONFIG_ZRAM_DEF_COMP_LZ4,TODO,UNRESOLVED,,,,0,,,
CONFIG_ZRAM_DEF_COMP_LZ4HC,TODO,UNRESOLVED,,,,0,,,
CONFIG_ZRAM_DEF_COMP_LZO,TODO,UNRESOLVED,,,,0,,,
CONFIG_ZRAM_DEF_COMP_LZORLE,TODO,UNRESOLVED,,,,0,,,
CONFIG_ZRAM_DEF_COMP_ZSTD,TODO,UNRESOLVED,,,,0,,,
CONFIG_ZRAM_MEMORY_TRACKING,TODO,UNRESOLVED,,,,0,,,
CONFIG_ZRAM_MULTI_COMP,TODO,UNRESOLVED,,,,0,,,
CONFIG_ZRAM_TRACK_ENTRY_ACTIME,TODO,UNRESOLVED,,,,0,,,
CONFIG_ZRAM_WRITEBACK,TODO,UNRESOLVED,,,,0,,,
CONFIG_ZSMALLOC,TODO,UNRESOLVED,,,,0,,,
CONFIG_ZSMALLOC_CHAIN_SIZE,TODO,UNRESOLVED,,,,0,,,
CONFIG_ZSMALLOC_STAT,TODO,UNRESOLVED,,,,0,,,
CONFIG_ZSTD_COMMON,TODO,UNRESOLVED,,,,0,,,
CONFIG_ZSTD_COMPRESS,TODO,UNRESOLVED,,,,0,,,
CONFIG_ZSTD_DECOMPRESS,TODO,UNRESOLVED,,,,0,,,
CONFIG_ZSWAP,TODO,UNRESOLVED,,,,0,,,
CONFIG_ZSWAP_COMPRESSOR_DEFAULT,TODO,UNRESOLVED,,,,0,,,
CONFIG_ZSWAP_COMPRESSOR_DEFAULT_842,TODO,UNRESOLVED,,,,0,,,
CONFIG_ZSWAP_COMPRESSOR_DEFAULT_DEFLATE,TODO,UNRESOLVED,,,,0,,,
CONFIG_ZSWAP_COMPRESSOR_DEFAULT_LZ4,TODO,UNRESOLVED,,,,0,,,
CONFIG_ZSWAP_COMPRESSOR_DEFAULT_LZ4HC,TODO,UNRESOLVED,,,,0,,,
CONFIG_ZSWAP_COMPRESSOR_DEFAULT_LZO,TODO,UNRESOLVED,,,,0,,,
CONFIG_ZSWAP_COMPRESSOR_DEFAULT_ZSTD,TODO,UNRESOLVED,,,,0,,,
CONFIG_ZSWAP_DEFAULT_ON,TODO,UNRESOLVED,,,,0,,,
CONFIG_ZSWAP_SHRINKER_DEFAULT_ON,TODO,UNRESOLVED,,,,0,,,
CONFIG_ZYNQMP_FIRMWARE,TODO,UNRESOLVED,,,,0,,,
CONFIG_ZYNQMP_FIRMWARE_DEBUG,TODO,UNRESOLVED,,,,0,,,
CONFIG_ZYNQMP_IPI_MBOX,TODO,UNRESOLVED,,,,0,,,
CONFIG_ZYNQMP_PM_DOMAINS,TODO,UNRESOLVED,,,,0,,,
CONFIG_ZYNQMP_POWER,TODO,UNRESOLVED,,,,0,,,
