  Event Name,       Type,     Event ID,    Version,    Channel,      Level,     Opcode,       Task,            Keyword,        PID,        TID,     Processor Number,  Instance ID,   Parent Instance ID,                              Activity ID,                      Related Activity ID,           Clock-Time, Kernel(ms),   User(ms), User Data
  EventTrace,     Header,            0,          2,          0,          0,          0,          0, 0x0000000000000000, 0x00001568, 0x00001564,                    0,             ,                     ,   {00000000-0000-0000-0000-000000000000},                                         ,   134329345334387731,        150,         75,   524288, 83951626,    26200,        4, 134329345628761042,   156250,        0, 0x10001,        5,        1,        8,        0,     2196, 0x0, 0x0, 134329343415000000,         10000000, 134329345334387731, 0x1,        0, "Relogger", "[multiple files]"
  EventTrace, PartitionInfoExtensionV2,            0,          2,          0,          0,         80,          0, 0x0000000000000000, 0x000011B8, 0x00000548,                    0,             ,                     ,   {00000000-0000-0000-0000-000000000000},                                         ,   134329345334387731,        195,         45,      0,      0,        0,                0, "", "",  0x00000000000000000000000000000000000000000000000000000000
  EventTrace, PartitionInfoExtensionV2,            0,          2,          0,          0,         80,          0, 0x0000000000000000, 0x000011B8, 0x00000548,                    0,             ,                     ,   {00000000-0000-0000-0000-000000000000},                                         ,   134329345334387731,        195,         45,      0,      0,        0,                0, "", "",  0x00000000000000000000000000000000000000000000000000000000
  EventTrace,  BuildInfo,            0,          2,          0,          0,         66,          0, 0x0000000000000000, 0xFFFFFFFF, 0xFFFFFFFF,                    0,             ,                     ,   {00000000-0000-0000-0000-000000000000},                                         ,   134329345334387731,          0,          0, "26100.1.amd64fre.ge_release.240331-1435"
  EventTrace,  DbgIdRSDS,            0,          2,          0,          0,         64,          0, 0x0000000000000000, 0xFFFFFFFF, 0xFFFFFFFF,                    0,             ,                     ,   {00000000-0000-0000-0000-000000000000},                                         ,   134329345334387731,          0,          0, {e1d3f35a-c02a-703a-c0de-35c46fa7071e},        1, "vhdmp.pdb"
  EventTrace,  DbgIdRSDS,            0,          2,          0,          0,         64,          0, 0x0000000000000000, 0xFFFFFFFF, 0xFFFFFFFF,                    0,             ,                     ,   {00000000-0000-0000-0000-000000000000},                                         ,   134329345334387731,          0,          0, {76abde1c-a54c-7125-11fb-d4ea4e39ba9f},        1, "VirtDisk.pdb"
  EventTrace,  DbgIdRSDS,            0,          2,          0,          0,         64,          0, 0x0000000000000000, 0xFFFFFFFF, 0xFFFFFFFF,                    0,             ,                     ,   {00000000-0000-0000-0000-000000000000},                                         ,   134329345334387731,          0,          0, {00844f38-82c9-9cd8-ff15-f634fd36752e},        1, "mup.pdb"
  EventTrace,  DbgIdRSDS,            0,          2,          0,          0,         64,          0, 0x0000000000000000, 0xFFFFFFFF, 0xFFFFFFFF,                    0,             ,                     ,   {00000000-0000-0000-0000-000000000000},                                         ,   134329345334387731,          0,          0, {ec8e496a-79b7-b9ae-8916-7be42e0159c3},        1, "csc.pdb"
  EventTrace,  DbgIdRSDS,            0,          2,          0,          0,         64,          0, 0x0000000000000000, 0xFFFFFFFF, 0xFFFFFFFF,                    0,             ,                     ,   {00000000-0000-0000-0000-000000000000},                                         ,   134329345334387731,          0,          0, {1a5973ce-a8eb-e746-ea5c-9625d59ef3f9},        1, "dfsc.pdb"
{9b79ee91-b5fd-41c0-a243-4248e266e9d0},         33,            0,          0,          0,          0,         33,          0, 0x0000000000000000, 0x00000000, 0x00000000,                    0,             ,                     ,   {00000000-0000-0000-0000-000000000000},                                         ,   134329345334387731,          0,          0, DataSize=64
{9b79ee91-b5fd-41c0-a243-4248e266e9d0},         34,            0,          0,          0,          0,         34,          0, 0x0000000000000000, 0x00000000, 0x00000000,                    0,             ,                     ,   {00000000-0000-0000-0000-000000000000},                                         ,   134329345334387731,          0,          0, DataSize=50
{9b79ee91-b5fd-41c0-a243-4248e266e9d0},         35,            0,          0,          0,          0,         35,          0, 0x0000000000000000, 0x00000000, 0x00000000,                    0,             ,                     ,   {00000000-0000-0000-0000-000000000000},                                         ,   134329345334387731,          0,          0, DataSize=14
{9b79ee91-b5fd-41c0-a243-4248e266e9d0},         35,            0,          0,          0,          0,         35,          0, 0x0000000000000000, 0x00000000, 0x00000000,                    0,             ,                     ,   {00000000-0000-0000-0000-000000000000},                                         ,   134329345334387731,          0,          0, DataSize=12
{9b79ee91-b5fd-41c0-a243-4248e266e9d0},         35,            0,          0,          0,          0,         35,          0, 0x0000000000000000, 0x00000000, 0x00000000,                    0,             ,                     ,   {00000000-0000-0000-0000-000000000000},                                         ,   134329345334387731,          0,          0, DataSize=132
{9b79ee91-b5fd-41c0-a243-4248e266e9d0},         35,            0,          0,          0,          0,         35,          0, 0x0000000000000000, 0x00000000, 0x00000000,                    0,             ,                     ,   {00000000-0000-0000-0000-000000000000},                                         ,   134329345334387731,          0,          0, DataSize=108
{9b79ee91-b5fd-41c0-a243-4248e266e9d0},         35,            0,          0,          0,          0,         35,          0, 0x0000000000000000, 0x00000000, 0x00000000,                    0,             ,                     ,   {00000000-0000-0000-0000-000000000000},                                         ,   134329345334387731,          0,          0, DataSize=50
{9b79ee91-b5fd-41c0-a243-4248e266e9d0},         35,            0,          0,          0,          0,         35,          0, 0x0000000000000000, 0x00000000, 0x00000000,                    0,             ,                     ,   {00000000-0000-0000-0000-000000000000},                                         ,   134329345334387731,          0,          0, DataSize=58
{9b79ee91-b5fd-41c0-a243-4248e266e9d0},         35,            0,          0,          0,          0,         35,          0, 0x0000000000000000, 0x00000000, 0x00000000,                    0,             ,                     ,   {00000000-0000-0000-0000-000000000000},                                         ,   134329345334387731,          0,          0, DataSize=58
{9b79ee91-b5fd-41c0-a243-4248e266e9d0},         35,            0,          0,          0,          0,         35,          0, 0x0000000000000000, 0x00000000, 0x00000000,                    0,             ,                     ,   {00000000-0000-0000-0000-000000000000},                                         ,   134329345334387731,          0,          0, DataSize=32
{9b79ee91-b5fd-41c0-a243-4248e266e9d0},         35,            0,          0,          0,          0,         35,          0, 0x0000000000000000, 0x00000000, 0x00000000,                    0,             ,                     ,   {00000000-0000-0000-0000-000000000000},                                         ,   134329345334387731,          0,          0, DataSize=52
{9b79ee91-b5fd-41c0-a243-4248e266e9d0},         35,            0,          0,          0,          0,         35,          0, 0x0000000000000000, 0x00000000, 0x00000000,                    0,             ,                     ,   {00000000-0000-0000-0000-000000000000},                                         ,   134329345334387731,          0,          0, DataSize=32
{9b79ee91-b5fd-41c0-a243-4248e266e9d0},         35,            0,          0,          0,          0,         35,          0, 0x0000000000000000, 0x00000000, 0x00000000,                    0,             ,                     ,   {00000000-0000-0000-0000-000000000000},                                         ,   134329345334387731,          0,          0, DataSize=12
   OnRundown,          0,            0,          0,         11,          5,          0,          0, 0x0000000000000000, 0x00000BEC, 0x00000A6C,                    0,             ,                     ,   {00000000-0000-0000-0000-000000000000},                                         ,   134329345336748870,         15,          0, "Begin Rundown"
      Entity,          0,            0,          0,         11,          5,          0,          0, 0x0000000000000000, 0x00000BEC, 0x00000A6C,                    0,             ,                     ,   {00000000-0000-0000-0000-000000000000},                                         ,   134329345336750092,         15,          0, "", "{"ActivityId":"344B2058-FD0D-4648-9D10-6A2D0F6A05DC","AdditionalParams":{},"CompartmentGuid":"B1062982-2B18-4B4F-B3D5-A78DDB9CDD49","CompartmentId":1,"Containers":[],"Flags":0,"Health":{"LastErrorCode":0,"LastUpdateTime":134329343644033640},"ID":"910F7D92-BA2D-4C3F-98AE-7C0AC590D2DC","IsDefault":true,"Policies":[],"ReadyOnCreate":false,"State":1,"Version":68719476736}"
   OnRundown,          0,            0,          0,         11,          5,          0,          0, 0x0000000000000000, 0x00000BEC, 0x00000A6C,                    0,             ,                     ,   {00000000-0000-0000-0000-000000000000},                                         ,   134329345336750130,         15,          0, "End Rundown"
Service starting,          0,            0,          0,         11,          4,          0,          0, 0x0000000000000000, 0x000015D4, 0x00000928,                    1,             ,                     ,   {00000000-0000-0000-0000-000000000000},                                         ,   134329345363632097,          0,          0, DataSize=0
     Unknown,         10,           10,          0,          0,          0,          0,          0, 0x0000000000000000, 0x000015D4, 0x00000928,                    2,             ,                     ,   {00000000-0000-0000-0000-000000000000},                                         ,   134329345363672180,          0,          0, "Unknown", "", "Unknown( 10): GUID=4d0a826c-214c-3a52-d413-1c62238d98a9 (No Format Information found).", "", "", {4d0a826c-214c-3a52-d413-1c62238d98a9}, " 10", "2026-09-03T19:42:16.367Z",        0, "", "", "2026-09-03T18:42:16.367218000Z", {00000000-0000-0000-0000-000000000000}
     Unknown,         28,           28,          0,          0,          0,          0,          0, 0x0000000000000000, 0x000015D4, 0x00000928,                    2,             ,                     ,   {00000000-0000-0000-0000-000000000000},                                         ,   134329345363672191,          0,          0, "Unknown", "", "Unknown( 28): GUID=4d0a826c-214c-3a52-d413-1c62238d98a9 (No Format Information found).", "", "", {4d0a826c-214c-3a52-d413-1c62238d98a9}, " 28", "2026-09-03T19:42:16.367Z",        0, "", "", "2026-09-03T18:42:16.367219100Z", {00000000-0000-0000-0000-000000000000}
     Unknown,         30,           30,          0,          0,          0,          0,          0, 0x0000000000000000, 0x000015D4, 0x00000928,                    2,             ,                     ,   {00000000-0000-0000-0000-000000000000},                                         ,   134329345363672198,          0,          0, "Unknown", "", "Unknown( 30): GUID=4d0a826c-214c-3a52-d413-1c62238d98a9 (No Format Information found).", "", "", {4d0a826c-214c-3a52-d413-1c62238d98a9}, " 30", "2026-09-03T19:42:16.367Z",        0, "", "", "2026-09-03T18:42:16.367219800Z", {00000000-0000-0000-0000-000000000000}
     Unknown,         16,           16,          0,          0,          0,          0,          0, 0x0000000000000000, 0x000015D4, 0x00000928,                    2,             ,                     ,   {00000000-0000-0000-0000-000000000000},                                         ,   134329345363672262,          0,          0, "Unknown", "", "Unknown( 16): GUID=b8ec61bc-8b28-3db2-3215-0b702b34e2f1 (No Format Information found).", "", "", {b8ec61bc-8b28-3db2-3215-0b702b34e2f1}, " 16", "2026-09-03T19:42:16.367Z",        0, "", "", "2026-09-03T18:42:16.367226200Z", {00000000-0000-0000-0000-000000000000}
     Unknown,         16,           16,          0,          0,          0,          0,          0, 0x0000000000000000, 0x000015D4, 0x00000928,                    2,             ,                     ,   {00000000-0000-0000-0000-000000000000},                                         ,   134329345363672279,          0,          0, "Unknown", "", "Unknown( 16): GUID=4224fc64-62d2-39ef-e09d-540716e6c5d6 (No Format Information found).", "", "", {4224fc64-62d2-39ef-e09d-540716e6c5d6}, " 16", "2026-09-03T19:42:16.367Z",        0, "", "", "2026-09-03T18:42:16.367227900Z", {00000000-0000-0000-0000-000000000000}
     Unknown,         12,           12,          0,          0,          0,          0,          0, 0x0000000000000000, 0x000015D4, 0x00000928,                    2,             ,                     ,   {00000000-0000-0000-0000-000000000000},                                         ,   134329345363672352,          0,          0, "Unknown", "", "Unknown( 12): GUID=4224fc64-62d2-39ef-e09d-540716e6c5d6 (No Format Information found).", "", "", {4224fc64-62d2-39ef-e09d-540716e6c5d6}, " 12", "2026-09-03T19:42:16.367Z",        0, "", "", "2026-09-03T18:42:16.367235200Z", {00000000-0000-0000-0000-000000000000}
     Unknown,         24,           24,          0,          0,          0,          0,          0, 0x0000000000000000, 0x000015D4, 0x00000928,                    2,             ,                     ,   {00000000-0000-0000-0000-000000000000},                                         ,   134329345363672360,          0,          0, "Unknown", "", "Unknown( 24): GUID=0fb1d466-81b3-31a7-af11-67046103ae69 (No Format Information found).", "", "", {0fb1d466-81b3-31a7-af11-67046103ae69}, " 24", "2026-09-03T19:42:16.367Z",        0, "", "", "2026-09-03T18:42:16.367236000Z", {00000000-0000-0000-0000-000000000000}
     Unknown,         25,           25,          0,          0,          0,          0,          0, 0x0000000000000000, 0x000015D4, 0x00000928,                    2,             ,                     ,   {00000000-0000-0000-0000-000000000000},                                         ,   134329345363672363,          0,          0, "Unknown", "", "Unknown( 25): GUID=0fb1d466-81b3-31a7-af11-67046103ae69 (No Format Information found).", "", "", {0fb1d466-81b3-31a7-af11-67046103ae69}, " 25", "2026-09-03T19:42:16.367Z",        0, "", "", "2026-09-03T18:42:16.367236300Z", {00000000-0000-0000-0000-000000000000}
     Unknown,         46,           46,          0,          0,          0,          0,          0, 0x0000000000000000, 0x000015D4, 0x00000928,                    2,             ,                     ,   {00000000-0000-0000-0000-000000000000},                                         ,   134329345363672459,          0,          0, "Unknown", "", "Unknown( 46): GUID=4d0a826c-214c-3a52-d413-1c62238d98a9 (No Format Information found).", "", "", {4d0a826c-214c-3a52-d413-1c62238d98a9}, " 46", "2026-09-03T19:42:16.367Z",        0, "", "", "2026-09-03T18:42:16.367245900Z", {00000000-0000-0000-0000-000000000000}
     Unknown,         45,           45,          0,          0,          0,          0,          0, 0x0000000000000000, 0x000015D4, 0x00000928,                    2,             ,                     ,   {00000000-0000-0000-0000-000000000000},                                         ,   134329345363672478,          0,          0, "Unknown", "", "Unknown( 45): GUID=4d0a826c-214c-3a52-d413-1c62238d98a9 (No Format Information found).", "", "", {4d0a826c-214c-3a52-d413-1c62238d98a9}, " 45", "2026-09-03T19:42:16.367Z",        0, "", "", "2026-09-03T18:42:16.367247800Z", {00000000-0000-0000-0000-000000000000}
     Unknown,         24,           24,          0,          0,          0,          0,          0, 0x0000000000000000, 0x000015D4, 0x00000928,                    2,             ,                     ,   {00000000-0000-0000-0000-000000000000},                                         ,   134329345363672481,          0,          0, "Unknown", "", "Unknown( 24): GUID=0fb1d466-81b3-31a7-af11-67046103ae69 (No Format Information found).", "", "", {0fb1d466-81b3-31a7-af11-67046103ae69}, " 24", "2026-09-03T19:42:16.367Z",        0, "", "", "2026-09-03T18:42:16.367248100Z", {00000000-0000-0000-0000-000000000000}
     Unknown,         25,           25,          0,          0,          0,          0,          0, 0x0000000000000000, 0x000015D4, 0x00000928,                    2,             ,                     ,   {00000000-0000-0000-0000-000000000000},                                         ,   134329345363672484,          0,          0, "Unknown", "", "Unknown( 25): GUID=0fb1d466-81b3-31a7-af11-67046103ae69 (No Format Information found).", "", "", {0fb1d466-81b3-31a7-af11-67046103ae69}, " 25", "2026-09-03T19:42:16.367Z",        0, "", "", "2026-09-03T18:42:16.367248400Z", {00000000-0000-0000-0000-000000000000}
     Unknown,         47,           47,          0,          0,          0,          0,          0, 0x0000000000000000, 0x000015D4, 0x00000928,                    2,             ,                     ,   {00000000-0000-0000-0000-000000000000},                                         ,   134329345363672489,          0,          0, "Unknown", "", "Unknown( 47): GUID=4d0a826c-214c-3a52-d413-1c62238d98a9 (No Format Information found).", "", "", {4d0a826c-214c-3a52-d413-1c62238d98a9}, " 47", "2026-09-03T19:42:16.367Z",        0, "", "", "2026-09-03T18:42:16.367248900Z", {00000000-0000-0000-0000-000000000000}
     Unknown,         17,           17,          0,          0,          0,          0,          0, 0x0000000000000000, 0x000015D4, 0x00000928,                    2,             ,                     ,   {00000000-0000-0000-0000-000000000000},                                         ,   134329345363672500,          0,          0, "Unknown", "", "Unknown( 17): GUID=4224fc64-62d2-39ef-e09d-540716e6c5d6 (No Format Information found).", "", "", {4224fc64-62d2-39ef-e09d-540716e6c5d6}, " 17", "2026-09-03T19:42:16.367Z",        0, "", "", "2026-09-03T18:42:16.367250000Z", {00000000-0000-0000-0000-000000000000}
     Unknown,         18,           18,          0,          0,          0,          0,          0, 0x0000000000000000, 0x000015D4, 0x00000928,                    2,             ,                     ,   {00000000-0000-0000-0000-000000000000},                                         ,   134329345363672503,          0,          0, "Unknown", "", "Unknown( 18): GUID=4224fc64-62d2-39ef-e09d-540716e6c5d6 (No Format Information found).", "", "", {4224fc64-62d2-39ef-e09d-540716e6c5d6}, " 18", "2026-09-03T19:42:16.367Z",        0, "", "", "2026-09-03T18:42:16.367250300Z", {00000000-0000-0000-0000-000000000000}
     Unknown,         11,           11,          0,          0,          0,          0,          0, 0x0000000000000000, 0x000015D4, 0x00000928,                    2,             ,                     ,   {00000000-0000-0000-0000-000000000000},                                         ,   134329345363672509,          0,          0, "Unknown", "", "Unknown( 11): GUID=4d0a826c-214c-3a52-d413-1c62238d98a9 (No Format Information found).", "", "", {4d0a826c-214c-3a52-d413-1c62238d98a9}, " 11", "2026-09-03T19:42:16.367Z",        0, "", "", "2026-09-03T18:42:16.367250900Z", {00000000-0000-0000-0000-000000000000}
     Unknown,         14,           14,          0,          0,          0,          0,          0, 0x0000000000000000, 0x000015D4, 0x00000928,                    2,             ,                     ,   {00000000-0000-0000-0000-000000000000},                                         ,   134329345363672620,          0,          0, "Unknown", "", "Unknown( 14): GUID=4d0a826c-214c-3a52-d413-1c62238d98a9 (No Format Information found).", "", "", {4d0a826c-214c-3a52-d413-1c62238d98a9}, " 14", "2026-09-03T19:42:16.367Z",        0, "", "", "2026-09-03T18:42:16.367262000Z", {00000000-0000-0000-0000-000000000000}
     Unknown,         14,           14,          0,          0,          0,          0,          0, 0x0000000000000000, 0x000015D4, 0x00000928,                    2,             ,                     ,   {00000000-0000-0000-0000-000000000000},                                         ,   134329345363672625,          0,          0, "Unknown", "", "Unknown( 14): GUID=4224fc64-62d2-39ef-e09d-540716e6c5d6 (No Format Information found).", "", "", {4224fc64-62d2-39ef-e09d-540716e6c5d6}, " 14", "2026-09-03T19:42:16.367Z",        0, "", "", "2026-09-03T18:42:16.367262500Z", {00000000-0000-0000-0000-000000000000}
     Unknown,         16,           16,          0,          0,          0,          0,          0, 0x0000000000000000, 0x000015D4, 0x00000928,                    2,             ,                     ,   {00000000-0000-0000-0000-000000000000},                                         ,   134329345363672628,          0,          0, "Unknown", "", "Unknown( 16): GUID=4224fc64-62d2-39ef-e09d-540716e6c5d6 (No Format Information found).", "", "", {4224fc64-62d2-39ef-e09d-540716e6c5d6}, " 16", "2026-09-03T19:42:16.367Z",        0, "", "", "2026-09-03T18:42:16.367262800Z", {00000000-0000-0000-0000-000000000000}
     Unknown,         24,           24,          0,          0,          0,          0,          0, 0x0000000000000000, 0x000015D4, 0x00000928,                    2,             ,                     ,   {00000000-0000-0000-0000-000000000000},                                         ,   134329345363672632,          0,          0, "Unknown", "", "Unknown( 24): GUID=0fb1d466-81b3-31a7-af11-67046103ae69 (No Format Information found).", "", "", {0fb1d466-81b3-31a7-af11-67046103ae69}, " 24", "2026-09-03T19:42:16.367Z",        0, "", "", "2026-09-03T18:42:16.367263200Z", {00000000-0000-0000-0000-000000000000}
     Unknown,         25,           25,          0,          0,          0,          0,          0, 0x0000000000000000, 0x000015D4, 0x00000928,                    2,             ,                     ,   {00000000-0000-0000-0000-000000000000},                                         ,   134329345363672634,          0,          0, "Unknown", "", "Unknown( 25): GUID=0fb1d466-81b3-31a7-af11-67046103ae69 (No Format Information found).", "", "", {0fb1d466-81b3-31a7-af11-67046103ae69}, " 25", "2026-09-03T19:42:16.367Z",        0, "", "", "2026-09-03T18:42:16.367263400Z", {00000000-0000-0000-0000-000000000000}
     Unknown,         46,           46,          0,          0,          0,          0,          0, 0x0000000000000000, 0x000015D4, 0x00000928,                    2,             ,                     ,   {00000000-0000-0000-0000-000000000000},                                         ,   134329345363672661,          0,          0, "Unknown", "", "Unknown( 46): GUID=4d0a826c-214c-3a52-d413-1c62238d98a9 (No Format Information found).", "", "", {4d0a826c-214c-3a52-d413-1c62238d98a9}, " 46", "2026-09-03T19:42:16.367Z",        0, "", "", "2026-09-03T18:42:16.367266100Z", {00000000-0000-0000-0000-000000000000}
     Unknown,         45,           45,          0,          0,          0,          0,          0, 0x0000000000000000, 0x000015D4, 0x00000928,                    2,             ,                     ,   {00000000-0000-0000-0000-000000000000},                                         ,   134329345363672665,          0,          0, "Unknown", "", "Unknown( 45): GUID=4d0a826c-214c-3a52-d413-1c62238d98a9 (No Format Information found).", "", "", {4d0a826c-214c-3a52-d413-1c62238d98a9}, " 45", "2026-09-03T19:42:16.367Z",        0, "", "", "2026-09-03T18:42:16.367266500Z", {00000000-0000-0000-0000-000000000000}
     Unknown,         24,           24,          0,          0,          0,          0,          0, 0x0000000000000000, 0x000015D4, 0x00000928,                    2,             ,                     ,   {00000000-0000-0000-0000-000000000000},                                         ,   134329345363672668,          0,          0, "Unknown", "", "Unknown( 24): GUID=0fb1d466-81b3-31a7-af11-67046103ae69 (No Format Information found).", "", "", {0fb1d466-81b3-31a7-af11-67046103ae69}, " 24", "2026-09-03T19:42:16.367Z",        0, "", "", "2026-09-03T18:42:16.367266800Z", {00000000-0000-0000-0000-000000000000}
     Unknown,         25,           25,          0,          0,          0,          0,          0, 0x0000000000000000, 0x000015D4, 0x00000928,                    2,             ,                     ,   {00000000-0000-0000-0000-000000000000},                                         ,   134329345363672670,          0,          0, "Unknown", "", "Unknown( 25): GUID=0fb1d466-81b3-31a7-af11-67046103ae69 (No Format Information found).", "", "", {0fb1d466-81b3-31a7-af11-67046103ae69}, " 25", "2026-09-03T19:42:16.367Z",        0, "", "", "2026-09-03T18:42:16.367267000Z", {00000000-0000-0000-0000-000000000000}
     Unknown,         47,           47,          0,          0,          0,          0,          0, 0x0000000000000000, 0x000015D4, 0x00000928,                    2,             ,                     ,   {00000000-0000-0000-0000-000000000000},                                         ,   134329345363672674,          0,          0, "Unknown", "", "Unknown( 47): GUID=4d0a826c-214c-3a52-d413-1c62238d98a9 (No Format Information found).", "", "", {4d0a826c-214c-3a52-d413-1c62238d98a9}, " 47", "2026-09-03T19:42:16.367Z",        0, "", "", "2026-09-03T18:42:16.367267400Z", {00000000-0000-0000-0000-000000000000}
     Unknown,         17,           17,          0,          0,          0,          0,          0, 0x0000000000000000, 0x000015D4, 0x00000928,                    2,             ,                     ,   {00000000-0000-0000-0000-000000000000},                                         ,   134329345363672679,          0,          0, "Unknown", "", "Unknown( 17): GUID=4224fc64-62d2-39ef-e09d-540716e6c5d6 (No Format Information found).", "", "", {4224fc64-62d2-39ef-e09d-540716e6c5d6}, " 17", "2026-09-03T19:42:16.367Z",        0, "", "", "2026-09-03T18:42:16.367267900Z", {00000000-0000-0000-0000-000000000000}
     Unknown,         18,           18,          0,          0,          0,          0,          0, 0x0000000000000000, 0x000015D4, 0x00000928,                    2,             ,                     ,   {00000000-0000-0000-0000-000000000000},                                         ,   134329345363672681,          0,          0, "Unknown", "", "Unknown( 18): GUID=4224fc64-62d2-39ef-e09d-540716e6c5d6 (No Format Information found).", "", "", {4224fc64-62d2-39ef-e09d-540716e6c5d6}, " 18", "2026-09-03T19:42:16.367Z",        0, "", "", "2026-09-03T18:42:16.367268100Z", {00000000-0000-0000-0000-000000000000}
     Unknown,         15,           15,          0,          0,          0,          0,          0, 0x0000000000000000, 0x000015D4, 0x00000928,                    2,             ,                     ,   {00000000-0000-0000-0000-000000000000},                                         ,   134329345363672684,          0,          0, "Unknown", "", "Unknown( 15): GUID=4d0a826c-214c-3a52-d413-1c62238d98a9 (No Format Information found).", "", "", {4d0a826c-214c-3a52-d413-1c62238d98a9}, " 15", "2026-09-03T19:42:16.367Z",        0, "", "", "2026-09-03T18:42:16.367268400Z", {00000000-0000-0000-0000-000000000000}
     Unknown,         14,           14,          0,          0,          0,          0,          0, 0x0000000000000000, 0x000015D4, 0x00000928,                    2,             ,                     ,   {00000000-0000-0000-0000-000000000000},                                         ,   134329345363672704,          0,          0, "Unknown", "", "Unknown( 14): GUID=4d0a826c-214c-3a52-d413-1c62238d98a9 (No Format Information found).", "", "", {4d0a826c-214c-3a52-d413-1c62238d98a9}, " 14", "2026-09-03T19:42:16.367Z",        0, "", "", "2026-09-03T18:42:16.367270400Z", {00000000-0000-0000-0000-000000000000}
     Unknown,         14,           14,          0,          0,          0,          0,          0, 0x0000000000000000, 0x000015D4, 0x00000928,                    2,             ,                     ,   {00000000-0000-0000-0000-000000000000},                                         ,   134329345363672707,          0,          0, "Unknown", "", "Unknown( 14): GUID=4224fc64-62d2-39ef-e09d-540716e6c5d6 (No Format Information found).", "", "", {4224fc64-62d2-39ef-e09d-540716e6c5d6}, " 14", "2026-09-03T19:42:16.367Z",        0, "", "", "2026-09-03T18:42:16.367270700Z", {00000000-0000-0000-0000-000000000000}
     Unknown,         16,           16,          0,          0,          0,          0,          0, 0x0000000000000000, 0x000015D4, 0x00000928,                    2,             ,                     ,   {00000000-0000-0000-0000-000000000000},                                         ,   134329345363672710,          0,          0, "Unknown", "", "Unknown( 16): GUID=4224fc64-62d2-39ef-e09d-540716e6c5d6 (No Format Information found).", "", "", {4224fc64-62d2-39ef-e09d-540716e6c5d6}, " 16", "2026-09-03T19:42:16.367Z",        0, "", "", "2026-09-03T18:42:16.367271000Z", {00000000-0000-0000-0000-000000000000}
     Unknown,         24,           24,          0,          0,          0,          0,          0, 0x0000000000000000, 0x000015D4, 0x00000928,                    2,             ,                     ,   {00000000-0000-0000-0000-000000000000},                                         ,   134329345363672713,          0,          0, "Unknown", "", "Unknown( 24): GUID=0fb1d466-81b3-31a7-af11-67046103ae69 (No Format Information found).", "", "", {0fb1d466-81b3-31a7-af11-67046103ae69}, " 24", "2026-09-03T19:42:16.367Z",        0, "", "", "2026-09-03T18:42:16.367271300Z", {00000000-0000-0000-0000-000000000000}
     Unknown,         25,           25,          0,          0,          0,          0,          0, 0x0000000000000000, 0x000015D4, 0x00000928,                    2,             ,                     ,   {00000000-0000-0000-0000-000000000000},                                         ,   134329345363672715,          0,          0, "Unknown", "", "Unknown( 25): GUID=0fb1d466-81b3-31a7-af11-67046103ae69 (No Format Information found).", "", "", {0fb1d466-81b3-31a7-af11-67046103ae69}, " 25", "2026-09-03T19:42:16.367Z",        0, "", "", "2026-09-03T18:42:16.367271500Z", {00000000-0000-0000-0000-000000000000}
     Unknown,         46,           46,          0,          0,          0,          0,          0, 0x0000000000000000, 0x000015D4, 0x00000928,                    2,             ,                     ,   {00000000-0000-0000-0000-000000000000},                                         ,   134329345363672725,          0,          0, "Unknown", "", "Unknown( 46): GUID=4d0a826c-214c-3a52-d413-1c62238d98a9 (No Format Information found).", "", "", {4d0a826c-214c-3a52-d413-1c62238d98a9}, " 46", "2026-09-03T19:42:16.367Z",        0, "", "", "2026-09-03T18:42:16.367272500Z", {00000000-0000-0000-0000-000000000000}
     Unknown,         45,           45,          0,          0,          0,          0,          0, 0x0000000000000000, 0x000015D4, 0x00000928,                    2,             ,                     ,   {00000000-0000-0000-0000-000000000000},                                         ,   134329345363672730,          0,          0, "Unknown", "", "Unknown( 45): GUID=4d0a826c-214c-3a52-d413-1c62238d98a9 (No Format Information found).", "", "", {4d0a826c-214c-3a52-d413-1c62238d98a9}, " 45", "2026-09-03T19:42:16.367Z",        0, "", "", "2026-09-03T18:42:16.367273000Z", {00000000-0000-0000-0000-000000000000}
     Unknown,         24,           24,          0,          0,          0,          0,          0, 0x0000000000000000, 0x000015D4, 0x00000928,                    2,             ,                     ,   {00000000-0000-0000-0000-000000000000},                                         ,   134329345363672733,          0,          0, "Unknown", "", "Unknown( 24): GUID=0fb1d466-81b3-31a7-af11-67046103ae69 (No Format Information found).", "", "", {0fb1d466-81b3-31a7-af11-67046103ae69}, " 24", "2026-09-03T19:42:16.367Z",        0, "", "", "2026-09-03T18:42:16.367273300Z", {00000000-0000-0000-0000-000000000000}
     Unknown,         25,           25,          0,          0,          0,          0,          0, 0x0000000000000000, 0x000015D4, 0x00000928,                    2,             ,                     ,   {00000000-0000-0000-0000-000000000000},                                         ,   134329345363672735,          0,          0, "Unknown", "", "Unknown( 25): GUID=0fb1d466-81b3-31a7-af11-67046103ae69 (No Format Information found).", "", "", {0fb1d466-81b3-31a7-af11-67046103ae69}, " 25", "2026-09-03T19:42:16.367Z",        0, "", "", "2026-09-03T18:42:16.367273500Z", {00000000-0000-0000-0000-000000000000}
     Unknown,         47,           47,          0,          0,          0,          0,          0, 0x0000000000000000, 0x000015D4, 0x00000928,                    2,             ,                     ,   {00000000-0000-0000-0000-000000000000},                                         ,   134329345363672737,          0,          0, "Unknown", "", "Unknown( 47): GUID=4d0a826c-214c-3a52-d413-1c62238d98a9 (No Format Information found).", "", "", {4d0a826c-214c-3a52-d413-1c62238d98a9}, " 47", "2026-09-03T19:42:16.367Z",        0, "", "", "2026-09-03T18:42:16.367273700Z", {00000000-0000-0000-0000-000000000000}
     Unknown,         17,           17,          0,          0,          0,          0,          0, 0x0000000000000000, 0x000015D4, 0x00000928,                    2,             ,                     ,   {00000000-0000-0000-0000-000000000000},                                         ,   134329345363672741,          0,          0, "Unknown", "", "Unknown( 17): GUID=4224fc64-62d2-39ef-e09d-540716e6c5d6 (No Format Information found).", "", "", {4224fc64-62d2-39ef-e09d-540716e6c5d6}, " 17", "2026-09-03T19:42:16.367Z",        0, "", "", "2026-09-03T18:42:16.367274100Z", {00000000-0000-0000-0000-000000000000}
     Unknown,         18,           18,          0,          0,          0,          0,          0, 0x0000000000000000, 0x000015D4, 0x00000928,                    2,             ,                     ,   {00000000-0000-0000-0000-000000000000},                                         ,   134329345363672743,          0,          0, "Unknown", "", "Unknown( 18): GUID=4224fc64-62d2-39ef-e09d-540716e6c5d6 (No Format Information found).", "", "", {4224fc64-62d2-39ef-e09d-540716e6c5d6}, " 18", "2026-09-03T19:42:16.367Z",        0, "", "", "2026-09-03T18:42:16.367274300Z", {00000000-0000-0000-0000-000000000000}
     Unknown,         15,           15,          0,          0,          0,          0,          0, 0x0000000000000000, 0x000015D4, 0x00000928,                    2,             ,                     ,   {00000000-0000-0000-0000-000000000000},                                         ,   134329345363672745,          0,          0, "Unknown", "", "Unknown( 15): GUID=4d0a826c-214c-3a52-d413-1c62238d98a9 (No Format Information found).", "", "", {4d0a826c-214c-3a52-d413-1c62238d98a9}, " 15", "2026-09-03T19:42:16.367Z",        0, "", "", "2026-09-03T18:42:16.367274500Z", {00000000-0000-0000-0000-000000000000}
     Unknown,         14,           14,          0,          0,          0,          0,          0, 0x0000000000000000, 0x000015D4, 0x00000928,                    2,             ,                     ,   {00000000-0000-0000-0000-000000000000},                                         ,   134329345363673023,          0,          0, "Unknown", "", "Unknown( 14): GUID=4224fc64-62d2-39ef-e09d-540716e6c5d6 (No Format Information found).", "", "", {4224fc64-62d2-39ef-e09d-540716e6c5d6}, " 14", "2026-09-03T19:42:16.367Z",        0, "", "", "2026-09-03T18:42:16.367302300Z", {00000000-0000-0000-0000-000000000000}
     Unknown,         14,           14,          0,          0,          0,          0,          0, 0x0000000000000000, 0x000015D4, 0x00000928,                    2,             ,                     ,   {00000000-0000-0000-0000-000000000000},                                         ,   134329345363673054,          0,          0, "Unknown", "", "Unknown( 14): GUID=4d0a826c-214c-3a52-d413-1c62238d98a9 (No Format Information found).", "", "", {4d0a826c-214c-3a52-d413-1c62238d98a9}, " 14", "2026-09-03T19:42:16.367Z",        0, "", "", "2026-09-03T18:42:16.367305400Z", {00000000-0000-0000-0000-000000000000}
     Unknown,         14,           14,          0,          0,          0,          0,          0, 0x0000000000000000, 0x000015D4, 0x00000928,                    2,             ,                     ,   {00000000-0000-0000-0000-000000000000},                                         ,   134329345363673058,          0,          0, "Unknown", "", "Unknown( 14): GUID=4224fc64-62d2-39ef-e09d-540716e6c5d6 (No Format Information found).", "", "", {4224fc64-62d2-39ef-e09d-540716e6c5d6}, " 14", "2026-09-03T19:42:16.367Z",        0, "", "", "2026-09-03T18:42:16.367305800Z", {00000000-0000-0000-0000-000000000000}
     Unknown,         16,           16,          0,          0,          0,          0,          0, 0x0000000000000000, 0x000015D4, 0x00000928,                    2,             ,                     ,   {00000000-0000-0000-0000-000000000000},                                         ,   134329345363673061,          0,          0, "Unknown", "", "Unknown( 16): GUID=4224fc64-62d2-39ef-e09d-540716e6c5d6 (No Format Information found).", "", "", {4224fc64-62d2-39ef-e09d-540716e6c5d6}, " 16", "2026-09-03T19:42:16.367Z",        0, "", "", "2026-09-03T18:42:16.367306100Z", {00000000-0000-0000-0000-000000000000}
     Unknown,         24,           24,          0,          0,          0,          0,          0, 0x0000000000000000, 0x000015D4, 0x00000928,                    2,             ,                     ,   {00000000-0000-0000-0000-000000000000},                                         ,   134329345363673064,          0,          0, "Unknown", "", "Unknown( 24): GUID=0fb1d466-81b3-31a7-af11-67046103ae69 (No Format Information found).", "", "", {0fb1d466-81b3-31a7-af11-67046103ae69}, " 24", "2026-09-03T19:42:16.367Z",        0, "", "", "2026-09-03T18:42:16.367306400Z", {00000000-0000-0000-0000-000000000000}
     Unknown,         25,           25,          0,          0,          0,          0,          0, 0x0000000000000000, 0x000015D4, 0x00000928,                    2,             ,                     ,   {00000000-0000-0000-0000-000000000000},                                         ,   134329345363673066,          0,          0, "Unknown", "", "Unknown( 25): GUID=0fb1d466-81b3-31a7-af11-67046103ae69 (No Format Information found).", "", "", {0fb1d466-81b3-31a7-af11-67046103ae69}, " 25", "2026-09-03T19:42:16.367Z",        0, "", "", "2026-09-03T18:42:16.367306600Z", {00000000-0000-0000-0000-000000000000}
     Unknown,         46,           46,          0,          0,          0,          0,          0, 0x0000000000000000, 0x000015D4, 0x00000928,                    2,             ,                     ,   {00000000-0000-0000-0000-000000000000},                                         ,   134329345363673127,          0,          0, "Unknown", "", "Unknown( 46): GUID=4d0a826c-214c-3a52-d413-1c62238d98a9 (No Format Information found).", "", "", {4d0a826c-214c-3a52-d413-1c62238d98a9}, " 46", "2026-09-03T19:42:16.367Z",        0, "", "", "2026-09-03T18:42:16.367312700Z", {00000000-0000-0000-0000-000000000000}
     Unknown,         45,           45,          0,          0,          0,          0,          0, 0x0000000000000000, 0x000015D4, 0x00000928,                    2,             ,                     ,   {00000000-0000-0000-0000-000000000000},                                         ,   134329345363673133,          0,          0, "Unknown", "", "Unknown( 45): GUID=4d0a826c-214c-3a52-d413-1c62238d98a9 (No Format Information found).", "", "", {4d0a826c-214c-3a52-d413-1c62238d98a9}, " 45", "2026-09-03T19:42:16.367Z",        0, "", "", "2026-09-03T18:42:16.367313300Z", {00000000-0000-0000-0000-000000000000}
     Unknown,         24,           24,          0,          0,          0,          0,          0, 0x0000000000000000, 0x000015D4, 0x00000928,                    2,             ,                     ,   {00000000-0000-0000-0000-000000000000},                                         ,   134329345363673136,          0,          0, "Unknown", "", "Unknown( 24): GUID=0fb1d466-81b3-31a7-af11-67046103ae69 (No Format Information found).", "", "", {0fb1d466-81b3-31a7-af11-67046103ae69}, " 24", "2026-09-03T19:42:16.367Z",        0, "", "", "2026-09-03T18:42:16.367313600Z", {00000000-0000-0000-0000-000000000000}
     Unknown,         25,           25,          0,          0,          0,          0,          0, 0x0000000000000000, 0x000015D4, 0x00000928,                    2,             ,                     ,   {00000000-0000-0000-0000-000000000000},                                         ,   134329345363673138,          0,          0, "Unknown", "", "Unknown( 25): GUID=0fb1d466-81b3-31a7-af11-67046103ae69 (No Format Information found).", "", "", {0fb1d466-81b3-31a7-af11-67046103ae69}, " 25", "2026-09-03T19:42:16.367Z",        0, "", "", "2026-09-03T18:42:16.367313800Z", {00000000-0000-0000-0000-000000000000}
     Unknown,         47,           47,          0,          0,          0,          0,          0, 0x0000000000000000, 0x000015D4, 0x00000928,                    2,             ,                     ,   {00000000-0000-0000-0000-000000000000},                                         ,   134329345363673141,          0,          0, "Unknown", "", "Unknown( 47): GUID=4d0a826c-214c-3a52-d413-1c62238d98a9 (No Format Information found).", "", "", {4d0a826c-214c-3a52-d413-1c62238d98a9}, " 47", "2026-09-03T19:42:16.367Z",        0, "", "", "2026-09-03T18:42:16.367314100Z", {00000000-0000-0000-0000-000000000000}
     Unknown,         17,           17,          0,          0,          0,          0,          0, 0x0000000000000000, 0x000015D4, 0x00000928,                    2,             ,                     ,   {00000000-0000-0000-0000-000000000000},                                         ,   134329345363673160,          0,          0, "Unknown", "", "Unknown( 17): GUID=4224fc64-62d2-39ef-e09d-540716e6c5d6 (No Format Information found).", "", "", {4224fc64-62d2-39ef-e09d-540716e6c5d6}, " 17", "2026-09-03T19:42:16.367Z",        0, "", "", "2026-09-03T18:42:16.367316000Z", {00000000-0000-0000-0000-000000000000}
     Unknown,         18,           18,          0,          0,          0,          0,          0, 0x0000000000000000, 0x000015D4, 0x00000928,                    2,             ,                     ,   {00000000-0000-0000-0000-000000000000},                                         ,   134329345363673162,          0,          0, "Unknown", "", "Unknown( 18): GUID=4224fc64-62d2-39ef-e09d-540716e6c5d6 (No Format Information found).", "", "", {4224fc64-62d2-39ef-e09d-540716e6c5d6}, " 18", "2026-09-03T19:42:16.367Z",        0, "", "", "2026-09-03T18:42:16.367316200Z", {00000000-0000-0000-0000-000000000000}
     Unknown,         15,           15,          0,          0,          0,          0,          0, 0x0000000000000000, 0x000015D4, 0x00000928,                    2,             ,                     ,   {00000000-0000-0000-0000-000000000000},                                         ,   134329345363673164,          0,          0, "Unknown", "", "Unknown( 15): GUID=4d0a826c-214c-3a52-d413-1c62238d98a9 (No Format Information found).", "", "", {4d0a826c-214c-3a52-d413-1c62238d98a9}, " 15", "2026-09-03T19:42:16.367Z",        0, "", "", "2026-09-03T18:42:16.367316400Z", {00000000-0000-0000-0000-000000000000}
     Unknown,         14,           14,          0,          0,          0,          0,          0, 0x0000000000000000, 0x000015D4, 0x00000928,                    2,             ,                     ,   {00000000-0000-0000-0000-000000000000},                                         ,   134329345363673245,          0,          0, "Unknown", "", "Unknown( 14): GUID=4224fc64-62d2-39ef-e09d-540716e6c5d6 (No Format Information found).", "", "", {4224fc64-62d2-39ef-e09d-540716e6c5d6}, " 14", "2026-09-03T19:42:16.367Z",        0, "", "", "2026-09-03T18:42:16.367324500Z", {00000000-0000-0000-0000-000000000000}
     Unknown,         14,           14,          0,          0,          0,          0,          0, 0x0000000000000000, 0x000015D4, 0x00000928,                    2,             ,                     ,   {00000000-0000-0000-0000-000000000000},                                         ,   134329345363673253,          0,          0, "Unknown", "", "Unknown( 14): GUID=4d0a826c-214c-3a52-d413-1c62238d98a9 (No Format Information found).", "", "", {4d0a826c-214c-3a52-d413-1c62238d98a9}, " 14", "2026-09-03T19:42:16.367Z",        0, "", "", "2026-09-03T18:42:16.367325300Z", {00000000-0000-0000-0000-000000000000}
     Unknown,         14,           14,          0,          0,          0,          0,          0, 0x0000000000000000, 0x000015D4, 0x00000928,                    2,             ,                     ,   {00000000-0000-0000-0000-000000000000},                                         ,   134329345363673256,          0,          0, "Unknown", "", "Unknown( 14): GUID=4224fc64-62d2-39ef-e09d-540716e6c5d6 (No Format Information found).", "", "", {4224fc64-62d2-39ef-e09d-540716e6c5d6}, " 14", "2026-09-03T19:42:16.367Z",        0, "", "", "2026-09-03T18:42:16.367325600Z", {00000000-0000-0000-0000-000000000000}
     Unknown,         16,           16,          0,          0,          0,          0,          0, 0x0000000000000000, 0x000015D4, 0x00000928,                    2,             ,                     ,   {00000000-0000-0000-0000-000000000000},                                         ,   134329345363673259,          0,          0, "Unknown", "", "Unknown( 16): GUID=4224fc64-62d2-39ef-e09d-540716e6c5d6 (No Format Information found).", "", "", {4224fc64-62d2-39ef-e09d-540716e6c5d6}, " 16", "2026-09-03T19:42:16.367Z",        0, "", "", "2026-09-03T18:42:16.367325900Z", {00000000-0000-0000-0000-000000000000}
     Unknown,         24,           24,          0,          0,          0,          0,          0, 0x0000000000000000, 0x000015D4, 0x00000928,                    2,             ,                     ,   {00000000-0000-0000-0000-000000000000},                                         ,   134329345363673262,          0,          0, "Unknown", "", "Unknown( 24): GUID=0fb1d466-81b3-31a7-af11-67046103ae69 (No Format Information found).", "", "", {0fb1d466-81b3-31a7-af11-67046103ae69}, " 24", "2026-09-03T19:42:16.367Z",        0, "", "", "2026-09-03T18:42:16.367326200Z", {00000000-0000-0000-0000-000000000000}
     Unknown,         25,           25,          0,          0,          0,          0,          0, 0x0000000000000000, 0x000015D4, 0x00000928,                    2,             ,                     ,   {00000000-0000-0000-0000-000000000000},                                         ,   134329345363673264,          0,          0, "Unknown", "", "Unknown( 25): GUID=0fb1d466-81b3-31a7-af11-67046103ae69 (No Format Information found).", "", "", {0fb1d466-81b3-31a7-af11-67046103ae69}, " 25", "2026-09-03T19:42:16.367Z",        0, "", "", "2026-09-03T18:42:16.367326400Z", {00000000-0000-0000-0000-000000000000}
     Unknown,         45,           45,          0,          0,          0,          0,          0, 0x0000000000000000, 0x000015D4, 0x00000928,                    2,             ,                     ,   {00000000-0000-0000-0000-000000000000},                                         ,   134329345363674537,          0,          0, "Unknown", "", "Unknown( 45): GUID=4d0a826c-214c-3a52-d413-1c62238d98a9 (No Format Information found).", "", "", {4d0a826c-214c-3a52-d413-1c62238d98a9}, " 45", "2026-09-03T19:42:16.367Z",        0, "", "", "2026-09-03T18:42:16.367453700Z", {00000000-0000-0000-0000-000000000000}
     Unknown,         15,           15,          0,          0,          0,          0,          0, 0x0000000000000000, 0x000015D4, 0x00000928,                    2,             ,                     ,   {00000000-0000-0000-0000-000000000000},                                         ,   134329345363674544,          0,          0, "Unknown", "", "Unknown( 15): GUID=4d0a826c-214c-3a52-d413-1c62238d98a9 (No Format Information found).", "", "", {4d0a826c-214c-3a52-d413-1c62238d98a9}, " 15", "2026-09-03T19:42:16.367Z",        0, "", "", "2026-09-03T18:42:16.367454400Z", {00000000-0000-0000-0000-000000000000}
     Unknown,         46,           46,          0,          0,          0,          0,          0, 0x0000000000000000, 0x00000004, 0x00000110,                    3,             ,                     ,   {00000000-0000-0000-0000-000000000000},                                         ,   134329345363676415,          0,          0, "Unknown", "", "Unknown( 46): GUID=4d0a826c-214c-3a52-d413-1c62238d98a9 (No Format Information found).", "", "", {4d0a826c-214c-3a52-d413-1c62238d98a9}, " 46", "2026-09-03T19:42:16.367Z",        0, "", "", "2026-09-03T18:42:16.367641500Z", {00000000-0000-0000-0000-000000000000}
     Unknown,         24,           24,          0,          0,          0,          0,          0, 0x0000000000000000, 0x00000004, 0x00000110,                    3,             ,                     ,   {00000000-0000-0000-0000-000000000000},                                         ,   134329345363676433,          0,          0, "Unknown", "", "Unknown( 24): GUID=0fb1d466-81b3-31a7-af11-67046103ae69 (No Format Information found).", "", "", {0fb1d466-81b3-31a7-af11-67046103ae69}, " 24", "2026-09-03T19:42:16.367Z",        0, "", "", "2026-09-03T18:42:16.367643300Z", {00000000-0000-0000-0000-000000000000}
     Unknown,         25,           25,          0,          0,          0,          0,          0, 0x0000000000000000, 0x00000004, 0x00000110,                    3,             ,                     ,   {00000000-0000-0000-0000-000000000000},                                         ,   134329345363676437,          0,          0, "Unknown", "", "Unknown( 25): GUID=0fb1d466-81b3-31a7-af11-67046103ae69 (No Format Information found).", "", "", {0fb1d466-81b3-31a7-af11-67046103ae69}, " 25", "2026-09-03T19:42:16.367Z",        0, "", "", "2026-09-03T18:42:16.367643700Z", {00000000-0000-0000-0000-000000000000}
     Unknown,         47,           47,          0,          0,          0,          0,          0, 0x0000000000000000, 0x00000004, 0x00000110,                    3,             ,                     ,   {00000000-0000-0000-0000-000000000000},                                         ,   134329345363676441,          0,          0, "Unknown", "", "Unknown( 47): GUID=4d0a826c-214c-3a52-d413-1c62238d98a9 (No Format Information found).", "", "", {4d0a826c-214c-3a52-d413-1c62238d98a9}, " 47", "2026-09-03T19:42:16.367Z",        0, "", "", "2026-09-03T18:42:16.367644100Z", {00000000-0000-0000-0000-000000000000}
     Unknown,         17,           17,          0,          0,          0,          0,          0, 0x0000000000000000, 0x00000004, 0x00000110,                    3,             ,                     ,   {00000000-0000-0000-0000-000000000000},                                         ,   134329345363677081,          0,          0, "Unknown", "", "Unknown( 17): GUID=4224fc64-62d2-39ef-e09d-540716e6c5d6 (No Format Information found).", "", "", {4224fc64-62d2-39ef-e09d-540716e6c5d6}, " 17", "2026-09-03T19:42:16.367Z",        0, "", "", "2026-09-03T18:42:16.367708100Z", {00000000-0000-0000-0000-000000000000}
     Unknown,         18,           18,          0,          0,          0,          0,          0, 0x0000000000000000, 0x00000004, 0x00000110,                    3,             ,                     ,   {00000000-0000-0000-0000-000000000000},                                         ,   134329345363677087,          0,          0, "Unknown", "", "Unknown( 18): GUID=4224fc64-62d2-39ef-e09d-540716e6c5d6 (No Format Information found).", "", "", {4224fc64-62d2-39ef-e09d-540716e6c5d6}, " 18", "2026-09-03T19:42:16.367Z",        0, "", "", "2026-09-03T18:42:16.367708700Z", {00000000-0000-0000-0000-000000000000}
     Unknown,         16,           16,          0,          0,          0,          0,          0, 0x0000000000000000, 0x000015D4, 0x00000928,                    1,             ,                     ,   {00000000-0000-0000-0000-000000000000},                                         ,   134329345363677902,          0,          0, "Unknown", "", "Unknown( 16): GUID=4d0a826c-214c-3a52-d413-1c62238d98a9 (No Format Information found).", "", "", {4d0a826c-214c-3a52-d413-1c62238d98a9}, " 16", "2026-09-03T19:42:16.367Z",        0, "", "", "2026-09-03T18:42:16.367790200Z", {00000000-0000-0000-0000-000000000000}
     Unknown,         14,           14,          0,          0,          0,          0,          0, 0x0000000000000000, 0x000015D4, 0x00000928,                    1,             ,                     ,   {00000000-0000-0000-0000-000000000000},                                         ,   134329345363677908,          0,          0, "Unknown", "", "Unknown( 14): GUID=4224fc64-62d2-39ef-e09d-540716e6c5d6 (No Format Information found).", "", "", {4224fc64-62d2-39ef-e09d-540716e6c5d6}, " 14", "2026-09-03T19:42:16.367Z",        0, "", "", "2026-09-03T18:42:16.367790800Z", {00000000-0000-0000-0000-000000000000}
     Unknown,         16,           16,          0,          0,          0,          0,          0, 0x0000000000000000, 0x000015D4, 0x00000928,                    1,             ,                     ,   {00000000-0000-0000-0000-000000000000},                                         ,   134329345363677920,          0,          0, "Unknown", "", "Unknown( 16): GUID=4224fc64-62d2-39ef-e09d-540716e6c5d6 (No Format Information found).", "", "", {4224fc64-62d2-39ef-e09d-540716e6c5d6}, " 16", "2026-09-03T19:42:16.367Z",        0, "", "", "2026-09-03T18:42:16.367792000Z", {00000000-0000-0000-0000-000000000000}
     Unknown,         24,           24,          0,          0,          0,          0,          0, 0x0000000000000000, 0x000015D4, 0x00000928,                    1,             ,                     ,   {00000000-0000-0000-0000-000000000000},                                         ,   134329345363677929,          0,          0, "Unknown", "", "Unknown( 24): GUID=0fb1d466-81b3-31a7-af11-67046103ae69 (No Format Information found).", "", "", {0fb1d466-81b3-31a7-af11-67046103ae69}, " 24", "2026-09-03T19:42:16.367Z",        0, "", "", "2026-09-03T18:42:16.367792900Z", {00000000-0000-0000-0000-000000000000}
     Unknown,         25,           25,          0,          0,          0,          0,          0, 0x0000000000000000, 0x000015D4, 0x00000928,                    1,             ,                     ,   {00000000-0000-0000-0000-000000000000},                                         ,   134329345363677932,          0,          0, "Unknown", "", "Unknown( 25): GUID=0fb1d466-81b3-31a7-af11-67046103ae69 (No Format Information found).", "", "", {0fb1d466-81b3-31a7-af11-67046103ae69}, " 25", "2026-09-03T19:42:16.367Z",        0, "", "", "2026-09-03T18:42:16.367793200Z", {00000000-0000-0000-0000-000000000000}
     Unknown,         46,           46,          0,          0,          0,          0,          0, 0x0000000000000000, 0x000015D4, 0x00000928,                    1,             ,                     ,   {00000000-0000-0000-0000-000000000000},                                         ,   134329345363678020,          0,          0, "Unknown", "", "Unknown( 46): GUID=4d0a826c-214c-3a52-d413-1c62238d98a9 (No Format Information found).", "", "", {4d0a826c-214c-3a52-d413-1c62238d98a9}, " 46", "2026-09-03T19:42:16.367Z",        0, "", "", "2026-09-03T18:42:16.367802000Z", {00000000-0000-0000-0000-000000000000}
     Unknown,         45,           45,          0,          0,          0,          0,          0, 0x0000000000000000, 0x000015D4, 0x00000928,                    1,             ,                     ,   {00000000-0000-0000-0000-000000000000},                                         ,   134329345363678360,          0,          0, "Unknown", "", "Unknown( 45): GUID=4d0a826c-214c-3a52-d413-1c62238d98a9 (No Format Information found).", "", "", {4d0a826c-214c-3a52-d413-1c62238d98a9}, " 45", "2026-09-03T19:42:16.367Z",        0, "", "", "2026-09-03T18:42:16.367836000Z", {00000000-0000-0000-0000-000000000000}
     Unknown,         24,           24,          0,          0,          0,          0,          0, 0x0000000000000000, 0x000015D4, 0x00000928,                    1,             ,                     ,   {00000000-0000-0000-0000-000000000000},                                         ,   134329345363678363,          0,          0, "Unknown", "", "Unknown( 24): GUID=0fb1d466-81b3-31a7-af11-67046103ae69 (No Format Information found).", "", "", {0fb1d466-81b3-31a7-af11-67046103ae69}, " 24", "2026-09-03T19:42:16.367Z",        0, "", "", "2026-09-03T18:42:16.367836300Z", {00000000-0000-0000-0000-000000000000}
     Unknown,         25,           25,          0,          0,          0,          0,          0, 0x0000000000000000, 0x000015D4, 0x00000928,                    1,             ,                     ,   {00000000-0000-0000-0000-000000000000},                                         ,   134329345363678366,          0,          0, "Unknown", "", "Unknown( 25): GUID=0fb1d466-81b3-31a7-af11-67046103ae69 (No Format Information found).", "", "", {0fb1d466-81b3-31a7-af11-67046103ae69}, " 25", "2026-09-03T19:42:16.367Z",        0, "", "", "2026-09-03T18:42:16.367836600Z", {00000000-0000-0000-0000-000000000000}
     Unknown,         47,           47,          0,          0,          0,          0,          0, 0x0000000000000000, 0x000015D4, 0x00000928,                    1,             ,                     ,   {00000000-0000-0000-0000-000000000000},                                         ,   134329345363678370,          0,          0, "Unknown", "", "Unknown( 47): GUID=4d0a826c-214c-3a52-d413-1c62238d98a9 (No Format Information found).", "", "", {4d0a826c-214c-3a52-d413-1c62238d98a9}, " 47", "2026-09-03T19:42:16.367Z",        0, "", "", "2026-09-03T18:42:16.367837000Z", {00000000-0000-0000-0000-000000000000}
     Unknown,         17,           17,          0,          0,          0,          0,          0, 0x0000000000000000, 0x000015D4, 0x00000928,                    1,             ,                     ,   {00000000-0000-0000-0000-000000000000},                                         ,   134329345363678400,          0,          0, "Unknown", "", "Unknown( 17): GUID=4224fc64-62d2-39ef-e09d-540716e6c5d6 (No Format Information found).", "", "", {4224fc64-62d2-39ef-e09d-540716e6c5d6}, " 17", "2026-09-03T19:42:16.367Z",        0, "", "", "2026-09-03T18:42:16.367840000Z", {00000000-0000-0000-0000-000000000000}
     Unknown,         18,           18,          0,          0,          0,          0,          0, 0x0000000000000000, 0x000015D4, 0x00000928,                    1,             ,                     ,   {00000000-0000-0000-0000-000000000000},                                         ,   134329345363678402,          0,          0, "Unknown", "", "Unknown( 18): GUID=4224fc64-62d2-39ef-e09d-540716e6c5d6 (No Format Information found).", "", "", {4224fc64-62d2-39ef-e09d-540716e6c5d6}, " 18", "2026-09-03T19:42:16.367Z",        0, "", "", "2026-09-03T18:42:16.367840200Z", {00000000-0000-0000-0000-000000000000}
     Unknown,         17,           17,          0,          0,          0,          0,          0, 0x0000000000000000, 0x000015D4, 0x00000928,                    1,             ,                     ,   {00000000-0000-0000-0000-000000000000},                                         ,   134329345363678407,          0,          0, "Unknown", "", "Unknown( 17): GUID=4d0a826c-214c-3a52-d413-1c62238d98a9 (No Format Information found).", "", "", {4d0a826c-214c-3a52-d413-1c62238d98a9}, " 17", "2026-09-03T19:42:16.367Z",        0, "", "", "2026-09-03T18:42:16.367840700Z", {00000000-0000-0000-0000-000000000000}
     Unknown,         18,           18,          0,          0,          0,          0,          0, 0x0000000000000000, 0x000015D4, 0x00000928,                    1,             ,                     ,   {00000000-0000-0000-0000-000000000000},                                         ,   134329345363678470,          0,          0, "Unknown", "", "Unknown( 18): GUID=4d0a826c-214c-3a52-d413-1c62238d98a9 (No Format Information found).", "", "", {4d0a826c-214c-3a52-d413-1c62238d98a9}, " 18", "2026-09-03T19:42:16.367Z",        0, "", "", "2026-09-03T18:42:16.367847000Z", {00000000-0000-0000-0000-000000000000}
     Unknown,         14,           14,          0,          0,          0,          0,          0, 0x0000000000000000, 0x000015D4, 0x00000928,                    1,             ,                     ,   {00000000-0000-0000-0000-000000000000},                                         ,   134329345363678473,          0,          0, "Unknown", "", "Unknown( 14): GUID=4224fc64-62d2-39ef-e09d-540716e6c5d6 (No Format Information found).", "", "", {4224fc64-62d2-39ef-e09d-540716e6c5d6}, " 14", "2026-09-03T19:42:16.367Z",        0, "", "", "2026-09-03T18:42:16.367847300Z", {00000000-0000-0000-0000-000000000000}
     Unknown,         16,           16,          0,          0,          0,          0,          0, 0x0000000000000000, 0x000015D4, 0x00000928,                    1,             ,                     ,   {00000000-0000-0000-0000-000000000000},                                         ,   134329345363678477,          0,          0, "Unknown", "", "Unknown( 16): GUID=4224fc64-62d2-39ef-e09d-540716e6c5d6 (No Format Information found).", "", "", {4224fc64-62d2-39ef-e09d-540716e6c5d6}, " 16", "2026-09-03T19:42:16.367Z",        0, "", "", "2026-09-03T18:42:16.367847700Z", {00000000-0000-0000-0000-000000000000}
     Unknown,         24,           24,          0,          0,          0,          0,          0, 0x0000000000000000, 0x000015D4, 0x00000928,                    1,             ,                     ,   {00000000-0000-0000-0000-000000000000},                                         ,   134329345363678480,          0,          0, "Unknown", "", "Unknown( 24): GUID=0fb1d466-81b3-31a7-af11-67046103ae69 (No Format Information found).", "", "", {0fb1d466-81b3-31a7-af11-67046103ae69}, " 24", "2026-09-03T19:42:16.367Z",        0, "", "", "2026-09-03T18:42:16.367848000Z", {00000000-0000-0000-0000-000000000000}
     Unknown,         25,           25,          0,          0,          0,          0,          0, 0x0000000000000000, 0x000015D4, 0x00000928,                    1,             ,                     ,   {00000000-0000-0000-0000-000000000000},                                         ,   134329345363678483,          0,          0, "Unknown", "", "Unknown( 25): GUID=0fb1d466-81b3-31a7-af11-67046103ae69 (No Format Information found).", "", "", {0fb1d466-81b3-31a7-af11-67046103ae69}, " 25", "2026-09-03T19:42:16.367Z",        0, "", "", "2026-09-03T18:42:16.367848300Z", {00000000-0000-0000-0000-000000000000}
     Unknown,         46,           46,          0,          0,          0,          0,          0, 0x0000000000000000, 0x000015D4, 0x00000928,                    1,             ,                     ,   {00000000-0000-0000-0000-000000000000},                                         ,   134329345363678501,          0,          0, "Unknown", "", "Unknown( 46): GUID=4d0a826c-214c-3a52-d413-1c62238d98a9 (No Format Information found).", "", "", {4d0a826c-214c-3a52-d413-1c62238d98a9}, " 46", "2026-09-03T19:42:16.367Z",        0, "", "", "2026-09-03T18:42:16.367850100Z", {00000000-0000-0000-0000-000000000000}
     Unknown,         45,           45,          0,          0,          0,          0,          0, 0x0000000000000000, 0x000015D4, 0x00000928,                    1,             ,                     ,   {00000000-0000-0000-0000-000000000000},                                         ,   134329345363678506,          0,          0, "Unknown", "", "Unknown( 45): GUID=4d0a826c-214c-3a52-d413-1c62238d98a9 (No Format Information found).", "", "", {4d0a826c-214c-3a52-d413-1c62238d98a9}, " 45", "2026-09-03T19:42:16.367Z",        0, "", "", "2026-09-03T18:42:16.367850600Z", {00000000-0000-0000-0000-000000000000}
     Unknown,         24,           24,          0,          0,          0,          0,          0, 0x0000000000000000, 0x000015D4, 0x00000928,                    1,             ,                     ,   {00000000-0000-0000-0000-000000000000},                                         ,   134329345363678509,          0,          0, "Unknown", "", "Unknown( 24): GUID=0fb1d466-81b3-31a7-af11-67046103ae69 (No Format Information found).", "", "", {0fb1d466-81b3-31a7-af11-67046103ae69}, " 24", "2026-09-03T19:42:16.367Z",        0, "", "", "2026-09-03T18:42:16.367850900Z", {00000000-0000-0000-0000-000000000000}
     Unknown,         25,           25,          0,          0,          0,          0,          0, 0x0000000000000000, 0x000015D4, 0x00000928,                    1,             ,                     ,   {00000000-0000-0000-0000-000000000000},                                         ,   134329345363678511,          0,          0, "Unknown", "", "Unknown( 25): GUID=0fb1d466-81b3-31a7-af11-67046103ae69 (No Format Information found).", "", "", {0fb1d466-81b3-31a7-af11-67046103ae69}, " 25", "2026-09-03T19:42:16.367Z",        0, "", "", "2026-09-03T18:42:16.367851100Z", {00000000-0000-0000-0000-000000000000}
     Unknown,         13,           13,          0,          0,          0,          0,          0, 0x0000000000000000, 0x000015D4, 0x00000928,                    1,             ,                     ,   {00000000-0000-0000-0000-000000000000},                                         ,   134329345363678517,          0,          0, "Unknown", "", "Unknown( 13): GUID=4224fc64-62d2-39ef-e09d-540716e6c5d6 (No Format Information found).", "", "", {4224fc64-62d2-39ef-e09d-540716e6c5d6}, " 13", "2026-09-03T19:42:16.367Z",        0, "", "", "2026-09-03T18:42:16.367851700Z", {00000000-0000-0000-0000-000000000000}
     Unknown,         10,           10,          0,          0,          0,          0,          0, 0x0000000000000000, 0x000015D4, 0x00000928,                    1,             ,                     ,   {00000000-0000-0000-0000-000000000000},                                         ,   134329345363678520,          0,          0, "Unknown", "", "Unknown( 10): GUID=4224fc64-62d2-39ef-e09d-540716e6c5d6 (No Format Information found).", "", "", {4224fc64-62d2-39ef-e09d-540716e6c5d6}, " 10", "2026-09-03T19:42:16.367Z",        0, "", "", "2026-09-03T18:42:16.367852000Z", {00000000-0000-0000-0000-000000000000}
     Unknown,         11,           11,          0,          0,          0,          0,          0, 0x0000000000000000, 0x000015D4, 0x00000928,                    1,             ,                     ,   {00000000-0000-0000-0000-000000000000},                                         ,   134329345363678522,          0,          0, "Unknown", "", "Unknown( 11): GUID=4224fc64-62d2-39ef-e09d-540716e6c5d6 (No Format Information found).", "", "", {4224fc64-62d2-39ef-e09d-540716e6c5d6}, " 11", "2026-09-03T19:42:16.367Z",        0, "", "", "2026-09-03T18:42:16.367852200Z", {00000000-0000-0000-0000-000000000000}
     Unknown,         17,           17,          0,          0,          0,          0,          0, 0x0000000000000000, 0x000015D4, 0x00000928,                    1,             ,                     ,   {00000000-0000-0000-0000-000000000000},                                         ,   134329345363678526,          0,          0, "Unknown", "", "Unknown( 17): GUID=b8ec61bc-8b28-3db2-3215-0b702b34e2f1 (No Format Information found).", "", "", {b8ec61bc-8b28-3db2-3215-0b702b34e2f1}, " 17", "2026-09-03T19:42:16.367Z",        0, "", "", "2026-09-03T18:42:16.367852600Z", {00000000-0000-0000-0000-000000000000}
     Unknown,         47,           47,          0,          0,          0,          0,          0, 0x0000000000000000, 0x000015D4, 0x00000928,                    1,             ,                     ,   {00000000-0000-0000-0000-000000000000},                                         ,   134329345363678537,          0,          0, "Unknown", "", "Unknown( 47): GUID=4d0a826c-214c-3a52-d413-1c62238d98a9 (No Format Information found).", "", "", {4d0a826c-214c-3a52-d413-1c62238d98a9}, " 47", "2026-09-03T19:42:16.367Z",        0, "", "", "2026-09-03T18:42:16.367853700Z", {00000000-0000-0000-0000-000000000000}
     Unknown,         17,           17,          0,          0,          0,          0,          0, 0x0000000000000000, 0x000015D4, 0x00000928,                    1,             ,                     ,   {00000000-0000-0000-0000-000000000000},                                         ,   134329345363678541,          0,          0, "Unknown", "", "Unknown( 17): GUID=4224fc64-62d2-39ef-e09d-540716e6c5d6 (No Format Information found).", "", "", {4224fc64-62d2-39ef-e09d-540716e6c5d6}, " 17", "2026-09-03T19:42:16.367Z",        0, "", "", "2026-09-03T18:42:16.367854100Z", {00000000-0000-0000-0000-000000000000}
     Unknown,         18,           18,          0,          0,          0,          0,          0, 0x0000000000000000, 0x000015D4, 0x00000928,                    1,             ,                     ,   {00000000-0000-0000-0000-000000000000},                                         ,   134329345363678543,          0,          0, "Unknown", "", "Unknown( 18): GUID=4224fc64-62d2-39ef-e09d-540716e6c5d6 (No Format Information found).", "", "", {4224fc64-62d2-39ef-e09d-540716e6c5d6}, " 18", "2026-09-03T19:42:16.367Z",        0, "", "", "2026-09-03T18:42:16.367854300Z", {00000000-0000-0000-0000-000000000000}
     Unknown,         19,           19,          0,          0,          0,          0,          0, 0x0000000000000000, 0x000015D4, 0x00000928,                    1,             ,                     ,   {00000000-0000-0000-0000-000000000000},                                         ,   134329345363678545,          0,          0, "Unknown", "", "Unknown( 19): GUID=4d0a826c-214c-3a52-d413-1c62238d98a9 (No Format Information found).", "", "", {4d0a826c-214c-3a52-d413-1c62238d98a9}, " 19", "2026-09-03T19:42:16.367Z",        0, "", "", "2026-09-03T18:42:16.367854500Z", {00000000-0000-0000-0000-000000000000}
LxssUserSessionCreateInstanceBegin,          0,            0,          0,         11,          5,          0,          0, 0x0000000000000000, 0x000015D4, 0x0000082C,                    2,             ,                     ,   {7d47a6bb-3bd3-0002-dbb1-477dd33bdd01},                                         ,   134329345363842238,          0,          0, DataSize=0
LxssUserSessionCreateInstanceEnd,          0,            0,          0,         11,          5,          0,          0, 0x0000000000000000, 0x000015D4, 0x0000082C,                    1,             ,                     ,   {7d47a6bb-3bd3-0002-dbb1-477dd33bdd01},                                         ,   134329345367663955,          0,          0, DataSize=0
LxssVerboseLog,          0,            0,          0,         11,          5,          0,          0, 0x0000000000000000, 0x00001180, 0x0000094C,                    3,             ,                     ,   {00000000-0000-0000-0000-000000000000},                                         ,   134329345370627545,         30,         15, "C:\controlled-package\source\minimal-v8-no-binfmt-mount\src\windows\common\wslutil.cpp", "",      512,        1, 0x80070002, "", ""
LxssUserSessionCreateInstanceBegin,          0,            0,          0,         11,          5,          0,          0, 0x0000000000000000, 0x000015D4, 0x0000082C,                    2,             ,                     ,   {7d47a6bb-3bd3-0002-5eb2-477dd33bdd01},                                         ,   134329345372605893,         15,          0, DataSize=0
LxssUserSessionCreateInstanceEnd,          0,            0,          0,         11,          5,          0,          0, 0x0000000000000000, 0x000015D4, 0x0000082C,                    2,             ,                     ,   {7d47a6bb-3bd3-0002-5eb2-477dd33bdd01},                                         ,   134329345372606607,         15,          0, DataSize=0
LxssUserSessionCreateInstanceBegin,          0,            0,          0,         11,          5,          0,          0, 0x0000000000000000, 0x000015D4, 0x0000082C,                    1,             ,                     ,   {7d47a6bb-3bd3-0003-7daf-477dd33bdd01},                                         ,   134329345375166798,         15,          0, DataSize=0
LxssUserSessionCreateInstanceEnd,          0,            0,          0,         11,          5,          0,          0, 0x0000000000000000, 0x000015D4, 0x0000082C,                    1,             ,                     ,   {7d47a6bb-3bd3-0003-7daf-477dd33bdd01},                                         ,   134329345375167523,         15,          0, DataSize=0
LxssUserSessionCreateInstanceBegin,          0,            0,          0,         11,          5,          0,          0, 0x0000000000000000, 0x000015D4, 0x0000082C,                    2,             ,                     ,   {7d47a6bb-3bd3-0002-76b2-477dd33bdd01},                                         ,   134329345375236713,         15,          0, DataSize=0
LxssUserSessionCreateInstanceEnd,          0,            0,          0,         11,          5,          0,          0, 0x0000000000000000, 0x000015D4, 0x0000082C,                    2,             ,                     ,   {7d47a6bb-3bd3-0002-76b2-477dd33bdd01},                                         ,   134329345375237485,         15,          0, DataSize=0
CreateInstanceBegin,          0,            0,          0,         11,          5,          0,          0, 0x0000000000000000, 0x000015D4, 0x0000082C,                    2,             ,                     ,   {00000000-0000-0000-0000-000000000000},                                         ,   134329345375290153,         15,          0, "2.7.12.0",                0, "Debian2",        2, {9384556e-c162-4432-8603-2f22dc444b40}
AutoProxyEnabled,          0,            0,          0,         11,          5,          0,          0, 0x0000000000000000, 0x000015D4, 0x0000082C,                    1,             ,                     ,   {00000000-0000-0000-0000-000000000000},                                         ,   134329345375446906,         30,          0, 1, 1
OnProxyChange,          0,            0,          0,         11,          5,          0,          0, 0x0000000000000000, 0x000015D4, 0x000008E4,                    2,             ,                     ,   {00000000-0000-0000-0000-000000000000},                                         ,   134329345375447342,          0,         15,                1
CreateVmBegin,          0,            0,          0,         11,          5,          0,          0, 0x0000000000000000, 0x000015D4, 0x0000082C,                    0,             ,                     ,   {00000000-0000-0000-0000-000000000000},                                         ,   134329345375448837,         30,          0, "2.7.12.0",                0, {8c6b6115-bca6-4e8a-92cc-41217abf372d}, 0,     5000, 1, 1, 1, 1, 1, 1, 1, 1, 1, 0, 1, 0, 1, 1, 0, 0, 1, 0, 0, "Absent",    30000, 0,        0, 0, "tun,ip_tables,br_netfilter", 1, 1, 0,       4293808128,        4, "DropCache",       2146904064,     5000, "Nat",        4, 0,       1073741824, 0,    1099511627776,    60000, 0
Run another http proxy query after current completes,          0,            0,          0,         11,          5,          0,          0, 0x0000000000000000, 0x000015D4, 0x00000D3C,                    3,             ,                     ,   {00000000-0000-0000-0000-000000000000},                                         ,   134329345375474018,          0,          0, DataSize=0
DMESG collector created,          0,            0,          0,         11,          5,          0,          0, 0x0000000000000000, 0x000015D4, 0x0000082C,                    0,             ,                     ,   {00000000-0000-0000-0000-000000000000},                                         ,   134329345375498625,         30,          0, DataSize=0
s_GetProxySettingsExCallback-CallbackInfo,          0,            0,          0,         11,          5,          0,          0, 0x0000000000000000, 0x000015D4, 0x000008E8,                    0,             ,                     ,   {00000000-0000-0000-0000-000000000000},                                         ,   134329345375581322,          0,          0, "WINHTTP_CALLBACK_STATUS_GETPROXYSETTINGS_COMPLETE"
s_GetProxySettingsExCallback-Results,          0,            0,          0,         11,          5,          0,          0, 0x0000000000000000, 0x000015D4, 0x000008E8,                    0,             ,                     ,   {00000000-0000-0000-0000-000000000000},                                         ,   134329345375581526,          0,          0, "", "", "",        0
OnProxyRequestComplete,          0,            0,          0,         11,          5,          0,          0, 0x0000000000000000, 0x000015D4, 0x00000D3C,                    0,             ,                     ,   {00000000-0000-0000-0000-000000000000},                                         ,   134329345375584043,          0,          0, "Proxy: , SecureProxy: , PacUrl: , ProxyBypasses: "
s_GetProxySettingsExCallback-CallbackInfo,          0,            0,          0,         11,          5,          0,          0, 0x0000000000000000, 0x000015D4, 0x00000D3C,                    3,             ,                     ,   {00000000-0000-0000-0000-000000000000},                                         ,   134329345375584975,          0,          0, " WINHTTP_CALLBACK_STATUS_HANDLE_CLOSING"
s_GetProxySettingsExCallback-CallbackInfo,          0,            0,          0,         11,          5,          0,          0, 0x0000000000000000, 0x000015D4, 0x000008E4,                    0,             ,                     ,   {00000000-0000-0000-0000-000000000000},                                         ,   134329345375694931,          0,         15, "WINHTTP_CALLBACK_STATUS_GETPROXYSETTINGS_COMPLETE"
s_GetProxySettingsExCallback-Results,          0,            0,          0,         11,          5,          0,          0, 0x0000000000000000, 0x000015D4, 0x000008E4,                    0,             ,                     ,   {00000000-0000-0000-0000-000000000000},                                         ,   134329345375695054,          0,         15, "", "", "",        0
s_GetProxySettingsExCallback-CallbackInfo,          0,            0,          0,         11,          5,          0,          0, 0x0000000000000000, 0x000015D4, 0x00000D3C,                    0,             ,                     ,   {00000000-0000-0000-0000-000000000000},                                         ,   134329345375695729,          0,          0, " WINHTTP_CALLBACK_STATUS_HANDLE_CLOSING"
InitializeSystemDistro,          0,            0,          0,         11,          4,          0,          0, 0x0000000000000000, 0x000015D4, 0x0000082C,                    3,             ,                     ,   {00000000-0000-0000-0000-000000000000},                                         ,   134329345384933666,        120,          0,            24578, 0,        0
{bbccf6c1-6cd1-48c4-80ff-839482e37671},         32,            0,          0,          0,          0,         32,          0, 0x0000000000000000, 0x000014B4, 0x00001740,                    0,             ,                     ,   {00000000-0000-0000-0000-000000000000},                                         ,   134329345386476513,          0,          0, DataSize=632
Microsoft-Windows-Hyper-V-Compute ,          0,         1000,          0,         17,          4,          0,          0, 0x0000000000000000, 0x000014B4, 0x00001740,                    0,             ,                     ,   {00000000-0000-0000-0000-000000000000},                                         ,   134329345386476513,          0,          0, DataSize=0
{bbccf6c1-6cd1-48c4-80ff-839482e37671},         32,            0,          0,          0,          0,         32,          0, 0x0000000000000000, 0x000014B4, 0x00001740,                    3,             ,                     ,   {00000000-0000-0000-0000-000000000000},                                         ,   134329345386770687,         30,          0, DataSize=638
Microsoft-Windows-Hyper-V-Compute ,          0,         1001,          0,         16,          4,          0,          0, 0x0000000000000000, 0x000014B4, 0x00001740,                    3,             ,                     ,   {00000000-0000-0000-0000-000000000000},                                         ,   134329345386770687,         30,          0, DataSize=0
{bbccf6c1-6cd1-48c4-80ff-839482e37671},         32,            0,          0,          0,          0,         32,          0, 0x0000000000000000, 0x000014B4, 0x0000173C,                    2,             ,                     ,   {00000000-0000-0000-0000-000000000000},                                         ,   134329345386778338,          0,          0, DataSize=734
Microsoft-Windows-Hyper-V-Compute ,          0,         2014,          0,         17,          4,          0,          0, 0x0000000000000000, 0x000014B4, 0x0000173C,                    2,             ,                     ,   {00000000-0000-0000-0000-000000000000},                                         ,   134329345386778338,          0,          0, "8C6B6115-BCA6-4E8A-92CC-41217ABF372D"
{bbccf6c1-6cd1-48c4-80ff-839482e37671},         32,            0,          0,          0,          0,         32,          0, 0x0000000000000000, 0x000014B4, 0x0000173C,                    2,             ,                     ,   {00000000-0000-0000-0000-000000000000},                                         ,   134329345386783904,          0,          0, DataSize=864
Microsoft-Windows-Hyper-V-Compute ,          0,         2000,          0,         17,          4,          0,          0, 0x0000000000000000, 0x000014B4, 0x0000173C,                    2,             ,                     ,   {00000000-0000-0000-0000-000000000000},                                         ,   134329345386783904,          0,          0, "8C6B6115-BCA6-4E8A-92CC-41217ABF372D", "0xC0370103"
VmInitialize,          1,            0,          0,         11,          4,          1,          0, 0x0000000000000010, 0x00001658, 0x00001794,                    1,             ,                     ,   {7d47a6bb-3bd3-0001-73b3-477dd33bdd01},                                         ,   134329345388229023,          0,          0,                0,     6036, {8c6b6115-bca6-4e8a-92cc-41217abf372d}
VmNameToIdMapping,          0,            0,          0,         11,          5,          0,          0, 0x0000000000001000, 0x00001658, 0x00001794,                    1,             ,                     ,   {7d47a6bb-3bd3-0001-73b3-477dd33bdd01},                                         ,   134329345388414639,          0,         15, {8c6b6115-bca6-4e8a-92cc-41217abf372d}, "8C6B6115-BCA6-4E8A-92CC-41217ABF372D"
CreateVidPartition,          1,            0,          0,         11,          4,          1,          0, 0x0000000000000800, 0x00001658, 0x00001794,                    1,             ,                     ,   {7d47a6bb-3bd3-0001-78b3-477dd33bdd01},                                         ,   134329345388475672,          0,         15,                0,     6036, {8c6b6115-bca6-4e8a-92cc-41217abf372d}
{bbccf6c1-6cd1-48c4-80ff-839482e37671},         32,            0,          0,          0,          0,         32,          0, 0x0000000000000000, 0x00001658, 0x00001794,                    0,             ,                     ,   {00000000-0000-0000-0000-000000000000},                                         ,   134329345388608768,          0,         30, DataSize=806
Microsoft-Windows-Hyper-V-VID ,          0,         5078,          0,         16,          4,          0,          0, 0x0000000000000000, 0x00001658, 0x00001794,                    0,             ,                     ,   {00000000-0000-0000-0000-000000000000},                                         ,   134329345388608768,          0,         30, {8c6b6115-bca6-4e8a-92cc-41217abf372d}, 0x2
{bbccf6c1-6cd1-48c4-80ff-839482e37671},         32,            0,          0,          0,          0,         32,          0, 0x0000000000000000, 0x00001658, 0x00001794,                    0,             ,                     ,   {00000000-0000-0000-0000-000000000000},                                         ,   134329345388609387,          0,         30, DataSize=1064
Microsoft-Windows-Hyper-V-VID ,     Start ,         5005,          0,         16,          4,          1,       1536, 0x0000000000001002, 0x00001658, 0x00001794,                    0,             ,                     ,   {00000000-0000-0000-0000-000000000000},                                         ,   134329345388609387,          0,         30,                2,              512
{bbccf6c1-6cd1-48c4-80ff-839482e37671},         32,            0,          0,          0,          0,         32,          0, 0x0000000000000000, 0x00001658, 0x00001794,                    0,             ,                     ,   {00000000-0000-0000-0000-000000000000},                                         ,   134329345388609400,          0,         30, DataSize=1914
Microsoft-Windows-Hyper-V-VID ,     Start ,         5046,          0,          0,          4,          1,       1543, 0x0000000000000008, 0x00001658, 0x00001794,                    0,             ,                     ,   {00000000-0000-0000-0000-000000000000},                                         ,   134329345388609400,          0,         30, 0x0, 0xFFFFFFFFFFFFFFFF, 0x200000,          2097152, 0x1, 0x0, 0x73, 0x0, {8c6b6115-bca6-4e8a-92cc-41217abf372d}
{bbccf6c1-6cd1-48c4-80ff-839482e37671},         32,            0,          0,          0,          0,         32,          0, 0x0000000000000000, 0x00001658, 0x00001794,                    0,             ,                     ,   {00000000-0000-0000-0000-000000000000},                                         ,   134329345388609608,          0,         30, DataSize=726
Microsoft-Windows-Hyper-V-VID ,      Stop ,         5047,          0,          0,          4,          2,       1543, 0x0000000000000008, 0x00001658, 0x00001794,                    0,             ,                     ,   {00000000-0000-0000-0000-000000000000},                                         ,   134329345388609608,          0,         30, 0x0,                0
Microsoft-Windows-Hyper-V-VID ,     Start ,         5046,          0,          0,          4,          1,       1543, 0x0000000000000008, 0x00001658, 0x00001794,                    0,             ,                     ,   {00000000-0000-0000-0000-000000000000},                                         ,   134329345388609612,          0,         30, 0x0, 0xFFFFFFFFFFFFFFFF, 0x200000,          2097152, 0x1, 0x0, 0x33, 0x0, {8c6b6115-bca6-4e8a-92cc-41217abf372d}
Microsoft-Windows-Hyper-V-VID ,      Stop ,         5047,          0,          0,          4,          2,       1543, 0x0000000000000008, 0x00001658, 0x00001794,                    0,             ,                     ,   {00000000-0000-0000-0000-000000000000},                                         ,   134329345388619707,          0,         30, 0xFFFFE70BA944E000,              512
{bbccf6c1-6cd1-48c4-80ff-839482e37671},         32,            0,          0,          0,          0,         32,          0, 0x0000000000000000, 0x00001658, 0x00001794,                    0,             ,                     ,   {00000000-0000-0000-0000-000000000000},                                         ,   134329345388619724,          0,         30, DataSize=1262
Microsoft-Windows-Hyper-V-VID ,      Stop ,         5006,          0,         16,          4,          2,       1536, 0x0000000000001002, 0x00001658, 0x00001794,                    0,             ,                     ,   {00000000-0000-0000-0000-000000000000},                                         ,   134329345388619724,          0,         30,                2,              512,                0
Microsoft-Windows-Hyper-V-VID ,     Start ,         5005,          0,         16,          4,          1,       1536, 0x0000000000001002, 0x00001658, 0x00001794,                    0,             ,                     ,   {00000000-0000-0000-0000-000000000000},                                         ,   134329345388624656,          0,         30,                2,             1024
Microsoft-Windows-Hyper-V-VID ,     Start ,         5046,          0,          0,          4,          1,       1543, 0x0000000000000008, 0x00001658, 0x00001794,                    0,             ,                     ,   {00000000-0000-0000-0000-000000000000},                                         ,   134329345388624669,          0,         30, 0x0, 0xFFFFFFFFFFFFFFFF, 0x200000,          4194304, 0x1, 0x0, 0x73, 0x0, {8c6b6115-bca6-4e8a-92cc-41217abf372d}
Microsoft-Windows-Hyper-V-VID ,      Stop ,         5047,          0,          0,          4,          2,       1543, 0x0000000000000008, 0x00001658, 0x00001794,                    0,             ,                     ,   {00000000-0000-0000-0000-000000000000},                                         ,   134329345388624890,          0,         30, 0x0,                0
Microsoft-Windows-Hyper-V-VID ,     Start ,         5046,          0,          0,          4,          1,       1543, 0x0000000000000008, 0x00001658, 0x00001794,                    0,             ,                     ,   {00000000-0000-0000-0000-000000000000},                                         ,   134329345388624893,          0,         30, 0x0, 0xFFFFFFFFFFFFFFFF, 0x200000,          4194304, 0x1, 0x0, 0x33, 0x0, {8c6b6115-bca6-4e8a-92cc-41217abf372d}
Microsoft-Windows-Hyper-V-VID ,      Stop ,         5047,          0,          0,          4,          2,       1543, 0x0000000000000008, 0x00001658, 0x00001794,                    0,             ,                     ,   {00000000-0000-0000-0000-000000000000},                                         ,   134329345388671040,          0,         30, 0xFFFFE70BAA64C000,             1024
Microsoft-Windows-Hyper-V-VID ,      Stop ,         5006,          0,         16,          4,          2,       1536, 0x0000000000001002, 0x00001658, 0x00001794,                    0,             ,                     ,   {00000000-0000-0000-0000-000000000000},                                         ,   134329345388671069,          0,         30,                2,             1024,                0
Microsoft-Windows-Hyper-V-VID ,     Start ,         5005,          0,         16,          4,          1,       1536, 0x0000000000001002, 0x00001658, 0x00001794,                    0,             ,                     ,   {00000000-0000-0000-0000-000000000000},                                         ,   134329345388679197,          0,         30,                2,             1536
Microsoft-Windows-Hyper-V-VID ,     Start ,         5046,          0,          0,          4,          1,       1543, 0x0000000000000008, 0x00001658, 0x00001794,                    0,             ,                     ,   {00000000-0000-0000-0000-000000000000},                                         ,   134329345388679215,          0,         30, 0x0, 0xFFFFFFFFFFFFFFFF, 0x200000,          6291456, 0x1, 0x0, 0x73, 0x0, {8c6b6115-bca6-4e8a-92cc-41217abf372d}
Microsoft-Windows-Hyper-V-VID ,      Stop ,         5047,          0,          0,          4,          2,       1543, 0x0000000000000008, 0x00001658, 0x00001794,                    0,             ,                     ,   {00000000-0000-0000-0000-000000000000},                                         ,   134329345388679429,          0,         30, 0x0,                0
Microsoft-Windows-Hyper-V-VID ,     Start ,         5046,          0,          0,          4,          1,       1543, 0x0000000000000008, 0x00001658, 0x00001794,                    0,             ,                     ,   {00000000-0000-0000-0000-000000000000},                                         ,   134329345388679433,          0,         30, 0x0, 0xFFFFFFFFFFFFFFFF, 0x200000,          6291456, 0x1, 0x0, 0x33, 0x0, {8c6b6115-bca6-4e8a-92cc-41217abf372d}
Microsoft-Windows-Hyper-V-VID ,      Stop ,         5047,          0,          0,          4,          2,       1543, 0x0000000000000008, 0x00001658, 0x00001794,                    0,             ,                     ,   {00000000-0000-0000-0000-000000000000},                                         ,   134329345388837795,         30,         30, 0xFFFFE70BABEE8000,             1536
Microsoft-Windows-Hyper-V-VID ,      Stop ,         5006,          0,         16,          4,          2,       1536, 0x0000000000001002, 0x00001658, 0x00001794,                    0,             ,                     ,   {00000000-0000-0000-0000-000000000000},                                         ,   134329345388837820,         30,         30,                2,             1536,                0
Microsoft-Windows-Hyper-V-VID ,     Start ,         5005,          0,         16,          4,          1,       1536, 0x0000000000001002, 0x00001658, 0x00001794,                    0,             ,                     ,   {00000000-0000-0000-0000-000000000000},                                         ,   134329345388846713,         30,         30,                2,             2048
Microsoft-Windows-Hyper-V-VID ,     Start ,         5046,          0,          0,          4,          1,       1543, 0x0000000000000008, 0x00001658, 0x00001794,                    0,             ,                     ,   {00000000-0000-0000-0000-000000000000},                                         ,   134329345388846729,         30,         30, 0x0, 0xFFFFFFFFFFFFFFFF, 0x200000,          8388608, 0x1, 0x0, 0x73, 0x0, {8c6b6115-bca6-4e8a-92cc-41217abf372d}
Microsoft-Windows-Hyper-V-VID ,      Stop ,         5047,          0,          0,          4,          2,       1543, 0x0000000000000008, 0x00001658, 0x00001794,                    0,             ,                     ,   {00000000-0000-0000-0000-000000000000},                                         ,   134329345388846989,         30,         30, 0x0,                0
Microsoft-Windows-Hyper-V-VID ,     Start ,         5046,          0,          0,          4,          1,       1543, 0x0000000000000008, 0x00001658, 0x00001794,                    0,             ,                     ,   {00000000-0000-0000-0000-000000000000},                                         ,   134329345388846995,         30,         30, 0x0, 0xFFFFFFFFFFFFFFFF, 0x200000,          8388608, 0x1, 0x0, 0x33, 0x0, {8c6b6115-bca6-4e8a-92cc-41217abf372d}
Microsoft-Windows-Hyper-V-VID ,      Stop ,         5047,          0,          0,          4,          2,       1543, 0x0000000000000008, 0x00001658, 0x00001794,                    0,             ,                     ,   {00000000-0000-0000-0000-000000000000},                                         ,   134329345389044723,         45,         30, 0xFFFFE70BA95D2000,             2048
Microsoft-Windows-Hyper-V-VID ,      Stop ,         5006,          0,         16,          4,          2,       1536, 0x0000000000001002, 0x00001658, 0x00001794,                    0,             ,                     ,   {00000000-0000-0000-0000-000000000000},                                         ,   134329345389044769,         45,         30,                2,             2048,                0
   VmMemInfo,          0,            0,          0,         11,          5,          0,          0, 0x0000000000000000, 0x00001658, 0x00001794,                    0,             ,                     ,   {00000000-0000-0000-0000-000000000000},                                         ,   134329345389113456,         45,         30,         16777216, {8c6b6115-bca6-4e8a-92cc-41217abf372d},             4364
{bbccf6c1-6cd1-48c4-80ff-839482e37671},         32,            0,          0,          0,          0,         32,          0, 0x0000000000000000, 0x00001658, 0x00001794,                    0,             ,                     ,   {00000000-0000-0000-0000-000000000000},                                         ,   134329345389113493,         45,         30, DataSize=806
Microsoft-Windows-Hyper-V-VID ,          0,         5080,          0,         16,          4,          0,          0, 0x0000000000000000, 0x00001658, 0x00001794,                    0,             ,                     ,   {00000000-0000-0000-0000-000000000000},                                         ,   134329345389113493,         45,         30, {8c6b6115-bca6-4e8a-92cc-41217abf372d}, 0x110C,  0x00000000
Microsoft-Windows-Hyper-V-VID ,     Start ,         5005,          0,         16,          4,          1,       1536, 0x0000000000001002, 0x00001658, 0x00001794,                    0,             ,                     ,   {00000000-0000-0000-0000-000000000000},                                         ,   134329345389114636,         45,         30,                2,              512
Microsoft-Windows-Hyper-V-VID ,     Start ,         5046,          0,          0,          4,          1,       1543, 0x0000000000000008, 0x00001658, 0x00001794,                    0,             ,                     ,   {00000000-0000-0000-0000-000000000000},                                         ,   134329345389114650,         45,         30, 0x0, 0xFFFFFFFFFFFFFFFF, 0x200000,          2097152, 0x1, 0x0, 0x73, 0x0, {8c6b6115-bca6-4e8a-92cc-41217abf372d}
Microsoft-Windows-Hyper-V-VID ,      Stop ,         5047,          0,          0,          4,          2,       1543, 0x0000000000000008, 0x00001658, 0x00001794,                    0,             ,                     ,   {00000000-0000-0000-0000-000000000000},                                         ,   134329345389114803,         45,         30, 0x0,                0
Microsoft-Windows-Hyper-V-VID ,     Start ,         5046,          0,          0,          4,          1,       1543, 0x0000000000000008, 0x00001658, 0x00001794,                    0,             ,                     ,   {00000000-0000-0000-0000-000000000000},                                         ,   134329345389114807,         45,         30, 0x0, 0xFFFFFFFFFFFFFFFF, 0x200000,          2097152, 0x1, 0x0, 0x33, 0x0, {8c6b6115-bca6-4e8a-92cc-41217abf372d}
Microsoft-Windows-Hyper-V-VID ,      Stop ,         5047,          0,          0,          4,          2,       1543, 0x0000000000000008, 0x00001658, 0x00001794,                    0,             ,                     ,   {00000000-0000-0000-0000-000000000000},                                         ,   134329345389140433,         45,         30, 0xFFFFE70BAA64D000,              512
Microsoft-Windows-Hyper-V-VID ,      Stop ,         5006,          0,         16,          4,          2,       1536, 0x0000000000001002, 0x00001658, 0x00001794,                    0,             ,                     ,   {00000000-0000-0000-0000-000000000000},                                         ,   134329345389140461,         45,         30,                2,              512,                0
HvMemPreDepositForVps,          0,            0,          0,         11,          4,          0,          0, 0x0000000000000100, 0x00001658, 0x00001794,                    0,             ,                     ,   {00000000-0000-0000-0000-000000000000},                                         ,   134329345389142940,         45,         30, "VsmmHvMemPreDepositForVps", "onecore\vm\vid\sys\vsmm\vsmmhv.c",     3074,                2, 2147483648,              512,              512
{bbccf6c1-6cd1-48c4-80ff-839482e37671},         32,            0,          0,          0,          0,         32,          0, 0x0000000000000000, 0x00001658, 0x00001794,                    0,             ,                     ,   {00000000-0000-0000-0000-000000000000},                                         ,   134329345389149907,         45,         30, DataSize=940
Microsoft-Windows-Hyper-V-VID ,          0,         5081,          0,         16,          4,          0,          0, 0x0000000000000000, 0x00001658, 0x00001794,                    0,             ,                     ,   {00000000-0000-0000-0000-000000000000},                                         ,   134329345389149907,         45,         30, {8c6b6115-bca6-4e8a-92cc-41217abf372d}, 0x0, 0x17B0,  0x00000000
Microsoft-Windows-Hyper-V-VID ,          0,         5081,          0,         16,          4,          0,          0, 0x0000000000000000, 0x00001658, 0x00001794,                    0,             ,                     ,   {00000000-0000-0000-0000-000000000000},                                         ,   134329345389154588,         60,         30, {8c6b6115-bca6-4e8a-92cc-41217abf372d}, 0x1, 0x17BC,  0x00000000
Microsoft-Windows-Hyper-V-VID ,          0,         5081,          0,         16,          4,          0,          0, 0x0000000000000000, 0x00001658, 0x00001794,                    0,             ,                     ,   {00000000-0000-0000-0000-000000000000},                                         ,   134329345389158259,         60,         30, {8c6b6115-bca6-4e8a-92cc-41217abf372d}, 0x2, 0x6E0,  0x00000000
Microsoft-Windows-Hyper-V-VID ,     Start ,         5005,          0,         16,          4,          1,       1536, 0x0000000000001002, 0x00001658, 0x00001794,                    0,             ,                     ,   {00000000-0000-0000-0000-000000000000},                                         ,   134329345389160301,         60,         30,                2,              512
Microsoft-Windows-Hyper-V-VID ,     Start ,         5046,          0,          0,          4,          1,       1543, 0x0000000000000008, 0x00001658, 0x00001794,                    0,             ,                     ,   {00000000-0000-0000-0000-000000000000},                                         ,   134329345389160317,         60,         30, 0x0, 0xFFFFFFFFFFFFFFFF, 0x200000,          2097152, 0x1, 0x0, 0x73, 0x0, {8c6b6115-bca6-4e8a-92cc-41217abf372d}
Microsoft-Windows-Hyper-V-VID ,      Stop ,         5047,          0,          0,          4,          2,       1543, 0x0000000000000008, 0x00001658, 0x00001794,                    0,             ,                     ,   {00000000-0000-0000-0000-000000000000},                                         ,   134329345389160484,         60,         30, 0x0,                0
Microsoft-Windows-Hyper-V-VID ,     Start ,         5046,          0,          0,          4,          1,       1543, 0x0000000000000008, 0x00001658, 0x00001794,                    0,             ,                     ,   {00000000-0000-0000-0000-000000000000},                                         ,   134329345389160488,         60,         30, 0x0, 0xFFFFFFFFFFFFFFFF, 0x200000,          2097152, 0x1, 0x0, 0x33, 0x0, {8c6b6115-bca6-4e8a-92cc-41217abf372d}
Microsoft-Windows-Hyper-V-VID ,      Stop ,         5047,          0,          0,          4,          2,       1543, 0x0000000000000008, 0x00001658, 0x00001794,                    0,             ,                     ,   {00000000-0000-0000-0000-000000000000},                                         ,   134329345389258654,         60,         30, 0xFFFFE70BAA346000,              512
Microsoft-Windows-Hyper-V-VID ,      Stop ,         5006,          0,         16,          4,          2,       1536, 0x0000000000001002, 0x00001658, 0x00001794,                    0,             ,                     ,   {00000000-0000-0000-0000-000000000000},                                         ,   134329345389258679,         60,         30,                2,              512,                0
Microsoft-Windows-Hyper-V-VID ,          0,         5081,          0,         16,          4,          0,          0, 0x0000000000000000, 0x00001658, 0x00001794,                    0,             ,                     ,   {00000000-0000-0000-0000-000000000000},                                         ,   134329345389265651,         60,         30, {8c6b6115-bca6-4e8a-92cc-41217abf372d}, 0x3, 0x724,  0x00000000
{bbccf6c1-6cd1-48c4-80ff-839482e37671},         32,            0,          0,          0,          0,         32,          0, 0x0000000000000000, 0x00001658, 0x00001794,                    0,             ,                     ,   {00000000-0000-0000-0000-000000000000},                                         ,   134329345389266146,         60,         30, DataSize=880
Microsoft-Windows-Hyper-V-VID ,          0,         3000,          0,         16,          4,          0,          0, 0x0000000000000000, 0x00001658, 0x00001794,                    0,             ,                     ,   {00000000-0000-0000-0000-000000000000},                                         ,   134329345389266146,         60,         30, "8C6B6115-BCA6-4E8A-92CC-41217ABF372D",                2
{bbccf6c1-6cd1-48c4-80ff-839482e37671},         32,            0,          0,          0,          0,         32,          0, 0x0000000000000000, 0x00001658, 0x00001794,                    0,             ,                     ,   {00000000-0000-0000-0000-000000000000},                                         ,   134329345389266396,         60,         30, DataSize=2620
Microsoft-Windows-Hyper-V-VID ,          0,         5095,          0,         16,          4,          0,          0, 0x0000000000000000, 0x00001658, 0x00001794,                    0,             ,                     ,   {00000000-0000-0000-0000-000000000000},                                         ,   134329345389266396,         60,         30, {8c6b6115-bca6-4e8a-92cc-41217abf372d}, "", 0, 1, 0, 0, 0, 1, 0, 0,               16,               16
{bbccf6c1-6cd1-48c4-80ff-839482e37671},         32,            0,          0,          0,          0,         32,          0, 0x0000000000000000, 0x00001658, 0x00001794,                    0,             ,                     ,   {00000000-0000-0000-0000-000000000000},                                         ,   134329345389272702,         60,         30, DataSize=806
Microsoft-Windows-Hyper-V-VID ,          0,         5079,          0,         16,          4,          0,          0, 0x0000000000000000, 0x00001658, 0x00001794,                    0,             ,                     ,   {00000000-0000-0000-0000-000000000000},                                         ,   134329345389272702,         60,         30, {8c6b6115-bca6-4e8a-92cc-41217abf372d}, "8C6B6115-BCA6-4E8A-92CC-41217ABF372D",  0x000000000000000000000000000000000000000000000000000000000000000000000000000000000000000000000000000000000000000000000000000000000000000000000000000000000000000000000000000000000000000000000000000000000000000000000000000000000000000000000000000000000000000000000000000000000000000000000000000000000000000000000000000000000000000000000000000000000000000000000000000000000000000000000000000000000000000000000000000000000000000000000000000000000000000000000000000000000000000000000000000000000000000000000000000000000000000000000000000000000000000000000000000000000000000000000000000000000000000000000000000000000000000000000000000000000000000000000000000000000000000000000000000000000000000000000000000000000000000000000000000000000000000000000000000000000000000000000000000000000000000000000000000000000000000000000000000000000000000000000000000000000000000000000000000000000000
 VID - Error,          0,            0,          0,         11,          2,          0,          0, 0x0000000000000100, 0x00001658, 0x00001794,                    0,             ,                     ,   {00000000-0000-0000-0000-000000000000},                                         ,   134329345389284813,         60,         30, "VidHvStatsPageMappingMap", "onecore\vm\vid\sys\driver\vidhvstats.c",     1155
 VID - Error,          0,            0,          0,         11,          2,          0,          0, 0x0000000000000100, 0x00001658, 0x00001794,                    0,             ,                     ,   {00000000-0000-0000-0000-000000000000},                                         ,   134329345389284833,         60,         30, "VidHvStatsPageMappingMap", "onecore\vm\vid\sys\driver\vidhvstats.c",     1175, The hypervisor could not perform the operation because an invalid parameter was specified.
VID DLL - IOCTL Failed,          0,            0,          0,         11,          2,          0,          0, 0x0000000000000100, 0x00001658, 0x00001794,                    0,             ,                     ,   {00000000-0000-0000-0000-000000000000},                                         ,   134329345389284968,         60,         30, "VidMapHvLocalStatsPage", "onecore\vm\vid\dll\src\viddll.c",     3597, 3224698885, "( ((0x00000022) << 16) | ((0) << 14) | (((VidIoctlPartitionMapHvStatsPageLocal) | (0x1 << 10)) << 2) | (0) )"
 VID - Error,          0,            0,          0,         11,          2,          0,          0, 0x0000000000000100, 0x00001658, 0x00001794,                    0,             ,                     ,   {00000000-0000-0000-0000-000000000000},                                         ,   134329345389285730,         60,         30, "VidHvStatsPageMappingMap", "onecore\vm\vid\sys\driver\vidhvstats.c",     1155
 VID - Error,          0,            0,          0,         11,          2,          0,          0, 0x0000000000000100, 0x00001658, 0x00001794,                    0,             ,                     ,   {00000000-0000-0000-0000-000000000000},                                         ,   134329345389285738,         60,         30, "VidHvStatsPageMappingMap", "onecore\vm\vid\sys\driver\vidhvstats.c",     1175, The hypervisor could not perform the operation because an invalid parameter was specified.
VID DLL - IOCTL Failed,          0,            0,          0,         11,          2,          0,          0, 0x0000000000000100, 0x00001658, 0x00001794,                    0,             ,                     ,   {00000000-0000-0000-0000-000000000000},                                         ,   134329345389285774,         60,         30, "VidMapHvLocalStatsPage", "onecore\vm\vid\dll\src\viddll.c",     3597, 3224698885, "( ((0x00000022) << 16) | ((0) << 14) | (((VidIoctlPartitionMapHvStatsPageLocal) | (0x1 << 10)) << 2) | (0) )"
 VID - Error,          0,            0,          0,         11,          2,          0,          0, 0x0000000000000100, 0x00001658, 0x00001794,                    0,             ,                     ,   {00000000-0000-0000-0000-000000000000},                                         ,   134329345389286207,         60,         30, "VidHvStatsPageMappingMap", "onecore\vm\vid\sys\driver\vidhvstats.c",     1155
 VID - Error,          0,            0,          0,         11,          2,          0,          0, 0x0000000000000100, 0x00001658, 0x00001794,                    0,             ,                     ,   {00000000-0000-0000-0000-000000000000},                                         ,   134329345389286214,         60,         30, "VidHvStatsPageMappingMap", "onecore\vm\vid\sys\driver\vidhvstats.c",     1175, The hypervisor could not perform the operation because an invalid parameter was specified.
VID DLL - IOCTL Failed,          0,            0,          0,         11,          2,          0,          0, 0x0000000000000100, 0x00001658, 0x00001794,                    0,             ,                     ,   {00000000-0000-0000-0000-000000000000},                                         ,   134329345389286246,         60,         30, "VidMapHvLocalStatsPage", "onecore\vm\vid\dll\src\viddll.c",     3597, 3224698885, "( ((0x00000022) << 16) | ((0) << 14) | (((VidIoctlPartitionMapHvStatsPageLocal) | (0x1 << 10)) << 2) | (0) )"
 VID - Error,          0,            0,          0,         11,          2,          0,          0, 0x0000000000000100, 0x00001658, 0x00001794,                    0,             ,                     ,   {00000000-0000-0000-0000-000000000000},                                         ,   134329345389286731,         60,         30, "VidHvStatsPageMappingMap", "onecore\vm\vid\sys\driver\vidhvstats.c",     1155
 VID - Error,          0,            0,          0,         11,          2,          0,          0, 0x0000000000000100, 0x00001658, 0x00001794,                    0,             ,                     ,   {00000000-0000-0000-0000-000000000000},                                         ,   134329345389286737,         60,         30, "VidHvStatsPageMappingMap", "onecore\vm\vid\sys\driver\vidhvstats.c",     1175, The hypervisor could not perform the operation because an invalid parameter was specified.
VID DLL - IOCTL Failed,          0,            0,          0,         11,          2,          0,          0, 0x0000000000000100, 0x00001658, 0x00001794,                    0,             ,                     ,   {00000000-0000-0000-0000-000000000000},                                         ,   134329345389286768,         60,         30, "VidMapHvLocalStatsPage", "onecore\vm\vid\dll\src\viddll.c",     3597, 3224698885, "( ((0x00000022) << 16) | ((0) << 14) | (((VidIoctlPartitionMapHvStatsPageLocal) | (0x1 << 10)) << 2) | (0) )"
 VID - Error,          0,            0,          0,         11,          2,          0,          0, 0x0000000000000100, 0x00001658, 0x00001794,                    0,             ,                     ,   {00000000-0000-0000-0000-000000000000},                                         ,   134329345389287274,         60,         30, "VidHvStatsPageMappingMap", "onecore\vm\vid\sys\driver\vidhvstats.c",     1155
 VID - Error,          0,            0,          0,         11,          2,          0,          0, 0x0000000000000100, 0x00001658, 0x00001794,                    0,             ,                     ,   {00000000-0000-0000-0000-000000000000},                                         ,   134329345389287280,         60,         30, "VidHvStatsPageMappingMap", "onecore\vm\vid\sys\driver\vidhvstats.c",     1175, The hypervisor could not perform the operation because an invalid parameter was specified.
VID DLL - IOCTL Failed,          0,            0,          0,         11,          2,          0,          0, 0x0000000000000100, 0x00001658, 0x00001794,                    0,             ,                     ,   {00000000-0000-0000-0000-000000000000},                                         ,   134329345389287311,         60,         30, "VidMapHvLocalStatsPage", "onecore\vm\vid\dll\src\viddll.c",     3597, 3224698885, "( ((0x00000022) << 16) | ((0) << 14) | (((VidIoctlPartitionMapHvStatsPageLocal) | (0x1 << 10)) << 2) | (0) )"
CreateVidPartition,          2,            0,          0,         11,          4,          2,          0, 0x0000000000000800, 0x00001658, 0x00001794,                    0,             ,                     ,   {7d47a6bb-3bd3-0001-78b3-477dd33bdd01},                                         ,   134329345389288392,         60,         30,                0,        0,     6036
{bbccf6c1-6cd1-48c4-80ff-839482e37671},         32,            0,          0,          0,          0,         32,          0, 0x0000000000000000, 0x00001658, 0x00001794,                    0,             ,                     ,   {00000000-0000-0000-0000-000000000000},                                         ,   134329345389294007,         60,         30, DataSize=2696
Microsoft-Windows-Hyper-V-Worker ,          0,        18609,          1,         16,          4,          0,          0, 0x0000000000000000, 0x00001658, 0x00001794,                    0,             ,                     ,   {00000000-0000-0000-0000-000000000000},                                         ,   134329345389294007,         60,         30, "8C6B6115-BCA6-4E8A-92CC-41217ABF372D", "8C6B6115-BCA6-4E8A-92CC-41217ABF372D", "0x70177CB66F39FBF, 0x1800005000000064", 0x381F, 0x8001000044160,                2,                8,                0,               48
LoadSavedStateRepository,          1,            0,          0,         11,          5,          1,          0, 0x0000000000004000, 0x00001658, 0x00001794,                    0,             ,                     ,   {7d47a6bb-3bd3-0000-71b3-477dd33bdd01},                                         ,   134329345389301852,         75,         30,                0,     6036, {8c6b6115-bca6-4e8a-92cc-41217abf372d}
LoadSavedStateRepository,          2,            0,          0,         11,          5,          2,          0, 0x0000000000004000, 0x00001658, 0x00001794,                    2,             ,                     ,   {7d47a6bb-3bd3-0000-71b3-477dd33bdd01},                                         ,   134329345389321624,         75,         30,                0,        0,     6036
VmbInitialize,          1,            0,          0,         11,          4,          1,          0, 0x0000000000000020, 0x00001658, 0x00001794,                    2,             ,                     ,   {7d47a6bb-3bd3-0002-a2b2-477dd33bdd01},   {7d47a6bb-3bd3-0001-73b3-477dd33bdd01},   134329345389350778,         75,         30,                0,     6036, {8c6b6115-bca6-4e8a-92cc-41217abf372d}
VdevOperation,          1,            0,          0,         11,          5,          1,          0, 0x0000000000000020, 0x00001658, 0x00001794,                    3,             ,                     ,   {7d47a6bb-3bd3-0003-a1af-477dd33bdd01},   {7d47a6bb-3bd3-0002-a2b2-477dd33bdd01},   134329345389812879,        105,         30,                0,     6036, "Microsoft Guest Runtime State", "917BD8CB-3BB6-4124-9383-B7D21AC07F79", "InitializeVirtualDevices", {8c6b6115-bca6-4e8a-92cc-41217abf372d}
VdevOperation,          2,            0,          0,         11,          5,          2,          0, 0x0000000000000020, 0x00001658, 0x00001794,                    3,             ,                     ,   {7d47a6bb-3bd3-0003-a1af-477dd33bdd01},                                         ,   134329345389817690,        105,         30,                0,        0,     6036
VdevOperation,          1,            0,          0,         11,          5,          1,          0, 0x0000000000000020, 0x00001658, 0x00001794,                    3,             ,                     ,   {7d47a6bb-3bd3-0003-a2af-477dd33bdd01},   {7d47a6bb-3bd3-0002-a2b2-477dd33bdd01},   134329345389817750,        105,         30,                0,     6036, "Microsoft Emulated IoAPIC", "72682FC4-040A-430A-BE0B-224574B953FE", "InitializeVirtualDevices", {8c6b6115-bca6-4e8a-92cc-41217abf372d}
VdevOperation,          2,            0,          0,         11,          5,          2,          0, 0x0000000000000020, 0x00001658, 0x00001794,                    3,             ,                     ,   {7d47a6bb-3bd3-0003-a2af-477dd33bdd01},                                         ,   134329345389818848,        105,         30,                0,        0,     6036
VdevOperation,          1,            0,          0,         11,          5,          1,          0, 0x0000000000000020, 0x00001658, 0x00001794,                    3,             ,                     ,   {7d47a6bb-3bd3-0003-a3af-477dd33bdd01},   {7d47a6bb-3bd3-0002-a2b2-477dd33bdd01},   134329345389818889,        105,         30,                0,     6036, "Microsoft Emulated Power Management Device", "DB8B9818-B4BB-4725-B99D-B4612716B6B4", "InitializeVirtualDevices", {8c6b6115-bca6-4e8a-92cc-41217abf372d}
VdevOperation,          2,            0,          0,         11,          5,          2,          0, 0x0000000000000020, 0x00001658, 0x00001794,                    3,             ,                     ,   {7d47a6bb-3bd3-0003-a3af-477dd33bdd01},                                         ,   134329345389819165,        105,         30,                0,        0,     6036
VdevOperation,          1,            0,          0,         11,          5,          1,          0, 0x0000000000000020, 0x00001658, 0x00001794,                    3,             ,                     ,   {7d47a6bb-3bd3-0003-a4af-477dd33bdd01},   {7d47a6bb-3bd3-0002-a2b2-477dd33bdd01},   134329345389819194,        105,         30,                0,     6036, "Microsoft VmBus", "D41A1872-3740-41CE-A1EE-4522AB82F991", "InitializeVirtualDevices", {8c6b6115-bca6-4e8a-92cc-41217abf372d}
VdevOperation,          2,            0,          0,         11,          5,          2,          0, 0x0000000000000020, 0x00001658, 0x00001794,                    3,             ,                     ,   {7d47a6bb-3bd3-0003-a4af-477dd33bdd01},                                         ,   134329345389839430,        105,         30,                0,        0,     6036
VdevOperation,          1,            0,          0,         11,          5,          1,          0, 0x0000000000000020, 0x00001658, 0x00001794,                    3,             ,                     ,   {7d47a6bb-3bd3-0003-a5af-477dd33bdd01},   {7d47a6bb-3bd3-0002-a2b2-477dd33bdd01},   134329345389839540,        105,         30,                0,     6036, "Microsoft Flexible IO Device", "C4B741F5-5582-4C98-8F8B-2E082933C396", "InitializeVirtualDevices", {8c6b6115-bca6-4e8a-92cc-41217abf372d}
VdevOperation,          2,            0,          0,         11,          5,          2,          0, 0x0000000000000020, 0x00001658, 0x00001794,                    3,             ,                     ,   {7d47a6bb-3bd3-0003-a5af-477dd33bdd01},                                         ,   134329345389853408,        105,         30,                0,        0,     6036
VdevOperation,          1,            0,          0,         11,          5,          1,          0, 0x0000000000000020, 0x00001658, 0x00001794,                    3,             ,                     ,   {7d47a6bb-3bd3-0003-a8af-477dd33bdd01},   {7d47a6bb-3bd3-0002-a2b2-477dd33bdd01},   134329345389853530,        105,         30,                0,     6036, "Virtual Battery", "D465D87D-6339-4FF4-93D9-7353E388D889", "InitializeVirtualDevices", {8c6b6115-bca6-4e8a-92cc-41217abf372d}
VdevOperation,          2,            0,          0,         11,          5,          2,          0, 0x0000000000000020, 0x00001658, 0x00001794,                    3,             ,                     ,   {7d47a6bb-3bd3-0003-a8af-477dd33bdd01},                                         ,   134329345389866236,        105,         30,                0,        0,     6036
VdevOperation,          1,            0,          0,         11,          5,          1,          0, 0x0000000000000020, 0x00001658, 0x00001794,                    3,             ,                     ,   {7d47a6bb-3bd3-0003-a9af-477dd33bdd01},   {7d47a6bb-3bd3-0002-a2b2-477dd33bdd01},   134329345389866899,        105,         30,                0,     6036, "Microsoft Virtual BIOS", "AC6B8DC1-3257-4A70-B1B2-A9C9215659AD", "InitializeVirtualDevices", {8c6b6115-bca6-4e8a-92cc-41217abf372d}
VdevOperation,          2,            0,          0,         11,          5,          2,          0, 0x0000000000000020, 0x00001658, 0x00001794,                    3,             ,                     ,   {7d47a6bb-3bd3-0003-a9af-477dd33bdd01},                                         ,   134329345389910195,        105,         30,                0,        0,     6036
VdevOperation,          1,            0,          0,         11,          5,          1,          0, 0x0000000000000020, 0x00001658, 0x00001794,                    3,             ,                     ,   {7d47a6bb-3bd3-0003-aaaf-477dd33bdd01},   {7d47a6bb-3bd3-0002-a2b2-477dd33bdd01},   134329345389910280,        105,         30,                0,     6036, "Microsoft Emulated Real Time Clock", "E51B7EF6-4A7F-4780-AAAE-D4B291AACD2E", "InitializeVirtualDevices", {8c6b6115-bca6-4e8a-92cc-41217abf372d}
VdevOperation,          2,            0,          0,         11,          5,          2,          0, 0x0000000000000020, 0x00001658, 0x00001794,                    3,             ,                     ,   {7d47a6bb-3bd3-0003-aaaf-477dd33bdd01},                                         ,   134329345389913341,        105,         30,                0,        0,     6036
VdevOperation,          1,            0,          0,         11,          5,          1,          0, 0x0000000000000020, 0x00001658, 0x00001794,                    3,             ,                     ,   {7d47a6bb-3bd3-0003-abaf-477dd33bdd01},   {7d47a6bb-3bd3-0002-a2b2-477dd33bdd01},   134329345389913376,        105,         30,                0,     6036, "Microsoft Dynamic Memory Controller", "E3C82929-EDB4-475E-85A4-29AAA2A30C2D", "InitializeVirtualDevices", {8c6b6115-bca6-4e8a-92cc-41217abf372d}
VdevOperation,          2,            0,          0,         11,          5,          2,          0, 0x0000000000000020, 0x00001658, 0x00001794,                    3,             ,                     ,   {7d47a6bb-3bd3-0003-abaf-477dd33bdd01},                                         ,   134329345389916750,        105,         30,                0,        0,     6036
VdevOperation,          1,            0,          0,         11,          5,          1,          0, 0x0000000000000020, 0x00001658, 0x00001794,                    3,             ,                     ,   {7d47a6bb-3bd3-0003-acaf-477dd33bdd01},   {7d47a6bb-3bd3-0002-a2b2-477dd33bdd01},   134329345389916785,        105,         30,                0,     6036, "Virtual SMB Device", "FEA6E63B-45DA-4E32-8B3D-1873B2CE50E7", "InitializeVirtualDevices", {8c6b6115-bca6-4e8a-92cc-41217abf372d}
VdevOperation,          2,            0,          0,         11,          5,          2,          0, 0x0000000000000020, 0x00001658, 0x00001794,                    3,             ,                     ,   {7d47a6bb-3bd3-0003-acaf-477dd33bdd01},                                         ,   134329345389918486,        105,         30,                0,        0,     6036
VdevOperation,          1,            0,          0,         11,          5,          1,          0, 0x0000000000000020, 0x00001658, 0x00001794,                    3,             ,                     ,   {7d47a6bb-3bd3-0003-adaf-477dd33bdd01},   {7d47a6bb-3bd3-0002-a2b2-477dd33bdd01},   134329345389918525,        105,         30,                0,     6036, "Microsoft Guest Interface Component", "6C09BB55-D683-4DA0-8931-C9BF705F6480", "InitializeVirtualDevices", {8c6b6115-bca6-4e8a-92cc-41217abf372d}
VdevOperation,          2,            0,          0,         11,          5,          2,          0, 0x0000000000000020, 0x00001658, 0x00001794,                    3,             ,                     ,   {7d47a6bb-3bd3-0003-adaf-477dd33bdd01},                                         ,   134329345389921188,        105,         30,                0,        0,     6036
VdevOperation,          1,            0,          0,         11,          5,          1,          0, 0x0000000000000020, 0x00001658, 0x00001794,                    3,             ,                     ,   {7d47a6bb-3bd3-0003-aeaf-477dd33bdd01},   {7d47a6bb-3bd3-0002-a2b2-477dd33bdd01},   134329345389921217,        105,         30,                0,     6036, "Microsoft Time Synchronization Component", "2497F4DE-E9FA-4204-80E4-4B75C46419C0", "InitializeVirtualDevices", {8c6b6115-bca6-4e8a-92cc-41217abf372d}
VdevOperation,          2,            0,          0,         11,          5,          2,          0, 0x0000000000000020, 0x00001658, 0x00001794,                    3,             ,                     ,   {7d47a6bb-3bd3-0003-aeaf-477dd33bdd01},                                         ,   134329345389923779,        105,         30,                0,        0,     6036
VdevOperation,          1,            0,          0,         11,          5,          1,          0, 0x0000000000000020, 0x00001658, 0x00001794,                    3,             ,                     ,   {7d47a6bb-3bd3-0003-afaf-477dd33bdd01},   {7d47a6bb-3bd3-0002-a2b2-477dd33bdd01},   134329345389923814,        105,         30,                0,     6036, "Synthetic Storage", "FD1D2CBD-CE7C-535C-966B-EB5F811C95F0", "InitializeVirtualDevices", {8c6b6115-bca6-4e8a-92cc-41217abf372d}
VdevOperation,          2,            0,          0,         11,          5,          2,          0, 0x0000000000000020, 0x00001658, 0x00001794,                    3,             ,                     ,   {7d47a6bb-3bd3-0003-afaf-477dd33bdd01},                                         ,   134329345389926091,        105,         30,                0,        0,     6036
VdevOperation,          1,            0,          0,         11,          5,          1,          0, 0x0000000000000020, 0x00001658, 0x00001794,                    3,             ,                     ,   {7d47a6bb-3bd3-0003-b0af-477dd33bdd01},   {7d47a6bb-3bd3-0002-a2b2-477dd33bdd01},   134329345389926130,        105,         30,                0,     6036, "Microsoft Emulated Serial Controller", "8E3A359F-559A-4B6A-98A9-1690A6100ED7", "InitializeVirtualDevices", {8c6b6115-bca6-4e8a-92cc-41217abf372d}
VdevOperation,          2,            0,          0,         11,          5,          2,          0, 0x0000000000000020, 0x00001658, 0x00001794,                    3,             ,                     ,   {7d47a6bb-3bd3-0003-b0af-477dd33bdd01},                                         ,   134329345389935667,        120,         30,                0,        0,     6036
VmbInitialize,          2,            0,          0,         11,          4,          2,          0, 0x0000000000000020, 0x00001658, 0x00001794,                    3,             ,                     ,   {7d47a6bb-3bd3-0002-a2b2-477dd33bdd01},                                         ,   134329345389936617,        120,         30,                0,        0,     6036
VmStateChange,          0,            0,          0,         11,          4,          0,          0, 0x0000000000000040, 0x00001658, 0x00001794,                    3,             ,                     ,   {00000000-0000-0000-0000-000000000000},                                         ,   134329345389956850,        120,         30, {8c6b6115-bca6-4e8a-92cc-41217abf372d}, "VmStateNotActive", "VmStateStarting", "VmStateReasonInitialized"
VmIndicateStateChange,          0,            0,          0,         11,          4,          0,          0, 0x0000000000000040, 0x00001658, 0x00001794,                    3,             ,                     ,   {00000000-0000-0000-0000-000000000000},                                         ,   134329345389956993,        120,         30, {8c6b6115-bca6-4e8a-92cc-41217abf372d},        0, "VmStateStarting", "VmStateReasonInitialized", "2026-09-03T18:42:18.993593000Z"
Microsoft-Windows-Hyper-V-Worker ,          0,         3086,          0,         16,          4,          0,          0, 0x0000000000000000, 0x00001658, 0x00001794,                    3,             ,                     ,   {00000000-0000-0000-0000-000000000000},                                         ,   134329345389964627,        120,         30, "8C6B6115-BCA6-4E8A-92CC-41217ABF372D", {00430038-0036-0042-3600-310031003500}, "-BCA6-4E8A-92CC-41217ABF372D", "configuration", "Completed VirtualMachine::InitializeInternal",  0x0000
Microsoft-Windows-Hyper-V-Worker ,          0,         3086,          0,         16,          4,          0,          0, 0x0000000000000000, 0x00001658, 0x00001794,                    3,             ,                     ,   {00000000-0000-0000-0000-000000000000},                                         ,   134329345389967222,        120,         30, "8C6B6115-BCA6-4E8A-92CC-41217ABF372D", {00430038-0036-0042-3600-310031003500}, "-BCA6-4E8A-92CC-41217ABF372D", "runtime", "Completed VirtualMachine::InitializeInternal",  0x0000
VmInitialize,          2,            0,          0,         11,          4,          2,          0, 0x0000000000000010, 0x00001658, 0x00001794,                    3,             ,                     ,   {7d47a6bb-3bd3-0001-73b3-477dd33bdd01},                                         ,   134329345389967319,        120,         30,                0,        0,     6036
{bbccf6c1-6cd1-48c4-80ff-839482e37671},         32,            0,          0,          0,          0,         32,          0, 0x0000000000000000, 0x000014B4, 0x0000173C,                    3,             ,                     ,   {00000000-0000-0000-0000-000000000000},                                         ,   134329345389998750,         15,         30, DataSize=1022
Microsoft-Windows-Hyper-V-Compute ,          0,         2009,          0,         17,          4,          0,          0, 0x0000000000000000, 0x000014B4, 0x0000173C,                    3,             ,                     ,   {00000000-0000-0000-0000-000000000000},                                         ,   134329345389998750,         15,         30, "8C6B6115-BCA6-4E8A-92CC-41217ABF372D",        5, "0x00000000"
{bbccf6c1-6cd1-48c4-80ff-839482e37671},         32,            0,          0,          0,          0,         32,          0, 0x0000000000000000, 0x000014B4, 0x0000173C,                    0,             ,                     ,   {00000000-0000-0000-0000-000000000000},                                         ,   134329345390000776,         15,         30, DataSize=1196
Microsoft-Windows-Hyper-V-Compute ,          0,         2008,          0,         17,          4,          0,          0, 0x0000000000000000, 0x000014B4, 0x0000173C,                    0,             ,                     ,   {00000000-0000-0000-0000-000000000000},                                         ,   134329345390000776,         15,         30, "8C6B6115-BCA6-4E8A-92CC-41217ABF372D", "0x00000000",        5, "0x00000000"
Microsoft-Windows-Hyper-V-Compute ,          0,         2009,          0,         17,          4,          0,          0, 0x0000000000000000, 0x000014B4, 0x0000173C,                    0,             ,                     ,   {00000000-0000-0000-0000-000000000000},                                         ,   134329345390007963,         15,         30, "8C6B6115-BCA6-4E8A-92CC-41217ABF372D",       14, "0x00000000"
Microsoft-Windows-Hyper-V-Compute ,          0,         2008,          0,         17,          4,          0,          0, 0x0000000000000000, 0x000014B4, 0x0000173C,                    2,             ,                     ,   {00000000-0000-0000-0000-000000000000},                                         ,   134329345390010578,         15,         30, "8C6B6115-BCA6-4E8A-92CC-41217ABF372D", "0x00000000",       14, "0x00000000"
{bbccf6c1-6cd1-48c4-80ff-839482e37671},         32,            0,          0,          0,          0,         32,          0, 0x0000000000000000, 0x000014B4, 0x0000173C,                    0,             ,                     ,   {00000000-0000-0000-0000-000000000000},                                         ,   134329345390051430,         15,         30, DataSize=862
Microsoft-Windows-Hyper-V-Compute ,          0,         2001,          0,         17,          4,          0,          0, 0x0000000000000000, 0x000014B4, 0x0000173C,                    0,             ,                     ,   {00000000-0000-0000-0000-000000000000},                                         ,   134329345390051430,         15,         30, "8C6B6115-BCA6-4E8A-92CC-41217ABF372D", "0xC0370103"
VmStateChange,          0,            0,          0,         11,          4,          0,          0, 0x0000000000000040, 0x00001658, 0x00001414,                    0,             ,                     ,   {00000000-0000-0000-0000-000000000000},                                         ,   134329345390063079,          0,          0, {8c6b6115-bca6-4e8a-92cc-41217abf372d}, "VmStateStarting", "VmStateStarting", "VmStateReasonStart"
VmIndicateStateChange,          0,            0,          0,         11,          4,          0,          0, 0x0000000000000040, 0x00001658, 0x00001414,                    0,             ,                     ,   {00000000-0000-0000-0000-000000000000},                                         ,   134329345390063212,          0,          0, {8c6b6115-bca6-4e8a-92cc-41217abf372d},        0, "VmStateStarting", "VmStateReasonStart", "2026-09-03T18:42:19.005367600Z"
StartingTask,          1,            0,          0,         11,          4,          1,          0, 0x0000000000000010, 0x00001658, 0x00001414,                    0,             ,                     ,   {7d47a6bb-3bd3-0000-77b3-477dd33bdd01},                                         ,   134329345390063348,          0,          0,                0,     5140, {8c6b6115-bca6-4e8a-92cc-41217abf372d}
VmbOperation,          1,            0,          0,         11,          4,          1,          0, 0x0000000000000020, 0x00001658, 0x00001414,                    0,             ,                     ,   {7d47a6bb-3bd3-0000-78b3-477dd33bdd01},   {7d47a6bb-3bd3-0000-77b3-477dd33bdd01},   134329345390063541,          0,          0,                0,     5140, "StartReservingResources", {8c6b6115-bca6-4e8a-92cc-41217abf372d}
VdevOperation,          1,            0,          0,         11,          5,          1,          0, 0x0000000000000020, 0x00001658, 0x00001414,                    0,             ,                     ,   {7d47a6bb-3bd3-0000-79b3-477dd33bdd01},   {7d47a6bb-3bd3-0000-78b3-477dd33bdd01},   134329345390064210,          0,          0,                0,     5140, "Microsoft Guest Runtime State", "917BD8CB-3BB6-4124-9383-B7D21AC07F79", "VDevStartReservingResources", {8c6b6115-bca6-4e8a-92cc-41217abf372d}
VdevOperation,          2,            0,          0,         11,          5,          2,          0, 0x0000000000000020, 0x00001658, 0x00001414,                    0,             ,                     ,   {7d47a6bb-3bd3-0000-79b3-477dd33bdd01},                                         ,   134329345390064277,          0,          0,                0,        0,     5140
VdevOperation,          1,            0,          0,         11,          5,          1,          0, 0x0000000000000020, 0x00001658, 0x00001414,                    0,             ,                     ,   {7d47a6bb-3bd3-0000-7ab3-477dd33bdd01},   {7d47a6bb-3bd3-0000-78b3-477dd33bdd01},   134329345390064336,          0,          0,                0,     5140, "Microsoft Emulated IoAPIC", "72682FC4-040A-430A-BE0B-224574B953FE", "VDevStartReservingResources", {8c6b6115-bca6-4e8a-92cc-41217abf372d}
VdevOperation,          2,            0,          0,         11,          5,          2,          0, 0x0000000000000020, 0x00001658, 0x00001414,                    0,             ,                     ,   {7d47a6bb-3bd3-0000-7ab3-477dd33bdd01},                                         ,   134329345390064354,          0,          0,                0,        0,     5140
VdevOperation,          1,            0,          0,         11,          5,          1,          0, 0x0000000000000020, 0x00001658, 0x00001414,                    0,             ,                     ,   {7d47a6bb-3bd3-0000-7bb3-477dd33bdd01},   {7d47a6bb-3bd3-0000-78b3-477dd33bdd01},   134329345390064391,          0,          0,                0,     5140, "Microsoft Emulated Power Management Device", "DB8B9818-B4BB-4725-B99D-B4612716B6B4", "VDevStartReservingResources", {8c6b6115-bca6-4e8a-92cc-41217abf372d}
VdevOperation,          2,            0,          0,         11,          5,          2,          0, 0x0000000000000020, 0x00001658, 0x00001414,                    0,             ,                     ,   {7d47a6bb-3bd3-0000-7bb3-477dd33bdd01},                                         ,   134329345390064415,          0,          0,                0,        0,     5140
VdevOperation,          1,            0,          0,         11,          5,          1,          0, 0x0000000000000020, 0x00001658, 0x00001414,                    0,             ,                     ,   {7d47a6bb-3bd3-0000-7cb3-477dd33bdd01},   {7d47a6bb-3bd3-0000-78b3-477dd33bdd01},   134329345390064449,          0,          0,                0,     5140, "Microsoft VmBus", "D41A1872-3740-41CE-A1EE-4522AB82F991", "VDevStartReservingResources", {8c6b6115-bca6-4e8a-92cc-41217abf372d}
VdevOperation,          2,            0,          0,         11,          5,          2,          0, 0x0000000000000020, 0x00001658, 0x00001414,                    0,             ,                     ,   {7d47a6bb-3bd3-0000-7cb3-477dd33bdd01},                                         ,   134329345390064475,          0,          0,                0,        0,     5140
VdevOperation,          1,            0,          0,         11,          5,          1,          0, 0x0000000000000020, 0x00001658, 0x00001414,                    0,             ,                     ,   {7d47a6bb-3bd3-0000-7db3-477dd33bdd01},   {7d47a6bb-3bd3-0000-78b3-477dd33bdd01},   134329345390064505,          0,          0,                0,     5140, "Microsoft Flexible IO Device", "C4B741F5-5582-4C98-8F8B-2E082933C396", "VDevStartReservingResources", {8c6b6115-bca6-4e8a-92cc-41217abf372d}
VdevOperation,          2,            0,          0,         11,          5,          2,          0, 0x0000000000000020, 0x00001658, 0x00001414,                    0,             ,                     ,   {7d47a6bb-3bd3-0000-7db3-477dd33bdd01},                                         ,   134329345390065740,          0,          0,                0,        0,     5140
VdevOperation,          1,            0,          0,         11,          5,          1,          0, 0x0000000000000020, 0x00001658, 0x00001414,                    0,             ,                     ,   {7d47a6bb-3bd3-0000-7eb3-477dd33bdd01},   {7d47a6bb-3bd3-0000-78b3-477dd33bdd01},   134329345390065831,          0,          0,                0,     5140, "Virtual Battery", "D465D87D-6339-4FF4-93D9-7353E388D889", "VDevStartReservingResources", {8c6b6115-bca6-4e8a-92cc-41217abf372d}
VdevOperation,          2,            0,          0,         11,          5,          2,          0, 0x0000000000000020, 0x00001658, 0x00001414,                    0,             ,                     ,   {7d47a6bb-3bd3-0000-7eb3-477dd33bdd01},                                         ,   134329345390065857,          0,          0,                0,        0,     5140
VdevOperation,          1,            0,          0,         11,          5,          1,          0, 0x0000000000000020, 0x00001658, 0x00001414,                    0,             ,                     ,   {7d47a6bb-3bd3-0000-7fb3-477dd33bdd01},   {7d47a6bb-3bd3-0000-78b3-477dd33bdd01},   134329345390065896,          0,          0,                0,     5140, "Microsoft Virtual BIOS", "AC6B8DC1-3257-4A70-B1B2-A9C9215659AD", "VDevStartReservingResources", {8c6b6115-bca6-4e8a-92cc-41217abf372d}
LoadVmFirmware,          0,            0,          0,         11,          4,          0,          0, 0x0000000000001000, 0x00001658, 0x00001414,                    2,             ,                     ,   {00000000-0000-0000-0000-000000000000},                                         ,   134329345390100709,         15,          0, "8C6B6115-BCA6-4E8A-92CC-41217ABF372D", "10.0.26100.7623", "10.0.26100.7623", "vmfirmware.dll"
VdevOperation,          2,            0,          0,         11,          5,          2,          0, 0x0000000000000020, 0x00001658, 0x00001414,                    2,             ,                     ,   {7d47a6bb-3bd3-0000-7fb3-477dd33bdd01},                                         ,   134329345390101226,         15,          0,                0,        0,     5140
VdevOperation,          1,            0,          0,         11,          5,          1,          0, 0x0000000000000020, 0x00001658, 0x00001414,                    2,             ,                     ,   {7d47a6bb-3bd3-0002-adb2-477dd33bdd01},   {7d47a6bb-3bd3-0000-78b3-477dd33bdd01},   134329345390101377,         15,          0,                0,     5140, "Microsoft Emulated Real Time Clock", "E51B7EF6-4A7F-4780-AAAE-D4B291AACD2E", "VDevStartReservingResources", {8c6b6115-bca6-4e8a-92cc-41217abf372d}
VdevOperation,          2,            0,          0,         11,          5,          2,          0, 0x0000000000000020, 0x00001658, 0x00001414,                    2,             ,                     ,   {7d47a6bb-3bd3-0002-adb2-477dd33bdd01},                                         ,   134329345390101412,         15,          0,                0,        0,     5140
VdevOperation,          1,            0,          0,         11,          5,          1,          0, 0x0000000000000020, 0x00001658, 0x00001414,                    2,             ,                     ,   {7d47a6bb-3bd3-0002-aeb2-477dd33bdd01},   {7d47a6bb-3bd3-0000-78b3-477dd33bdd01},   134329345390101437,         15,          0,                0,     5140, "Microsoft Dynamic Memory Controller", "E3C82929-EDB4-475E-85A4-29AAA2A30C2D", "VDevStartReservingResources", {8c6b6115-bca6-4e8a-92cc-41217abf372d}
VdevOperation,          2,            0,          0,         11,          5,          2,          0, 0x0000000000000020, 0x00001658, 0x00001414,                    2,             ,                     ,   {7d47a6bb-3bd3-0002-aeb2-477dd33bdd01},                                         ,   134329345390101463,         15,          0,                0,        0,     5140
VdevOperation,          1,            0,          0,         11,          5,          1,          0, 0x0000000000000020, 0x00001658, 0x00001414,                    2,             ,                     ,   {7d47a6bb-3bd3-0002-afb2-477dd33bdd01},   {7d47a6bb-3bd3-0000-78b3-477dd33bdd01},   134329345390101488,         15,          0,                0,     5140, "Virtual SMB Device", "FEA6E63B-45DA-4E32-8B3D-1873B2CE50E7", "VDevStartReservingResources", {8c6b6115-bca6-4e8a-92cc-41217abf372d}
VdevOperation,          2,            0,          0,         11,          5,          2,          0, 0x0000000000000020, 0x00001658, 0x00001414,                    2,             ,                     ,   {7d47a6bb-3bd3-0002-afb2-477dd33bdd01},                                         ,   134329345390101587,         15,          0,                0,        0,     5140
VdevOperation,          1,            0,          0,         11,          5,          1,          0, 0x0000000000000020, 0x00001658, 0x00001414,                    2,             ,                     ,   {7d47a6bb-3bd3-0002-b0b2-477dd33bdd01},   {7d47a6bb-3bd3-0000-78b3-477dd33bdd01},   134329345390101608,         15,          0,                0,     5140, "Microsoft Guest Interface Component", "6C09BB55-D683-4DA0-8931-C9BF705F6480", "VDevStartReservingResources", {8c6b6115-bca6-4e8a-92cc-41217abf372d}
VdevOperation,          2,            0,          0,         11,          5,          2,          0, 0x0000000000000020, 0x00001658, 0x00001414,                    2,             ,                     ,   {7d47a6bb-3bd3-0002-b0b2-477dd33bdd01},                                         ,   134329345390101628,         15,          0,                0,        0,     5140
VdevOperation,          1,            0,          0,         11,          5,          1,          0, 0x0000000000000020, 0x00001658, 0x00001414,                    2,             ,                     ,   {7d47a6bb-3bd3-0002-b1b2-477dd33bdd01},   {7d47a6bb-3bd3-0000-78b3-477dd33bdd01},   134329345390101654,         15,          0,                0,     5140, "Microsoft Time Synchronization Component", "2497F4DE-E9FA-4204-80E4-4B75C46419C0", "VDevStartReservingResources", {8c6b6115-bca6-4e8a-92cc-41217abf372d}
VdevOperation,          2,            0,          0,         11,          5,          2,          0, 0x0000000000000020, 0x00001658, 0x00001414,                    2,             ,                     ,   {7d47a6bb-3bd3-0002-b1b2-477dd33bdd01},                                         ,   134329345390101667,         15,          0,                0,        0,     5140
VdevOperation,          1,            0,          0,         11,          5,          1,          0, 0x0000000000000020, 0x00001658, 0x00001414,                    2,             ,                     ,   {7d47a6bb-3bd3-0002-b2b2-477dd33bdd01},   {7d47a6bb-3bd3-0000-78b3-477dd33bdd01},   134329345390101765,         15,          0,                0,     5140, "Synthetic Storage", "FD1D2CBD-CE7C-535C-966B-EB5F811C95F0", "VDevStartReservingResources", {8c6b6115-bca6-4e8a-92cc-41217abf372d}
VdevOperation,          2,            0,          0,         11,          5,          2,          0, 0x0000000000000020, 0x00001658, 0x00001414,                    2,             ,                     ,   {7d47a6bb-3bd3-0002-b2b2-477dd33bdd01},                                         ,   134329345390103444,         15,          0,                0,        0,     5140
VdevOperation,          1,            0,          0,         11,          5,          1,          0, 0x0000000000000020, 0x00001658, 0x00001414,                    2,             ,                     ,   {7d47a6bb-3bd3-0002-b3b2-477dd33bdd01},   {7d47a6bb-3bd3-0000-78b3-477dd33bdd01},   134329345390103490,         15,          0,                0,     5140, "Microsoft Emulated Serial Controller", "8E3A359F-559A-4B6A-98A9-1690A6100ED7", "VDevStartReservingResources", {8c6b6115-bca6-4e8a-92cc-41217abf372d}
VdevOperation,          2,            0,          0,         11,          5,          2,          0, 0x0000000000000020, 0x00001658, 0x00001414,                    2,             ,                     ,   {7d47a6bb-3bd3-0002-b3b2-477dd33bdd01},                                         ,   134329345390103517,         15,          0,                0,        0,     5140
VmbOperation,          2,            0,          0,         11,          4,          2,          0, 0x0000000000000020, 0x00001658, 0x00001414,                    2,             ,                     ,   {7d47a6bb-3bd3-0000-78b3-477dd33bdd01},                                         ,   134329345390103540,         15,          0,                0,        0,     5140
ConstructGuestRam,          1,            0,          0,         11,          5,          1,          0, 0x0000000000000010, 0x00001658, 0x00001414,                    2,             ,                     ,   {7d47a6bb-3bd3-0002-b4b2-477dd33bdd01},   {7d47a6bb-3bd3-0000-77b3-477dd33bdd01},   134329345390103656,         15,          0,                0,     5140, {8c6b6115-bca6-4e8a-92cc-41217abf372d}
CreateRamMemoryBlock,          1,            0,          0,         11,          5,          1,          0, 0x0000000000000080, 0x00001658, 0x00001414,                    0,             ,                     ,   {7d47a6bb-3bd3-0002-b5b2-477dd33bdd01},   {7d47a6bb-3bd3-0002-b4b2-477dd33bdd01},   134329345390120902,         15,          0,                0,     5140, {8c6b6115-bca6-4e8a-92cc-41217abf372d}, "CreateRamMemoryBlocks",           523776,           523776,                9,                0, false,                0,                0, 0,                0,                0,                0
{bbccf6c1-6cd1-48c4-80ff-839482e37671},         32,            0,          0,          0,          0,         32,          0, 0x0000000000000000, 0x00001658, 0x00001414,                    0,             ,                     ,   {00000000-0000-0000-0000-000000000000},                                         ,   134329345390121160,         15,          0, DataSize=1100
Microsoft-Windows-Hyper-V-VID ,     Start ,         5033,          0,         16,          4,          1,       1542, 0x0000000000001002, 0x00001658, 0x00001414,                    0,             ,                     ,   {7d47a6bb-3bd3-0000-80b3-477dd33bdd01},                                         ,   134329345390121160,         15,          0,                2,           523776
{bbccf6c1-6cd1-48c4-80ff-839482e37671},         32,            0,          0,          0,          0,         32,          0, 0x0000000000000000, 0x00001658, 0x00001414,                    2,             ,                     ,   {00000000-0000-0000-0000-000000000000},                                         ,   134329345390173722,         15,          0, DataSize=1260
Microsoft-Windows-Hyper-V-VID ,      Stop ,         5034,          0,         16,          4,          2,       1542, 0x0000000000001002, 0x00001658, 0x00001414,                    2,             ,                     ,   {7d47a6bb-3bd3-0000-80b3-477dd33bdd01},                                         ,   134329345390173722,         15,          0,                2,           523776,                0
CreateRamMemoryBlock,          2,            0,          0,         11,          5,          2,          0, 0x0000000000000080, 0x00001658, 0x00001414,                    2,             ,                     ,   {7d47a6bb-3bd3-0002-b5b2-477dd33bdd01},                                         ,   134329345390174482,         15,          0,                0,        0,     5140, 0.005344
GpaMapRamMemoryBlock,          1,            0,          0,         11,          5,          1,          0, 0x0000000000000080, 0x00001658, 0x00001414,                    2,             ,                     ,   {7d47a6bb-3bd3-0002-b6b2-477dd33bdd01},   {7d47a6bb-3bd3-0002-b4b2-477dd33bdd01},   134329345390188526,         15,          0,                0,     5140, {8c6b6115-bca6-4e8a-92cc-41217abf372d}, "CreateRamMemoryBlocks",                5,                0,           523776,                0
Microsoft-Windows-Hyper-V-VID ,     Start ,         5005,          0,         16,          4,          1,       1536, 0x0000000000001002, 0x00001658, 0x00001414,                    2,             ,                     ,   {7d47a6bb-3bd3-0000-80b3-477dd33bdd01},                                         ,   134329345390189560,         15,          0,                2,              512
Microsoft-Windows-Hyper-V-VID ,     Start ,         5046,          0,          0,          4,          1,       1543, 0x0000000000000008, 0x00001658, 0x00001414,                    2,             ,                     ,   {00000000-0000-0000-0000-000000000000},                                         ,   134329345390189601,         15,          0, 0x0, 0xFFFFFFFFFFFFFFFF, 0x200000,          2097152, 0x1, 0x0, 0x73, 0x0, {8c6b6115-bca6-4e8a-92cc-41217abf372d}
Microsoft-Windows-Hyper-V-VID ,      Stop ,         5047,          0,          0,          4,          2,       1543, 0x0000000000000008, 0x00001658, 0x00001414,                    2,             ,                     ,   {00000000-0000-0000-0000-000000000000},                                         ,   134329345390190184,         15,          0, 0x0,                0
Microsoft-Windows-Hyper-V-VID ,     Start ,         5046,          0,          0,          4,          1,       1543, 0x0000000000000008, 0x00001658, 0x00001414,                    2,             ,                     ,   {00000000-0000-0000-0000-000000000000},                                         ,   134329345390190192,         15,          0, 0x0, 0xFFFFFFFFFFFFFFFF, 0x200000,          2097152, 0x1, 0x0, 0x33, 0x0, {8c6b6115-bca6-4e8a-92cc-41217abf372d}
Microsoft-Windows-Hyper-V-VID ,      Stop ,         5047,          0,          0,          4,          2,       1543, 0x0000000000000008, 0x00001658, 0x00001414,                    0,             ,                     ,   {00000000-0000-0000-0000-000000000000},                                         ,   134329345390269861,         30,          0, 0xFFFFE70BAC006000,              512
Microsoft-Windows-Hyper-V-VID ,      Stop ,         5006,          0,         16,          4,          2,       1536, 0x0000000000001002, 0x00001658, 0x00001414,                    0,             ,                     ,   {7d47a6bb-3bd3-0000-80b3-477dd33bdd01},                                         ,   134329345390269892,         30,          0,                2,              512,                0
HvMemPreDepositForGpaRange,          0,            0,          0,         11,          4,          0,          0, 0x0000000000000100, 0x00001658, 0x00001414,                    0,             ,                     ,   {00000000-0000-0000-0000-000000000000},                                         ,   134329345390273321,         30,          0, "VsmmHvMemPreDepositForGpaRange_L1vhPredepositEnabled", "onecore\vm\vid\sys\vsmm\vsmmhv.c",     3011,                2,           523776, STATUS_SUCCESS, 2147483648,              512,              512
Microsoft-Windows-Hyper-V-VID ,     Start ,         5005,          0,         16,          4,          1,       1536, 0x0000000000001002, 0x00001658, 0x00001414,                    0,             ,                     ,   {7d47a6bb-3bd3-0000-80b3-477dd33bdd01},                                         ,   134329345390302450,         30,          0,                2,              512
Microsoft-Windows-Hyper-V-VID ,     Start ,         5046,          0,          0,          4,          1,       1543, 0x0000000000000008, 0x00001658, 0x00001414,                    0,             ,                     ,   {00000000-0000-0000-0000-000000000000},                                         ,   134329345390302478,         30,          0, 0x0, 0xFFFFFFFFFFFFFFFF, 0x200000,          2097152, 0x1, 0x0, 0x73, 0x0, {8c6b6115-bca6-4e8a-92cc-41217abf372d}
Microsoft-Windows-Hyper-V-VID ,      Stop ,         5047,          0,          0,          4,          2,       1543, 0x0000000000000008, 0x00001658, 0x00001414,                    0,             ,                     ,   {00000000-0000-0000-0000-000000000000},                                         ,   134329345390302830,         30,          0, 0x0,                0
Microsoft-Windows-Hyper-V-VID ,     Start ,         5046,          0,          0,          4,          1,       1543, 0x0000000000000008, 0x00001658, 0x00001414,                    0,             ,                     ,   {00000000-0000-0000-0000-000000000000},                                         ,   134329345390302836,         30,          0, 0x0, 0xFFFFFFFFFFFFFFFF, 0x200000,          2097152, 0x1, 0x0, 0x33, 0x0, {8c6b6115-bca6-4e8a-92cc-41217abf372d}
Microsoft-Windows-Hyper-V-VID ,      Stop ,         5047,          0,          0,          4,          2,       1543, 0x0000000000000008, 0x00001658, 0x00001414,                    0,             ,                     ,   {00000000-0000-0000-0000-000000000000},                                         ,   134329345390366256,         30,          0, 0xFFFFE70BAC006000,              512
Microsoft-Windows-Hyper-V-VID ,      Stop ,         5006,          0,         16,          4,          2,       1536, 0x0000000000001002, 0x00001658, 0x00001414,                    0,             ,                     ,   {7d47a6bb-3bd3-0000-80b3-477dd33bdd01},                                         ,   134329345390366285,         30,          0,                2,              512,                0
GpaMapRamMemoryBlock,          2,            0,          0,         11,          5,          2,          0, 0x0000000000000080, 0x00001658, 0x00001414,                    0,             ,                     ,   {7d47a6bb-3bd3-0002-b6b2-477dd33bdd01},                                         ,   134329345390398868,         30,         15,                0,        0,     5140, 0.021001
TimeSpentInMemoryOperation,          0,            0,          0,         11,          4,          0,          0, 0x0000000000000080, 0x00001658, 0x00001414,                    0,             ,                     ,   {7d47a6bb-3bd3-0000-80b3-477dd33bdd01},                                         ,   134329345390399169,         30,         15, {8c6b6115-bca6-4e8a-92cc-41217abf372d}, "CreateRamMemoryBlocks", "CreatingRamMemoryBlocks", 0.005344
TimeSpentInMemoryOperation,          0,            0,          0,         11,          4,          0,          0, 0x0000000000000080, 0x00001658, 0x00001414,                    0,             ,                     ,   {7d47a6bb-3bd3-0000-80b3-477dd33bdd01},                                         ,   134329345390399187,         30,         15, {8c6b6115-bca6-4e8a-92cc-41217abf372d}, "CreateRamMemoryBlocks", "GpaMappingRamMemoryBlocks", 0.021001
ConstructGuestRam,          2,            0,          0,         11,          5,          2,          0, 0x0000000000000010, 0x00001658, 0x00001414,                    0,             ,                     ,   {7d47a6bb-3bd3-0002-b4b2-477dd33bdd01},                                         ,   134329345390402202,         30,         15,                0,        0,     5140
VmbOperation,          1,            0,          0,         11,          4,          1,          0, 0x0000000000000020, 0x00001658, 0x00001414,                    0,             ,                     ,   {7d47a6bb-3bd3-0000-81b3-477dd33bdd01},   {7d47a6bb-3bd3-0000-77b3-477dd33bdd01},   134329345390402298,         30,         15,                0,     5140, "FinishReservingResources", {8c6b6115-bca6-4e8a-92cc-41217abf372d}
VdevOperation,          1,            0,          0,         11,          5,          1,          0, 0x0000000000000020, 0x00001658, 0x00001414,                    0,             ,                     ,   {7d47a6bb-3bd3-0000-82b3-477dd33bdd01},   {7d47a6bb-3bd3-0000-81b3-477dd33bdd01},   134329345390402411,         30,         15,                0,     5140, "Microsoft Guest Runtime State", "917BD8CB-3BB6-4124-9383-B7D21AC07F79", "VDevFinishReservingResources", {8c6b6115-bca6-4e8a-92cc-41217abf372d}
VdevOperation,          2,            0,          0,         11,          5,          2,          0, 0x0000000000000020, 0x00001658, 0x00001414,                    0,             ,                     ,   {7d47a6bb-3bd3-0000-82b3-477dd33bdd01},                                         ,   134329345390402465,         30,         15,                0,        0,     5140
VdevOperation,          1,            0,          0,         11,          5,          1,          0, 0x0000000000000020, 0x00001658, 0x00001414,                    0,             ,                     ,   {7d47a6bb-3bd3-0000-83b3-477dd33bdd01},   {7d47a6bb-3bd3-0000-81b3-477dd33bdd01},   134329345390402509,         30,         15,                0,     5140, "Microsoft Emulated IoAPIC", "72682FC4-040A-430A-BE0B-224574B953FE", "VDevFinishReservingResources", {8c6b6115-bca6-4e8a-92cc-41217abf372d}
VdevOperation,          2,            0,          0,         11,          5,          2,          0, 0x0000000000000020, 0x00001658, 0x00001414,                    0,             ,                     ,   {7d47a6bb-3bd3-0000-83b3-477dd33bdd01},                                         ,   134329345390402527,         30,         15,                0,        0,     5140
VdevOperation,          1,            0,          0,         11,          5,          1,          0, 0x0000000000000020, 0x00001658, 0x00001414,                    0,             ,                     ,   {7d47a6bb-3bd3-0000-84b3-477dd33bdd01},   {7d47a6bb-3bd3-0000-81b3-477dd33bdd01},   134329345390402558,         30,         15,                0,     5140, "Microsoft Emulated Power Management Device", "DB8B9818-B4BB-4725-B99D-B4612716B6B4", "VDevFinishReservingResources", {8c6b6115-bca6-4e8a-92cc-41217abf372d}
VdevOperation,          2,            0,          0,         11,          5,          2,          0, 0x0000000000000020, 0x00001658, 0x00001414,                    0,             ,                     ,   {7d47a6bb-3bd3-0000-84b3-477dd33bdd01},                                         ,   134329345390402577,         30,         15,                0,        0,     5140
VdevOperation,          1,            0,          0,         11,          5,          1,          0, 0x0000000000000020, 0x00001658, 0x00001414,                    0,             ,                     ,   {7d47a6bb-3bd3-0000-85b3-477dd33bdd01},   {7d47a6bb-3bd3-0000-81b3-477dd33bdd01},   134329345390402611,         30,         15,                0,     5140, "Microsoft VmBus", "D41A1872-3740-41CE-A1EE-4522AB82F991", "VDevFinishReservingResources", {8c6b6115-bca6-4e8a-92cc-41217abf372d}
VdevOperation,          2,            0,          0,         11,          5,          2,          0, 0x0000000000000020, 0x00001658, 0x00001414,                    0,             ,                     ,   {7d47a6bb-3bd3-0000-85b3-477dd33bdd01},                                         ,   134329345390402630,         30,         15,                0,        0,     5140
VdevOperation,          1,            0,          0,         11,          5,          1,          0, 0x0000000000000020, 0x00001658, 0x00001414,                    0,             ,                     ,   {7d47a6bb-3bd3-0000-86b3-477dd33bdd01},   {7d47a6bb-3bd3-0000-81b3-477dd33bdd01},   134329345390402660,         30,         15,                0,     5140, "Microsoft Flexible IO Device", "C4B741F5-5582-4C98-8F8B-2E082933C396", "VDevFinishReservingResources", {8c6b6115-bca6-4e8a-92cc-41217abf372d}
VdevOperation,          2,            0,          0,         11,          5,          2,          0, 0x0000000000000020, 0x00001658, 0x00001414,                    0,             ,                     ,   {7d47a6bb-3bd3-0000-86b3-477dd33bdd01},                                         ,   134329345390402771,         30,         15,                0,        0,     5140
VdevOperation,          1,            0,          0,         11,          5,          1,          0, 0x0000000000000020, 0x00001658, 0x00001414,                    0,             ,                     ,   {7d47a6bb-3bd3-0000-87b3-477dd33bdd01},   {7d47a6bb-3bd3-0000-81b3-477dd33bdd01},   134329345390402802,         30,         15,                0,     5140, "Virtual Battery", "D465D87D-6339-4FF4-93D9-7353E388D889", "VDevFinishReservingResources", {8c6b6115-bca6-4e8a-92cc-41217abf372d}
VdevOperation,          2,            0,          0,         11,          5,          2,          0, 0x0000000000000020, 0x00001658, 0x00001414,                    0,             ,                     ,   {7d47a6bb-3bd3-0000-87b3-477dd33bdd01},                                         ,   134329345390402818,         30,         15,                0,        0,     5140
VdevOperation,          1,            0,          0,         11,          5,          1,          0, 0x0000000000000020, 0x00001658, 0x00001414,                    0,             ,                     ,   {7d47a6bb-3bd3-0000-88b3-477dd33bdd01},   {7d47a6bb-3bd3-0000-81b3-477dd33bdd01},   134329345390402848,         30,         15,                0,     5140, "Microsoft Virtual BIOS", "AC6B8DC1-3257-4A70-B1B2-A9C9215659AD", "VDevFinishReservingResources", {8c6b6115-bca6-4e8a-92cc-41217abf372d}
VdevOperation,          2,            0,          0,         11,          5,          2,          0, 0x0000000000000020, 0x00001658, 0x00001414,                    0,             ,                     ,   {7d47a6bb-3bd3-0000-88b3-477dd33bdd01},                                         ,   134329345390402869,         30,         15,                0,        0,     5140
VdevOperation,          1,            0,          0,         11,          5,          1,          0, 0x0000000000000020, 0x00001658, 0x00001414,                    0,             ,                     ,   {7d47a6bb-3bd3-0000-89b3-477dd33bdd01},   {7d47a6bb-3bd3-0000-81b3-477dd33bdd01},   134329345390402897,         30,         15,                0,     5140, "Microsoft Emulated Real Time Clock", "E51B7EF6-4A7F-4780-AAAE-D4B291AACD2E", "VDevFinishReservingResources", {8c6b6115-bca6-4e8a-92cc-41217abf372d}
VdevOperation,          2,            0,          0,         11,          5,          2,          0, 0x0000000000000020, 0x00001658, 0x00001414,                    0,             ,                     ,   {7d47a6bb-3bd3-0000-89b3-477dd33bdd01},                                         ,   134329345390402914,         30,         15,                0,        0,     5140
VdevOperation,          1,            0,          0,         11,          5,          1,          0, 0x0000000000000020, 0x00001658, 0x00001414,                    0,             ,                     ,   {7d47a6bb-3bd3-0000-8ab3-477dd33bdd01},   {7d47a6bb-3bd3-0000-81b3-477dd33bdd01},   134329345390402947,         30,         15,                0,     5140, "Microsoft Dynamic Memory Controller", "E3C82929-EDB4-475E-85A4-29AAA2A30C2D", "VDevFinishReservingResources", {8c6b6115-bca6-4e8a-92cc-41217abf372d}
VdevOperation,          2,            0,          0,         11,          5,          2,          0, 0x0000000000000020, 0x00001658, 0x00001414,                    0,             ,                     ,   {7d47a6bb-3bd3-0000-8ab3-477dd33bdd01},                                         ,   134329345390402970,         30,         15,                0,        0,     5140
VdevOperation,          1,            0,          0,         11,          5,          1,          0, 0x0000000000000020, 0x00001658, 0x00001414,                    0,             ,                     ,   {7d47a6bb-3bd3-0000-8bb3-477dd33bdd01},   {7d47a6bb-3bd3-0000-81b3-477dd33bdd01},   134329345390403004,         30,         15,                0,     5140, "Virtual SMB Device", "FEA6E63B-45DA-4E32-8B3D-1873B2CE50E7", "VDevFinishReservingResources", {8c6b6115-bca6-4e8a-92cc-41217abf372d}
VdevOperation,          2,            0,          0,         11,          5,          2,          0, 0x0000000000000020, 0x00001658, 0x00001414,                    0,             ,                     ,   {7d47a6bb-3bd3-0000-8bb3-477dd33bdd01},                                         ,   134329345390403038,         30,         15,                0,        0,     5140
VdevOperation,          1,            0,          0,         11,          5,          1,          0, 0x0000000000000020, 0x00001658, 0x00001414,                    0,             ,                     ,   {7d47a6bb-3bd3-0000-8cb3-477dd33bdd01},   {7d47a6bb-3bd3-0000-81b3-477dd33bdd01},   134329345390403069,         30,         15,                0,     5140, "Microsoft Guest Interface Component", "6C09BB55-D683-4DA0-8931-C9BF705F6480", "VDevFinishReservingResources", {8c6b6115-bca6-4e8a-92cc-41217abf372d}
VdevOperation,          2,            0,          0,         11,          5,          2,          0, 0x0000000000000020, 0x00001658, 0x00001414,                    0,             ,                     ,   {7d47a6bb-3bd3-0000-8cb3-477dd33bdd01},                                         ,   134329345390403093,         30,         15,                0,        0,     5140
VdevOperation,          1,            0,          0,         11,          5,          1,          0, 0x0000000000000020, 0x00001658, 0x00001414,                    0,             ,                     ,   {7d47a6bb-3bd3-0000-8db3-477dd33bdd01},   {7d47a6bb-3bd3-0000-81b3-477dd33bdd01},   134329345390403120,         30,         15,                0,     5140, "Microsoft Time Synchronization Component", "2497F4DE-E9FA-4204-80E4-4B75C46419C0", "VDevFinishReservingResources", {8c6b6115-bca6-4e8a-92cc-41217abf372d}
VdevOperation,          2,            0,          0,         11,          5,          2,          0, 0x0000000000000020, 0x00001658, 0x00001414,                    0,             ,                     ,   {7d47a6bb-3bd3-0000-8db3-477dd33bdd01},                                         ,   134329345390403135,         30,         15,                0,        0,     5140
VdevOperation,          1,            0,          0,         11,          5,          1,          0, 0x0000000000000020, 0x00001658, 0x00001414,                    0,             ,                     ,   {7d47a6bb-3bd3-0000-8eb3-477dd33bdd01},   {7d47a6bb-3bd3-0000-81b3-477dd33bdd01},   134329345390403163,         30,         15,                0,     5140, "Synthetic Storage", "FD1D2CBD-CE7C-535C-966B-EB5F811C95F0", "VDevFinishReservingResources", {8c6b6115-bca6-4e8a-92cc-41217abf372d}
VdevOperation,          2,            0,          0,         11,          5,          2,          0, 0x0000000000000020, 0x00001658, 0x00001414,                    0,             ,                     ,   {7d47a6bb-3bd3-0000-8eb3-477dd33bdd01},                                         ,   134329345390403265,         30,         15,                0,        0,     5140
VdevOperation,          1,            0,          0,         11,          5,          1,          0, 0x0000000000000020, 0x00001658, 0x00001414,                    0,             ,                     ,   {7d47a6bb-3bd3-0000-8fb3-477dd33bdd01},   {7d47a6bb-3bd3-0000-81b3-477dd33bdd01},   134329345390403294,         30,         15,                0,     5140, "Microsoft Emulated Serial Controller", "8E3A359F-559A-4B6A-98A9-1690A6100ED7", "VDevFinishReservingResources", {8c6b6115-bca6-4e8a-92cc-41217abf372d}
VdevOperation,          2,            0,          0,         11,          5,          2,          0, 0x0000000000000020, 0x00001658, 0x00001414,                    0,             ,                     ,   {7d47a6bb-3bd3-0000-8fb3-477dd33bdd01},                                         ,   134329345390403316,         30,         15,                0,        0,     5140
VmbOperation,          2,            0,          0,         11,          4,          2,          0, 0x0000000000000020, 0x00001658, 0x00001414,                    0,             ,                     ,   {7d47a6bb-3bd3-0000-81b3-477dd33bdd01},                                         ,   134329345390403342,         30,         15,                0,        0,     5140
  VmbPowerOn,          1,            0,          0,         11,          4,          1,          0, 0x0000000000000020, 0x00001658, 0x00001414,                    0,             ,                     ,   {7d47a6bb-3bd3-0000-90b3-477dd33bdd01},   {7d47a6bb-3bd3-0000-77b3-477dd33bdd01},   134329345390403442,         30,         15,                0,     5140, {8c6b6115-bca6-4e8a-92cc-41217abf372d}
VdevOperation,          1,            0,          0,         11,          5,          1,          0, 0x0000000000000020, 0x00001658, 0x00001414,                    0,             ,                     ,   {7d47a6bb-3bd3-0000-91b3-477dd33bdd01},   {7d47a6bb-3bd3-0000-90b3-477dd33bdd01},   134329345390403528,         30,         15,                0,     5140, "Microsoft Guest Runtime State", "917BD8CB-3BB6-4124-9383-B7D21AC07F79", "VDevPowerOnCold", {8c6b6115-bca6-4e8a-92cc-41217abf372d}
GuestStateFileMakeTransient,          1,            0,          0,         11,          4,          1,          0, 0x0000000000001000, 0x00001658, 0x00001414,                    3,             ,                     ,   {7d47a6bb-3bd3-0000-92b3-477dd33bdd01},                                         ,   134329345390444544,         30,         15,                0,     5140, {00000000-0000-0000-0000-000000000000}, ""
GuestStateFileMakeTransient,          2,            0,          0,         11,          4,          2,          0, 0x0000000000001000, 0x00001658, 0x00001414,                    3,             ,                     ,   {7d47a6bb-3bd3-0000-92b3-477dd33bdd01},                                         ,   134329345390446321,         30,         15,                0,        0,     5140
GuestStateFileGetState,          1,            0,          0,         11,          4,          1,          0, 0x0000000000001000, 0x00001658, 0x00001414,                    3,             ,                     ,   {7d47a6bb-3bd3-0003-b7af-477dd33bdd01},                                         ,   134329345390446500,         30,         15,                0,     5140, {00000000-0000-0000-0000-000000000000}, ""
GuestStateFileGetState,          2,            0,          0,         11,          4,          2,          0, 0x0000000000001000, 0x00001658, 0x00001414,                    3,             ,                     ,   {7d47a6bb-3bd3-0003-b7af-477dd33bdd01},                                         ,   134329345390446548,         30,         15,                0,        0,     5140
VdevOperation,          2,            0,          0,         11,          5,          2,          0, 0x0000000000000020, 0x00001658, 0x00001414,                    3,             ,                     ,   {7d47a6bb-3bd3-0000-91b3-477dd33bdd01},                                         ,   134329345390446698,         30,         15,                0,        0,     5140
VdevOperation,          1,            0,          0,         11,          5,          1,          0, 0x0000000000000020, 0x00001658, 0x00001414,                    3,             ,                     ,   {7d47a6bb-3bd3-0003-b8af-477dd33bdd01},   {7d47a6bb-3bd3-0000-90b3-477dd33bdd01},   134329345390446826,         30,         15,                0,     5140, "Microsoft Emulated IoAPIC", "72682FC4-040A-430A-BE0B-224574B953FE", "VDevPowerOnCold", {8c6b6115-bca6-4e8a-92cc-41217abf372d}
VdevOperation,          2,            0,          0,         11,          5,          2,          0, 0x0000000000000020, 0x00001658, 0x00001414,                    3,             ,                     ,   {7d47a6bb-3bd3-0003-b8af-477dd33bdd01},                                         ,   134329345390449399,         30,         15,                0,        0,     5140
VdevOperation,          1,            0,          0,         11,          5,          1,          0, 0x0000000000000020, 0x00001658, 0x00001414,                    3,             ,                     ,   {7d47a6bb-3bd3-0003-b9af-477dd33bdd01},   {7d47a6bb-3bd3-0000-90b3-477dd33bdd01},   134329345390449468,         30,         15,                0,     5140, "Microsoft Emulated Power Management Device", "DB8B9818-B4BB-4725-B99D-B4612716B6B4", "VDevPowerOnCold", {8c6b6115-bca6-4e8a-92cc-41217abf372d}
VdevOperation,          2,            0,          0,         11,          5,          2,          0, 0x0000000000000020, 0x00001658, 0x00001414,                    3,             ,                     ,   {7d47a6bb-3bd3-0003-b9af-477dd33bdd01},                                         ,   134329345390450353,         30,         15,                0,        0,     5140
VdevOperation,          1,            0,          0,         11,          5,          1,          0, 0x0000000000000020, 0x00001658, 0x00001414,                    3,             ,                     ,   {7d47a6bb-3bd3-0003-baaf-477dd33bdd01},   {7d47a6bb-3bd3-0000-90b3-477dd33bdd01},   134329345390450385,         30,         15,                0,     5140, "Microsoft VmBus", "D41A1872-3740-41CE-A1EE-4522AB82F991", "VDevPowerOnCold", {8c6b6115-bca6-4e8a-92cc-41217abf372d}
VdevOperation,          2,            0,          0,         11,          5,          2,          0, 0x0000000000000020, 0x00001658, 0x00001414,                    0,             ,                     ,   {7d47a6bb-3bd3-0003-baaf-477dd33bdd01},                                         ,   134329345390463186,         30,         15,                0,        0,     5140
VdevOperation,          1,            0,          0,         11,          5,          1,          0, 0x0000000000000020, 0x00001658, 0x00001414,                    0,             ,                     ,   {7d47a6bb-3bd3-0000-93b3-477dd33bdd01},   {7d47a6bb-3bd3-0000-90b3-477dd33bdd01},   134329345390463402,         30,         15,                0,     5140, "Microsoft Flexible IO Device", "C4B741F5-5582-4C98-8F8B-2E082933C396", "VDevPowerOnCold", {8c6b6115-bca6-4e8a-92cc-41217abf372d}
Microsoft-Windows-Hyper-V-Worker ,          0,        33103,          0,         16,          4,          0,          0, 0x0000000000000000, 0x00001658, 0x00001414,                    0,             ,                     ,   {7d47a6bb-3bd3-0000-80b3-477dd33bdd01},                                         ,   134329345390475888,         30,         15, "8C6B6115-BCA6-4E8A-92CC-41217ABF372D", "8C6B6115-BCA6-4E8A-92CC-41217ABF372D", "%%0", "0x00000000", "Bus {C4B741F5-5582-4C98-8F8B-2E082933C396} Slot 0", "PCI\VEN_1AF4&DEV_1043&SUBSYS_00401AF4&REV_01", "FlexIO"
VdevOperation,          2,            0,          0,         11,          5,          2,          0, 0x0000000000000020, 0x00001658, 0x00001414,                    0,             ,                     ,   {7d47a6bb-3bd3-0000-93b3-477dd33bdd01},                                         ,   134329345390476023,         30,         15,                0,        0,     5140
VdevOperation,          1,            0,          0,         11,          5,          1,          0, 0x0000000000000020, 0x00001658, 0x00001414,                    0,             ,                     ,   {7d47a6bb-3bd3-0000-97b3-477dd33bdd01},   {7d47a6bb-3bd3-0000-90b3-477dd33bdd01},   134329345390476158,         30,         15,                0,     5140, "Virtual Battery", "D465D87D-6339-4FF4-93D9-7353E388D889", "VDevPowerOnCold", {8c6b6115-bca6-4e8a-92cc-41217abf372d}
VdevOperation,          2,            0,          0,         11,          5,          2,          0, 0x0000000000000020, 0x00001658, 0x00001414,                    0,             ,                     ,   {7d47a6bb-3bd3-0000-97b3-477dd33bdd01},                                         ,   134329345390478739,         30,         15,                0,        0,     5140
VdevOperation,          1,            0,          0,         11,          5,          1,          0, 0x0000000000000020, 0x00001658, 0x00001414,                    0,             ,                     ,   {7d47a6bb-3bd3-0000-98b3-477dd33bdd01},   {7d47a6bb-3bd3-0000-90b3-477dd33bdd01},   134329345390478820,         30,         15,                0,     5140, "Microsoft Virtual BIOS", "AC6B8DC1-3257-4A70-B1B2-A9C9215659AD", "VDevPowerOnCold", {8c6b6115-bca6-4e8a-92cc-41217abf372d}
VdevOperation,          2,            0,          0,         11,          5,          2,          0, 0x0000000000000020, 0x00001658, 0x00001414,                    1,             ,                     ,   {7d47a6bb-3bd3-0000-98b3-477dd33bdd01},                                         ,   134329345390960248,         60,         15,                0,        0,     5140
VdevOperation,          1,            0,          0,         11,          5,          1,          0, 0x0000000000000020, 0x00001658, 0x00001414,                    1,             ,                     ,   {7d47a6bb-3bd3-0001-89b3-477dd33bdd01},   {7d47a6bb-3bd3-0000-90b3-477dd33bdd01},   134329345390960416,         60,         15,                0,     5140, "Microsoft Emulated Real Time Clock", "E51B7EF6-4A7F-4780-AAAE-D4B291AACD2E", "VDevPowerOnCold", {8c6b6115-bca6-4e8a-92cc-41217abf372d}
VdevOperation,          2,            0,          0,         11,          5,          2,          0, 0x0000000000000020, 0x00001658, 0x00001414,                    1,             ,                     ,   {7d47a6bb-3bd3-0001-89b3-477dd33bdd01},                                         ,   134329345390961867,         60,         15,                0,        0,     5140
VdevOperation,          1,            0,          0,         11,          5,          1,          0, 0x0000000000000020, 0x00001658, 0x00001414,                    1,             ,                     ,   {7d47a6bb-3bd3-0001-8ab3-477dd33bdd01},   {7d47a6bb-3bd3-0000-90b3-477dd33bdd01},   134329345390961922,         60,         15,                0,     5140, "Microsoft Dynamic Memory Controller", "E3C82929-EDB4-475E-85A4-29AAA2A30C2D", "VDevPowerOnCold", {8c6b6115-bca6-4e8a-92cc-41217abf372d}
VdevOperation,          2,            0,          0,         11,          5,          2,          0, 0x0000000000000020, 0x00001658, 0x00001414,                    0,             ,                     ,   {7d47a6bb-3bd3-0001-8ab3-477dd33bdd01},                                         ,   134329345390970222,         60,         15,                0,        0,     5140
VdevOperation,          1,            0,          0,         11,          5,          1,          0, 0x0000000000000020, 0x00001658, 0x00001414,                    0,             ,                     ,   {7d47a6bb-3bd3-0000-99b3-477dd33bdd01},   {7d47a6bb-3bd3-0000-90b3-477dd33bdd01},   134329345390970387,         60,         15,                0,     5140, "Virtual SMB Device", "FEA6E63B-45DA-4E32-8B3D-1873B2CE50E7", "VDevPowerOnCold", {8c6b6115-bca6-4e8a-92cc-41217abf372d}
VSmbVdevPowerOnCommon,          1,            0,          0,         11,          4,          1,          0, 0x0000000001000000, 0x00001658, 0x00001414,                    1,             ,                     ,   {7d47a6bb-3bd3-0000-9ab3-477dd33bdd01},                                         ,   134329345390997887,         60,         15,                0,     5140, {8c6b6115-bca6-4e8a-92cc-41217abf372d}
VmbfsInitialize,          1,            0,          0,         11,          4,          1,          0, 0x0000000002000000, 0x00001658, 0x00001414,                    2,             ,                     ,   {7d47a6bb-3bd3-0002-b7b2-477dd33bdd01},                                         ,   134329345391016109,         60,         15,                0,     5140, {c63c9bdf-5fa5-4208-b03f-6b458b365592}, {8c6b6115-bca6-4e8a-92cc-41217abf372d}, {fea6e63b-45da-4e32-8b3d-1873b2ce50e7},    65537
VmbfsInitialize,          2,            0,          0,         11,          4,          2,          0, 0x0000000002000000, 0x00001658, 0x00001414,                    2,             ,                     ,   {7d47a6bb-3bd3-0002-b7b2-477dd33bdd01},                                         ,   134329345391020396,         60,         15,                0,        0,     5140
VSmbVdevPowerOnCommon,          2,            0,          0,         11,          4,          2,          0, 0x0000000001000000, 0x00001658, 0x00001414,                    2,             ,                     ,   {7d47a6bb-3bd3-0000-9ab3-477dd33bdd01},                                         ,   134329345391020540,         60,         15,                0,        0,     5140
VdevOperation,          2,            0,          0,         11,          5,          2,          0, 0x0000000000000020, 0x00001658, 0x00001414,                    2,             ,                     ,   {7d47a6bb-3bd3-0000-99b3-477dd33bdd01},                                         ,   134329345391020688,         60,         15,                0,        0,     5140
VdevOperation,          1,            0,          0,         11,          5,          1,          0, 0x0000000000000020, 0x00001658, 0x00001414,                    2,             ,                     ,   {7d47a6bb-3bd3-0002-b8b2-477dd33bdd01},   {7d47a6bb-3bd3-0000-90b3-477dd33bdd01},   134329345391020875,         60,         15,                0,     5140, "Microsoft Guest Interface Component", "6C09BB55-D683-4DA0-8931-C9BF705F6480", "VDevPowerOnCold", {8c6b6115-bca6-4e8a-92cc-41217abf372d}
VdevOperation,          2,            0,          0,         11,          5,          2,          0, 0x0000000000000020, 0x00001658, 0x00001414,                    2,             ,                     ,   {7d47a6bb-3bd3-0002-b8b2-477dd33bdd01},                                         ,   134329345391021223,         60,         15,                0,        0,     5140
VdevOperation,          1,            0,          0,         11,          5,          1,          0, 0x0000000000000020, 0x00001658, 0x00001414,                    2,             ,                     ,   {7d47a6bb-3bd3-0002-b9b2-477dd33bdd01},   {7d47a6bb-3bd3-0000-90b3-477dd33bdd01},   134329345391021253,         60,         15,                0,     5140, "Microsoft Time Synchronization Component", "2497F4DE-E9FA-4204-80E4-4B75C46419C0", "VDevPowerOnCold", {8c6b6115-bca6-4e8a-92cc-41217abf372d}
VdevOperation,          2,            0,          0,         11,          5,          2,          0, 0x0000000000000020, 0x00001658, 0x00001414,                    0,             ,                     ,   {7d47a6bb-3bd3-0002-b9b2-477dd33bdd01},                                         ,   134329345391032181,         75,         15,                0,        0,     5140
VdevOperation,          1,            0,          0,         11,          5,          1,          0, 0x0000000000000020, 0x00001658, 0x00001414,                    0,             ,                     ,   {7d47a6bb-3bd3-0000-9bb3-477dd33bdd01},   {7d47a6bb-3bd3-0000-90b3-477dd33bdd01},   134329345391032380,         75,         15,                0,     5140, "Synthetic Storage", "FD1D2CBD-CE7C-535C-966B-EB5F811C95F0", "VDevPowerOnCold", {8c6b6115-bca6-4e8a-92cc-41217abf372d}
SynthStorPowerOnCold,          1,            0,          0,         11,          4,          1,          0, 0x0000000000000010, 0x00001658, 0x00001414,                    1,             ,                     ,   {7d47a6bb-3bd3-0000-9cb3-477dd33bdd01},                                         ,   134329345391053853,         75,         15,                0,     5140, {8c6b6115-bca6-4e8a-92cc-41217abf372d}, {fd1d2cbd-ce7c-535c-966b-eb5f811c95f0}
SynthStorPowerOn,          1,            0,          0,         11,          4,          1,          0, 0x0000000000000010, 0x00001658, 0x00001414,                    1,             ,                     ,   {7d47a6bb-3bd3-0001-8bb3-477dd33bdd01},   {7d47a6bb-3bd3-0000-9cb3-477dd33bdd01},   134329345391054618,         75,         15,                0,     5140, {8c6b6115-bca6-4e8a-92cc-41217abf372d}, {fd1d2cbd-ce7c-535c-966b-eb5f811c95f0}, false,        0,        0
StorVspAdapterCreate,          1,            0,          0,         11,          4,          1,          0, 0x0000000000000100, 0x00001658, 0x00001414,                    1,             ,                     ,   {7d47a6bb-3bd3-0001-8cb3-477dd33bdd01},                                         ,   134329345391059040,         75,         15, "", "", 0xFFFFE70BABEEA620, 0, 0, 0
StorVspAdapterCreate,          2,            0,          0,         11,          4,          2,          0, 0x0000000000000100, 0x00001658, 0x00001414,                    1,             ,                     ,   {7d47a6bb-3bd3-0001-8cb3-477dd33bdd01},                                         ,   134329345391059080,         75,         15, "", "", 0xFFFFE70BABEEA620, STATUS_SUCCESS
StorVspAdapterStart,          1,            0,          0,         11,          4,          1,          0, 0x0000000000000100, 0x00001658, 0x00001414,                    1,             ,                     ,   {7d47a6bb-3bd3-0001-8db3-477dd33bdd01},                                         ,   134329345391060263,         75,         15, "8C6B6115-BCA6-4E8A-92CC-41217ABF372D", "8C6B6115-BCA6-4E8A-92CC-41217ABF372D", 0xFFFFE70BABEEA620, 0, 0, 0
{bbccf6c1-6cd1-48c4-80ff-839482e37671},         32,            0,          0,          0,          0,         32,          0, 0x0000000000000000, 0x00001658, 0x00001414,                    1,             ,                     ,   {00000000-0000-0000-0000-000000000000},                                         ,   134329345391060360,         75,         15, DataSize=900
Microsoft-Windows-Hyper-V-StorageVSP ,          0,         1010,          0,         17,          4,          0,          0, 0x0000000000000004, 0x00001658, 0x00001414,                    1,             ,                     ,   {00000000-0000-0000-0000-000000000000},                                         ,   134329345391060360,         75,         15, "VspAdapterStart",      807, "assigning adapter FFFFE70BABEEA620 address: 0 0 "
Microsoft-Windows-Hyper-V-StorageVSP ,          0,         1010,          0,         17,          4,          0,          0, 0x0000000000000004, 0x00001658, 0x00001414,                    1,             ,                     ,   {00000000-0000-0000-0000-000000000000},                                         ,   134329345391060924,         75,         15, "VspOpenChannel",     1635, "VspOpenChannel: KmclChannel = FFFFE70BAA4DC010, Instance ID = {0xFD1D2CBD-ce7c-535c-966b-eb5f811c95f0}"
StorVspAdapterOpenChannel,          0,            0,          0,         11,          4,          0,          0, 0x0000000000000100, 0x00001658, 0x00001414,                    1,             ,                     ,   {7d47a6bb-3bd3-0001-8db3-477dd33bdd01},                                         ,   134329345391062185,         75,         15, "8C6B6115-BCA6-4E8A-92CC-41217ABF372D", "8C6B6115-BCA6-4E8A-92CC-41217ABF372D", 0xFFFFE70BABEEA620, 0, 0, 0,        4,      0
StorVspAdapterStart,          2,            0,          0,         11,          4,          2,          0, 0x0000000000000100, 0x00001658, 0x00001414,                    1,             ,                     ,   {7d47a6bb-3bd3-0001-8db3-477dd33bdd01},                                         ,   134329345391062217,         75,         15, "8C6B6115-BCA6-4E8A-92CC-41217ABF372D", "8C6B6115-BCA6-4E8A-92CC-41217ABF372D", 0xFFFFE70BABEEA620, STATUS_SUCCESS
{bbccf6c1-6cd1-48c4-80ff-839482e37671},         32,            0,          0,          0,          0,         32,          0, 0x0000000000000000, 0x00001658, 0x00001414,                    1,             ,                     ,   {00000000-0000-0000-0000-000000000000},                                         ,   134329345391062517,         75,         15, DataSize=1488
Microsoft-Windows-Hyper-V-SynthStor ,          0,        12148,          0,         16,          4,          0,          0, 0x0000000000000000, 0x00001658, 0x00001414,                    1,             ,                     ,   {7d47a6bb-3bd3-0000-80b3-477dd33bdd01},                                         ,   134329345391062517,         75,         15, "8C6B6115-BCA6-4E8A-92CC-41217ABF372D", "8C6B6115-BCA6-4E8A-92CC-41217ABF372D", "FD1D2CBD-CE7C-535C-966B-EB5F811C95F0", "",        0, "", ""
SynthStorPowerOn,          2,            0,          0,         11,          4,          2,          0, 0x0000000000000010, 0x00001658, 0x00001414,                    1,             ,                     ,   {7d47a6bb-3bd3-0001-8bb3-477dd33bdd01},                                         ,   134329345391062637,         75,         15,                0,        0,     5140
SynthStorPowerOnCold,          2,            0,          0,         11,          4,          2,          0, 0x0000000000000010, 0x00001658, 0x00001414,                    1,             ,                     ,   {7d47a6bb-3bd3-0000-9cb3-477dd33bdd01},                                         ,   134329345391062748,         75,         15,                0,        0,     5140
VdevOperation,          2,            0,          0,         11,          5,          2,          0, 0x0000000000000020, 0x00001658, 0x00001414,                    1,             ,                     ,   {7d47a6bb-3bd3-0000-9bb3-477dd33bdd01},                                         ,   134329345391062805,         75,         15,                0,        0,     5140
VdevOperation,          1,            0,          0,         11,          5,          1,          0, 0x0000000000000020, 0x00001658, 0x00001414,                    1,             ,                     ,   {7d47a6bb-3bd3-0001-8eb3-477dd33bdd01},   {7d47a6bb-3bd3-0000-90b3-477dd33bdd01},   134329345391062908,         75,         15,                0,     5140, "Microsoft Emulated Serial Controller", "8E3A359F-559A-4B6A-98A9-1690A6100ED7", "VDevPowerOnCold", {8c6b6115-bca6-4e8a-92cc-41217abf372d}
VdevOperation,          2,            0,          0,         11,          5,          2,          0, 0x0000000000000020, 0x00001658, 0x00001414,                    1,             ,                     ,   {7d47a6bb-3bd3-0001-8eb3-477dd33bdd01},                                         ,   134329345391099530,         75,         15,                0,        0,     5140
  VmbPowerOn,          2,            0,          0,         11,          4,          2,          0, 0x0000000000000020, 0x00001658, 0x00001414,                    1,             ,                     ,   {7d47a6bb-3bd3-0000-90b3-477dd33bdd01},                                         ,   134329345391099729,         75,         15,                0,        0,     5140
BootStateImporterFlush,          1,            0,          0,         11,          4,          1,          0, 0x0000000000010000, 0x00001658, 0x00001414,                    1,             ,                     ,   {7d47a6bb-3bd3-0001-8fb3-477dd33bdd01},                                         ,   134329345391104189,         75,         15,                0,     5140, {8c6b6115-bca6-4e8a-92cc-41217abf372d}
BootStateImporterFlush,          2,            0,          0,         11,          4,          2,          0, 0x0000000000010000, 0x00001658, 0x00001414,                    1,             ,                     ,   {7d47a6bb-3bd3-0001-8fb3-477dd33bdd01},                                         ,   134329345391105595,         75,         15,                0,        0,     5140
     StartVm,          1,            0,          0,         11,          4,          1,          0, 0x0000000000000040, 0x00001658, 0x00001414,                    1,             ,                     ,   {7d47a6bb-3bd3-0001-90b3-477dd33bdd01},                                         ,   134329345391105629,         75,         15,                0,     5140, {8c6b6115-bca6-4e8a-92cc-41217abf372d}
   VmbResume,          1,            0,          0,         11,          4,          1,          0, 0x0000000000000020, 0x00001658, 0x00001414,                    1,             ,                     ,   {7d47a6bb-3bd3-0001-91b3-477dd33bdd01},   {7d47a6bb-3bd3-0000-77b3-477dd33bdd01},   134329345391105710,         75,         15,                0,     5140, {8c6b6115-bca6-4e8a-92cc-41217abf372d}
VdevOperation,          1,            0,          0,         11,          5,          1,          0, 0x0000000000000020, 0x00001658, 0x00001414,                    1,             ,                     ,   {7d47a6bb-3bd3-0001-92b3-477dd33bdd01},   {7d47a6bb-3bd3-0001-91b3-477dd33bdd01},   134329345391105790,         75,         15,                0,     5140, "Microsoft Guest Runtime State", "917BD8CB-3BB6-4124-9383-B7D21AC07F79", "VDevResume", {8c6b6115-bca6-4e8a-92cc-41217abf372d}
VdevOperation,          2,            0,          0,         11,          5,          2,          0, 0x0000000000000020, 0x00001658, 0x00001414,                    1,             ,                     ,   {7d47a6bb-3bd3-0001-92b3-477dd33bdd01},                                         ,   134329345391105886,         75,         15,                0,        0,     5140
VdevOperation,          1,            0,          0,         11,          5,          1,          0, 0x0000000000000020, 0x00001658, 0x00001414,                    1,             ,                     ,   {7d47a6bb-3bd3-0001-93b3-477dd33bdd01},   {7d47a6bb-3bd3-0001-91b3-477dd33bdd01},   134329345391105918,         75,         15,                0,     5140, "Microsoft Emulated IoAPIC", "72682FC4-040A-430A-BE0B-224574B953FE", "VDevResume", {8c6b6115-bca6-4e8a-92cc-41217abf372d}
VdevOperation,          2,            0,          0,         11,          5,          2,          0, 0x0000000000000020, 0x00001658, 0x00001414,                    1,             ,                     ,   {7d47a6bb-3bd3-0001-93b3-477dd33bdd01},                                         ,   134329345391107315,         75,         15,                0,        0,     5140
VdevOperation,          1,            0,          0,         11,          5,          1,          0, 0x0000000000000020, 0x00001658, 0x00001414,                    1,             ,                     ,   {7d47a6bb-3bd3-0001-94b3-477dd33bdd01},   {7d47a6bb-3bd3-0001-91b3-477dd33bdd01},   134329345391107351,         75,         15,                0,     5140, "Microsoft Emulated Power Management Device", "DB8B9818-B4BB-4725-B99D-B4612716B6B4", "VDevResume", {8c6b6115-bca6-4e8a-92cc-41217abf372d}
VdevOperation,          2,            0,          0,         11,          5,          2,          0, 0x0000000000000020, 0x00001658, 0x00001414,                    1,             ,                     ,   {7d47a6bb-3bd3-0001-94b3-477dd33bdd01},                                         ,   134329345391113128,         75,         15,                0,        0,     5140
VdevOperation,          1,            0,          0,         11,          5,          1,          0, 0x0000000000000020, 0x00001658, 0x00001414,                    1,             ,                     ,   {7d47a6bb-3bd3-0001-95b3-477dd33bdd01},   {7d47a6bb-3bd3-0001-91b3-477dd33bdd01},   134329345391113171,         75,         15,                0,     5140, "Microsoft VmBus", "D41A1872-3740-41CE-A1EE-4522AB82F991", "VDevResume", {8c6b6115-bca6-4e8a-92cc-41217abf372d}
VdevOperation,          2,            0,          0,         11,          5,          2,          0, 0x0000000000000020, 0x00001658, 0x00001414,                    1,             ,                     ,   {7d47a6bb-3bd3-0001-95b3-477dd33bdd01},                                         ,   134329345391113417,         75,         15,                0,        0,     5140
VdevOperation,          1,            0,          0,         11,          5,          1,          0, 0x0000000000000020, 0x00001658, 0x00001414,                    1,             ,                     ,   {7d47a6bb-3bd3-0001-96b3-477dd33bdd01},   {7d47a6bb-3bd3-0001-91b3-477dd33bdd01},   134329345391113439,         75,         15,                0,     5140, "Microsoft Flexible IO Device", "C4B741F5-5582-4C98-8F8B-2E082933C396", "VDevResume", {8c6b6115-bca6-4e8a-92cc-41217abf372d}
VdevOperation,          2,            0,          0,         11,          5,          2,          0, 0x0000000000000020, 0x00001658, 0x00001414,                    1,             ,                     ,   {7d47a6bb-3bd3-0001-96b3-477dd33bdd01},                                         ,   134329345391114013,         75,         15,                0,        0,     5140
VdevOperation,          1,            0,          0,         11,          5,          1,          0, 0x0000000000000020, 0x00001658, 0x00001414,                    1,             ,                     ,   {7d47a6bb-3bd3-0001-98b3-477dd33bdd01},   {7d47a6bb-3bd3-0001-91b3-477dd33bdd01},   134329345391114038,         75,         15,                0,     5140, "Virtual Battery", "D465D87D-6339-4FF4-93D9-7353E388D889", "VDevResume", {8c6b6115-bca6-4e8a-92cc-41217abf372d}
VdevOperation,          2,            0,          0,         11,          5,          2,          0, 0x0000000000000020, 0x00001658, 0x00001414,                    1,             ,                     ,   {7d47a6bb-3bd3-0001-98b3-477dd33bdd01},                                         ,   134329345391114623,         75,         15,                0,        0,     5140
VdevOperation,          1,            0,          0,         11,          5,          1,          0, 0x0000000000000020, 0x00001658, 0x00001414,                    1,             ,                     ,   {7d47a6bb-3bd3-0001-99b3-477dd33bdd01},   {7d47a6bb-3bd3-0001-91b3-477dd33bdd01},   134329345391114654,         75,         15,                0,     5140, "Microsoft Virtual BIOS", "AC6B8DC1-3257-4A70-B1B2-A9C9215659AD", "VDevResume", {8c6b6115-bca6-4e8a-92cc-41217abf372d}
VdevOperation,          2,            0,          0,         11,          5,          2,          0, 0x0000000000000020, 0x00001658, 0x00001414,                    1,             ,                     ,   {7d47a6bb-3bd3-0001-99b3-477dd33bdd01},                                         ,   134329345391114690,         75,         15,                0,        0,     5140
VdevOperation,          1,            0,          0,         11,          5,          1,          0, 0x0000000000000020, 0x00001658, 0x00001414,                    1,             ,                     ,   {7d47a6bb-3bd3-0001-9ab3-477dd33bdd01},   {7d47a6bb-3bd3-0001-91b3-477dd33bdd01},   134329345391114710,         75,         15,                0,     5140, "Microsoft Emulated Real Time Clock", "E51B7EF6-4A7F-4780-AAAE-D4B291AACD2E", "VDevResume", {8c6b6115-bca6-4e8a-92cc-41217abf372d}
VdevOperation,          2,            0,          0,         11,          5,          2,          0, 0x0000000000000020, 0x00001658, 0x00001414,                    1,             ,                     ,   {7d47a6bb-3bd3-0001-9ab3-477dd33bdd01},                                         ,   134329345391115523,         75,         15,                0,        0,     5140
VdevOperation,          1,            0,          0,         11,          5,          1,          0, 0x0000000000000020, 0x00001658, 0x00001414,                    1,             ,                     ,   {7d47a6bb-3bd3-0001-9bb3-477dd33bdd01},   {7d47a6bb-3bd3-0001-91b3-477dd33bdd01},   134329345391115553,         75,         15,                0,     5140, "Microsoft Dynamic Memory Controller", "E3C82929-EDB4-475E-85A4-29AAA2A30C2D", "VDevResume", {8c6b6115-bca6-4e8a-92cc-41217abf372d}
VdevOperation,          2,            0,          0,         11,          5,          2,          0, 0x0000000000000020, 0x00001658, 0x00001414,                    1,             ,                     ,   {7d47a6bb-3bd3-0001-9bb3-477dd33bdd01},                                         ,   134329345391115812,         75,         15,                0,        0,     5140
VdevOperation,          1,            0,          0,         11,          5,          1,          0, 0x0000000000000020, 0x00001658, 0x00001414,                    1,             ,                     ,   {7d47a6bb-3bd3-0001-9cb3-477dd33bdd01},   {7d47a6bb-3bd3-0001-91b3-477dd33bdd01},   134329345391115836,         75,         15,                0,     5140, "Virtual SMB Device", "FEA6E63B-45DA-4E32-8B3D-1873B2CE50E7", "VDevResume", {8c6b6115-bca6-4e8a-92cc-41217abf372d}
VSmbVdevResume,          1,            0,          0,         11,          4,          1,          0, 0x0000000001000000, 0x00001658, 0x00001414,                    1,             ,                     ,   {7d47a6bb-3bd3-0001-9db3-477dd33bdd01},                                         ,   134329345391115917,         75,         15,                0,     5140, {8c6b6115-bca6-4e8a-92cc-41217abf372d}
VSmbVdevResume,          2,            0,          0,         11,          4,          2,          0, 0x0000000001000000, 0x00001658, 0x00001414,                    1,             ,                     ,   {7d47a6bb-3bd3-0001-9db3-477dd33bdd01},                                         ,   134329345391116124,         75,         15,                0,        0,     5140
VdevOperation,          2,            0,          0,         11,          5,          2,          0, 0x0000000000000020, 0x00001658, 0x00001414,                    1,             ,                     ,   {7d47a6bb-3bd3-0001-9cb3-477dd33bdd01},                                         ,   134329345391116153,         75,         15,                0,        0,     5140
VdevOperation,          1,            0,          0,         11,          5,          1,          0, 0x0000000000000020, 0x00001658, 0x00001414,                    1,             ,                     ,   {7d47a6bb-3bd3-0001-9eb3-477dd33bdd01},   {7d47a6bb-3bd3-0001-91b3-477dd33bdd01},   134329345391116173,         75,         15,                0,     5140, "Microsoft Guest Interface Component", "6C09BB55-D683-4DA0-8931-C9BF705F6480", "VDevResume", {8c6b6115-bca6-4e8a-92cc-41217abf372d}
VdevOperation,          2,            0,          0,         11,          5,          2,          0, 0x0000000000000020, 0x00001658, 0x00001414,                    1,             ,                     ,   {7d47a6bb-3bd3-0001-9eb3-477dd33bdd01},                                         ,   134329345391116205,         75,         15,                0,        0,     5140
VdevOperation,          1,            0,          0,         11,          5,          1,          0, 0x0000000000000020, 0x00001658, 0x00001414,                    1,             ,                     ,   {7d47a6bb-3bd3-0001-9fb3-477dd33bdd01},   {7d47a6bb-3bd3-0001-91b3-477dd33bdd01},   134329345391116226,         75,         15,                0,     5140, "Microsoft Time Synchronization Component", "2497F4DE-E9FA-4204-80E4-4B75C46419C0", "VDevResume", {8c6b6115-bca6-4e8a-92cc-41217abf372d}
VdevOperation,          2,            0,          0,         11,          5,          2,          0, 0x0000000000000020, 0x00001658, 0x00001414,                    1,             ,                     ,   {7d47a6bb-3bd3-0001-9fb3-477dd33bdd01},                                         ,   134329345391117119,         75,         15,                0,        0,     5140
VdevOperation,          1,            0,          0,         11,          5,          1,          0, 0x0000000000000020, 0x00001658, 0x00001414,                    1,             ,                     ,   {7d47a6bb-3bd3-0001-a0b3-477dd33bdd01},   {7d47a6bb-3bd3-0001-91b3-477dd33bdd01},   134329345391117184,         75,         15,                0,     5140, "Synthetic Storage", "FD1D2CBD-CE7C-535C-966B-EB5F811C95F0", "VDevResume", {8c6b6115-bca6-4e8a-92cc-41217abf372d}
SynthStorResume,          1,            0,          0,         11,          4,          1,          0, 0x0000000000000010, 0x00001658, 0x00001414,                    1,             ,                     ,   {7d47a6bb-3bd3-0001-a1b3-477dd33bdd01},                                         ,   134329345391117267,         75,         15,                0,     5140, {8c6b6115-bca6-4e8a-92cc-41217abf372d}, {fd1d2cbd-ce7c-535c-966b-eb5f811c95f0}
StorVspAdapterResume,          1,            0,          0,         11,          4,          1,          0, 0x0000000000000100, 0x00001658, 0x00001414,                    1,             ,                     ,   {7d47a6bb-3bd3-0001-a2b3-477dd33bdd01},                                         ,   134329345391117395,         75,         15, "8C6B6115-BCA6-4E8A-92CC-41217ABF372D", "8C6B6115-BCA6-4E8A-92CC-41217ABF372D", 0xFFFFE70BABEEA620, 0, 0, 0
Microsoft-Windows-Hyper-V-StorageVSP ,          0,         1010,          0,         17,          4,          0,          0, 0x0000000000000004, 0x00001658, 0x00001414,                    1,             ,                     ,   {00000000-0000-0000-0000-000000000000},                                         ,   134329345391117488,         75,         15, "VspAdapterResume",     1293, "Resuming."
Microsoft-Windows-Hyper-V-StorageVSP ,          0,         1010,          0,         17,          4,          0,          0, 0x0000000000000004, 0x00001658, 0x00001414,                    1,             ,                     ,   {00000000-0000-0000-0000-000000000000},                                         ,   134329345391117703,         75,         15, "VspResumeChannelProcessing",     4073, "Resume"
StorVspAdapterResumeChannelProcessing,          1,            0,          0,         11,          4,          1,          0, 0x0000000000000100, 0x00001658, 0x00001414,                    1,             ,                     ,   {7d47a6bb-3bd3-0001-a3b3-477dd33bdd01},                                         ,   134329345391117721,         75,         15, "8C6B6115-BCA6-4E8A-92CC-41217ABF372D", "8C6B6115-BCA6-4E8A-92CC-41217ABF372D", 0xFFFFE70BABEEA620, 0, 0, 0
StorVspAdapterResumeChannelProcessing,          2,            0,          0,         11,          4,          2,          0, 0x0000000000000100, 0x00001658, 0x00001414,                    1,             ,                     ,   {7d47a6bb-3bd3-0001-a3b3-477dd33bdd01},                                         ,   134329345391117777,         75,         15, "8C6B6115-BCA6-4E8A-92CC-41217ABF372D", "8C6B6115-BCA6-4E8A-92CC-41217ABF372D", 0xFFFFE70BABEEA620, STATUS_SUCCESS
StorVspAdapterResume,          2,            0,          0,         11,          4,          2,          0, 0x0000000000000100, 0x00001658, 0x00001414,                    1,             ,                     ,   {7d47a6bb-3bd3-0001-a2b3-477dd33bdd01},                                         ,   134329345391117786,         75,         15, "8C6B6115-BCA6-4E8A-92CC-41217ABF372D", "8C6B6115-BCA6-4E8A-92CC-41217ABF372D", 0xFFFFE70BABEEA620, STATUS_SUCCESS
SynthStorResume,          2,            0,          0,         11,          4,          2,          0, 0x0000000000000010, 0x00001658, 0x00001414,                    1,             ,                     ,   {7d47a6bb-3bd3-0001-a1b3-477dd33bdd01},                                         ,   134329345391117833,         75,         15,                0,        0,     5140
VdevOperation,          2,            0,          0,         11,          5,          2,          0, 0x0000000000000020, 0x00001658, 0x00001414,                    1,             ,                     ,   {7d47a6bb-3bd3-0001-a0b3-477dd33bdd01},                                         ,   134329345391118242,         75,         15,                0,        0,     5140
VdevOperation,          1,            0,          0,         11,          5,          1,          0, 0x0000000000000020, 0x00001658, 0x00001414,                    1,             ,                     ,   {7d47a6bb-3bd3-0001-a4b3-477dd33bdd01},   {7d47a6bb-3bd3-0001-91b3-477dd33bdd01},   134329345391118277,         75,         15,                0,     5140, "Microsoft Emulated Serial Controller", "8E3A359F-559A-4B6A-98A9-1690A6100ED7", "VDevResume", {8c6b6115-bca6-4e8a-92cc-41217abf372d}
VdevOperation,          2,            0,          0,         11,          5,          2,          0, 0x0000000000000020, 0x00001658, 0x00001414,                    1,             ,                     ,   {7d47a6bb-3bd3-0001-a4b3-477dd33bdd01},                                         ,   134329345391119826,         75,         15,                0,        0,     5140
   VmbResume,          2,            0,          0,         11,          4,          2,          0, 0x0000000000000020, 0x00001658, 0x00001414,                    1,             ,                     ,   {7d47a6bb-3bd3-0001-91b3-477dd33bdd01},                                         ,   134329345391119852,         75,         15,                0,        0,     5140
VmbOperation,          1,            0,          0,         11,          4,          1,          0, 0x0000000000000020, 0x00001658, 0x00001414,                    1,             ,                     ,   {7d47a6bb-3bd3-0001-a5b3-477dd33bdd01},   {7d47a6bb-3bd3-0000-77b3-477dd33bdd01},   134329345391119902,         75,         15,                0,     5140, "EnableOptimizations", {8c6b6115-bca6-4e8a-92cc-41217abf372d}
VdevOperation,          1,            0,          0,         11,          5,          1,          0, 0x0000000000000020, 0x00001658, 0x00001414,                    1,             ,                     ,   {7d47a6bb-3bd3-0001-a6b3-477dd33bdd01},   {7d47a6bb-3bd3-0001-a5b3-477dd33bdd01},   134329345391119969,         75,         15,                0,     5140, "Microsoft Guest Runtime State", "917BD8CB-3BB6-4124-9383-B7D21AC07F79", "VDevEnableOptimizations", {8c6b6115-bca6-4e8a-92cc-41217abf372d}
VdevOperation,          2,            0,          0,         11,          5,          2,          0, 0x0000000000000020, 0x00001658, 0x00001414,                    1,             ,                     ,   {7d47a6bb-3bd3-0001-a6b3-477dd33bdd01},                                         ,   134329345391120227,         75,         15,                0,        0,     5140
VdevOperation,          1,            0,          0,         11,          5,          1,          0, 0x0000000000000020, 0x00001658, 0x00001414,                    1,             ,                     ,   {7d47a6bb-3bd3-0001-a7b3-477dd33bdd01},   {7d47a6bb-3bd3-0001-a5b3-477dd33bdd01},   134329345391120253,         75,         15,                0,     5140, "Microsoft Emulated IoAPIC", "72682FC4-040A-430A-BE0B-224574B953FE", "VDevEnableOptimizations", {8c6b6115-bca6-4e8a-92cc-41217abf372d}
VdevOperation,          2,            0,          0,         11,          5,          2,          0, 0x0000000000000020, 0x00001658, 0x00001414,                    1,             ,                     ,   {7d47a6bb-3bd3-0001-a7b3-477dd33bdd01},                                         ,   134329345391120406,         75,         15,                0,        0,     5140
VdevOperation,          1,            0,          0,         11,          5,          1,          0, 0x0000000000000020, 0x00001658, 0x00001414,                    1,             ,                     ,   {7d47a6bb-3bd3-0001-a8b3-477dd33bdd01},   {7d47a6bb-3bd3-0001-a5b3-477dd33bdd01},   134329345391120428,         75,         15,                0,     5140, "Microsoft Emulated Power Management Device", "DB8B9818-B4BB-4725-B99D-B4612716B6B4", "VDevEnableOptimizations", {8c6b6115-bca6-4e8a-92cc-41217abf372d}
VdevOperation,          2,            0,          0,         11,          5,          2,          0, 0x0000000000000020, 0x00001658, 0x00001414,                    1,             ,                     ,   {7d47a6bb-3bd3-0001-a8b3-477dd33bdd01},                                         ,   134329345391120583,         75,         15,                0,        0,     5140
VdevOperation,          1,            0,          0,         11,          5,          1,          0, 0x0000000000000020, 0x00001658, 0x00001414,                    1,             ,                     ,   {7d47a6bb-3bd3-0001-a9b3-477dd33bdd01},   {7d47a6bb-3bd3-0001-a5b3-477dd33bdd01},   134329345391120604,         75,         15,                0,     5140, "Microsoft VmBus", "D41A1872-3740-41CE-A1EE-4522AB82F991", "VDevEnableOptimizations", {8c6b6115-bca6-4e8a-92cc-41217abf372d}
VdevOperation,          2,            0,          0,         11,          5,          2,          0, 0x0000000000000020, 0x00001658, 0x00001414,                    1,             ,                     ,   {7d47a6bb-3bd3-0001-a9b3-477dd33bdd01},                                         ,   134329345391120759,         75,         15,                0,        0,     5140
VdevOperation,          1,            0,          0,         11,          5,          1,          0, 0x0000000000000020, 0x00001658, 0x00001414,                    1,             ,                     ,   {7d47a6bb-3bd3-0001-aab3-477dd33bdd01},   {7d47a6bb-3bd3-0001-a5b3-477dd33bdd01},   134329345391120778,         75,         15,                0,     5140, "Microsoft Flexible IO Device", "C4B741F5-5582-4C98-8F8B-2E082933C396", "VDevEnableOptimizations", {8c6b6115-bca6-4e8a-92cc-41217abf372d}
VdevOperation,          2,            0,          0,         11,          5,          2,          0, 0x0000000000000020, 0x00001658, 0x00001414,                    1,             ,                     ,   {7d47a6bb-3bd3-0001-aab3-477dd33bdd01},                                         ,   134329345391121169,         75,         15,                0,        0,     5140
VdevOperation,          1,            0,          0,         11,          5,          1,          0, 0x0000000000000020, 0x00001658, 0x00001414,                    1,             ,                     ,   {7d47a6bb-3bd3-0001-acb3-477dd33bdd01},   {7d47a6bb-3bd3-0001-a5b3-477dd33bdd01},   134329345391121194,         75,         15,                0,     5140, "Virtual Battery", "D465D87D-6339-4FF4-93D9-7353E388D889", "VDevEnableOptimizations", {8c6b6115-bca6-4e8a-92cc-41217abf372d}
VdevOperation,          2,            0,          0,         11,          5,          2,          0, 0x0000000000000020, 0x00001658, 0x00001414,                    1,             ,                     ,   {7d47a6bb-3bd3-0001-acb3-477dd33bdd01},                                         ,   134329345391121351,         75,         15,                0,        0,     5140
VdevOperation,          1,            0,          0,         11,          5,          1,          0, 0x0000000000000020, 0x00001658, 0x00001414,                    1,             ,                     ,   {7d47a6bb-3bd3-0001-adb3-477dd33bdd01},   {7d47a6bb-3bd3-0001-a5b3-477dd33bdd01},   134329345391121371,         75,         15,                0,     5140, "Microsoft Virtual BIOS", "AC6B8DC1-3257-4A70-B1B2-A9C9215659AD", "VDevEnableOptimizations", {8c6b6115-bca6-4e8a-92cc-41217abf372d}
VdevOperation,          2,            0,          0,         11,          5,          2,          0, 0x0000000000000020, 0x00001658, 0x00001414,                    1,             ,                     ,   {7d47a6bb-3bd3-0001-adb3-477dd33bdd01},                                         ,   134329345391121519,         75,         15,                0,        0,     5140
VdevOperation,          1,            0,          0,         11,          5,          1,          0, 0x0000000000000020, 0x00001658, 0x00001414,                    1,             ,                     ,   {7d47a6bb-3bd3-0001-aeb3-477dd33bdd01},   {7d47a6bb-3bd3-0001-a5b3-477dd33bdd01},   134329345391121539,         75,         15,                0,     5140, "Microsoft Emulated Real Time Clock", "E51B7EF6-4A7F-4780-AAAE-D4B291AACD2E", "VDevEnableOptimizations", {8c6b6115-bca6-4e8a-92cc-41217abf372d}
VdevOperation,          2,            0,          0,         11,          5,          2,          0, 0x0000000000000020, 0x00001658, 0x00001414,                    1,             ,                     ,   {7d47a6bb-3bd3-0001-aeb3-477dd33bdd01},                                         ,   134329345391121688,         75,         15,                0,        0,     5140
VdevOperation,          1,            0,          0,         11,          5,          1,          0, 0x0000000000000020, 0x00001658, 0x00001414,                    1,             ,                     ,   {7d47a6bb-3bd3-0001-afb3-477dd33bdd01},   {7d47a6bb-3bd3-0001-a5b3-477dd33bdd01},   134329345391121708,         75,         15,                0,     5140, "Microsoft Dynamic Memory Controller", "E3C82929-EDB4-475E-85A4-29AAA2A30C2D", "VDevEnableOptimizations", {8c6b6115-bca6-4e8a-92cc-41217abf372d}
VdevOperation,          2,            0,          0,         11,          5,          2,          0, 0x0000000000000020, 0x00001658, 0x00001414,                    1,             ,                     ,   {7d47a6bb-3bd3-0001-afb3-477dd33bdd01},                                         ,   134329345391121867,         75,         15,                0,        0,     5140
VdevOperation,          1,            0,          0,         11,          5,          1,          0, 0x0000000000000020, 0x00001658, 0x00001414,                    1,             ,                     ,   {7d47a6bb-3bd3-0001-b0b3-477dd33bdd01},   {7d47a6bb-3bd3-0001-a5b3-477dd33bdd01},   134329345391121890,         75,         15,                0,     5140, "Virtual SMB Device", "FEA6E63B-45DA-4E32-8B3D-1873B2CE50E7", "VDevEnableOptimizations", {8c6b6115-bca6-4e8a-92cc-41217abf372d}
VdevOperation,          2,            0,          0,         11,          5,          2,          0, 0x0000000000000020, 0x00001658, 0x00001414,                    1,             ,                     ,   {7d47a6bb-3bd3-0001-b0b3-477dd33bdd01},                                         ,   134329345391122490,         75,         15,                0,        0,     5140
VdevOperation,          1,            0,          0,         11,          5,          1,          0, 0x0000000000000020, 0x00001658, 0x00001414,                    1,             ,                     ,   {7d47a6bb-3bd3-0001-b1b3-477dd33bdd01},   {7d47a6bb-3bd3-0001-a5b3-477dd33bdd01},   134329345391122552,         75,         15,                0,     5140, "Microsoft Guest Interface Component", "6C09BB55-D683-4DA0-8931-C9BF705F6480", "VDevEnableOptimizations", {8c6b6115-bca6-4e8a-92cc-41217abf372d}
VdevOperation,          2,            0,          0,         11,          5,          2,          0, 0x0000000000000020, 0x00001658, 0x00001414,                    1,             ,                     ,   {7d47a6bb-3bd3-0001-b1b3-477dd33bdd01},                                         ,   134329345391122709,         75,         15,                0,        0,     5140
VdevOperation,          1,            0,          0,         11,          5,          1,          0, 0x0000000000000020, 0x00001658, 0x00001414,                    1,             ,                     ,   {7d47a6bb-3bd3-0001-b2b3-477dd33bdd01},   {7d47a6bb-3bd3-0001-a5b3-477dd33bdd01},   134329345391122731,         75,         15,                0,     5140, "Microsoft Time Synchronization Component", "2497F4DE-E9FA-4204-80E4-4B75C46419C0", "VDevEnableOptimizations", {8c6b6115-bca6-4e8a-92cc-41217abf372d}
VdevOperation,          2,            0,          0,         11,          5,          2,          0, 0x0000000000000020, 0x00001658, 0x00001414,                    1,             ,                     ,   {7d47a6bb-3bd3-0001-b2b3-477dd33bdd01},                                         ,   134329345391122873,         75,         15,                0,        0,     5140
VdevOperation,          1,            0,          0,         11,          5,          1,          0, 0x0000000000000020, 0x00001658, 0x00001414,                    1,             ,                     ,   {7d47a6bb-3bd3-0001-b3b3-477dd33bdd01},   {7d47a6bb-3bd3-0001-a5b3-477dd33bdd01},   134329345391122893,         75,         15,                0,     5140, "Synthetic Storage", "FD1D2CBD-CE7C-535C-966B-EB5F811C95F0", "VDevEnableOptimizations", {8c6b6115-bca6-4e8a-92cc-41217abf372d}
VdevOperation,          2,            0,          0,         11,          5,          2,          0, 0x0000000000000020, 0x00001658, 0x00001414,                    1,             ,                     ,   {7d47a6bb-3bd3-0001-b3b3-477dd33bdd01},                                         ,   134329345391123037,         75,         15,                0,        0,     5140
VdevOperation,          1,            0,          0,         11,          5,          1,          0, 0x0000000000000020, 0x00001658, 0x00001414,                    1,             ,                     ,   {7d47a6bb-3bd3-0001-b4b3-477dd33bdd01},   {7d47a6bb-3bd3-0001-a5b3-477dd33bdd01},   134329345391123057,         75,         15,                0,     5140, "Microsoft Emulated Serial Controller", "8E3A359F-559A-4B6A-98A9-1690A6100ED7", "VDevEnableOptimizations", {8c6b6115-bca6-4e8a-92cc-41217abf372d}
VdevOperation,          2,            0,          0,         11,          5,          2,          0, 0x0000000000000020, 0x00001658, 0x00001414,                    1,             ,                     ,   {7d47a6bb-3bd3-0001-b4b3-477dd33bdd01},                                         ,   134329345391123325,         75,         15,                0,        0,     5140
VmbOperation,          2,            0,          0,         11,          4,          2,          0, 0x0000000000000020, 0x00001658, 0x00001414,                    1,             ,                     ,   {7d47a6bb-3bd3-0001-a5b3-477dd33bdd01},                                         ,   134329345391123344,         75,         15,                0,        0,     5140
StartVirtualProcessors,          1,            0,          0,         11,          4,          1,          0, 0x0000000000000400, 0x00001658, 0x00001414,                    1,             ,                     ,   {7d47a6bb-3bd3-0001-b5b3-477dd33bdd01},                                         ,   134329345391123377,         75,         15,                0,     5140, {8c6b6115-bca6-4e8a-92cc-41217abf372d}
    ThawTime,          0,            0,          0,         11,          5,          0,          0, 0x0000000000000000, 0x00001658, 0x00001414,                    1,             ,                     ,   {7d47a6bb-3bd3-0001-b5b3-477dd33bdd01},                                         ,   134329345391124138,         75,         15, {8c6b6115-bca6-4e8a-92cc-41217abf372d}
StartVirtualProcessors,          2,            0,          0,         11,          4,          2,          0, 0x0000000000000400, 0x00001658, 0x00001414,                    1,             ,                     ,   {7d47a6bb-3bd3-0001-b5b3-477dd33bdd01},                                         ,   134329345391125983,         75,         15,                0,        0,     5140
     StartVm,          2,            0,          0,         11,          4,          2,          0, 0x0000000000000040, 0x00001658, 0x00001414,                    1,             ,                     ,   {7d47a6bb-3bd3-0001-90b3-477dd33bdd01},                                         ,   134329345391126039,         75,         15,                0,        0,     5140
{bbccf6c1-6cd1-48c4-80ff-839482e37671},         32,            0,          0,          0,          0,         32,          0, 0x0000000000000000, 0x00001658, 0x00001414,                    1,             ,                     ,   {00000000-0000-0000-0000-000000000000},                                         ,   134329345391126192,         75,         15, DataSize=782
Microsoft-Windows-Hyper-V-VID ,     Start ,         5060,          0,          0,          4,          1,       1550, 0x0000000000000020, 0x00001658, 0x00001414,                    1,             ,                     ,   {00000000-0000-0000-0000-000000000000},                                         ,   134329345391126192,         75,         15, 0, {8c6b6115-bca6-4e8a-92cc-41217abf372d}
{bbccf6c1-6cd1-48c4-80ff-839482e37671},         32,            0,          0,          0,          0,         32,          0, 0x0000000000000000, 0x00001658, 0x00001414,                    1,             ,                     ,   {00000000-0000-0000-0000-000000000000},                                         ,   134329345391130766,         75,         15, DataSize=564
Microsoft-Windows-Hyper-V-VID ,      Stop ,         5061,          0,          0,          4,          2,       1550, 0x0000000000000020, 0x00001658, 0x00001414,                    1,             ,                     ,   {00000000-0000-0000-0000-000000000000},                                         ,   134329345391130766,         75,         15, 0x0
VmStateChange,          0,            0,          0,         11,          4,          0,          0, 0x0000000000000040, 0x00001658, 0x00001414,                    1,             ,                     ,   {7d47a6bb-3bd3-0000-80b3-477dd33bdd01},                                         ,   134329345391134202,         75,         15, {8c6b6115-bca6-4e8a-92cc-41217abf372d}, "VmStateStarting", "VmStateRunning", "VmStateReasonStartSucceeded"
VmIndicateStateChange,          0,            0,          0,         11,          4,          0,          0, 0x0000000000000040, 0x00001658, 0x00001414,                    1,             ,                     ,   {7d47a6bb-3bd3-0000-80b3-477dd33bdd01},                                         ,   134329345391134327,         75,         15, {8c6b6115-bca6-4e8a-92cc-41217abf372d},        0, "VmStateRunning", "VmStateReasonStartSucceeded", "2026-09-03T18:42:19.113329700Z"
Microsoft-Windows-Hyper-V-Worker ,          0,        18500,          0,         16,          4,          0,          0, 0x0000000000000000, 0x00001658, 0x00001414,                    1,             ,                     ,   {7d47a6bb-3bd3-0000-80b3-477dd33bdd01},                                         ,   134329345391134499,         75,         15, "8C6B6115-BCA6-4E8A-92CC-41217ABF372D", "8C6B6115-BCA6-4E8A-92CC-41217ABF372D"
Microsoft-Windows-Hyper-V-Worker ,          0,         3086,          0,         16,          4,          0,          0, 0x0000000000000000, 0x00001658, 0x00001414,                    2,             ,                     ,   {7d47a6bb-3bd3-0000-80b3-477dd33bdd01},                                         ,   134329345391140251,         75,         15, "8C6B6115-BCA6-4E8A-92CC-41217ABF372D", {00430038-0036-0042-3600-310031003500}, "-BCA6-4E8A-92CC-41217ABF372D", "configuration", "Finished starting the VM's VMWP",  0x0000
Microsoft-Windows-Hyper-V-Worker ,          0,         3086,          0,         16,          4,          0,          0, 0x0000000000000000, 0x00001658, 0x00001414,                    2,             ,                     ,   {7d47a6bb-3bd3-0000-80b3-477dd33bdd01},                                         ,   134329345391142117,         75,         15, "8C6B6115-BCA6-4E8A-92CC-41217ABF372D", {00430038-0036-0042-3600-310031003500}, "-BCA6-4E8A-92CC-41217ABF372D", "runtime", "Finished starting the VM's VMWP",  0x0000
StartingTask,          2,            0,          0,         11,          4,          2,          0, 0x0000000000000010, 0x00001658, 0x00001414,                    2,             ,                     ,   {7d47a6bb-3bd3-0000-77b3-477dd33bdd01},                                         ,   134329345391142354,         75,         15,                0,        0,     5140
Microsoft-Windows-Hyper-V-Compute ,          0,         2009,          0,         17,          4,          0,          0, 0x0000000000000000, 0x000014B4, 0x0000173C,                    0,             ,                     ,   {00000000-0000-0000-0000-000000000000},                                         ,   134329345391145827,         15,         30, "8C6B6115-BCA6-4E8A-92CC-41217ABF372D",        6, "0x00000000"
Microsoft-Windows-Hyper-V-Compute ,          0,         2008,          0,         17,          4,          0,          0, 0x0000000000000000, 0x000014B4, 0x0000058C,                    2,             ,                     ,   {00000000-0000-0000-0000-000000000000},                                         ,   134329345391147295,          0,          0, "8C6B6115-BCA6-4E8A-92CC-41217ABF372D", "0x00000000",        6, "0x00000000"
Microsoft-Windows-Hyper-V-Compute ,          0,         2008,          0,         17,          4,          0,          0, 0x0000000000000000, 0x000014B4, 0x00001750,                    0,             ,                     ,   {00000000-0000-0000-0000-000000000000},                                         ,   134329345391147741,          0,          0, "8C6B6115-BCA6-4E8A-92CC-41217ABF372D", "0x00000000",        6, "0x00000000"
{bbccf6c1-6cd1-48c4-80ff-839482e37671},         32,            0,          0,          0,          0,         32,          0, 0x0000000000000000, 0x000014B4, 0x00001750,                    0,             ,                     ,   {00000000-0000-0000-0000-000000000000},                                         ,   134329345391152650,          0,          0, DataSize=1024
Microsoft-Windows-Hyper-V-Compute ,          0,         2007,          0,         17,          4,          0,          0, 0x0000000000000000, 0x000014B4, 0x00001750,                    0,             ,                     ,   {00000000-0000-0000-0000-000000000000},                                         ,   134329345391152650,          0,          0, "8C6B6115-BCA6-4E8A-92CC-41217ABF372D", "0x00000000", "{"RequestType":"Update","ResourcePath":"VirtualMachine/ComputeTopology/Gpu","Settings":{"AllowVendorExtension":true,"AssignmentMode":"Mirror","DisableGdiAcceleration":true,"DisablePresentation":true}}"
Microsoft-Windows-Hyper-V-Compute ,          0,         2009,          0,         17,          4,          0,          0, 0x0000000000000000, 0x000014B4, 0x00001438,                    2,             ,                     ,   {00000000-0000-0000-0000-000000000000},                                         ,   134329345391156726,          0,          0, "8C6B6115-BCA6-4E8A-92CC-41217ABF372D",       15, "0x00000000"
Microsoft-Windows-Hyper-V-Compute ,          0,         2008,          0,         17,          4,          0,          0, 0x0000000000000000, 0x000014B4, 0x00001438,                    1,             ,                     ,   {00000000-0000-0000-0000-000000000000},                                         ,   134329345391158882,          0,          0, "8C6B6115-BCA6-4E8A-92CC-41217ABF372D", "0x00000000",       15, "0x00000000"
Microsoft-Windows-Hyper-V-Compute ,          0,         2008,          0,         17,          4,          0,          0, 0x0000000000000000, 0x000014B4, 0x00001750,                    0,             ,                     ,   {00000000-0000-0000-0000-000000000000},                                         ,   134329345391159006,          0,          0, "8C6B6115-BCA6-4E8A-92CC-41217ABF372D", "0x00000000",       15, "0x00000000"
Microsoft-Windows-Hyper-V-Compute ,          0,         2007,          0,         17,          4,          0,          0, 0x0000000000000000, 0x000014B4, 0x00001750,                    1,             ,                     ,   {00000000-0000-0000-0000-000000000000},                                         ,   134329345391163767,          0,          0, "8C6B6115-BCA6-4E8A-92CC-41217ABF372D", "0x00000000", "{"RequestType":"Add","ResourcePath":"VirtualMachine/Devices/Plan9/Shares","Settings":{"AccessName":"drivers","Flags":33,"Name":"drivers","Path":"C:\\Windows\\System32\\DriverStore\\FileRepository","Port":50001}}"
Microsoft-Windows-Hyper-V-StorageVSP ,          0,         1010,          0,         17,          4,          0,          0, 0x0000000000000004, 0x00000004, 0x00001148,                    0,             ,                     ,   {00000000-0000-0000-0000-000000000000},                                         ,   134329345391169028,       1995,          0, "VspVsmbFileCreate",      462, "VspVsmbFileCreate enter ... filename: \??\C:\Windows\System32\DriverStore\FileRepository fileObject FFFFE70BABFC87E0 smbObject FFFFE70BA5DE3550"
Microsoft-Windows-Hyper-V-StorageVSP ,          0,         1010,          0,         17,          4,          0,          0, 0x0000000000000004, 0x00000004, 0x00001148,                    0,             ,                     ,   {00000000-0000-0000-0000-000000000000},                                         ,   134329345391169152,       1995,          0, "VspVsmbFileCreate",      505, "VspVsmbFileCreate open downlevel ... filename: \??\C:\Windows\System32\DriverStore\FileRepository fileObject 0xFFFFE70BABFC87E0 accessmask 0x100084 allocationSize 0x0 fileAttributes 0 shareAccess 0x3 createDisposition 1 createOptions 0x0"
Microsoft-Windows-Hyper-V-StorageVSP ,          0,         1010,          0,         17,          4,          0,          0, 0x0000000000000004, 0x00000004, 0x00001148,                    0,             ,                     ,   {00000000-0000-0000-0000-000000000000},                                         ,   134329345391169244,       1995,          0, "VspVsmbFileCreate",      579, "VspVsmbFileCreate \??\C:\Windows\System32\DriverStore\FileRepository Special flags: ReadOnly? Y BackupIntent? N RootIdentity? N"
Microsoft-Windows-Hyper-V-StorageVSP ,          0,         1010,          0,         17,          4,          0,          0, 0x0000000000000004, 0x00000004, 0x00001148,                    0,             ,                     ,   {00000000-0000-0000-0000-000000000000},                                         ,   134329345391169293,       1995,          0, "VspVsmbFileCreate",      624, "VspVsmbFileCreate \??\C:\Windows\System32\DriverStore\FileRepository Uses SecurityQoS: ImpersonationLevel 2 ContextTrackingMode 1 EffectiveOnly? Y"
Microsoft-Windows-Hyper-V-StorageVSP ,          0,         1010,          0,         17,          4,          0,          0, 0x0000000000000004, 0x00000004, 0x00001148,                    0,             ,                     ,   {00000000-0000-0000-0000-000000000000},                                         ,   134329345391170663,       1995,          0, "VspVsmbFileCreate",      831, "VspVsmbFileCreate exit ... filename: \??\C:\Windows\System32\DriverStore\FileRepository fileObject FFFFE70BABFC87E0 smbObject FFFFE70BA5DE3550 status 0x00000000"
Microsoft-Windows-Hyper-V-StorageVSP ,          0,         1010,          0,         17,          4,          0,          0, 0x0000000000000004, 0x000014B4, 0x00001750,                    1,             ,                     ,   {00000000-0000-0000-0000-000000000000},                                         ,   134329345391171873,          0,          0, "VspVsmbHandleSetInfoRequest",     2441, "VspVsmbHandleSetInfoRequest enter ... SmbObject FFFFE70BA5DE3550"
VSmbVdevAddResource,          1,            0,          0,         11,          4,          1,          0, 0x0000000001000000, 0x00001658, 0x00001414,                    1,             ,                     ,   {7d47a6bb-3bd3-0001-b7b3-477dd33bdd01},                                         ,   134329345391191637,         75,         15,                0,     5140, {8c6b6115-bca6-4e8a-92cc-41217abf372d}
VSmbVdevAdd9PShare,          1,            0,          0,         11,          4,          1,          0, 0x0000000001000000, 0x00001658, 0x00001414,                    1,             ,                     ,   {7d47a6bb-3bd3-0001-b8b3-477dd33bdd01},   {7d47a6bb-3bd3-0001-b7b3-477dd33bdd01},   134329345391195843,         75,         15,                0,     5140, {8c6b6115-bca6-4e8a-92cc-41217abf372d}, "drivers"
 ServerStart,          0,            0,          0,         11,          4,          0,          0, 0x0000000000000000, 0x00001658, 0x00001414,                    1,             ,                     ,   {00000000-0000-0000-0000-000000000000},                                         ,   134329345391264710,         75,         15, DataSize=0
   PreAccept,          0,            0,          0,         11,          5,          0,          0, 0x0000000000000000, 0x00001658, 0x00001414,                    2,             ,                     ,   {00000000-0000-0000-0000-000000000000},                                         ,   134329345391283299,         75,         15, DataSize=0
VSmbVdevAdd9PShare,          2,            0,          0,         11,          4,          2,          0, 0x0000000001000000, 0x00001658, 0x00001414,                    2,             ,                     ,   {7d47a6bb-3bd3-0001-b8b3-477dd33bdd01},                                         ,   134329345391285233,         75,         15,                0,        0,     5140
VSmbVdevAddResource,          2,            0,          0,         11,          4,          2,          0, 0x0000000001000000, 0x00001658, 0x00001414,                    2,             ,                     ,   {7d47a6bb-3bd3-0001-b7b3-477dd33bdd01},                                         ,   134329345391285285,         75,         15,                0,        0,     5140
Microsoft-Windows-Hyper-V-Compute ,          0,         2009,          0,         17,          4,          0,          0, 0x0000000000000000, 0x000014B4, 0x00001750,                    2,             ,                     ,   {00000000-0000-0000-0000-000000000000},                                         ,   134329345391290281,         15,          0, "8C6B6115-BCA6-4E8A-92CC-41217ABF372D",       15, "0x00000000"
Microsoft-Windows-Hyper-V-Compute ,          0,         2008,          0,         17,          4,          0,          0, 0x0000000000000000, 0x000014B4, 0x00001750,                    0,             ,                     ,   {00000000-0000-0000-0000-000000000000},                                         ,   134329345391291618,         15,          0, "8C6B6115-BCA6-4E8A-92CC-41217ABF372D", "0x00000000",       15, "0x00000000"
Microsoft-Windows-Hyper-V-Compute ,          0,         2008,          0,         17,          4,          0,          0, 0x0000000000000000, 0x000014B4, 0x00001438,                    1,             ,                     ,   {00000000-0000-0000-0000-000000000000},                                         ,   134329345391291620,          0,          0, "8C6B6115-BCA6-4E8A-92CC-41217ABF372D", "0x00000000",       15, "0x00000000"
Microsoft-Windows-Hyper-V-Compute ,          0,         2007,          0,         17,          4,          0,          0, 0x0000000000000000, 0x000014B4, 0x00001750,                    0,             ,                     ,   {00000000-0000-0000-0000-000000000000},                                         ,   134329345391298344,         15,          0, "8C6B6115-BCA6-4E8A-92CC-41217ABF372D", "0x00000000", "{"RequestType":"Add","ResourcePath":"VirtualMachine/Devices/Plan9/Shares","Settings":{"AccessName":"lib_inbox","Flags":33,"Name":"lib_inbox","Path":"C:\\Windows\\System32\\lxss\\lib","Port":50001}}"
Microsoft-Windows-Hyper-V-StorageVSP ,          0,         1010,          0,         17,          4,          0,          0, 0x0000000000000004, 0x00000004, 0x00001148,                    0,             ,                     ,   {00000000-0000-0000-0000-000000000000},                                         ,   134329345391303531,       1995,          0, "VspVsmbFileCreate",      462, "VspVsmbFileCreate enter ... filename: \??\C:\Windows\System32\lxss\lib fileObject FFFFE70BABFC9DC0 smbObject FFFFE70BA5DE27D0"
Microsoft-Windows-Hyper-V-StorageVSP ,          0,         1010,          0,         17,          4,          0,          0, 0x0000000000000004, 0x00000004, 0x00001148,                    0,             ,                     ,   {00000000-0000-0000-0000-000000000000},                                         ,   134329345391303645,       1995,          0, "VspVsmbFileCreate",      505, "VspVsmbFileCreate open downlevel ... filename: \??\C:\Windows\System32\lxss\lib fileObject 0xFFFFE70BABFC9DC0 accessmask 0x100084 allocationSize 0x0 fileAttributes 0 shareAccess 0x3 createDisposition 1 createOptions 0x0"
Microsoft-Windows-Hyper-V-StorageVSP ,          0,         1010,          0,         17,          4,          0,          0, 0x0000000000000004, 0x00000004, 0x00001148,                    0,             ,                     ,   {00000000-0000-0000-0000-000000000000},                                         ,   134329345391303716,       1995,          0, "VspVsmbFileCreate",      579, "VspVsmbFileCreate \??\C:\Windows\System32\lxss\lib Special flags: ReadOnly? Y BackupIntent? N RootIdentity? N"
Microsoft-Windows-Hyper-V-StorageVSP ,          0,         1010,          0,         17,          4,          0,          0, 0x0000000000000004, 0x00000004, 0x00001148,                    0,             ,                     ,   {00000000-0000-0000-0000-000000000000},                                         ,   134329345391303757,       1995,          0, "VspVsmbFileCreate",      624, "VspVsmbFileCreate \??\C:\Windows\System32\lxss\lib Uses SecurityQoS: ImpersonationLevel 2 ContextTrackingMode 1 EffectiveOnly? Y"
Microsoft-Windows-Hyper-V-StorageVSP ,          0,         1010,          0,         17,          4,          0,          0, 0x0000000000000004, 0x00000004, 0x00001148,                    0,             ,                     ,   {00000000-0000-0000-0000-000000000000},                                         ,   134329345391305519,       1995,          0, "VspVsmbFileCreate",      831, "VspVsmbFileCreate exit ... filename: \??\C:\Windows\System32\lxss\lib fileObject FFFFE70BABFC9DC0 smbObject FFFFE70BA5DE27D0 status 0x00000000"
Microsoft-Windows-Hyper-V-StorageVSP ,          0,         1010,          0,         17,          4,          0,          0, 0x0000000000000004, 0x000014B4, 0x00001750,                    1,             ,                     ,   {00000000-0000-0000-0000-000000000000},                                         ,   134329345391307012,         15,          0, "VspVsmbHandleSetInfoRequest",     2441, "VspVsmbHandleSetInfoRequest enter ... SmbObject FFFFE70BA5DE27D0"
VSmbVdevAddResource,          1,            0,          0,         11,          4,          1,          0, 0x0000000001000000, 0x00001658, 0x00001414,                    1,             ,                     ,   {7d47a6bb-3bd3-0001-bbb3-477dd33bdd01},                                         ,   134329345391312577,         75,         15,                0,     5140, {8c6b6115-bca6-4e8a-92cc-41217abf372d}
VSmbVdevAdd9PShare,          1,            0,          0,         11,          4,          1,          0, 0x0000000001000000, 0x00001658, 0x00001414,                    1,             ,                     ,   {7d47a6bb-3bd3-0001-bcb3-477dd33bdd01},   {7d47a6bb-3bd3-0001-bbb3-477dd33bdd01},   134329345391315149,         75,         15,                0,     5140, {8c6b6115-bca6-4e8a-92cc-41217abf372d}, "lib_inbox"
VSmbVdevAdd9PShare,          2,            0,          0,         11,          4,          2,          0, 0x0000000001000000, 0x00001658, 0x00001414,                    1,             ,                     ,   {7d47a6bb-3bd3-0001-bcb3-477dd33bdd01},                                         ,   134329345391315858,         75,         15,                0,        0,     5140
VSmbVdevAddResource,          2,            0,          0,         11,          4,          2,          0, 0x0000000001000000, 0x00001658, 0x00001414,                    1,             ,                     ,   {7d47a6bb-3bd3-0001-bbb3-477dd33bdd01},                                         ,   134329345391315898,         75,         15,                0,        0,     5140
Microsoft-Windows-Hyper-V-Compute ,          0,         2009,          0,         17,          4,          0,          0, 0x0000000000000000, 0x000014B4, 0x00001750,                    0,             ,                     ,   {00000000-0000-0000-0000-000000000000},                                         ,   134329345391319673,         15,          0, "8C6B6115-BCA6-4E8A-92CC-41217ABF372D",       15, "0x00000000"
Microsoft-Windows-Hyper-V-Compute ,          0,         2008,          0,         17,          4,          0,          0, 0x0000000000000000, 0x000014B4, 0x00001750,                    1,             ,                     ,   {00000000-0000-0000-0000-000000000000},                                         ,   134329345391322701,         15,          0, "8C6B6115-BCA6-4E8A-92CC-41217ABF372D", "0x00000000",       15, "0x00000000"
Microsoft-Windows-Hyper-V-Compute ,          0,         2008,          0,         17,          4,          0,          0, 0x0000000000000000, 0x000014B4, 0x00001438,                    2,             ,                     ,   {00000000-0000-0000-0000-000000000000},                                         ,   134329345391322842,          0,          0, "8C6B6115-BCA6-4E8A-92CC-41217ABF372D", "0x00000000",       15, "0x00000000"
Microsoft-Windows-Hyper-V-Compute ,          0,         2007,          0,         17,          4,          0,          0, 0x0000000000000000, 0x000014B4, 0x00001438,                    2,             ,                     ,   {00000000-0000-0000-0000-000000000000},                                         ,   134329345391326972,          0,          0, "8C6B6115-BCA6-4E8A-92CC-41217ABF372D", "0x00000000", "{"RequestType":"Add","ResourcePath":"VirtualMachine/Devices/Plan9/Shares","Settings":{"AccessName":"lib_packaged","Flags":33,"Name":"lib_packaged","Path":"C:\\Program Files\\WSL\\lib","Port":50001}}"
Microsoft-Windows-Hyper-V-StorageVSP ,          0,         1010,          0,         17,          4,          0,          0, 0x0000000000000004, 0x00000004, 0x00001148,                    2,             ,                     ,   {00000000-0000-0000-0000-000000000000},                                         ,   134329345391331216,       1995,          0, "VspVsmbFileCreate",      462, "VspVsmbFileCreate enter ... filename: \??\C:\Program Files\WSL\lib fileObject FFFFE70BABFCAEF0 smbObject FFFFE70BA5DE39D0"
Microsoft-Windows-Hyper-V-StorageVSP ,          0,         1010,          0,         17,          4,          0,          0, 0x0000000000000004, 0x00000004, 0x00001148,                    2,             ,                     ,   {00000000-0000-0000-0000-000000000000},                                         ,   134329345391331371,       1995,          0, "VspVsmbFileCreate",      505, "VspVsmbFileCreate open downlevel ... filename: \??\C:\Program Files\WSL\lib fileObject 0xFFFFE70BABFCAEF0 accessmask 0x100084 allocationSize 0x0 fileAttributes 0 shareAccess 0x3 createDisposition 1 createOptions 0x0"
Microsoft-Windows-Hyper-V-StorageVSP ,          0,         1010,          0,         17,          4,          0,          0, 0x0000000000000004, 0x00000004, 0x00001148,                    2,             ,                     ,   {00000000-0000-0000-0000-000000000000},                                         ,   134329345391331465,       1995,          0, "VspVsmbFileCreate",      579, "VspVsmbFileCreate \??\C:\Program Files\WSL\lib Special flags: ReadOnly? Y BackupIntent? N RootIdentity? N"
Microsoft-Windows-Hyper-V-StorageVSP ,          0,         1010,          0,         17,          4,          0,          0, 0x0000000000000004, 0x00000004, 0x00001148,                    2,             ,                     ,   {00000000-0000-0000-0000-000000000000},                                         ,   134329345391331521,       1995,          0, "VspVsmbFileCreate",      624, "VspVsmbFileCreate \??\C:\Program Files\WSL\lib Uses SecurityQoS: ImpersonationLevel 2 ContextTrackingMode 1 EffectiveOnly? Y"
Microsoft-Windows-Hyper-V-StorageVSP ,          0,         1010,          0,         17,          4,          0,          0, 0x0000000000000004, 0x00000004, 0x00001148,                    2,             ,                     ,   {00000000-0000-0000-0000-000000000000},                                         ,   134329345391333863,       1995,          0, "VspVsmbFileCreate",      831, "VspVsmbFileCreate exit ... filename: \??\C:\Program Files\WSL\lib fileObject FFFFE70BABFCAEF0 smbObject FFFFE70BA5DE39D0 status 0x00000000"
Microsoft-Windows-Hyper-V-StorageVSP ,          0,         1010,          0,         17,          4,          0,          0, 0x0000000000000004, 0x000014B4, 0x00001438,                    1,             ,                     ,   {00000000-0000-0000-0000-000000000000},                                         ,   134329345391335592,          0,         15, "VspVsmbHandleSetInfoRequest",     2441, "VspVsmbHandleSetInfoRequest enter ... SmbObject FFFFE70BA5DE39D0"
VSmbVdevAddResource,          1,            0,          0,         11,          4,          1,          0, 0x0000000001000000, 0x00001658, 0x00001414,                    1,             ,                     ,   {7d47a6bb-3bd3-0001-bdb3-477dd33bdd01},                                         ,   134329345391341329,         75,         15,                0,     5140, {8c6b6115-bca6-4e8a-92cc-41217abf372d}
VSmbVdevAdd9PShare,          1,            0,          0,         11,          4,          1,          0, 0x0000000001000000, 0x00001658, 0x00001414,                    1,             ,                     ,   {7d47a6bb-3bd3-0001-beb3-477dd33bdd01},   {7d47a6bb-3bd3-0001-bdb3-477dd33bdd01},   134329345391344471,         75,         15,                0,     5140, {8c6b6115-bca6-4e8a-92cc-41217abf372d}, "lib_packaged"
VSmbVdevAdd9PShare,          2,            0,          0,         11,          4,          2,          0, 0x0000000001000000, 0x00001658, 0x00001414,                    1,             ,                     ,   {7d47a6bb-3bd3-0001-beb3-477dd33bdd01},                                         ,   134329345391344631,         75,         15,                0,        0,     5140
VSmbVdevAddResource,          2,            0,          0,         11,          4,          2,          0, 0x0000000001000000, 0x00001658, 0x00001414,                    1,             ,                     ,   {7d47a6bb-3bd3-0001-bdb3-477dd33bdd01},                                         ,   134329345391344662,         75,         15,                0,        0,     5140
Microsoft-Windows-Hyper-V-Compute ,          0,         2009,          0,         17,          4,          0,          0, 0x0000000000000000, 0x000014B4, 0x00001438,                    2,             ,                     ,   {00000000-0000-0000-0000-000000000000},                                         ,   134329345391351310,          0,         15, "8C6B6115-BCA6-4E8A-92CC-41217ABF372D",       15, "0x00000000"
Microsoft-Windows-Hyper-V-Compute ,          0,         2008,          0,         17,          4,          0,          0, 0x0000000000000000, 0x000014B4, 0x00001438,                    2,             ,                     ,   {00000000-0000-0000-0000-000000000000},                                         ,   134329345391352779,          0,         15, "8C6B6115-BCA6-4E8A-92CC-41217ABF372D", "0x00000000",       15, "0x00000000"
Microsoft-Windows-Hyper-V-Compute ,          0,         2008,          0,         17,          4,          0,          0, 0x0000000000000000, 0x000014B4, 0x00001750,                    1,             ,                     ,   {00000000-0000-0000-0000-000000000000},                                         ,   134329345391352929,         15,          0, "8C6B6115-BCA6-4E8A-92CC-41217ABF372D", "0x00000000",       15, "0x00000000"
 ServerStart,          0,            0,          0,         11,          4,          0,          0, 0x0000000000000000, 0x00001504, 0x00001684,                    2,             ,                     ,   {00000000-0000-0000-0000-000000000000},                                         ,   134329345392440214,         15,          0, DataSize=0
   PreAccept,          0,            0,          0,         11,          5,          0,          0, 0x0000000000000000, 0x00001504, 0x00001684,                    2,             ,                     ,   {00000000-0000-0000-0000-000000000000},                                         ,   134329345392440336,         15,          0, DataSize=0
    GuestLog,          0,            0,          0,         11,          5,          0,          0, 0x0000000000000000, 0x000015D4, 0x00000A38,                    0,             ,                     ,   {00000000-0000-0000-0000-000000000000},                                         ,   134329345392847205,          0,          0, "Linux version 6.18.40.1+ (root@black) (x86_64-linux-musl-gcc (GCC) 15.1.0, GNU ld (GNU Binutils) 2.44) #1 @1785544001 ", {8c6b6115-bca6-4e8a-92cc-41217abf372d}
    GuestLog,          0,            0,          0,         11,          5,          0,          0, 0x0000000000000000, 0x000015D4, 0x00000A38,                    1,             ,                     ,   {00000000-0000-0000-0000-000000000000},                                         ,   134329345393154361,          0,          0, "Command line: initrd=\initrd.img WSL_ROOT_INIT=1 panic=-1 nr_cpus=4 hv_utils.timesync_implicit=1 earlycon=uart8250,io,0x3f8,115200 console=hvc0 debug pty.legacy_count=0 WSL_ENABLE_CRASH_DUMP=1 ", {8c6b6115-bca6-4e8a-92cc-41217abf372d}
    GuestLog,          0,            0,          0,         11,          5,          0,          0, 0x0000000000000000, 0x000015D4, 0x00000A38,                    2,             ,                     ,   {00000000-0000-0000-0000-000000000000},                                         ,   134329345393277608,          0,          0, "BIOS-provided physical RAM map: ", {8c6b6115-bca6-4e8a-92cc-41217abf372d}
    GuestLog,          0,            0,          0,         11,          5,          0,          0, 0x0000000000000000, 0x000015D4, 0x00000A38,                    1,             ,                     ,   {00000000-0000-0000-0000-000000000000},                                         ,   134329345393438329,          0,          0, "BIOS-e820: [mem 0x0000000000000000-0x000000000009ffff] usable ", {8c6b6115-bca6-4e8a-92cc-41217abf372d}
    GuestLog,          0,            0,          0,         11,          5,          0,          0, 0x0000000000000000, 0x000015D4, 0x00000A38,                    0,             ,                     ,   {00000000-0000-0000-0000-000000000000},                                         ,   134329345393586618,          0,          0, "BIOS-e820: [mem 0x00000000000e0000-0x00000000000e0fff] reserved ", {8c6b6115-bca6-4e8a-92cc-41217abf372d}
    GuestLog,          0,            0,          0,         11,          5,          0,          0, 0x0000000000000000, 0x000015D4, 0x00000A38,                    3,             ,                     ,   {00000000-0000-0000-0000-000000000000},                                         ,   134329345393701528,          0,          0, "BIOS-e820: [mem 0x0000000000100000-0x00000000001fffff] ACPI data ", {8c6b6115-bca6-4e8a-92cc-41217abf372d}
    GuestLog,          0,            0,          0,         11,          5,          0,          0, 0x0000000000000000, 0x000015D4, 0x00000A38,                    3,             ,                     ,   {00000000-0000-0000-0000-000000000000},                                         ,   134329345393835510,         15,          0, "BIOS-e820: [mem 0x0000000000200000-0x000000007fdfffff] usable ", {8c6b6115-bca6-4e8a-92cc-41217abf372d}
    GuestLog,          0,            0,          0,         11,          5,          0,          0, 0x0000000000000000, 0x000015D4, 0x00000A38,                    3,             ,                     ,   {00000000-0000-0000-0000-000000000000},                                         ,   134329345393975296,         15,          0, "earlycon: uart8250 at I/O port 0x3f8 (options '115200') ", {8c6b6115-bca6-4e8a-92cc-41217abf372d}
    GuestLog,          0,            0,          0,         11,          5,          0,          0, 0x0000000000000000, 0x000015D4, 0x00000A38,                    0,             ,                     ,   {00000000-0000-0000-0000-000000000000},                                         ,   134329345394096213,         15,          0, "printk: legacy bootconsole [uart8250] enabled ", {8c6b6115-bca6-4e8a-92cc-41217abf372d}
    GuestLog,          0,            0,          0,         11,          5,          0,          0, 0x0000000000000000, 0x000015D4, 0x00000A38,                    3,             ,                     ,   {00000000-0000-0000-0000-000000000000},                                         ,   134329345394184600,         15,          0, "NX (Execute Disable) protection: active ", {8c6b6115-bca6-4e8a-92cc-41217abf372d}
    GuestLog,          0,            0,          0,         11,          5,          0,          0, 0x0000000000000000, 0x000015D4, 0x00000A38,                    3,             ,                     ,   {00000000-0000-0000-0000-000000000000},                                         ,   134329345394305482,         30,          0, "APIC: Static calls initialized ", {8c6b6115-bca6-4e8a-92cc-41217abf372d}
    GuestLog,          0,            0,          0,         11,          5,          0,          0, 0x0000000000000000, 0x000015D4, 0x00000A38,                    0,             ,                     ,   {00000000-0000-0000-0000-000000000000},                                         ,   134329345394393767,         30,          0, "DMI not present or invalid. ", {8c6b6115-bca6-4e8a-92cc-41217abf372d}
    GuestLog,          0,            0,          0,         11,          5,          0,          0, 0x0000000000000000, 0x000015D4, 0x00000A38,                    1,             ,                     ,   {00000000-0000-0000-0000-000000000000},                                         ,   134329345394479657,         30,          0, "Hypervisor detected: Microsoft Hyper-V ", {8c6b6115-bca6-4e8a-92cc-41217abf372d}
    GuestLog,          0,            0,          0,         11,          5,          0,          0, 0x0000000000000000, 0x000015D4, 0x00000A38,                    2,             ,                     ,   {00000000-0000-0000-0000-000000000000},                                         ,   134329345394658080,         30,          0, "Hyper-V: privilege flags low 0x2e7f, high 0x3b8030, ext 0x2, hints 0x900c2c, misc 0xe0bed7b6 ", {8c6b6115-bca6-4e8a-92cc-41217abf372d}
    GuestLog,          0,            0,          0,         11,          5,          0,          0, 0x0000000000000000, 0x000015D4, 0x00000A38,                    0,             ,                     ,   {00000000-0000-0000-0000-000000000000},                                         ,   134329345394746974,         30,          0, "Hyper-V: Nested features: 0x480000 ", {8c6b6115-bca6-4e8a-92cc-41217abf372d}
    GuestLog,          0,            0,          0,         11,          5,          0,          0, 0x0000000000000000, 0x000015D4, 0x00000A38,                    2,             ,                     ,   {00000000-0000-0000-0000-000000000000},                                         ,   134329345394836018,         30,          0, "Hyper-V: LAPIC Timer Frequency: 0xc3500 ", {8c6b6115-bca6-4e8a-92cc-41217abf372d}
    GuestLog,          0,            0,          0,         11,          5,          0,          0, 0x0000000000000000, 0x000015D4, 0x00000A38,                    1,             ,                     ,   {00000000-0000-0000-0000-000000000000},                                         ,   134329345394986164,         30,          0, "Hyper-V: Using hypercall for remote TLB flush ", {8c6b6115-bca6-4e8a-92cc-41217abf372d}
    GuestLog,          0,            0,          0,         11,          5,          0,          0, 0x0000000000000000, 0x000015D4, 0x00000A38,                    1,             ,                     ,   {00000000-0000-0000-0000-000000000000},                                         ,   134329345395151118,         30,          0, "clocksource: hyperv_clocksource_tsc_page: mask: 0xffffffffffffffff max_cycles: 0x24e6a1710, max_idle_ns: 440795202120 ns ", {8c6b6115-bca6-4e8a-92cc-41217abf372d}
    GuestLog,          0,            0,          0,         11,          5,          0,          0, 0x0000000000000000, 0x000015D4, 0x00000A38,                    0,             ,                     ,   {00000000-0000-0000-0000-000000000000},                                         ,   134329345395322516,         30,          0, "clocksource: hyperv_clocksource_msr: mask: 0xffffffffffffffff max_cycles: 0x24e6a1710, max_idle_ns: 440795202120 ns ", {8c6b6115-bca6-4e8a-92cc-41217abf372d}
    GuestLog,          0,            0,          0,         11,          5,          0,          0, 0x0000000000000000, 0x000015D4, 0x00000A38,                    0,             ,                     ,   {00000000-0000-0000-0000-000000000000},                                         ,   134329345395433022,         45,          0, "tsc: Marking TSC unstable due to running on Hyper-V ", {8c6b6115-bca6-4e8a-92cc-41217abf372d}
    GuestLog,          0,            0,          0,         11,          5,          0,          0, 0x0000000000000000, 0x000015D4, 0x00000A38,                    2,             ,                     ,   {00000000-0000-0000-0000-000000000000},                                         ,   134329345395493443,         45,          0, "tsc: Detected 2195.786 MHz processor ", {8c6b6115-bca6-4e8a-92cc-41217abf372d}
    GuestLog,          0,            0,          0,         11,          5,          0,          0, 0x0000000000000000, 0x000015D4, 0x00000A38,                    0,             ,                     ,   {00000000-0000-0000-0000-000000000000},                                         ,   134329345395602157,         45,         15, "e820: update [mem 0x00000000-0x00000fff] usable ==> reserved ", {8c6b6115-bca6-4e8a-92cc-41217abf372d}
    GuestLog,          0,            0,          0,         11,          5,          0,          0, 0x0000000000000000, 0x000015D4, 0x00000A38,                    3,             ,                     ,   {00000000-0000-0000-0000-000000000000},                                         ,   134329345395703273,         45,         15, "e820: remove [mem 0x000a0000-0x000fffff] usable ", {8c6b6115-bca6-4e8a-92cc-41217abf372d}
    GuestLog,          0,            0,          0,         11,          5,          0,          0, 0x0000000000000000, 0x000015D4, 0x00000A38,                    0,             ,                     ,   {00000000-0000-0000-0000-000000000000},                                         ,   134329345395815840,         60,         15, "last_pfn = 0x7fe00 max_arch_pfn = 0x400000000 ", {8c6b6115-bca6-4e8a-92cc-41217abf372d}
    GuestLog,          0,            0,          0,         11,          5,          0,          0, 0x0000000000000000, 0x000015D4, 0x00000A38,                    0,             ,                     ,   {00000000-0000-0000-0000-000000000000},                                         ,   134329345395999262,         75,         15, "MTRR map: 5 entries (4 fixed + 1 variable; max 20), built from 8 variable MTRRs ", {8c6b6115-bca6-4e8a-92cc-41217abf372d}
    GuestLog,          0,            0,          0,         11,          5,          0,          0, 0x0000000000000000, 0x000015D4, 0x00000A38,                    2,             ,                     ,   {00000000-0000-0000-0000-000000000000},                                         ,   134329345396138302,         75,         15, "x86/PAT: Configuration [0-7]: WB  WC  UC- UC  WB  WP  UC- WT   ", {8c6b6115-bca6-4e8a-92cc-41217abf372d}
    GuestLog,          0,            0,          0,         11,          5,          0,          0, 0x0000000000000000, 0x000015D4, 0x00000A38,                    1,             ,                     ,   {00000000-0000-0000-0000-000000000000},                                         ,   134329345396296347,         75,         15, "Using GB pages for direct mapping ", {8c6b6115-bca6-4e8a-92cc-41217abf372d}
    GuestLog,          0,            0,          0,         11,          5,          0,          0, 0x0000000000000000, 0x000015D4, 0x00000A38,                    0,             ,                     ,   {00000000-0000-0000-0000-000000000000},                                         ,   134329345396398765,         75,         15, "RAMDISK: [mem 0x01ea8000-0x0215bfff] ", {8c6b6115-bca6-4e8a-92cc-41217abf372d}
    GuestLog,          0,            0,          0,         11,          5,          0,          0, 0x0000000000000000, 0x000015D4, 0x00000A38,                    1,             ,                     ,   {00000000-0000-0000-0000-000000000000},                                         ,   134329345396504188,         75,         15, "ACPI: Early table checksum verification disabled ", {8c6b6115-bca6-4e8a-92cc-41217abf372d}
    GuestLog,          0,            0,          0,         11,          5,          0,          0, 0x0000000000000000, 0x000015D4, 0x00000A38,                    2,             ,                     ,   {00000000-0000-0000-0000-000000000000},                                         ,   134329345396607059,         75,         15, "ACPI: RSDP 0x00000000000E0000 000024 (v02 VRTUAL) ", {8c6b6115-bca6-4e8a-92cc-41217abf372d}
    GuestLog,          0,            0,          0,         11,          5,          0,          0, 0x0000000000000000, 0x000015D4, 0x00000A38,                    1,             ,                     ,   {00000000-0000-0000-0000-000000000000},                                         ,   134329345396789137,         90,         15, "ACPI: XSDT 0x0000000000100000 000044 (v01 VRTUAL MICROSFT 00000001 MSFT 00000001) ", {8c6b6115-bca6-4e8a-92cc-41217abf372d}
    GuestLog,          0,            0,          0,         11,          5,          0,          0, 0x0000000000000000, 0x000015D4, 0x00000A38,                    1,             ,                     ,   {00000000-0000-0000-0000-000000000000},                                         ,   134329345396954544,         90,         15, "ACPI: FACP 0x0000000000101000 000114 (v06 VRTUAL MICROSFT 00000001 MSFT 00000001) ", {8c6b6115-bca6-4e8a-92cc-41217abf372d}
    GuestLog,          0,            0,          0,         11,          5,          0,          0, 0x0000000000000000, 0x000015D4, 0x00000A38,                    3,             ,                     ,   {00000000-0000-0000-0000-000000000000},                                         ,   134329345397102527,         90,         15, "ACPI: DSDT 0x00000000001011B8 01E11C (v02 MSFTVM DSDT01   00000001 INTL 20230628) ", {8c6b6115-bca6-4e8a-92cc-41217abf372d}
    GuestLog,          0,            0,          0,         11,          5,          0,          0, 0x0000000000000000, 0x000015D4, 0x00000A38,                    3,             ,                     ,   {00000000-0000-0000-0000-000000000000},                                         ,   134329345397197961,         90,         15, "ACPI: FACS 0x0000000000101114 000040 ", {8c6b6115-bca6-4e8a-92cc-41217abf372d}
    GuestLog,          0,            0,          0,         11,          5,          0,          0, 0x0000000000000000, 0x000015D4, 0x00000A38,                    0,             ,                     ,   {00000000-0000-0000-0000-000000000000},                                         ,   134329345397359736,         90,         15, "ACPI: OEM0 0x0000000000101154 000064 (v01 VRTUAL MICROSFT 00000001 MSFT 00000001) ", {8c6b6115-bca6-4e8a-92cc-41217abf372d}
    GuestLog,          0,            0,          0,         11,          5,          0,          0, 0x0000000000000000, 0x000015D4, 0x00000A38,                    1,             ,                     ,   {00000000-0000-0000-0000-000000000000},                                         ,   134329345397521243,         90,         15, "ACPI: SRAT 0x000000000011F2D4 0002F0 (v02 VRTUAL MICROSFT 00000001 MSFT 00000001) ", {8c6b6115-bca6-4e8a-92cc-41217abf372d}
    GuestLog,          0,            0,          0,         11,          5,          0,          0, 0x0000000000000000, 0x000015D4, 0x00000A38,                    1,             ,                     ,   {00000000-0000-0000-0000-000000000000},                                         ,   134329345397720495,         90,         15, "ACPI: APIC 0x000000000011F5C4 000068 (v04 VRTUAL MICROSFT 00000001 MSFT 00000001) ", {8c6b6115-bca6-4e8a-92cc-41217abf372d}
    GuestLog,          0,            0,          0,         11,          5,          0,          0, 0x0000000000000000, 0x000015D4, 0x00000A38,                    2,             ,                     ,   {00000000-0000-0000-0000-000000000000},                                         ,   134329345397831341,         90,         15, "ACPI: Reserving FACP table memory at [mem 0x101000-0x101113] ", {8c6b6115-bca6-4e8a-92cc-41217abf372d}
    GuestLog,          0,            0,          0,         11,          5,          0,          0, 0x0000000000000000, 0x000015D4, 0x00000A38,                    0,             ,                     ,   {00000000-0000-0000-0000-000000000000},                                         ,   134329345397961396,        105,         15, "ACPI: Reserving DSDT table memory at [mem 0x1011b8-0x11f2d3] ", {8c6b6115-bca6-4e8a-92cc-41217abf372d}
    GuestLog,          0,            0,          0,         11,          5,          0,          0, 0x0000000000000000, 0x000015D4, 0x00000A38,                    0,             ,                     ,   {00000000-0000-0000-0000-000000000000},                                         ,   134329345398093400,        105,         15, "ACPI: Reserving FACS table memory at [mem 0x101114-0x101153] ", {8c6b6115-bca6-4e8a-92cc-41217abf372d}
    GuestLog,          0,            0,          0,         11,          5,          0,          0, 0x0000000000000000, 0x000015D4, 0x00000A38,                    3,             ,                     ,   {00000000-0000-0000-0000-000000000000},                                         ,   134329345398252062,        105,         15, "ACPI: Reserving OEM0 table memory at [mem 0x101154-0x1011b7] ", {8c6b6115-bca6-4e8a-92cc-41217abf372d}
    GuestLog,          0,            0,          0,         11,          5,          0,          0, 0x0000000000000000, 0x000015D4, 0x00000A38,                    1,             ,                     ,   {00000000-0000-0000-0000-000000000000},                                         ,   134329345398383258,        105,         15, "ACPI: Reserving SRAT table memory at [mem 0x11f2d4-0x11f5c3] ", {8c6b6115-bca6-4e8a-92cc-41217abf372d}
    GuestLog,          0,            0,          0,         11,          5,          0,          0, 0x0000000000000000, 0x000015D4, 0x00000A38,                    2,             ,                     ,   {00000000-0000-0000-0000-000000000000},                                         ,   134329345398529937,        105,         15, "ACPI: Reserving APIC table memory at [mem 0x11f5c4-0x11f62b] ", {8c6b6115-bca6-4e8a-92cc-41217abf372d}
    GuestLog,          0,            0,          0,         11,          5,          0,          0, 0x0000000000000000, 0x000015D4, 0x00000A38,                    1,             ,                     ,   {00000000-0000-0000-0000-000000000000},                                         ,   134329345398581755,        105,         15, "Zone ranges: ", {8c6b6115-bca6-4e8a-92cc-41217abf372d}
    GuestLog,          0,            0,          0,         11,          5,          0,          0, 0x0000000000000000, 0x000015D4, 0x00000A38,                    0,             ,                     ,   {00000000-0000-0000-0000-000000000000},                                         ,   134329345398717023,        105,         15, "  DMA      [mem 0x0000000000001000-0x0000000000ffffff] ", {8c6b6115-bca6-4e8a-92cc-41217abf372d}
    GuestLog,          0,            0,          0,         11,          5,          0,          0, 0x0000000000000000, 0x000015D4, 0x00000A38,                    1,             ,                     ,   {00000000-0000-0000-0000-000000000000},                                         ,   134329345398837237,        105,         15, "  DMA32    [mem 0x0000000001000000-0x000000007fdfffff] ", {8c6b6115-bca6-4e8a-92cc-41217abf372d}
    GuestLog,          0,            0,          0,         11,          5,          0,          0, 0x0000000000000000, 0x000015D4, 0x00000A38,                    2,             ,                     ,   {00000000-0000-0000-0000-000000000000},                                         ,   134329345398917981,        105,         15, "  Normal   empty ", {8c6b6115-bca6-4e8a-92cc-41217abf372d}
    GuestLog,          0,            0,          0,         11,          5,          0,          0, 0x0000000000000000, 0x000015D4, 0x00000A38,                    0,             ,                     ,   {00000000-0000-0000-0000-000000000000},                                         ,   134329345399011490,        105,         15, "Movable zone start for each node ", {8c6b6115-bca6-4e8a-92cc-41217abf372d}
    GuestLog,          0,            0,          0,         11,          5,          0,          0, 0x0000000000000000, 0x000015D4, 0x00000A38,                    1,             ,                     ,   {00000000-0000-0000-0000-000000000000},                                         ,   134329345399107654,        105,         15, "Early memory node ranges ", {8c6b6115-bca6-4e8a-92cc-41217abf372d}
    GuestLog,          0,            0,          0,         11,          5,          0,          0, 0x0000000000000000, 0x000015D4, 0x00000A38,                    2,             ,                     ,   {00000000-0000-0000-0000-000000000000},                                         ,   134329345399275494,        105,         15, "  node   0: [mem 0x0000000000001000-0x000000000009ffff] ", {8c6b6115-bca6-4e8a-92cc-41217abf372d}
    GuestLog,          0,            0,          0,         11,          5,          0,          0, 0x0000000000000000, 0x000015D4, 0x00000A38,                    3,             ,                     ,   {00000000-0000-0000-0000-000000000000},                                         ,   134329345399423257,        105,         15, "  node   0: [mem 0x0000000000200000-0x000000007fdfffff] ", {8c6b6115-bca6-4e8a-92cc-41217abf372d}
    GuestLog,          0,            0,          0,         11,          5,          0,          0, 0x0000000000000000, 0x000015D4, 0x00000A38,                    2,             ,                     ,   {00000000-0000-0000-0000-000000000000},                                         ,   134329345399581997,        105,         15, "Initmem setup node 0 [mem 0x0000000000001000-0x000000007fdfffff] ", {8c6b6115-bca6-4e8a-92cc-41217abf372d}
    GuestLog,          0,            0,          0,         11,          5,          0,          0, 0x0000000000000000, 0x000015D4, 0x00000A38,                    0,             ,                     ,   {00000000-0000-0000-0000-000000000000},                                         ,   134329345399718108,        105,         15, "On node 0, zone DMA: 1 pages in unavailable ranges ", {8c6b6115-bca6-4e8a-92cc-41217abf372d}
    GuestLog,          0,            0,          0,         11,          5,          0,          0, 0x0000000000000000, 0x000015D4, 0x00000A38,                    2,             ,                     ,   {00000000-0000-0000-0000-000000000000},                                         ,   134329345399829332,        105,         15, "On node 0, zone DMA: 352 pages in unavailable ranges ", {8c6b6115-bca6-4e8a-92cc-41217abf372d}
    GuestLog,          0,            0,          0,         11,          5,          0,          0, 0x0000000000000000, 0x000015D4, 0x00000A38,                    2,             ,                     ,   {00000000-0000-0000-0000-000000000000},                                         ,   134329345400969170,        105,         15, "On node 0, zone DMA32: 512 pages in unavailable ranges ", {8c6b6115-bca6-4e8a-92cc-41217abf372d}
    GuestLog,          0,            0,          0,         11,          5,          0,          0, 0x0000000000000000, 0x000015D4, 0x00000A38,                    3,             ,                     ,   {00000000-0000-0000-0000-000000000000},                                         ,   134329345401051645,        105,         15, "ACPI: PM-Timer IO Port: 0x408 ", {8c6b6115-bca6-4e8a-92cc-41217abf372d}
    GuestLog,          0,            0,          0,         11,          5,          0,          0, 0x0000000000000000, 0x000015D4, 0x00000A38,                    1,             ,                     ,   {00000000-0000-0000-0000-000000000000},                                         ,   134329345401147542,        105,         15, "CPU topo: CPU limit of 1 reached. Ignoring further CPUs ", {8c6b6115-bca6-4e8a-92cc-41217abf372d}
    GuestLog,          0,            0,          0,         11,          5,          0,          0, 0x0000000000000000, 0x000015D4, 0x00000A38,                    0,             ,                     ,   {00000000-0000-0000-0000-000000000000},                                         ,   134329345401253384,        105,         15, "ACPI: LAPIC_NMI (acpi_id[0x01] dfl dfl lint[0x1]) ", {8c6b6115-bca6-4e8a-92cc-41217abf372d}
    GuestLog,          0,            0,          0,         11,          5,          0,          0, 0x0000000000000000, 0x000015D4, 0x00000A38,                    2,             ,                     ,   {00000000-0000-0000-0000-000000000000},                                         ,   134329345401423930,        105,         15, "IOAPIC[0]: apic_id 4, version 17, address 0xfec00000, GSI 0-23 ", {8c6b6115-bca6-4e8a-92cc-41217abf372d}
    GuestLog,          0,            0,          0,         11,          5,          0,          0, 0x0000000000000000, 0x000015D4, 0x00000A38,                    3,             ,                     ,   {00000000-0000-0000-0000-000000000000},                                         ,   134329345401561640,        105,         15, "ACPI: INT_SRC_OVR (bus 0 bus_irq 9 global_irq 9 high level) ", {8c6b6115-bca6-4e8a-92cc-41217abf372d}
    GuestLog,          0,            0,          0,         11,          5,          0,          0, 0x0000000000000000, 0x000015D4, 0x00000A38,                    0,             ,                     ,   {00000000-0000-0000-0000-000000000000},                                         ,   134329345401673745,        120,         15, "ACPI: Using ACPI (MADT) for SMP configuration information ", {8c6b6115-bca6-4e8a-92cc-41217abf372d}
    GuestLog,          0,            0,          0,         11,          5,          0,          0, 0x0000000000000000, 0x000015D4, 0x00000A38,                    1,             ,                     ,   {00000000-0000-0000-0000-000000000000},                                         ,   134329345401750322,        120,         15, "CPU topo: Max. logical packages:   1 ", {8c6b6115-bca6-4e8a-92cc-41217abf372d}
    GuestLog,          0,            0,          0,         11,          5,          0,          0, 0x0000000000000000, 0x000015D4, 0x00000A38,                    3,             ,                     ,   {00000000-0000-0000-0000-000000000000},                                         ,   134329345401823246,        120,         15, "CPU topo: Max. logical dies:       1 ", {8c6b6115-bca6-4e8a-92cc-41217abf372d}
    GuestLog,          0,            0,          0,         11,          5,          0,          0, 0x0000000000000000, 0x000015D4, 0x00000A38,                    3,             ,                     ,   {00000000-0000-0000-0000-000000000000},                                         ,   134329345401901652,        120,         15, "CPU topo: Max. dies per package:   1 ", {8c6b6115-bca6-4e8a-92cc-41217abf372d}
    GuestLog,          0,            0,          0,         11,          5,          0,          0, 0x0000000000000000, 0x000015D4, 0x00000A38,                    2,             ,                     ,   {00000000-0000-0000-0000-000000000000},                                         ,   134329345401967365,        120,         15, "CPU topo: Max. threads per core:   1 ", {8c6b6115-bca6-4e8a-92cc-41217abf372d}
    GuestLog,          0,            0,          0,         11,          5,          0,          0, 0x0000000000000000, 0x000015D4, 0x00000A38,                    1,             ,                     ,   {00000000-0000-0000-0000-000000000000},                                         ,   134329345402049492,        120,         15, "CPU topo: Num. cores per package:     1 ", {8c6b6115-bca6-4e8a-92cc-41217abf372d}
    GuestLog,          0,            0,          0,         11,          5,          0,          0, 0x0000000000000000, 0x000015D4, 0x00000A38,                    2,             ,                     ,   {00000000-0000-0000-0000-000000000000},                                         ,   134329345402116857,        120,         15, "CPU topo: Num. threads per package:   1 ", {8c6b6115-bca6-4e8a-92cc-41217abf372d}
    GuestLog,          0,            0,          0,         11,          5,          0,          0, 0x0000000000000000, 0x000015D4, 0x00000A38,                    0,             ,                     ,   {00000000-0000-0000-0000-000000000000},                                         ,   134329345402273374,        120,         15, "CPU topo: Allowing 1 present CPUs plus 0 hotplug CPUs ", {8c6b6115-bca6-4e8a-92cc-41217abf372d}
    GuestLog,          0,            0,          0,         11,          5,          0,          0, 0x0000000000000000, 0x000015D4, 0x00000A38,                    0,             ,                     ,   {00000000-0000-0000-0000-000000000000},                                         ,   134329345402330014,        120,         15, "CPU topo: Rejected CPUs 3 ", {8c6b6115-bca6-4e8a-92cc-41217abf372d}
    GuestLog,          0,            0,          0,         11,          5,          0,          0, 0x0000000000000000, 0x000015D4, 0x00000A38,                    1,             ,                     ,   {00000000-0000-0000-0000-000000000000},                                         ,   134329345402391535,        120,         15, "random: crng init done ", {8c6b6115-bca6-4e8a-92cc-41217abf372d}
    GuestLog,          0,            0,          0,         11,          5,          0,          0, 0x0000000000000000, 0x000015D4, 0x00000A38,                    3,             ,                     ,   {00000000-0000-0000-0000-000000000000},                                         ,   134329345402489111,        120,         15, "[mem 0x7fe00000-0xffffffff] available for PCI devices ", {8c6b6115-bca6-4e8a-92cc-41217abf372d}
    GuestLog,          0,            0,          0,         11,          5,          0,          0, 0x0000000000000000, 0x000015D4, 0x00000A38,                    3,             ,                     ,   {00000000-0000-0000-0000-000000000000},                                         ,   134329345402588549,        120,         15, "Booting paravirtualized kernel on Hyper-V ", {8c6b6115-bca6-4e8a-92cc-41217abf372d}
    GuestLog,          0,            0,          0,         11,          5,          0,          0, 0x0000000000000000, 0x000015D4, 0x00000A38,                    0,             ,                     ,   {00000000-0000-0000-0000-000000000000},                                         ,   134329345402747022,        120,         15, "clocksource: refined-jiffies: mask: 0xffffffff max_cycles: 0xffffffff, max_idle_ns: 7645519600211568 ns ", {8c6b6115-bca6-4e8a-92cc-41217abf372d}
    GuestLog,          0,            0,          0,         11,          5,          0,          0, 0x0000000000000000, 0x000015D4, 0x00000A38,                    0,             ,                     ,   {00000000-0000-0000-0000-000000000000},                                         ,   134329345402843121,        120,         15, "pcpu-alloc: s0 r0 d32768 u32768 alloc=1*32768 ", {8c6b6115-bca6-4e8a-92cc-41217abf372d}
    GuestLog,          0,            0,          0,         11,          5,          0,          0, 0x0000000000000000, 0x000015D4, 0x00000A38,                    1,             ,                     ,   {00000000-0000-0000-0000-000000000000},                                         ,   134329345402909731,        120,         15, "pcpu-alloc: [0] 0  ", {8c6b6115-bca6-4e8a-92cc-41217abf372d}
    GuestLog,          0,            0,          0,         11,          5,          0,          0, 0x0000000000000000, 0x000015D4, 0x00000A38,                    1,             ,                     ,   {00000000-0000-0000-0000-000000000000},                                         ,   134329345403472863,        120,         15, "Kernel command line: initrd=\initrd.img WSL_ROOT_INIT=1 panic=-1 nr_cpus=4 hv_utils.timesync_implicit=1 earlycon=uart8250,io,0x3f8,115200 console=hvc0 debug pty.legacy_count=0 WSL_ENABLE_CRASH_DUMP=1 ", {8c6b6115-bca6-4e8a-92cc-41217abf372d}
    GuestLog,          0,            0,          0,         11,          5,          0,          0, 0x0000000000000000, 0x000015D4, 0x00000A38,                    0,             ,                     ,   {00000000-0000-0000-0000-000000000000},                                         ,   134329345403733338,        135,         15, "Unknown kernel command line parameters "WSL_ROOT_INIT=1 nr_cpus=4 WSL_ENABLE_CRASH_DUMP=1", will be passed to user space. ", {8c6b6115-bca6-4e8a-92cc-41217abf372d}
    GuestLog,          0,            0,          0,         11,          5,          0,          0, 0x0000000000000000, 0x000015D4, 0x00000A38,                    0,             ,                     ,   {00000000-0000-0000-0000-000000000000},                                         ,   134329345403839370,        135,         15, "printk: log buffer data + meta data: 131072 + 458752 = 589824 bytes ", {8c6b6115-bca6-4e8a-92cc-41217abf372d}
    GuestLog,          0,            0,          0,         11,          5,          0,          0, 0x0000000000000000, 0x000015D4, 0x00000A38,                    1,             ,                     ,   {00000000-0000-0000-0000-000000000000},                                         ,   134329345404063958,        150,         15, "Dentry cache hash table entries: 262144 (order: 9, 2097152 bytes, linear) ", {8c6b6115-bca6-4e8a-92cc-41217abf372d}
    GuestLog,          0,            0,          0,         11,          5,          0,          0, 0x0000000000000000, 0x000015D4, 0x00000A38,                    1,             ,                     ,   {00000000-0000-0000-0000-000000000000},                                         ,   134329345404432845,        150,         15, "Inode-cache hash table entries: 131072 (order: 8, 1048576 bytes, linear) ", {8c6b6115-bca6-4e8a-92cc-41217abf372d}
    GuestLog,          0,            0,          0,         11,          5,          0,          0, 0x0000000000000000, 0x000015D4, 0x00000A38,                    2,             ,                     ,   {00000000-0000-0000-0000-000000000000},                                         ,   134329345404651384,        150,         15, "Built 1 zonelists, mobility grouping on.  Total pages: 523423 ", {8c6b6115-bca6-4e8a-92cc-41217abf372d}
    GuestLog,          0,            0,          0,         11,          5,          0,          0, 0x0000000000000000, 0x000015D4, 0x00000A38,                    2,             ,                     ,   {00000000-0000-0000-0000-000000000000},                                         ,   134329345404850761,        150,         15, "mem auto-init: stack:all(zero), heap alloc:off, heap free:off ", {8c6b6115-bca6-4e8a-92cc-41217abf372d}
    GuestLog,          0,            0,          0,         11,          5,          0,          0, 0x0000000000000000, 0x000015D4, 0x00000A38,                    1,             ,                     ,   {00000000-0000-0000-0000-000000000000},                                         ,   134329345405071809,        150,         15, "SLUB: HWalign=64, Order=0-3, MinObjects=0, CPUs=1, Nodes=1 ", {8c6b6115-bca6-4e8a-92cc-41217abf372d}
    GuestLog,          0,            0,          0,         11,          5,          0,          0, 0x0000000000000000, 0x000015D4, 0x00000A38,                    2,             ,                     ,   {00000000-0000-0000-0000-000000000000},                                         ,   134329345405174757,        150,         15, "Using NULL legacy PIC ", {8c6b6115-bca6-4e8a-92cc-41217abf372d}
    GuestLog,          0,            0,          0,         11,          5,          0,          0, 0x0000000000000000, 0x000015D4, 0x00000A38,                    0,             ,                     ,   {00000000-0000-0000-0000-000000000000},                                         ,   134329345405294149,        150,         15, "NR_IRQS: 4352, nr_irqs: 48, preallocated irqs: 0 ", {8c6b6115-bca6-4e8a-92cc-41217abf372d}
    GuestLog,          0,            0,          0,         11,          5,          0,          0, 0x0000000000000000, 0x000015D4, 0x00000A38,                    3,             ,                     ,   {00000000-0000-0000-0000-000000000000},                                         ,   134329345405552186,        165,         15, "clocksource: jiffies: mask: 0xffffffff max_cycles: 0xffffffff, max_idle_ns: 7645041785100000 ns ", {8c6b6115-bca6-4e8a-92cc-41217abf372d}
    GuestLog,          0,            0,          0,         11,          5,          0,          0, 0x0000000000000000, 0x000015D4, 0x00000A38,                    2,             ,                     ,   {00000000-0000-0000-0000-000000000000},                                         ,   134329345405661699,        165,         15, "Console: colour dummy device 80x25 ", {8c6b6115-bca6-4e8a-92cc-41217abf372d}
    GuestLog,          0,            0,          0,         11,          5,          0,          0, 0x0000000000000000, 0x000015D4, 0x00000A38,                    3,             ,                     ,   {00000000-0000-0000-0000-000000000000},                                         ,   134329345405762417,        165,         15, "ACPI: Core revision 20250807 ", {8c6b6115-bca6-4e8a-92cc-41217abf372d}
    GuestLog,          0,            0,          0,         11,          5,          0,          0, 0x0000000000000000, 0x000015D4, 0x00000A38,                    0,             ,                     ,   {00000000-0000-0000-0000-000000000000},                                         ,   134329345405838621,        165,         15, "Failed to register legacy timer interrupt ", {8c6b6115-bca6-4e8a-92cc-41217abf372d}
    GuestLog,          0,            0,          0,         11,          5,          0,          0, 0x0000000000000000, 0x000015D4, 0x00000A38,                    3,             ,                     ,   {00000000-0000-0000-0000-000000000000},                                         ,   134329345405923995,        165,         15, "APIC: Switch to symmetric I/O mode setup ", {8c6b6115-bca6-4e8a-92cc-41217abf372d}
    GuestLog,          0,            0,          0,         11,          5,          0,          0, 0x0000000000000000, 0x000015D4, 0x00000A38,                    2,             ,                     ,   {00000000-0000-0000-0000-000000000000},                                         ,   134329345405994746,        165,         15, "Hyper-V: Host Build 10.0.26100.8036-8-0 ", {8c6b6115-bca6-4e8a-92cc-41217abf372d}
    GuestLog,          0,            0,          0,         11,          5,          0,          0, 0x0000000000000000, 0x000015D4, 0x00000A38,                    0,             ,                     ,   {00000000-0000-0000-0000-000000000000},                                         ,   134329345406135194,        165,         15, "Hyper-V: enabling crash_kexec_post_notifiers ", {8c6b6115-bca6-4e8a-92cc-41217abf372d}
    GuestLog,          0,            0,          0,         11,          5,          0,          0, 0x0000000000000000, 0x000015D4, 0x00000A38,                    2,             ,                     ,   {00000000-0000-0000-0000-000000000000},                                         ,   134329345406216636,        165,         15, "Hyper-V: Using IPI hypercalls ", {8c6b6115-bca6-4e8a-92cc-41217abf372d}
    GuestLog,          0,            0,          0,         11,          5,          0,          0, 0x0000000000000000, 0x000015D4, 0x00000A38,                    0,             ,                     ,   {00000000-0000-0000-0000-000000000000},                                         ,   134329345406313420,        165,         15, "APIC: send_IPI() replaced with hv_send_ipi() ", {8c6b6115-bca6-4e8a-92cc-41217abf372d}
    GuestLog,          0,            0,          0,         11,          5,          0,          0, 0x0000000000000000, 0x000015D4, 0x00000A38,                    1,             ,                     ,   {00000000-0000-0000-0000-000000000000},                                         ,   134329345406400685,        165,         15, "APIC: send_IPI_mask() replaced with hv_send_ipi_mask() ", {8c6b6115-bca6-4e8a-92cc-41217abf372d}
    GuestLog,          0,            0,          0,         11,          5,          0,          0, 0x0000000000000000, 0x000015D4, 0x00000A38,                    0,             ,                     ,   {00000000-0000-0000-0000-000000000000},                                         ,   134329345406509097,        165,         15, "APIC: send_IPI_mask_allbutself() replaced with hv_send_ipi_mask_allbutself() ", {8c6b6115-bca6-4e8a-92cc-41217abf372d}
    GuestLog,          0,            0,          0,         11,          5,          0,          0, 0x0000000000000000, 0x000015D4, 0x00000A38,                    0,             ,                     ,   {00000000-0000-0000-0000-000000000000},                                         ,   134329345406602094,        165,         15, "APIC: send_IPI_allbutself() replaced with hv_send_ipi_allbutself() ", {8c6b6115-bca6-4e8a-92cc-41217abf372d}
    GuestLog,          0,            0,          0,         11,          5,          0,          0, 0x0000000000000000, 0x000015D4, 0x00000A38,                    0,             ,                     ,   {00000000-0000-0000-0000-000000000000},                                         ,   134329345406670729,        165,         15, "APIC: send_IPI_all() replaced with hv_send_ipi_all() ", {8c6b6115-bca6-4e8a-92cc-41217abf372d}
    GuestLog,          0,            0,          0,         11,          5,          0,          0, 0x0000000000000000, 0x000015D4, 0x00000A38,                    2,             ,                     ,   {00000000-0000-0000-0000-000000000000},                                         ,   134329345406798576,        165,         15, "APIC: send_IPI_self() replaced with hv_send_ipi_self() ", {8c6b6115-bca6-4e8a-92cc-41217abf372d}
    GuestLog,          0,            0,          0,         11,          5,          0,          0, 0x0000000000000000, 0x000015D4, 0x00000A38,                    0,             ,                     ,   {00000000-0000-0000-0000-000000000000},                                         ,   134329345406865880,        165,         15, "Hyper-V: Using enlightened APIC (xapic mode) ", {8c6b6115-bca6-4e8a-92cc-41217abf372d}
    GuestLog,          0,            0,          0,         11,          5,          0,          0, 0x0000000000000000, 0x000015D4, 0x00000A38,                    3,             ,                     ,   {00000000-0000-0000-0000-000000000000},                                         ,   134329345406943475,        165,         15, "APIC: eoi() replaced with hv_apic_eoi_write() ", {8c6b6115-bca6-4e8a-92cc-41217abf372d}
    GuestLog,          0,            0,          0,         11,          5,          0,          0, 0x0000000000000000, 0x000015D4, 0x00000A38,                    0,             ,                     ,   {00000000-0000-0000-0000-000000000000},                                         ,   134329345406997309,        165,         15, "APIC: read() replaced with hv_apic_read() ", {8c6b6115-bca6-4e8a-92cc-41217abf372d}
    GuestLog,          0,            0,          0,         11,          5,          0,          0, 0x0000000000000000, 0x000015D4, 0x00000A38,                    1,             ,                     ,   {00000000-0000-0000-0000-000000000000},                                         ,   134329345407070432,        165,         15, "APIC: write() replaced with hv_apic_write() ", {8c6b6115-bca6-4e8a-92cc-41217abf372d}
    GuestLog,          0,            0,          0,         11,          5,          0,          0, 0x0000000000000000, 0x000015D4, 0x00000A38,                    1,             ,                     ,   {00000000-0000-0000-0000-000000000000},                                         ,   134329345407138136,        165,         15, "APIC: icr_write() replaced with hv_apic_icr_write() ", {8c6b6115-bca6-4e8a-92cc-41217abf372d}
    GuestLog,          0,            0,          0,         11,          5,          0,          0, 0x0000000000000000, 0x000015D4, 0x00000A38,                    2,             ,                     ,   {00000000-0000-0000-0000-000000000000},                                         ,   134329345407198890,        165,         15, "APIC: icr_read() replaced with hv_apic_icr_read() ", {8c6b6115-bca6-4e8a-92cc-41217abf372d}
    GuestLog,          0,            0,          0,         11,          5,          0,          0, 0x0000000000000000, 0x000015D4, 0x00000A38,                    1,             ,                     ,   {00000000-0000-0000-0000-000000000000},                                         ,   134329345407310120,        165,         15, "Calibrating delay loop (skipped), value calculated using timer frequency.. 4391.57 BogoMIPS (lpj=8783144) ", {8c6b6115-bca6-4e8a-92cc-41217abf372d}
    GuestLog,          0,            0,          0,         11,          5,          0,          0, 0x0000000000000000, 0x000015D4, 0x00000A38,                    2,             ,                     ,   {00000000-0000-0000-0000-000000000000},                                         ,   134329345407425436,        165,         15, "x86/cpu: User Mode Instruction Prevention (UMIP) activated ", {8c6b6115-bca6-4e8a-92cc-41217abf372d}
    GuestLog,          0,            0,          0,         11,          5,          0,          0, 0x0000000000000000, 0x000015D4, 0x00000A38,                    1,             ,                     ,   {00000000-0000-0000-0000-000000000000},                                         ,   134329345407477563,        165,         15, "Last level iTLB entries: 4KB 1024, 2MB 1024, 4MB 512 ", {8c6b6115-bca6-4e8a-92cc-41217abf372d}
    GuestLog,          0,            0,          0,         11,          5,          0,          0, 0x0000000000000000, 0x000015D4, 0x00000A38,                    0,             ,                     ,   {00000000-0000-0000-0000-000000000000},                                         ,   134329345407586439,        165,         15, "Last level dTLB entries: 4KB 2048, 2MB 2048, 4MB 1024, 1GB 0 ", {8c6b6115-bca6-4e8a-92cc-41217abf372d}
    GuestLog,          0,            0,          0,         11,          5,          0,          0, 0x0000000000000000, 0x000015D4, 0x00000A38,                    0,             ,                     ,   {00000000-0000-0000-0000-000000000000},                                         ,   134329345407692484,        165,         15, "CPU: AMD Ryzen 5 Microsoft Surface (R) Edition (family: 0x17, model: 0x60, stepping: 0x1) ", {8c6b6115-bca6-4e8a-92cc-41217abf372d}
    GuestLog,          0,            0,          0,         11,          5,          0,          0, 0x0000000000000000, 0x000015D4, 0x00000A38,                    1,             ,                     ,   {00000000-0000-0000-0000-000000000000},                                         ,   134329345407777436,        180,         15, "mitigations: Enabled attack vectors: SMT mitigations: off ", {8c6b6115-bca6-4e8a-92cc-41217abf372d}
    GuestLog,          0,            0,          0,         11,          5,          0,          0, 0x0000000000000000, 0x000015D4, 0x00000A38,                    1,             ,                     ,   {00000000-0000-0000-0000-000000000000},                                         ,   134329345407821087,        180,         15, "Speculative Store Bypass: Vulnerable ", {8c6b6115-bca6-4e8a-92cc-41217abf372d}
    GuestLog,          0,            0,          0,         11,          5,          0,          0, 0x0000000000000000, 0x000015D4, 0x00000A38,                    2,             ,                     ,   {00000000-0000-0000-0000-000000000000},                                         ,   134329345407866934,        180,         15, "Spectre V2 : Vulnerable ", {8c6b6115-bca6-4e8a-92cc-41217abf372d}
    GuestLog,          0,            0,          0,         11,          5,          0,          0, 0x0000000000000000, 0x000015D4, 0x00000A38,                    1,             ,                     ,   {00000000-0000-0000-0000-000000000000},                                         ,   134329345407926966,        180,         15, "RETBleed: Vulnerable ", {8c6b6115-bca6-4e8a-92cc-41217abf372d}
    GuestLog,          0,            0,          0,         11,          5,          0,          0, 0x0000000000000000, 0x000015D4, 0x00000A38,                    0,             ,                     ,   {00000000-0000-0000-0000-000000000000},                                         ,   134329345407990961,        180,         15, "Speculative Return Stack Overflow: Vulnerable ", {8c6b6115-bca6-4e8a-92cc-41217abf372d}
    GuestLog,          0,            0,          0,         11,          5,          0,          0, 0x0000000000000000, 0x000015D4, 0x00000A38,                    0,             ,                     ,   {00000000-0000-0000-0000-000000000000},                                         ,   134329345408110347,        180,         15, "Spectre V1 : Vulnerable: __user pointer sanitization and usercopy barriers only; no swapgs barriers ", {8c6b6115-bca6-4e8a-92cc-41217abf372d}
    GuestLog,          0,            0,          0,         11,          5,          0,          0, 0x0000000000000000, 0x000015D4, 0x00000A38,                    1,             ,                     ,   {00000000-0000-0000-0000-000000000000},                                         ,   134329345408191822,        180,         15, "x86/fpu: Supporting XSAVE feature 0x001: 'x87 floating point registers' ", {8c6b6115-bca6-4e8a-92cc-41217abf372d}
    GuestLog,          0,            0,          0,         11,          5,          0,          0, 0x0000000000000000, 0x000015D4, 0x00000A38,                    3,             ,                     ,   {00000000-0000-0000-0000-000000000000},                                         ,   134329345408273480,        195,         15, "x86/fpu: Supporting XSAVE feature 0x002: 'SSE registers' ", {8c6b6115-bca6-4e8a-92cc-41217abf372d}
    GuestLog,          0,            0,          0,         11,          5,          0,          0, 0x0000000000000000, 0x000015D4, 0x00000A38,                    1,             ,                     ,   {00000000-0000-0000-0000-000000000000},                                         ,   134329345408360363,        195,         15, "x86/fpu: Supporting XSAVE feature 0x004: 'AVX registers' ", {8c6b6115-bca6-4e8a-92cc-41217abf372d}
    GuestLog,          0,            0,          0,         11,          5,          0,          0, 0x0000000000000000, 0x000015D4, 0x00000A38,                    2,             ,                     ,   {00000000-0000-0000-0000-000000000000},                                         ,   134329345408433087,        195,         15, "x86/fpu: xstate_offset[2]:  576, xstate_sizes[2]:  256 ", {8c6b6115-bca6-4e8a-92cc-41217abf372d}
    GuestLog,          0,            0,          0,         11,          5,          0,          0, 0x0000000000000000, 0x000015D4, 0x00000A38,                    0,             ,                     ,   {00000000-0000-0000-0000-000000000000},                                         ,   134329345408582530,        195,         15, "x86/fpu: Enabled xstate features 0x7, context size is 832 bytes, using 'compacted' format. ", {8c6b6115-bca6-4e8a-92cc-41217abf372d}
    GuestLog,          0,            0,          0,         11,          5,          0,          0, 0x0000000000000000, 0x000015D4, 0x00000A38,                    0,             ,                     ,   {00000000-0000-0000-0000-000000000000},                                         ,   134329345408637554,        195,         15, "pid_max: default: 32768 minimum: 301 ", {8c6b6115-bca6-4e8a-92cc-41217abf372d}
    GuestLog,          0,            0,          0,         11,          5,          0,          0, 0x0000000000000000, 0x000015D4, 0x00000A38,                    3,             ,                     ,   {00000000-0000-0000-0000-000000000000},                                         ,   134329345408751609,        195,         15, "Mount-cache hash table entries: 4096 (order: 3, 32768 bytes, linear) ", {8c6b6115-bca6-4e8a-92cc-41217abf372d}
    GuestLog,          0,            0,          0,         11,          5,          0,          0, 0x0000000000000000, 0x000015D4, 0x00000A38,                    0,             ,                     ,   {00000000-0000-0000-0000-000000000000},                                         ,   134329345408841155,        195,         30, "Mountpoint-cache hash table entries: 4096 (order: 3, 32768 bytes, linear) ", {8c6b6115-bca6-4e8a-92cc-41217abf372d}
    GuestLog,          0,            0,          0,         11,          5,          0,          0, 0x0000000000000000, 0x000015D4, 0x00000A38,                    0,             ,                     ,   {00000000-0000-0000-0000-000000000000},                                         ,   134329345408964192,        195,         30, "Performance Events: PMU not available due to virtualization, using software events only. ", {8c6b6115-bca6-4e8a-92cc-41217abf372d}
    GuestLog,          0,            0,          0,         11,          5,          0,          0, 0x0000000000000000, 0x000015D4, 0x00000A38,                    1,             ,                     ,   {00000000-0000-0000-0000-000000000000},                                         ,   134329345409009059,        195,         30, "signal: max sigframe size: 1360 ", {8c6b6115-bca6-4e8a-92cc-41217abf372d}
    GuestLog,          0,            0,          0,         11,          5,          0,          0, 0x0000000000000000, 0x000015D4, 0x00000A38,                    2,             ,                     ,   {00000000-0000-0000-0000-000000000000},                                         ,   134329345409156615,        195,         30, "Memory: 2039668K/2093692K available (7127K kernel code, 865K rwdata, 1352K rodata, 744K init, 372K bss, 51644K reserved, 0K cma-reserved) ", {8c6b6115-bca6-4e8a-92cc-41217abf372d}
    GuestLog,          0,            0,          0,         11,          5,          0,          0, 0x0000000000000000, 0x000015D4, 0x00000A38,                    2,             ,                     ,   {00000000-0000-0000-0000-000000000000},                                         ,   134329345409206131,        195,         30, "devtmpfs: initialized ", {8c6b6115-bca6-4e8a-92cc-41217abf372d}
    GuestLog,          0,            0,          0,         11,          5,          0,          0, 0x0000000000000000, 0x000015D4, 0x00000A38,                    1,             ,                     ,   {00000000-0000-0000-0000-000000000000},                                         ,   134329345409296576,        195,         30, "posixtimers hash table entries: 512 (order: 0, 4096 bytes, linear) ", {8c6b6115-bca6-4e8a-92cc-41217abf372d}
    GuestLog,          0,            0,          0,         11,          5,          0,          0, 0x0000000000000000, 0x000015D4, 0x00000A38,                    0,             ,                     ,   {00000000-0000-0000-0000-000000000000},                                         ,   134329345409421706,        195,         30, "futex hash table entries: 256 (8192 bytes on 1 NUMA nodes, total 8 KiB, linear). ", {8c6b6115-bca6-4e8a-92cc-41217abf372d}
    GuestLog,          0,            0,          0,         11,          5,          0,          0, 0x0000000000000000, 0x000015D4, 0x00000A38,                    0,             ,                     ,   {00000000-0000-0000-0000-000000000000},                                         ,   134329345409487563,        210,         30, "NET: Registered PF_NETLINK/PF_ROUTE protocol family ", {8c6b6115-bca6-4e8a-92cc-41217abf372d}
    GuestLog,          0,            0,          0,         11,          5,          0,          0, 0x0000000000000000, 0x000015D4, 0x00000A38,                    0,             ,                     ,   {00000000-0000-0000-0000-000000000000},                                         ,   134329345409569675,        210,         30, "PCI: Fatal: No config space access function found ", {8c6b6115-bca6-4e8a-92cc-41217abf372d}
    GuestLog,          0,            0,          0,         11,          5,          0,          0, 0x0000000000000000, 0x000015D4, 0x00000A38,                    3,             ,                     ,   {00000000-0000-0000-0000-000000000000},                                         ,   134329345409641806,        210,         30, "ACPI: Added _OSI(Module Device) ", {8c6b6115-bca6-4e8a-92cc-41217abf372d}
    GuestLog,          0,            0,          0,         11,          5,          0,          0, 0x0000000000000000, 0x000015D4, 0x00000A38,                    3,             ,                     ,   {00000000-0000-0000-0000-000000000000},                                         ,   134329345409696629,        210,         30, "ACPI: Added _OSI(Processor Device) ", {8c6b6115-bca6-4e8a-92cc-41217abf372d}
    GuestLog,          0,            0,          0,         11,          5,          0,          0, 0x0000000000000000, 0x000015D4, 0x00000A38,                    2,             ,                     ,   {00000000-0000-0000-0000-000000000000},                                         ,   134329345409748784,        210,         30, "ACPI: Added _OSI(Processor Aggregator Device) ", {8c6b6115-bca6-4e8a-92cc-41217abf372d}
    GuestLog,          0,            0,          0,         11,          5,          0,          0, 0x0000000000000000, 0x000015D4, 0x00000A38,                    3,             ,                     ,   {00000000-0000-0000-0000-000000000000},                                         ,   134329345409890355,        210,         30, "ACPI: 1 ACPI AML tables successfully acquired and loaded ", {8c6b6115-bca6-4e8a-92cc-41217abf372d}
    GuestLog,          0,            0,          0,         11,          5,          0,          0, 0x0000000000000000, 0x000015D4, 0x00000A38,                    3,             ,                     ,   {00000000-0000-0000-0000-000000000000},                                         ,   134329345409959552,        210,         30, "ACPI: Interpreter enabled ", {8c6b6115-bca6-4e8a-92cc-41217abf372d}
    GuestLog,          0,            0,          0,         11,          5,          0,          0, 0x0000000000000000, 0x000015D4, 0x00000A38,                    0,             ,                     ,   {00000000-0000-0000-0000-000000000000},                                         ,   134329345409996965,        210,         30, "ACPI: PM: (supports S0 S5) ", {8c6b6115-bca6-4e8a-92cc-41217abf372d}
    GuestLog,          0,            0,          0,         11,          5,          0,          0, 0x0000000000000000, 0x000015D4, 0x00000A38,                    3,             ,                     ,   {00000000-0000-0000-0000-000000000000},                                         ,   134329345410090122,        225,         30, "ACPI: Using IOAPIC for interrupt routing ", {8c6b6115-bca6-4e8a-92cc-41217abf372d}
    GuestLog,          0,            0,          0,         11,          5,          0,          0, 0x0000000000000000, 0x000015D4, 0x00000A38,                    3,             ,                     ,   {00000000-0000-0000-0000-000000000000},                                         ,   134329345410178911,        225,         30, "PCI: Using host bridge windows from ACPI; if necessary, use "pci=nocrs" and report a bug ", {8c6b6115-bca6-4e8a-92cc-41217abf372d}
    GuestLog,          0,            0,          0,         11,          5,          0,          0, 0x0000000000000000, 0x000015D4, 0x00000A38,                    2,             ,                     ,   {00000000-0000-0000-0000-000000000000},                                         ,   134329345410258586,        240,         30, "PCI: Using E820 reservations for host bridge windows ", {8c6b6115-bca6-4e8a-92cc-41217abf372d}
    GuestLog,          0,            0,          0,         11,          5,          0,          0, 0x0000000000000000, 0x000015D4, 0x00000A38,                    0,             ,                     ,   {00000000-0000-0000-0000-000000000000},                                         ,   134329345410327922,        240,         30, "ACPI: Enabled 2 GPEs in block 00 to 0F ", {8c6b6115-bca6-4e8a-92cc-41217abf372d}
    GuestLog,          0,            0,          0,         11,          5,          0,          0, 0x0000000000000000, 0x000015D4, 0x00000A38,                    1,             ,                     ,   {00000000-0000-0000-0000-000000000000},                                         ,   134329345410413811,        240,         30, "SCSI subsystem initialized ", {8c6b6115-bca6-4e8a-92cc-41217abf372d}
    GuestLog,          0,            0,          0,         11,          5,          0,          0, 0x0000000000000000, 0x000015D4, 0x00000A38,                    2,             ,                     ,   {00000000-0000-0000-0000-000000000000},                                         ,   134329345410456431,        240,         30, "libata version 3.00 loaded. ", {8c6b6115-bca6-4e8a-92cc-41217abf372d}
Microsoft-Windows-Hyper-V-VID ,     Start ,         5005,          0,         16,          4,          1,       1536, 0x0000000000001002, 0x00000004, 0x00000264,                    0,             ,                     ,   {00000000-0000-0000-0000-000000000000},                                         ,   134329345410474805,       2745,          0,                2,              512
Microsoft-Windows-Hyper-V-VID ,     Start ,         5046,          0,          0,          4,          1,       1543, 0x0000000000000008, 0x00000004, 0x00000264,                    0,             ,                     ,   {00000000-0000-0000-0000-000000000000},                                         ,   134329345410474825,       2745,          0, 0x0, 0xFFFFFFFFFFFFFFFF, 0x200000,          2097152, 0x1, 0x0, 0x73, 0x0, {8c6b6115-bca6-4e8a-92cc-41217abf372d}
Microsoft-Windows-Hyper-V-VID ,      Stop ,         5047,          0,          0,          4,          2,       1543, 0x0000000000000008, 0x00000004, 0x00000264,                    0,             ,                     ,   {00000000-0000-0000-0000-000000000000},                                         ,   134329345410475129,       2745,          0, 0x0,                0
Microsoft-Windows-Hyper-V-VID ,     Start ,         5046,          0,          0,          4,          1,       1543, 0x0000000000000008, 0x00000004, 0x00000264,                    0,             ,                     ,   {00000000-0000-0000-0000-000000000000},                                         ,   134329345410475134,       2745,          0, 0x0, 0xFFFFFFFFFFFFFFFF, 0x200000,          2097152, 0x1, 0x0, 0x33, 0x0, {8c6b6115-bca6-4e8a-92cc-41217abf372d}
Microsoft-Windows-Hyper-V-VID ,      Stop ,         5047,          0,          0,          4,          2,       1543, 0x0000000000000008, 0x00000004, 0x00000264,                    0,             ,                     ,   {00000000-0000-0000-0000-000000000000},                                         ,   134329345410516310,       2745,          0, 0xFFFFE70BAB8F4000,              512
Microsoft-Windows-Hyper-V-VID ,      Stop ,         5006,          0,         16,          4,          2,       1536, 0x0000000000001002, 0x00000004, 0x00000264,                    0,             ,                     ,   {00000000-0000-0000-0000-000000000000},                                         ,   134329345410516333,       2745,          0,                2,              512,                0
    GuestLog,          0,            0,          0,         11,          5,          0,          0, 0x0000000000000000, 0x000015D4, 0x00000A38,                    0,             ,                     ,   {00000000-0000-0000-0000-000000000000},                                         ,   134329345410558883,        255,         30, "hv_vmbus: Vmbus version:5.3 ", {8c6b6115-bca6-4e8a-92cc-41217abf372d}
    GuestLog,          0,            0,          0,         11,          5,          0,          0, 0x0000000000000000, 0x000015D4, 0x00000A38,                    3,             ,                     ,   {00000000-0000-0000-0000-000000000000},                                         ,   134329345410625437,        255,         30, "PCI: Using ACPI for IRQ routing ", {8c6b6115-bca6-4e8a-92cc-41217abf372d}
    GuestLog,          0,            0,          0,         11,          5,          0,          0, 0x0000000000000000, 0x000015D4, 0x00000A38,                    2,             ,                     ,   {00000000-0000-0000-0000-000000000000},                                         ,   134329345410667158,        255,         30, "PCI: System does not support PCI ", {8c6b6115-bca6-4e8a-92cc-41217abf372d}
    GuestLog,          0,            0,          0,         11,          5,          0,          0, 0x0000000000000000, 0x000015D4, 0x00000A38,                    3,             ,                     ,   {00000000-0000-0000-0000-000000000000},                                         ,   134329345410729117,        255,         30, "vgaarb: loaded ", {8c6b6115-bca6-4e8a-92cc-41217abf372d}
    GuestLog,          0,            0,          0,         11,          5,          0,          0, 0x0000000000000000, 0x000015D4, 0x00000A38,                    2,             ,                     ,   {00000000-0000-0000-0000-000000000000},                                         ,   134329345410799381,        255,         30, "clocksource: Switched to clocksource hyperv_clocksource_tsc_page ", {8c6b6115-bca6-4e8a-92cc-41217abf372d}
    GuestLog,          0,            0,          0,         11,          5,          0,          0, 0x0000000000000000, 0x000015D4, 0x00000A38,                    2,             ,                     ,   {00000000-0000-0000-0000-000000000000},                                         ,   134329345410839149,        255,         30, "pnp: PnP ACPI init ", {8c6b6115-bca6-4e8a-92cc-41217abf372d}
    GuestLog,          0,            0,          0,         11,          5,          0,          0, 0x0000000000000000, 0x000015D4, 0x00000A38,                    1,             ,                     ,   {00000000-0000-0000-0000-000000000000},                                         ,   134329345410923580,        255,         30, "pnp: PnP ACPI: found 3 devices ", {8c6b6115-bca6-4e8a-92cc-41217abf372d}
    GuestLog,          0,            0,          0,         11,          5,          0,          0, 0x0000000000000000, 0x000015D4, 0x00000A38,                    3,             ,                     ,   {00000000-0000-0000-0000-000000000000},                                         ,   134329345411114734,        255,         30, "clocksource: acpi_pm: mask: 0xffffff max_cycles: 0xffffff, max_idle_ns: 2085701024 ns ", {8c6b6115-bca6-4e8a-92cc-41217abf372d}
    GuestLog,          0,            0,          0,         11,          5,          0,          0, 0x0000000000000000, 0x000015D4, 0x00000A38,                    2,             ,                     ,   {00000000-0000-0000-0000-000000000000},                                         ,   134329345411221554,        255,         30, "NET: Registered PF_INET protocol family ", {8c6b6115-bca6-4e8a-92cc-41217abf372d}
    GuestLog,          0,            0,          0,         11,          5,          0,          0, 0x0000000000000000, 0x000015D4, 0x00000A38,                    2,             ,                     ,   {00000000-0000-0000-0000-000000000000},                                         ,   134329345411326274,        255,         30, "IP idents hash table entries: 32768 (order: 6, 262144 bytes, linear) ", {8c6b6115-bca6-4e8a-92cc-41217abf372d}
    GuestLog,          0,            0,          0,         11,          5,          0,          0, 0x0000000000000000, 0x000015D4, 0x00000A38,                    3,             ,                     ,   {00000000-0000-0000-0000-000000000000},                                         ,   134329345411456593,        255,         30, "tcp_listen_portaddr_hash hash table entries: 1024 (order: 1, 8192 bytes, linear) ", {8c6b6115-bca6-4e8a-92cc-41217abf372d}
    GuestLog,          0,            0,          0,         11,          5,          0,          0, 0x0000000000000000, 0x000015D4, 0x00000A38,                    0,             ,                     ,   {00000000-0000-0000-0000-000000000000},                                         ,   134329345411564907,        255,         30, "Table-perturb hash table entries: 65536 (order: 6, 262144 bytes, linear) ", {8c6b6115-bca6-4e8a-92cc-41217abf372d}
    GuestLog,          0,            0,          0,         11,          5,          0,          0, 0x0000000000000000, 0x000015D4, 0x00000A38,                    0,             ,                     ,   {00000000-0000-0000-0000-000000000000},                                         ,   134329345411653468,        255,         30, "TCP established hash table entries: 16384 (order: 5, 131072 bytes, linear) ", {8c6b6115-bca6-4e8a-92cc-41217abf372d}
    GuestLog,          0,            0,          0,         11,          5,          0,          0, 0x0000000000000000, 0x000015D4, 0x00000A38,                    3,             ,                     ,   {00000000-0000-0000-0000-000000000000},                                         ,   134329345411760519,        255,         30, "TCP bind hash table entries: 16384 (order: 6, 262144 bytes, linear) ", {8c6b6115-bca6-4e8a-92cc-41217abf372d}
    GuestLog,          0,            0,          0,         11,          5,          0,          0, 0x0000000000000000, 0x000015D4, 0x00000A38,                    1,             ,                     ,   {00000000-0000-0000-0000-000000000000},                                         ,   134329345411826385,        255,         30, "TCP: Hash tables configured (established 16384 bind 16384) ", {8c6b6115-bca6-4e8a-92cc-41217abf372d}
    GuestLog,          0,            0,          0,         11,          5,          0,          0, 0x0000000000000000, 0x000015D4, 0x00000A38,                    2,             ,                     ,   {00000000-0000-0000-0000-000000000000},                                         ,   134329345411924899,        255,         30, "UDP hash table entries: 1024 (order: 4, 65536 bytes, linear) ", {8c6b6115-bca6-4e8a-92cc-41217abf372d}
    GuestLog,          0,            0,          0,         11,          5,          0,          0, 0x0000000000000000, 0x000015D4, 0x00000A38,                    1,             ,                     ,   {00000000-0000-0000-0000-000000000000},                                         ,   134329345411996354,        255,         30, "UDP-Lite hash table entries: 1024 (order: 4, 65536 bytes, linear) ", {8c6b6115-bca6-4e8a-92cc-41217abf372d}
    GuestLog,          0,            0,          0,         11,          5,          0,          0, 0x0000000000000000, 0x000015D4, 0x00000A38,                    3,             ,                     ,   {00000000-0000-0000-0000-000000000000},                                         ,   134329345412080393,        255,         30, "NET: Registered PF_UNIX/PF_LOCAL protocol family ", {8c6b6115-bca6-4e8a-92cc-41217abf372d}
    GuestLog,          0,            0,          0,         11,          5,          0,          0, 0x0000000000000000, 0x000015D4, 0x00000A38,                    2,             ,                     ,   {00000000-0000-0000-0000-000000000000},                                         ,   134329345412130521,        270,         30, "PCI: CLS 0 bytes, default 64 ", {8c6b6115-bca6-4e8a-92cc-41217abf372d}
    GuestLog,          0,            0,          0,         11,          5,          0,          0, 0x0000000000000000, 0x000015D4, 0x00000A38,                    3,             ,                     ,   {00000000-0000-0000-0000-000000000000},                                         ,   134329345412171985,        270,         30, "Unpacking initramfs... ", {8c6b6115-bca6-4e8a-92cc-41217abf372d}
    GuestLog,          0,            0,          0,         11,          5,          0,          0, 0x0000000000000000, 0x000015D4, 0x00000A38,                    2,             ,                     ,   {00000000-0000-0000-0000-000000000000},                                         ,   134329345412345737,        270,         30, "Freeing initrd memory: 2768K ", {8c6b6115-bca6-4e8a-92cc-41217abf372d}
    GuestLog,          0,            0,          0,         11,          5,          0,          0, 0x0000000000000000, 0x000015D4, 0x00000A38,                    2,             ,                     ,   {00000000-0000-0000-0000-000000000000},                                         ,   134329345412423401,        270,         30, "workingset: timestamp_bits=62 max_order=19 bucket_order=0 ", {8c6b6115-bca6-4e8a-92cc-41217abf372d}
    GuestLog,          0,            0,          0,         11,          5,          0,          0, 0x0000000000000000, 0x000015D4, 0x00000A38,                    1,             ,                     ,   {00000000-0000-0000-0000-000000000000},                                         ,   134329345412509132,        270,         30, "squashfs: version 4.0 (2009/01/31) Phillip Lougher ", {8c6b6115-bca6-4e8a-92cc-41217abf372d}
    GuestLog,          0,            0,          0,         11,          5,          0,          0, 0x0000000000000000, 0x000015D4, 0x00000A38,                    2,             ,                     ,   {00000000-0000-0000-0000-000000000000},                                         ,   134329345412609980,        270,         45, "Serial: 8250/16550 driver, 4 ports, IRQ sharing disabled ", {8c6b6115-bca6-4e8a-92cc-41217abf372d}
    GuestLog,          0,            0,          0,         11,          5,          0,          0, 0x0000000000000000, 0x000015D4, 0x00000A38,                    0,             ,                     ,   {00000000-0000-0000-0000-000000000000},                                         ,   134329345412811549,        270,         45, "00:00: ttyS0 at I/O 0x3f8 (irq = 4, base_baud = 115200) is a 16550A ", {8c6b6115-bca6-4e8a-92cc-41217abf372d}
    GuestLog,          0,            0,          0,         11,          5,          0,          0, 0x0000000000000000, 0x000015D4, 0x00000A38,                    1,             ,                     ,   {00000000-0000-0000-0000-000000000000},                                         ,   134329345412949715,        285,         45, "00:01: ttyS1 at I/O 0x2f8 (irq = 3, base_baud = 115200) is a 16550A ", {8c6b6115-bca6-4e8a-92cc-41217abf372d}
    GuestLog,          0,            0,          0,         11,          5,          0,          0, 0x0000000000000000, 0x000015D4, 0x00000A38,                    2,             ,                     ,   {00000000-0000-0000-0000-000000000000},                                         ,   134329345413034456,        285,         45, "loop: module loaded ", {8c6b6115-bca6-4e8a-92cc-41217abf372d}
    GuestLog,          0,            0,          0,         11,          5,          0,          0, 0x0000000000000000, 0x000015D4, 0x00000A38,                    1,             ,                     ,   {00000000-0000-0000-0000-000000000000},                                         ,   134329345413104290,        285,         45, "hv_vmbus: registering driver hv_storvsc ", {8c6b6115-bca6-4e8a-92cc-41217abf372d}
    GuestLog,          0,            0,          0,         11,          5,          0,          0, 0x0000000000000000, 0x000015D4, 0x00000A38,                    1,             ,                     ,   {00000000-0000-0000-0000-000000000000},                                         ,   134329345413155619,        285,         45, "e1000: Intel(R) PRO/1000 Network Driver ", {8c6b6115-bca6-4e8a-92cc-41217abf372d}
    GuestLog,          0,            0,          0,         11,          5,          0,          0, 0x0000000000000000, 0x000015D4, 0x00000A38,                    0,             ,                     ,   {00000000-0000-0000-0000-000000000000},                                         ,   134329345413221981,        300,         45, "e1000: Copyright (c) 1999-2006 Intel Corporation. ", {8c6b6115-bca6-4e8a-92cc-41217abf372d}
    GuestLog,          0,            0,          0,         11,          5,          0,          0, 0x0000000000000000, 0x000015D4, 0x00000A38,                    3,             ,                     ,   {00000000-0000-0000-0000-000000000000},                                         ,   134329345413289290,        300,         45, "NET: Registered PF_INET6 protocol family ", {8c6b6115-bca6-4e8a-92cc-41217abf372d}
    GuestLog,          0,            0,          0,         11,          5,          0,          0, 0x0000000000000000, 0x000015D4, 0x00000A38,                    0,             ,                     ,   {00000000-0000-0000-0000-000000000000},                                         ,   134329345413345290,        300,         45, "Segment Routing with IPv6 ", {8c6b6115-bca6-4e8a-92cc-41217abf372d}
    GuestLog,          0,            0,          0,         11,          5,          0,          0, 0x0000000000000000, 0x000015D4, 0x00000A38,                    2,             ,                     ,   {00000000-0000-0000-0000-000000000000},                                         ,   134329345413429738,        315,         45, "In-situ OAM (IOAM) with IPv6 ", {8c6b6115-bca6-4e8a-92cc-41217abf372d}
    GuestLog,          0,            0,          0,         11,          5,          0,          0, 0x0000000000000000, 0x000015D4, 0x00000A38,                    2,             ,                     ,   {00000000-0000-0000-0000-000000000000},                                         ,   134329345413482581,        315,         45, "NET: Registered PF_PACKET protocol family ", {8c6b6115-bca6-4e8a-92cc-41217abf372d}
    GuestLog,          0,            0,          0,         11,          5,          0,          0, 0x0000000000000000, 0x000015D4, 0x00000A38,                    2,             ,                     ,   {00000000-0000-0000-0000-000000000000},                                         ,   134329345413579039,        315,         45, "NET: Registered PF_VSOCK protocol family ", {8c6b6115-bca6-4e8a-92cc-41217abf372d}
    GuestLog,          0,            0,          0,         11,          5,          0,          0, 0x0000000000000000, 0x000015D4, 0x00000A38,                    3,             ,                     ,   {00000000-0000-0000-0000-000000000000},                                         ,   134329345413636948,        315,         45, "hv_vmbus: registering driver hv_sock ", {8c6b6115-bca6-4e8a-92cc-41217abf372d}
Microsoft-Windows-Hyper-V-StorageVSP ,          0,         1010,          0,         17,          4,          0,          0, 0x0000000000000004, 0x00000004, 0x00001148,                    3,             ,                     ,   {00000000-0000-0000-0000-000000000000},                                         ,   134329345413652869,       1995,          0, "VspPvtKmclChannelOpened",      506, "Primary channel opened: adapter = FFFFE70BABEEA620"
Microsoft-Windows-Hyper-V-StorageVSP ,          0,         1010,          0,         17,          4,          0,          0, 0x0000000000000004, 0x00000004, 0x00001148,                    3,             ,                     ,   {00000000-0000-0000-0000-000000000000},                                         ,   134329345413653259,       1995,          0, "VspPvtKmclChannelStarted",      218, "VSP resuming channel: adapter = FFFFE70BABEEA620"
Microsoft-Windows-Hyper-V-StorageVSP ,          0,         1010,          0,         17,          4,          0,          0, 0x0000000000000004, 0x0000110C, 0x00001758,                    0,             ,                     ,   {00000000-0000-0000-0000-000000000000},                                         ,   134329345413654277,          0,          0, "VspPvtKmclProcessPacket",      832, "Begin init"
    GuestLog,          0,            0,          0,         11,          5,          0,          0, 0x0000000000000000, 0x000015D4, 0x00000A38,                    1,             ,                     ,   {00000000-0000-0000-0000-000000000000},                                         ,   134329345413753380,        315,         45, "sched_clock: Marking stable (1408041900, 183416100)->(1847913100, -256455100) ", {8c6b6115-bca6-4e8a-92cc-41217abf372d}
Microsoft-Windows-Hyper-V-StorageVSP ,          0,         1010,          0,         17,          4,          0,          0, 0x0000000000000004, 0x0000110C, 0x00001758,                    2,             ,                     ,   {00000000-0000-0000-0000-000000000000},                                         ,   134329345413796617,          0,          0, "VspPvtKmclProcessPacket",      863, "VSP: protocol version is negotiated to Threshold version."
    GuestLog,          0,            0,          0,         11,          5,          0,          0, 0x0000000000000000, 0x000015D4, 0x00000A38,                    2,             ,                     ,   {00000000-0000-0000-0000-000000000000},                                         ,   134329345413837707,        315,         45, "netconsole: network logging started ", {8c6b6115-bca6-4e8a-92cc-41217abf372d}
    GuestLog,          0,            0,          0,         11,          5,          0,          0, 0x0000000000000000, 0x000015D4, 0x00000A38,                    2,             ,                     ,   {00000000-0000-0000-0000-000000000000},                                         ,   134329345413901169,        315,         45, "Warning: unable to open an initial console. ", {8c6b6115-bca6-4e8a-92cc-41217abf372d}
StorVspAdapterEndInitialization,          0,            0,          0,         11,          4,          0,          0, 0x0000000000000100, 0x0000110C, 0x00001758,                    3,             ,                     ,   {00000000-0000-0000-0000-000000000000},                                         ,   134329345413914883,          0,          0, "8C6B6115-BCA6-4E8A-92CC-41217ABF372D", "8C6B6115-BCA6-4E8A-92CC-41217ABF372D", 0xFFFFE70BABEEA620, 0, 0, 0,        1,      0
    GuestLog,          0,            0,          0,         11,          5,          0,          0, 0x0000000000000000, 0x000015D4, 0x00000A38,                    1,             ,                     ,   {00000000-0000-0000-0000-000000000000},                                         ,   134329345413954344,        315,         45, "scsi host0: storvsc_host_t ", {8c6b6115-bca6-4e8a-92cc-41217abf372d}
Microsoft-Windows-Hyper-V-StorageVSP ,          0,         1010,          0,         17,          4,          0,          0, 0x0000000000000004, 0x00000004, 0x00001148,                    1,             ,                     ,   {00000000-0000-0000-0000-000000000000},                                         ,   134329345413977934,       1995,          0, "VspAdapterHandleInquiry",     2203, "SCSI COMMAND: INQUIRY Addr: 0 0 0 cmddt=0 evpd=0 page=0."
Microsoft-Windows-Hyper-V-StorageVSP ,          0,         1010,          0,         17,          4,          0,          0, 0x0000000000000004, 0x00000004, 0x00001148,                    3,             ,                     ,   {00000000-0000-0000-0000-000000000000},                                         ,   134329345413984370,       1995,          0, "VspAdapterHandleReportLuns",     2354, "SCSI COMMAND: Report LUNS 0 0"
Microsoft-Windows-Hyper-V-StorageVSP ,          0,         1010,          0,         17,          4,          0,          0, 0x0000000000000004, 0x00000004, 0x00001148,                    0,             ,                     ,   {00000000-0000-0000-0000-000000000000},                                         ,   134329345413989006,       2010,          0, "VspAdapterHandleInquiry",     2203, "SCSI COMMAND: INQUIRY Addr: 0 1 0 cmddt=0 evpd=0 page=0."
Microsoft-Windows-Hyper-V-StorageVSP ,          0,         1010,          0,         17,          4,          0,          0, 0x0000000000000004, 0x00000004, 0x00001148,                    1,             ,                     ,   {00000000-0000-0000-0000-000000000000},                                         ,   134329345413994041,       2010,          0, "VspAdapterHandleReportLuns",     2354, "SCSI COMMAND: Report LUNS 0 1"
Microsoft-Windows-Hyper-V-StorageVSP ,          0,         1010,          0,         17,          4,          0,          0, 0x0000000000000004, 0x00000004, 0x00001148,                    1,             ,                     ,   {00000000-0000-0000-0000-000000000000},                                         ,   134329345413999043,       2010,          0, "VspAdapterHandleInquiry",     2203, "SCSI COMMAND: INQUIRY Addr: 1 0 0 cmddt=0 evpd=0 page=0."
Microsoft-Windows-Hyper-V-StorageVSP ,          0,         1010,          0,         17,          4,          0,          0, 0x0000000000000004, 0x00000004, 0x00001148,                    1,             ,                     ,   {00000000-0000-0000-0000-000000000000},                                         ,   134329345414005082,       2010,          0, "VspAdapterHandleReportLuns",     2354, "SCSI COMMAND: Report LUNS 1 0"
Microsoft-Windows-Hyper-V-StorageVSP ,          0,         1010,          0,         17,          4,          0,          0, 0x0000000000000004, 0x00000004, 0x00001148,                    1,             ,                     ,   {00000000-0000-0000-0000-000000000000},                                         ,   134329345414010734,       2010,          0, "VspAdapterHandleInquiry",     2203, "SCSI COMMAND: INQUIRY Addr: 1 1 0 cmddt=0 evpd=0 page=0."
Microsoft-Windows-Hyper-V-StorageVSP ,          0,         1010,          0,         17,          4,          0,          0, 0x0000000000000004, 0x00000004, 0x00001148,                    1,             ,                     ,   {00000000-0000-0000-0000-000000000000},                                         ,   134329345414016301,       2010,          0, "VspAdapterHandleReportLuns",     2354, "SCSI COMMAND: Report LUNS 1 1"
Microsoft-Windows-Hyper-V-StorageVSP ,          0,         1010,          0,         17,          4,          0,          0, 0x0000000000000004, 0x00000004, 0x00001148,                    1,             ,                     ,   {00000000-0000-0000-0000-000000000000},                                         ,   134329345414023570,       2010,          0, "VspAdapterHandleInquiry",     2203, "SCSI COMMAND: INQUIRY Addr: 2 0 0 cmddt=0 evpd=0 page=0."
Microsoft-Windows-Hyper-V-StorageVSP ,          0,         1010,          0,         17,          4,          0,          0, 0x0000000000000004, 0x00000004, 0x00001148,                    1,             ,                     ,   {00000000-0000-0000-0000-000000000000},                                         ,   134329345414030921,       2010,          0, "VspAdapterHandleReportLuns",     2354, "SCSI COMMAND: Report LUNS 2 0"
Microsoft-Windows-Hyper-V-StorageVSP ,          0,         1010,          0,         17,          4,          0,          0, 0x0000000000000004, 0x00000004, 0x00001148,                    1,             ,                     ,   {00000000-0000-0000-0000-000000000000},                                         ,   134329345414038738,       2010,          0, "VspAdapterHandleInquiry",     2203, "SCSI COMMAND: INQUIRY Addr: 2 1 0 cmddt=0 evpd=0 page=0."
Microsoft-Windows-Hyper-V-StorageVSP ,          0,         1010,          0,         17,          4,          0,          0, 0x0000000000000004, 0x00000004, 0x00001148,                    1,             ,                     ,   {00000000-0000-0000-0000-000000000000},                                         ,   134329345414048578,       2010,          0, "VspAdapterHandleReportLuns",     2354, "SCSI COMMAND: Report LUNS 2 1"
Microsoft-Windows-Hyper-V-StorageVSP ,          0,         1010,          0,         17,          4,          0,          0, 0x0000000000000004, 0x00000004, 0x00001148,                    1,             ,                     ,   {00000000-0000-0000-0000-000000000000},                                         ,   134329345414060574,       2010,          0, "VspAdapterHandleInquiry",     2203, "SCSI COMMAND: INQUIRY Addr: 3 0 0 cmddt=0 evpd=0 page=0."
Microsoft-Windows-Hyper-V-StorageVSP ,          0,         1010,          0,         17,          4,          0,          0, 0x0000000000000004, 0x00000004, 0x00001148,                    3,             ,                     ,   {00000000-0000-0000-0000-000000000000},                                         ,   134329345414067626,       2010,          0, "VspAdapterHandleReportLuns",     2354, "SCSI COMMAND: Report LUNS 3 0"
Microsoft-Windows-Hyper-V-StorageVSP ,          0,         1010,          0,         17,          4,          0,          0, 0x0000000000000004, 0x00000004, 0x00001148,                    2,             ,                     ,   {00000000-0000-0000-0000-000000000000},                                         ,   134329345414076252,       2010,          0, "VspAdapterHandleInquiry",     2203, "SCSI COMMAND: INQUIRY Addr: 3 1 0 cmddt=0 evpd=0 page=0."
Microsoft-Windows-Hyper-V-StorageVSP ,          0,         1010,          0,         17,          4,          0,          0, 0x0000000000000004, 0x00000004, 0x00001148,                    2,             ,                     ,   {00000000-0000-0000-0000-000000000000},                                         ,   134329345414081656,       2010,          0, "VspAdapterHandleReportLuns",     2354, "SCSI COMMAND: Report LUNS 3 1"
Microsoft-Windows-Hyper-V-StorageVSP ,          0,         1010,          0,         17,          4,          0,          0, 0x0000000000000004, 0x00000004, 0x00001148,                    1,             ,                     ,   {00000000-0000-0000-0000-000000000000},                                         ,   134329345414087291,       2010,          0, "VspAdapterHandleInquiry",     2203, "SCSI COMMAND: INQUIRY Addr: 4 0 0 cmddt=0 evpd=0 page=0."
Microsoft-Windows-Hyper-V-StorageVSP ,          0,         1010,          0,         17,          4,          0,          0, 0x0000000000000004, 0x00000004, 0x00001148,                    1,             ,                     ,   {00000000-0000-0000-0000-000000000000},                                         ,   134329345414092426,       2010,          0, "VspAdapterHandleReportLuns",     2354, "SCSI COMMAND: Report LUNS 4 0"
Microsoft-Windows-Hyper-V-StorageVSP ,          0,         1010,          0,         17,          4,          0,          0, 0x0000000000000004, 0x00000004, 0x00001148,                    1,             ,                     ,   {00000000-0000-0000-0000-000000000000},                                         ,   134329345414097654,       2010,          0, "VspAdapterHandleInquiry",     2203, "SCSI COMMAND: INQUIRY Addr: 4 1 0 cmddt=0 evpd=0 page=0."
Microsoft-Windows-Hyper-V-StorageVSP ,          0,         1010,          0,         17,          4,          0,          0, 0x0000000000000004, 0x00000004, 0x00001148,                    1,             ,                     ,   {00000000-0000-0000-0000-000000000000},                                         ,   134329345414102757,       2010,          0, "VspAdapterHandleReportLuns",     2354, "SCSI COMMAND: Report LUNS 4 1"
Microsoft-Windows-Hyper-V-StorageVSP ,          0,         1010,          0,         17,          4,          0,          0, 0x0000000000000004, 0x00000004, 0x00001148,                    1,             ,                     ,   {00000000-0000-0000-0000-000000000000},                                         ,   134329345414109209,       2010,          0, "VspAdapterHandleInquiry",     2203, "SCSI COMMAND: INQUIRY Addr: 5 0 0 cmddt=0 evpd=0 page=0."
Microsoft-Windows-Hyper-V-StorageVSP ,          0,         1010,          0,         17,          4,          0,          0, 0x0000000000000004, 0x00000004, 0x00001148,                    1,             ,                     ,   {00000000-0000-0000-0000-000000000000},                                         ,   134329345414114940,       2010,          0, "VspAdapterHandleReportLuns",     2354, "SCSI COMMAND: Report LUNS 5 0"
Microsoft-Windows-Hyper-V-StorageVSP ,          0,         1010,          0,         17,          4,          0,          0, 0x0000000000000004, 0x00000004, 0x00001148,                    1,             ,                     ,   {00000000-0000-0000-0000-000000000000},                                         ,   134329345414121718,       2010,          0, "VspAdapterHandleInquiry",     2203, "SCSI COMMAND: INQUIRY Addr: 5 1 0 cmddt=0 evpd=0 page=0."
Microsoft-Windows-Hyper-V-StorageVSP ,          0,         1010,          0,         17,          4,          0,          0, 0x0000000000000004, 0x00000004, 0x00001148,                    1,             ,                     ,   {00000000-0000-0000-0000-000000000000},                                         ,   134329345414127326,       2010,          0, "VspAdapterHandleReportLuns",     2354, "SCSI COMMAND: Report LUNS 5 1"
Microsoft-Windows-Hyper-V-StorageVSP ,          0,         1010,          0,         17,          4,          0,          0, 0x0000000000000004, 0x00000004, 0x00001148,                    1,             ,                     ,   {00000000-0000-0000-0000-000000000000},                                         ,   134329345414133586,       2010,          0, "VspAdapterHandleInquiry",     2203, "SCSI COMMAND: INQUIRY Addr: 6 0 0 cmddt=0 evpd=0 page=0."
Microsoft-Windows-Hyper-V-StorageVSP ,          0,         1010,          0,         17,          4,          0,          0, 0x0000000000000004, 0x00000004, 0x00001148,                    1,             ,                     ,   {00000000-0000-0000-0000-000000000000},                                         ,   134329345414139024,       2010,          0, "VspAdapterHandleReportLuns",     2354, "SCSI COMMAND: Report LUNS 6 0"
Microsoft-Windows-Hyper-V-StorageVSP ,          0,         1010,          0,         17,          4,          0,          0, 0x0000000000000004, 0x00000004, 0x00001148,                    1,             ,                     ,   {00000000-0000-0000-0000-000000000000},                                         ,   134329345414144440,       2010,          0, "VspAdapterHandleInquiry",     2203, "SCSI COMMAND: INQUIRY Addr: 6 1 0 cmddt=0 evpd=0 page=0."
Microsoft-Windows-Hyper-V-StorageVSP ,          0,         1010,          0,         17,          4,          0,          0, 0x0000000000000004, 0x00000004, 0x00001148,                    1,             ,                     ,   {00000000-0000-0000-0000-000000000000},                                         ,   134329345414150215,       2010,          0, "VspAdapterHandleReportLuns",     2354, "SCSI COMMAND: Report LUNS 6 1"
Microsoft-Windows-Hyper-V-StorageVSP ,          0,         1010,          0,         17,          4,          0,          0, 0x0000000000000004, 0x00000004, 0x00001148,                    1,             ,                     ,   {00000000-0000-0000-0000-000000000000},                                         ,   134329345414155014,       2010,          0, "VspAdapterHandleInquiry",     2203, "SCSI COMMAND: INQUIRY Addr: 7 0 0 cmddt=0 evpd=0 page=0."
Microsoft-Windows-Hyper-V-StorageVSP ,          0,         1010,          0,         17,          4,          0,          0, 0x0000000000000004, 0x00000004, 0x00001148,                    1,             ,                     ,   {00000000-0000-0000-0000-000000000000},                                         ,   134329345414160842,       2010,          0, "VspAdapterHandleReportLuns",     2354, "SCSI COMMAND: Report LUNS 7 0"
Microsoft-Windows-Hyper-V-StorageVSP ,          0,         1010,          0,         17,          4,          0,          0, 0x0000000000000004, 0x00000004, 0x00001148,                    1,             ,                     ,   {00000000-0000-0000-0000-000000000000},                                         ,   134329345414167562,       2010,          0, "VspAdapterHandleInquiry",     2203, "SCSI COMMAND: INQUIRY Addr: 7 1 0 cmddt=0 evpd=0 page=0."
Microsoft-Windows-Hyper-V-StorageVSP ,          0,         1010,          0,         17,          4,          0,          0, 0x0000000000000004, 0x00000004, 0x00001148,                    1,             ,                     ,   {00000000-0000-0000-0000-000000000000},                                         ,   134329345414173780,       2010,          0, "VspAdapterHandleReportLuns",     2354, "SCSI COMMAND: Report LUNS 7 1"
    GuestLog,          0,            0,          0,         11,          5,          0,          0, 0x0000000000000000, 0x000015D4, 0x00000A38,                    1,             ,                     ,   {00000000-0000-0000-0000-000000000000},                                         ,   134329345414257791,        315,         45, "Freeing unused kernel image (initmem) memory: 744K ", {8c6b6115-bca6-4e8a-92cc-41217abf372d}
    GuestLog,          0,            0,          0,         11,          5,          0,          0, 0x0000000000000000, 0x000015D4, 0x00000A38,                    0,             ,                     ,   {00000000-0000-0000-0000-000000000000},                                         ,   134329345414322676,        315,         60, "Write protecting the kernel read-only data: 10240k ", {8c6b6115-bca6-4e8a-92cc-41217abf372d}
    GuestLog,          0,            0,          0,         11,          5,          0,          0, 0x0000000000000000, 0x000015D4, 0x00000A38,                    1,             ,                     ,   {00000000-0000-0000-0000-000000000000},                                         ,   134329345414401564,        315,         60, "Freeing unused kernel image (text/rodata gap) memory: 1064K ", {8c6b6115-bca6-4e8a-92cc-41217abf372d}
    GuestLog,          0,            0,          0,         11,          5,          0,          0, 0x0000000000000000, 0x000015D4, 0x00000A38,                    3,             ,                     ,   {00000000-0000-0000-0000-000000000000},                                         ,   134329345414473836,        315,         60, "Freeing unused kernel image (rodata/data gap) memory: 696K ", {8c6b6115-bca6-4e8a-92cc-41217abf372d}
    GuestLog,          0,            0,          0,         11,          5,          0,          0, 0x0000000000000000, 0x000015D4, 0x00000A38,                    0,             ,                     ,   {00000000-0000-0000-0000-000000000000},                                         ,   134329345414511964,        315,         60, "Run /init as init process ", {8c6b6115-bca6-4e8a-92cc-41217abf372d}
    GuestLog,          0,            0,          0,         11,          5,          0,          0, 0x0000000000000000, 0x000015D4, 0x00000A38,                    1,             ,                     ,   {00000000-0000-0000-0000-000000000000},                                         ,   134329345414563223,        315,         60, "  with arguments: ", {8c6b6115-bca6-4e8a-92cc-41217abf372d}
    GuestLog,          0,            0,          0,         11,          5,          0,          0, 0x0000000000000000, 0x000015D4, 0x00000A38,                    2,             ,                     ,   {00000000-0000-0000-0000-000000000000},                                         ,   134329345414598254,        315,         60, "    /init ", {8c6b6115-bca6-4e8a-92cc-41217abf372d}
    GuestLog,          0,            0,          0,         11,          5,          0,          0, 0x0000000000000000, 0x000015D4, 0x00000A38,                    3,             ,                     ,   {00000000-0000-0000-0000-000000000000},                                         ,   134329345414638571,        315,         60, "  with environment: ", {8c6b6115-bca6-4e8a-92cc-41217abf372d}
    GuestLog,          0,            0,          0,         11,          5,          0,          0, 0x0000000000000000, 0x000015D4, 0x00000A38,                    0,             ,                     ,   {00000000-0000-0000-0000-000000000000},                                         ,   134329345414666364,        315,         60, "    HOME=/ ", {8c6b6115-bca6-4e8a-92cc-41217abf372d}
    GuestLog,          0,            0,          0,         11,          5,          0,          0, 0x0000000000000000, 0x000015D4, 0x00000A38,                    2,             ,                     ,   {00000000-0000-0000-0000-000000000000},                                         ,   134329345414714366,        315,         60, "    TERM=linux ", {8c6b6115-bca6-4e8a-92cc-41217abf372d}
    GuestLog,          0,            0,          0,         11,          5,          0,          0, 0x0000000000000000, 0x000015D4, 0x00000A38,                    3,             ,                     ,   {00000000-0000-0000-0000-000000000000},                                         ,   134329345414757290,        315,         60, "    WSL_ROOT_INIT=1 ", {8c6b6115-bca6-4e8a-92cc-41217abf372d}
    GuestLog,          0,            0,          0,         11,          5,          0,          0, 0x0000000000000000, 0x000015D4, 0x00000A38,                    1,             ,                     ,   {00000000-0000-0000-0000-000000000000},                                         ,   134329345414807040,        315,         60, "    nr_cpus=4 ", {8c6b6115-bca6-4e8a-92cc-41217abf372d}
    GuestLog,          0,            0,          0,         11,          5,          0,          0, 0x0000000000000000, 0x000015D4, 0x00000A38,                    1,             ,                     ,   {00000000-0000-0000-0000-000000000000},                                         ,   134329345414850621,        315,         60, "    WSL_ENABLE_CRASH_DUMP=1 ", {8c6b6115-bca6-4e8a-92cc-41217abf372d}
    GuestLog,          0,            0,          0,         11,          5,          0,          0, 0x0000000000000000, 0x000015D4, 0x00000A38,                    2,             ,                     ,   {00000000-0000-0000-0000-000000000000},                                         ,   134329345414956164,        315,         60, "WSL (1 - ) ERROR: InitializeLogging:1561: open(/dev/hvc1) failed 2 ", {8c6b6115-bca6-4e8a-92cc-41217abf372d}
    GuestLog,          0,            0,          0,         11,          5,          0,          0, 0x0000000000000000, 0x000015D4, 0x00000A38,                    3,             ,                     ,   {00000000-0000-0000-0000-000000000000},                                         ,   134329345415022096,        315,         60, "WSL (1 - ) ERROR: main:3833: /init was started without /dev/console ", {8c6b6115-bca6-4e8a-92cc-41217abf372d}
    GuestLog,          0,            0,          0,         11,          5,          0,          0, 0x0000000000000000, 0x000015D4, 0x00000A38,                    3,             ,                     ,   {00000000-0000-0000-0000-000000000000},                                         ,   134329345415066645,        315,         60, "WSL (1 - ): WSL version 2.7.12.0 ", {8c6b6115-bca6-4e8a-92cc-41217abf372d}
ReceivedMessage,          0,            0,          0,         11,          5,          0,          0, 0x0000000000000000, 0x000015D4, 0x0000082C,                    1,             ,                     ,   {00000000-0000-0000-0000-000000000000},                                         ,   134329345565157530,        120,          0, "mini_init", "Header = {MessageType = LxMiniInitMessageGuestCapabilities MessageSize = 28 TransactionId = 1 TransactionStep = 0 } SeccompAvailable = 0 Buffer = 6.18.40.1+ "
GuestKernelInfo,          0,            0,          0,         11,          5,          0,          0, 0x0000000000000000, 0x000015D4, 0x0000082C,                    1,             ,                     ,   {00000000-0000-0000-0000-000000000000},                                         ,   134329345565158380,        120,          0, 0,        6,       18,       40
 SentMessage,          0,            0,          0,         11,          5,          0,          0, 0x0000000000000000, 0x000015D4, 0x0000082C,                    1,             ,                     ,   {00000000-0000-0000-0000-000000000000},                                         ,   134329345565160574,        120,          0, "mini_init", "Header = {MessageType = LxMiniInitMessageEarlyConfig MessageSize = 65 TransactionId = 0 TransactionStep = 1 } SwapLun = 4294967295 SystemDistroDeviceType = 0 SystemDistroDeviceId = 4294967295 PageReportingOrder = -1 MemoryReclaimMode = 0 DnsTunnelingIpAddress = 0 EnableDebugShell = 0 EnableDnsTunneling = 0 EnableSafeMode = 0 DefaultKernel = 0 KernelModulesDeviceId = 4294967295 HostnameOffset = WSL-LAB KernelModulesListOffset =  ",       65
 SentMessage,          0,            0,          0,         11,          5,          0,          0, 0x0000000000000000, 0x000015D4, 0x0000082C,                    1,             ,                     ,   {00000000-0000-0000-0000-000000000000},                                         ,   134329345565164532,        120,          0, "mini_init", "Header = {MessageType = LxMiniInitMessageInitialConfig MessageSize = 4144 TransactionId = 1 TransactionStep = 1 } EntropySize = 4096 MountGpuShares = 0 EntropyOffset = 48 EnableInboxGpuLibs = 0 NetworkingConfiguration.NetworkingMode = 0 NetworkingConfiguration.PortTrackerType = 0 NetworkingConfiguration.EphemeralPortRangeStart = 0 NetworkingConfiguration.EphemeralPortRangeEnd = 0 NetworkingConfiguration.EnableDhcpClient = 0 NetworkingConfiguration.DisableIpv6 = 0 NetworkingConfiguration.DhcpTimeout = 0 ",     4144
 CreateVmEnd,          0,            0,          0,         11,          5,          0,          0, 0x0000000000000000, 0x000015D4, 0x0000082C,                    1,             ,                     ,   {00000000-0000-0000-0000-000000000000},                                         ,   134329345565164769,        120,          0, "2.7.12.0",                0, 1, "6.18.40.1+", {8c6b6115-bca6-4e8a-92cc-41217abf372d},            18968, 0,     5000, 1, 1, 1, 1, 1, 1, 1, 1, 1, 0, 1, 0, 1, 1, 0, 0, 1, 0, 0, "Absent",    30000, 0,        0, 0, "tun,ip_tables,br_netfilter", 1, 1, 0,       4293808128,        4, "DropCache",       2146904064,     5000, "None",        4, 0,       1073741824, 0,    1099511627776,    60000, 0
WslCoreVm::RegisterCallbacks,          0,            0,          0,         11,          5,          0,          0, 0x0000000000000000, 0x000015D4, 0x0000082C,                    1,             ,                     ,   {00000000-0000-0000-0000-000000000000},                                         ,   134329345565166625,        120,          0, 1, 1
    GuestLog,          0,            0,          0,         11,          5,          0,          0, 0x0000000000000000, 0x000015D4, 0x00000A38,                    0,             ,                     ,   {00000000-0000-0000-0000-000000000000},                                         ,   134329345565306030,        315,         60, "WSL (1 - ) ERROR: UtilMkdir:1643: mkdir(/sys/fs/cgroup, 755) failed 1 ", {8c6b6115-bca6-4e8a-92cc-41217abf372d}
Microsoft-Windows-Hyper-V-Compute ,          0,         2007,          0,         17,          4,          0,          0, 0x0000000000000000, 0x000014B4, 0x00001750,                    0,             ,                     ,   {00000000-0000-0000-0000-000000000000},                                         ,   134329345565724341,         15,          0, "8C6B6115-BCA6-4E8A-92CC-41217ABF372D", "0x00000000", "{"RequestType":"Add","ResourcePath":"VirtualMachine/Devices/Scsi/0/Attachments/0","Settings":{"AlwaysAllowSparseFiles":true,"Path":"C:\\controlled-inputs\\ultra-minimal-wsl\\registered-distros\\Debian2\\ext4.vhdx","ReadOnly":false,"SupportCompressedVolumes":true,"SupportEncryptedFiles":true,"Type":"VirtualDisk"}}"
SynthStorChangeMedia,          1,            0,          0,         11,          4,          1,          0, 0x0000000000000010, 0x00001658, 0x00001414,                    2,             ,                     ,   {7d47a6bb-3bd3-0002-01b3-477dd33bdd01},                                         ,   134329345565752109,         75,         15,                0,     5140, {8c6b6115-bca6-4e8a-92cc-41217abf372d}, {fd1d2cbd-ce7c-535c-966b-eb5f811c95f0}, "",        2, "C:\controlled-inputs\ultra-minimal-wsl\registered-distros\Debian2\ext4.vhdx", "",        1,        1, false, false,        0, false, false, false, true, true, true
SynthStorAttachmentPowerOn,          1,            0,          0,         11,          4,          1,          0, 0x0000000000000010, 0x00001658, 0x00001414,                    2,             ,                     ,   {7d47a6bb-3bd3-0002-02b3-477dd33bdd01},   {7d47a6bb-3bd3-0002-01b3-477dd33bdd01},   134329345565759165,         75,         15,                0,     5140, {8c6b6115-bca6-4e8a-92cc-41217abf372d},        0,        0, {d57cd455-7b26-5a34-9695-260bd983e579}, "C:\controlled-inputs\ultra-minimal-wsl\registered-distros\Debian2\ext4.vhdx"
SynthStorAttachmentMount,          1,            0,          0,         11,          4,          1,          0, 0x0000000000000010, 0x00001658, 0x00001414,                    2,             ,                     ,   {7d47a6bb-3bd3-0002-03b3-477dd33bdd01},   {7d47a6bb-3bd3-0002-02b3-477dd33bdd01},   134329345565759222,         75,         15,                0,     5140, {8c6b6115-bca6-4e8a-92cc-41217abf372d},        0,        0, {d57cd455-7b26-5a34-9695-260bd983e579}, "C:\controlled-inputs\ultra-minimal-wsl\registered-distros\Debian2\ext4.vhdx",        1, ""
VstorCreateDeviceVHD,          1,            0,          0,         11,          4,          1,          0, 0x0000000000000200, 0x00001658, 0x00001414,                    2,             ,                     ,   {7d47a6bb-3bd3-0002-04b3-477dd33bdd01},   {7d47a6bb-3bd3-0002-03b3-477dd33bdd01},   134329345565759978,         75,         15,                0,     5140, {8c6b6115-bca6-4e8a-92cc-41217abf372d}, "C:\controlled-inputs\ultra-minimal-wsl\registered-distros\Debian2\ext4.vhdx", 0x103, false, 0x1C0, "SynthStorAttachment::Mount",     1078
VstorCreateDevice,          1,            0,          0,         11,          4,          1,          0, 0x0000000000000200, 0x00001658, 0x00001414,                    2,             ,                     ,   {7d47a6bb-3bd3-0002-05b3-477dd33bdd01},   {7d47a6bb-3bd3-0002-04b3-477dd33bdd01},   134329345565760100,         75,         15,                0,     5140, {8c6b6115-bca6-4e8a-92cc-41217abf372d}, "\??\STORVSP\GUID\{f916c826-f0f5-4cd9-be68-4fd638cf9a53}\", "C:\controlled-inputs\ultra-minimal-wsl\registered-distros\Debian2\ext4.vhdx", 0x103, false, 0x1C0, "SynthStorAttachment::Mount",     1078
VstorCreateDevice_CreateFile,          1,            0,          0,         11,          4,          1,          0, 0x0000000000000200, 0x00001658, 0x00001414,                    2,             ,                     ,   {7d47a6bb-3bd3-0002-06b3-477dd33bdd01},   {7d47a6bb-3bd3-0002-05b3-477dd33bdd01},   134329345565760133,         75,         15,                0,     5140, {8c6b6115-bca6-4e8a-92cc-41217abf372d}, "\??\STORVSP\GUID\{f916c826-f0f5-4cd9-be68-4fd638cf9a53}\C:\controlled-inputs\ultra-minimal-wsl\registered-distros\Debian2\ext4.vhdx"
StorVspDeviceRetrieveParserTable,          1,            0,          0,         11,          4,          1,          0, 0x0000000000000100, 0x00001658, 0x00001414,                    2,             ,                     ,   {7d47a6bb-3bd3-0002-07b3-477dd33bdd01},                                         ,   134329345565761771,         75,         15, "C:\controlled-inputs\ultra-minimal-wsl\registered-distros\Debian2\ext4.vhdx", 0xFFFFE70BAABB2050, 0, 0, 0, {f916c826-f0f5-4cd9-be68-4fd638cf9a53}
{bbccf6c1-6cd1-48c4-80ff-839482e37671},         32,            0,          0,          0,          0,         32,          0, 0x0000000000000000, 0x00000004, 0x000013B0,                    2,             ,                     ,   {00000000-0000-0000-0000-000000000000},                                         ,   134329345566953502,        360,          0, DataSize=646
Microsoft-Windows-VHDMP ,          0,          215,          0,         16,          4,          0,          0, 0x0000000000000001, 0x00000004, 0x000013B0,                    2,             ,                     ,   {00000000-0000-0000-0000-000000000000},                                         ,   134329345566953502,        360,          0, 0x0
{bbccf6c1-6cd1-48c4-80ff-839482e37671},         32,            0,          0,          0,          0,         32,          0, 0x0000000000000000, 0x00000004, 0x000013B0,                    2,             ,                     ,   {00000000-0000-0000-0000-000000000000},                                         ,   134329345566953518,        360,          0, DataSize=1386
Microsoft-Windows-VHDMP ,          0,          223,          0,         16,          4,          0,          0, 0x0000000000000001, 0x00000004, 0x000013B0,                    2,             ,                     ,   {00000000-0000-0000-0000-000000000000},                                         ,   134329345566953518,        360,          0, 0x0, 0x1000000, 0x32, 0x800000
{bbccf6c1-6cd1-48c4-80ff-839482e37671},         32,            0,          0,          0,          0,         32,          0, 0x0000000000000000, 0x00000004, 0x000007D8,                    3,             ,                     ,   {00000000-0000-0000-0000-000000000000},                                         ,   134329345566996242,        915,          0, DataSize=718
Microsoft-Windows-VHDMP ,     Start ,           21,          0,         16,          4,          1,       1201, 0x0000000000000001, 0x00000004, 0x000007D8,                    3,             ,                     ,   {00000000-0000-0000-0000-000000000000},                                         ,   134329345566996242,        915,          0, 0x0
StorVspDeviceRetrieveParserTable,          2,            0,          0,         11,          4,          2,          0, 0x0000000000000100, 0x00001658, 0x00001414,                    1,             ,                     ,   {7d47a6bb-3bd3-0002-07b3-477dd33bdd01},                                         ,   134329345566998846,         75,         15, "C:\controlled-inputs\ultra-minimal-wsl\registered-distros\Debian2\ext4.vhdx", 0xFFFFE70BAABB2050, STATUS_SUCCESS
StorVspDeviceCreate,          1,            0,          0,         11,          4,          1,          0, 0x0000000000000100, 0x00001658, 0x00001414,                    1,             ,                     ,   {7d47a6bb-3bd3-0001-1db4-477dd33bdd01},                                         ,   134329345566998953,         75,         15, "C:\controlled-inputs\ultra-minimal-wsl\registered-distros\Debian2\ext4.vhdx", 0xFFFFE70BAABB2050, 0, 0, 0, {f916c826-f0f5-4cd9-be68-4fd638cf9a53}, {8c6b6115-bca6-4e8a-92cc-41217abf372d}
Microsoft-Windows-VHDMP ,     Start ,           21,          0,         16,          4,          1,       1201, 0x0000000000000001, 0x00001658, 0x00001414,                    1,             ,                     ,   {00000000-0000-0000-0000-000000000000},                                         ,   134329345566999552,         75,         15, 0x0
{bbccf6c1-6cd1-48c4-80ff-839482e37671},         32,            0,          0,          0,          0,         32,          0, 0x0000000000000000, 0x00001658, 0x00001414,                    1,             ,                     ,   {00000000-0000-0000-0000-000000000000},                                         ,   134329345567000217,         75,         15, DataSize=970
Microsoft-Windows-VHDMP ,     Start ,           22,          0,         16,          4,          1,       1203, 0x0000000000000001, 0x00001658, 0x00001414,                    1,             ,                     ,   {00000000-0000-0000-0000-000000000000},                                         ,   134329345567000217,         75,         15, "C:\controlled-inputs\ultra-minimal-wsl\registered-distros\Debian2\ext4.vhdx",  1048704
VhdmpFileWrapperOpenDownlevel,          1,            0,          0,         11,          4,          1,          0, 0x0000000000010000, 0x00001658, 0x00001414,                    1,             ,                     ,   {7d47a6bb-3bd3-0001-1eb4-477dd33bdd01},                                         ,   134329345567000233,         75,         15, "C:\controlled-inputs\ultra-minimal-wsl\registered-distros\Debian2\ext4.vhdx", 1,  1048704,        7
VhdmpFileWrapperOpenDownlevel,          2,            0,          0,         11,          4,          2,          0, 0x0000000000010000, 0x00001658, 0x00001414,                    1,             ,                     ,   {7d47a6bb-3bd3-0001-1eb4-477dd33bdd01},                                         ,   134329345567001280,         75,         15, "C:\controlled-inputs\ultra-minimal-wsl\registered-distros\Debian2\ext4.vhdx", STATUS_SUCCESS
{bbccf6c1-6cd1-48c4-80ff-839482e37671},         32,            0,          0,          0,          0,         32,          0, 0x0000000000000000, 0x00001658, 0x00001414,                    1,             ,                     ,   {00000000-0000-0000-0000-000000000000},                                         ,   134329345567001301,         75,         15, DataSize=922
Microsoft-Windows-VHDMP ,      Stop ,           23,          0,         16,          4,          2,       1203, 0x0000000000000001, 0x00001658, 0x00001414,                    1,             ,                     ,   {00000000-0000-0000-0000-000000000000},                                         ,   134329345567001301,         75,         15, "C:\controlled-inputs\ultra-minimal-wsl\registered-distros\Debian2\ext4.vhdx", 0x0
{bbccf6c1-6cd1-48c4-80ff-839482e37671},         32,            0,          0,          0,          0,         32,          0, 0x0000000000000000, 0x00001658, 0x00001414,                    1,             ,                     ,   {00000000-0000-0000-0000-000000000000},                                         ,   134329345567002427,         75,         15, DataSize=594
Microsoft-Windows-VHDMP ,          0,           15,          0,         16,          4,          0,          0, 0x0000000000000000, 0x00001658, 0x00001414,                    1,             ,                     ,   {00000000-0000-0000-0000-000000000000},                                         ,   134329345567002427,         75,         15, 0x0
VhdmpFileWrapper,          1,            0,          0,         11,          4,          1,          0, 0x0000000000010000, 0x00001658, 0x00001414,                    1,             ,                     ,   {7d47a6bb-3bd3-0001-1fb4-477dd33bdd01},                                         ,   134329345567003702,         75,         15, "C:\controlled-inputs\ultra-minimal-wsl\registered-distros\Debian2\ext4.vhdx"
Microsoft-Windows-VHDMP ,     Start ,           22,          0,         16,          4,          1,       1203, 0x0000000000000001, 0x00001658, 0x00001414,                    1,             ,                     ,   {00000000-0000-0000-0000-000000000000},                                         ,   134329345567011893,         75,         15, "C:\controlled-inputs\ultra-minimal-wsl\registered-distros\Debian2\ext4.vhdx", 2148532224
VhdmpFileWrapperOpenDownlevel,          1,            0,          0,         11,          4,          1,          0, 0x0000000000010000, 0x00001658, 0x00001414,                    1,             ,                     ,   {7d47a6bb-3bd3-0001-20b4-477dd33bdd01},                                         ,   134329345567011911,         75,         15, "C:\controlled-inputs\ultra-minimal-wsl\registered-distros\Debian2\ext4.vhdx", 0, 2147483648,        3
VhdmpFileWrapperOpenDownlevel,          2,            0,          0,         11,          4,          2,          0, 0x0000000000010000, 0x00001658, 0x00001414,                    1,             ,                     ,   {7d47a6bb-3bd3-0001-20b4-477dd33bdd01},                                         ,   134329345567013123,         75,         15, "C:\controlled-inputs\ultra-minimal-wsl\registered-distros\Debian2\ext4.vhdx", STATUS_SUCCESS
Microsoft-Windows-VHDMP ,      Stop ,           23,          0,         16,          4,          2,       1203, 0x0000000000000001, 0x00001658, 0x00001414,                    1,             ,                     ,   {00000000-0000-0000-0000-000000000000},                                         ,   134329345567013150,         75,         15, "C:\controlled-inputs\ultra-minimal-wsl\registered-distros\Debian2\ext4.vhdx", 0x0
Microsoft-Windows-VHDMP ,     Start ,           22,          0,         16,          4,          1,       1203, 0x0000000000000001, 0x00001658, 0x00001414,                    3,             ,                     ,   {00000000-0000-0000-0000-000000000000},                                         ,   134329345567015183,         75,         15, "C:\controlled-inputs\ultra-minimal-wsl\registered-distros\Debian2\ext4.vhdx", 3222274048
VhdmpFileWrapperOpenDownlevel,          1,            0,          0,         11,          4,          1,          0, 0x0000000000010000, 0x00001658, 0x00001414,                    3,             ,                     ,   {7d47a6bb-3bd3-0003-e2af-477dd33bdd01},                                         ,   134329345567015203,         75,         15, "C:\controlled-inputs\ultra-minimal-wsl\registered-distros\Debian2\ext4.vhdx", 0, 3221225472,        1
VhdmpFileWrapperOpenDownlevel,          2,            0,          0,         11,          4,          2,          0, 0x0000000000010000, 0x00001658, 0x00001414,                    3,             ,                     ,   {7d47a6bb-3bd3-0003-e2af-477dd33bdd01},                                         ,   134329345567017264,         75,         15, "C:\controlled-inputs\ultra-minimal-wsl\registered-distros\Debian2\ext4.vhdx", STATUS_SUCCESS
Microsoft-Windows-VHDMP ,      Stop ,           23,          0,         16,          4,          2,       1203, 0x0000000000000001, 0x00001658, 0x00001414,                    3,             ,                     ,   {00000000-0000-0000-0000-000000000000},                                         ,   134329345567017287,         75,         15, "C:\controlled-inputs\ultra-minimal-wsl\registered-distros\Debian2\ext4.vhdx", 0x0
{bbccf6c1-6cd1-48c4-80ff-839482e37671},         32,            0,          0,          0,          0,         32,          0, 0x0000000000000000, 0x00001658, 0x00001414,                    0,             ,                     ,   {00000000-0000-0000-0000-000000000000},                                         ,   134329345567581705,         75,         15, DataSize=2910
{bbccf6c1-6cd1-48c4-80ff-839482e37671},         33,            0,          0,          0,          0,         33,          0, 0x0000000000000000, 0x00001658, 0x00001414,                    0,             ,                     ,   {00000000-0000-0000-0000-000000000000},                                         ,   134329345567581705,         75,         15, DataSize=182
Microsoft-Windows-VHDMP ,      Stop ,           12,          0,         16,          4,          2,       1201, 0x0000000000000001, 0x00001658, 0x00001414,                    0,             ,                     ,   {00000000-0000-0000-0000-000000000000},                                         ,   134329345567581705,         75,         15, 0x0, "C:\controlled-inputs\ultra-minimal-wsl\registered-distros\Debian2\ext4.vhdx", {8c6b6115-bca6-4e8a-92cc-41217abf372d}, "VHDX ",        2, 0x80000E00, 0x0,        1, false, false, 0x0, 0x0, 0x0
StorVspDeviceCreate,          2,            0,          0,         11,          4,          2,          0, 0x0000000000000100, 0x00001658, 0x00001414,                    0,             ,                     ,   {7d47a6bb-3bd3-0001-1db4-477dd33bdd01},                                         ,   134329345567582710,         75,         15, "C:\controlled-inputs\ultra-minimal-wsl\registered-distros\Debian2\ext4.vhdx", 0xFFFFE70BAABB2050, STATUS_SUCCESS
VstorCreateDevice_CreateFile,          2,            0,          0,         11,          4,          2,          0, 0x0000000000000200, 0x00001658, 0x00001414,                    0,             ,                     ,   {7d47a6bb-3bd3-0002-06b3-477dd33bdd01},                                         ,   134329345567583043,         75,         15,                0,        0,     5140
VstorCreateDevice,          2,            0,          0,         11,          4,          2,          0, 0x0000000000000200, 0x00001658, 0x00001414,                    0,             ,                     ,   {7d47a6bb-3bd3-0002-05b3-477dd33bdd01},                                         ,   134329345567583141,         75,         15,                0,        0,     5140
VstorCreateDeviceVHD,          2,            0,          0,         11,          4,          2,          0, 0x0000000000000200, 0x00001658, 0x00001414,                    0,             ,                     ,   {7d47a6bb-3bd3-0002-04b3-477dd33bdd01},                                         ,   134329345567583159,         75,         15,                0,        0,     5140
VstorMountDevice,          1,            0,          0,         11,          4,          1,          0, 0x0000000000000200, 0x00001658, 0x00001414,                    0,             ,                     ,   {7d47a6bb-3bd3-0000-d1b3-477dd33bdd01},   {7d47a6bb-3bd3-0002-03b3-477dd33bdd01},   134329345567583446,         75,         15,                0,     5140, 0x708, 0x6C4, , , , 0, {d57cd455-7b26-5a34-9695-260bd983e579},       32
StorVspDeviceMountAndAssociateAdapter,          1,            0,          0,         11,          4,          1,          0, 0x0000000000000100, 0x00001658, 0x00001414,                    0,             ,                     ,   {7d47a6bb-3bd3-0000-d2b3-477dd33bdd01},                                         ,   134329345567583595,         75,         15, "C:\controlled-inputs\ultra-minimal-wsl\registered-distros\Debian2\ext4.vhdx", 0xFFFFE70BAABB2050, 0, 0, 0, {f916c826-f0f5-4cd9-be68-4fd638cf9a53}
StorVspDeviceParserMount,          1,            0,          0,         11,          4,          1,          0, 0x0000000000000100, 0x00001658, 0x00001414,                    0,             ,                     ,   {7d47a6bb-3bd3-0000-d3b3-477dd33bdd01},                                         ,   134329345567583632,         75,         15, "C:\controlled-inputs\ultra-minimal-wsl\registered-distros\Debian2\ext4.vhdx", 0xFFFFE70BAABB2050, 0, 0, 0, {f916c826-f0f5-4cd9-be68-4fd638cf9a53}
{bbccf6c1-6cd1-48c4-80ff-839482e37671},         32,            0,          0,          0,          0,         32,          0, 0x0000000000000000, 0x00001658, 0x00001414,                    0,             ,                     ,   {00000000-0000-0000-0000-000000000000},                                         ,   134329345567583973,         75,         15, DataSize=892
Microsoft-Windows-VHDMP ,     Start ,           25,          0,         16,          4,          1,       1205, 0x0000000000000001, 0x00001658, 0x00001414,                    0,             ,                     ,   {00000000-0000-0000-0000-000000000000},                                         ,   134329345567583973,         75,         15, "C:\controlled-inputs\ultra-minimal-wsl\registered-distros\Debian2\ext4.vhdx", 0x0
Microsoft-Windows-VHDMP ,     Start ,           22,          0,         16,          4,          1,       1203, 0x0000000000000001, 0x00001658, 0x00001414,                    0,             ,                     ,   {00000000-0000-0000-0000-000000000000},                                         ,   134329345567584382,         75,         15, "C:\controlled-inputs\ultra-minimal-wsl\registered-distros\Debian2\ext4.vhdx.rct",  1048704
VhdmpFileWrapperOpenDownlevel,          1,            0,          0,         11,          4,          1,          0, 0x0000000000010000, 0x00001658, 0x00001414,                    0,             ,                     ,   {7d47a6bb-3bd3-0000-d4b3-477dd33bdd01},                                         ,   134329345567584393,         75,         15, "C:\controlled-inputs\ultra-minimal-wsl\registered-distros\Debian2\ext4.vhdx.rct", 1,  1048704,        7
VhdmpFileWrapperOpenDownlevel,          2,            0,          0,         11,          4,          2,          0, 0x0000000000010000, 0x00001658, 0x00001414,                    0,             ,                     ,   {7d47a6bb-3bd3-0000-d4b3-477dd33bdd01},                                         ,   134329345567585043,         75,         15, "C:\controlled-inputs\ultra-minimal-wsl\registered-distros\Debian2\ext4.vhdx.rct", Object Name not found.
{bbccf6c1-6cd1-48c4-80ff-839482e37671},         32,            0,          0,          0,          0,         32,          0, 0x0000000000000000, 0x00001658, 0x00001414,                    0,             ,                     ,   {00000000-0000-0000-0000-000000000000},                                         ,   134329345567585059,         75,         15, DataSize=940
Microsoft-Windows-VHDMP ,      Stop ,           24,          0,         16,          4,          2,       1203, 0x0000000000000001, 0x00001658, 0x00001414,                    0,             ,                     ,   {00000000-0000-0000-0000-000000000000},                                         ,   134329345567585059,         75,         15, "C:\controlled-inputs\ultra-minimal-wsl\registered-distros\Debian2\ext4.vhdx.rct", 0xC0000034
Microsoft-Windows-VHDMP ,     Start ,           22,          0,         16,          4,          1,       1203, 0x0000000000000001, 0x00001658, 0x00001414,                    0,             ,                     ,   {00000000-0000-0000-0000-000000000000},                                         ,   134329345567585144,         75,         15, "\??\C:\controlled-inputs\ultra-minimal-wsl\registered-distros\Debian2\ext4.vhdx.rct",    65536
VhdmpFileWrapperOpenDownlevel,          1,            0,          0,         11,          4,          1,          0, 0x0000000000010000, 0x00001658, 0x00001414,                    0,             ,                     ,   {7d47a6bb-3bd3-0000-d5b3-477dd33bdd01},                                         ,   134329345567585150,         75,         15, "\??\C:\controlled-inputs\ultra-minimal-wsl\registered-distros\Debian2\ext4.vhdx.rct", 0,    65536,        7
VhdmpFileWrapperOpenDownlevel,          2,            0,          0,         11,          4,          2,          0, 0x0000000000010000, 0x00001658, 0x00001414,                    0,             ,                     ,   {7d47a6bb-3bd3-0000-d5b3-477dd33bdd01},                                         ,   134329345567587055,         75,         15, "\??\C:\controlled-inputs\ultra-minimal-wsl\registered-distros\Debian2\ext4.vhdx.rct", Object Name not found.
Microsoft-Windows-VHDMP ,     Start ,           22,          0,         16,          4,          1,       1203, 0x0000000000000001, 0x00001658, 0x00001414,                    0,             ,                     ,   {00000000-0000-0000-0000-000000000000},                                         ,   134329345567587115,         75,         15, "\??\C:\controlled-inputs\ultra-minimal-wsl\registered-distros\Debian2\ext4.vhdx.mrt",    65536
VhdmpFileWrapperOpenDownlevel,          1,            0,          0,         11,          4,          1,          0, 0x0000000000010000, 0x00001658, 0x00001414,                    0,             ,                     ,   {7d47a6bb-3bd3-0000-d6b3-477dd33bdd01},                                         ,   134329345567587121,         75,         15, "\??\C:\controlled-inputs\ultra-minimal-wsl\registered-distros\Debian2\ext4.vhdx.mrt", 0,    65536,        7
VhdmpFileWrapperOpenDownlevel,          2,            0,          0,         11,          4,          2,          0, 0x0000000000010000, 0x00001658, 0x00001414,                    0,             ,                     ,   {7d47a6bb-3bd3-0000-d6b3-477dd33bdd01},                                         ,   134329345567588204,         75,         15, "\??\C:\controlled-inputs\ultra-minimal-wsl\registered-distros\Debian2\ext4.vhdx.mrt", Object Name not found.
Microsoft-Windows-VHDMP ,     Start ,           22,          0,         16,          4,          1,       1203, 0x0000000000000001, 0x00001658, 0x00001414,                    0,             ,                     ,   {00000000-0000-0000-0000-000000000000},                                         ,   134329345567588714,         75,         15, "C:\controlled-inputs\ultra-minimal-wsl\registered-distros\Debian2\ext4.vhdx", 2148532224
VhdmpFileWrapperOpenDownlevel,          1,            0,          0,         11,          4,          1,          0, 0x0000000000010000, 0x00001658, 0x00001414,                    0,             ,                     ,   {7d47a6bb-3bd3-0000-d7b3-477dd33bdd01},                                         ,   134329345567588721,         75,         15, "C:\controlled-inputs\ultra-minimal-wsl\registered-distros\Debian2\ext4.vhdx", 0, 2147483648,        3
VhdmpFileWrapperOpenDownlevel,          2,            0,          0,         11,          4,          2,          0, 0x0000000000010000, 0x00001658, 0x00001414,                    0,             ,                     ,   {7d47a6bb-3bd3-0000-d7b3-477dd33bdd01},                                         ,   134329345568871396,         75,         15, "C:\controlled-inputs\ultra-minimal-wsl\registered-distros\Debian2\ext4.vhdx", STATUS_SUCCESS
Microsoft-Windows-VHDMP ,      Stop ,           23,          0,         16,          4,          2,       1203, 0x0000000000000001, 0x00001658, 0x00001414,                    0,             ,                     ,   {00000000-0000-0000-0000-000000000000},                                         ,   134329345568871469,         75,         15, "C:\controlled-inputs\ultra-minimal-wsl\registered-distros\Debian2\ext4.vhdx", 0x0
{bbccf6c1-6cd1-48c4-80ff-839482e37671},         32,            0,          0,          0,          0,         32,          0, 0x0000000000000000, 0x00001658, 0x00001414,                    0,             ,                     ,   {00000000-0000-0000-0000-000000000000},                                         ,   134329345568882040,         75,         15, DataSize=1082
Microsoft-Windows-VHDMP ,      Stop ,           17,          0,         16,          4,          2,       1205, 0x0000000000000001, 0x00001658, 0x00001414,                    0,             ,                     ,   {00000000-0000-0000-0000-000000000000},                                         ,   134329345568882040,         75,         15, "C:\controlled-inputs\ultra-minimal-wsl\registered-distros\Debian2\ext4.vhdx",        0, 0x0
StorVspDeviceMountParameters,          0,            0,          0,         11,          4,          0,          0, 0x0000000000000100, 0x00001658, 0x00001414,                    0,             ,                     ,   {7d47a6bb-3bd3-0000-d3b3-477dd33bdd01},                                         ,   134329345568882272,         75,         15, "C:\controlled-inputs\ultra-minimal-wsl\registered-distros\Debian2\ext4.vhdx", 0, 0, 0, 0, 1, 0, 1
StorVspDeviceParserMount,          2,            0,          0,         11,          4,          2,          0, 0x0000000000000100, 0x00001658, 0x00001414,                    0,             ,                     ,   {7d47a6bb-3bd3-0000-d3b3-477dd33bdd01},                                         ,   134329345568882337,         75,         15, "C:\controlled-inputs\ultra-minimal-wsl\registered-distros\Debian2\ext4.vhdx", 0xFFFFE70BAABB2050, STATUS_SUCCESS
Microsoft-Windows-Hyper-V-StorageVSP ,          0,         1010,          0,         17,          4,          0,          0, 0x0000000000000004, 0x00001658, 0x00001414,                    0,             ,                     ,   {00000000-0000-0000-0000-000000000000},                                         ,   134329345568882446,         75,         15, "VspPauseChannelProcessing",     4022, "Pause"
StorVspAdapterPauseChannelProcessing,          1,            0,          0,         11,          4,          1,          0, 0x0000000000000100, 0x00001658, 0x00001414,                    0,             ,                     ,   {7d47a6bb-3bd3-0000-d8b3-477dd33bdd01},   {7d47a6bb-3bd3-0000-d2b3-477dd33bdd01},   134329345568882521,         75,         15, "8C6B6115-BCA6-4E8A-92CC-41217ABF372D", "8C6B6115-BCA6-4E8A-92CC-41217ABF372D", 0xFFFFE70BABEEA620, 0, 0, 0
StorVspAdapterPauseChannelProcessing,          2,            0,          0,         11,          4,          2,          0, 0x0000000000000100, 0x00001658, 0x00001414,                    0,             ,                     ,   {7d47a6bb-3bd3-0000-d8b3-477dd33bdd01},   {7d47a6bb-3bd3-0000-d2b3-477dd33bdd01},   134329345568886609,         75,         15, "8C6B6115-BCA6-4E8A-92CC-41217ABF372D", "8C6B6115-BCA6-4E8A-92CC-41217ABF372D", 0xFFFFE70BABEEA620, STATUS_SUCCESS
StorVspAdapterAssociateDevice,          1,            0,          0,         11,          4,          1,          0, 0x0000000000000100, 0x00001658, 0x00001414,                    0,             ,                     ,   {7d47a6bb-3bd3-0000-d9b3-477dd33bdd01},   {7d47a6bb-3bd3-0000-d2b3-477dd33bdd01},   134329345568886638,         75,         15, "8C6B6115-BCA6-4E8A-92CC-41217ABF372D", "8C6B6115-BCA6-4E8A-92CC-41217ABF372D", 0xFFFFE70BABEEA620, 0, 0, 0, "C:\controlled-inputs\ultra-minimal-wsl\registered-distros\Debian2\ext4.vhdx"
StorVspAdapterAssociateDevice,          2,            0,          0,         11,          4,          2,          0, 0x0000000000000100, 0x00001658, 0x00001414,                    0,             ,                     ,   {7d47a6bb-3bd3-0000-d9b3-477dd33bdd01},   {7d47a6bb-3bd3-0000-d2b3-477dd33bdd01},   134329345568887200,         75,         15, "8C6B6115-BCA6-4E8A-92CC-41217ABF372D", "8C6B6115-BCA6-4E8A-92CC-41217ABF372D", 0xFFFFE70BABEEA620, STATUS_SUCCESS
Microsoft-Windows-Hyper-V-StorageVSP ,          0,         1010,          0,         17,          4,          0,          0, 0x0000000000000004, 0x00001658, 0x00001414,                    0,             ,                     ,   {00000000-0000-0000-0000-000000000000},                                         ,   134329345568887283,         75,         15, "VspResumeChannelProcessing",     4073, "Resume"
StorVspAdapterResumeChannelProcessing,          1,            0,          0,         11,          4,          1,          0, 0x0000000000000100, 0x00001658, 0x00001414,                    0,             ,                     ,   {7d47a6bb-3bd3-0000-dab3-477dd33bdd01},                                         ,   134329345568887333,         75,         15, "8C6B6115-BCA6-4E8A-92CC-41217ABF372D", "8C6B6115-BCA6-4E8A-92CC-41217ABF372D", 0xFFFFE70BABEEA620, 0, 0, 0
Microsoft-Windows-Hyper-V-StorageVSP ,          0,         1010,          0,         17,          4,          0,          0, 0x0000000000000004, 0x00001658, 0x00001414,                    0,             ,                     ,   {00000000-0000-0000-0000-000000000000},                                         ,   134329345568887377,         75,         15, "VspPvtKmclChannelStarted",      218, "VSP resuming channel: adapter = FFFFE70BABEEA620"
Microsoft-Windows-Hyper-V-StorageVSP ,          0,         1010,          0,         17,          4,          0,          0, 0x0000000000000004, 0x00001658, 0x00001414,                    0,             ,                     ,   {00000000-0000-0000-0000-000000000000},                                         ,   134329345568888078,         75,         15, "VspSendReservedPacket",     1996, "VSP send reserved packet: status = 0x00000000, adapter = FFFFE70BABEEA620, channel state 2, packet type = 0, packet state = 1, send packet = Y"
StorVspAdapterResumeChannelProcessing,          2,            0,          0,         11,          4,          2,          0, 0x0000000000000100, 0x00001658, 0x00001414,                    0,             ,                     ,   {7d47a6bb-3bd3-0000-dab3-477dd33bdd01},                                         ,   134329345568889013,         75,         15, "8C6B6115-BCA6-4E8A-92CC-41217ABF372D", "8C6B6115-BCA6-4E8A-92CC-41217ABF372D", 0xFFFFE70BABEEA620, STATUS_SUCCESS
StorVspDeviceMountAndAssociateAdapter,          2,            0,          0,         11,          4,          2,          0, 0x0000000000000100, 0x00001658, 0x00001414,                    0,             ,                     ,   {7d47a6bb-3bd3-0000-d2b3-477dd33bdd01},                                         ,   134329345568889029,         75,         15, "C:\controlled-inputs\ultra-minimal-wsl\registered-distros\Debian2\ext4.vhdx", 0xFFFFE70BAABB2050, STATUS_SUCCESS
VstorMountDevice,          2,            0,          0,         11,          4,          2,          0, 0x0000000000000200, 0x00001658, 0x00001414,                    0,             ,                     ,   {7d47a6bb-3bd3-0000-d1b3-477dd33bdd01},                                         ,   134329345568889364,         75,         15,                0,        0,     5140
Microsoft-Windows-Hyper-V-StorageVSP ,          0,         1010,          0,         17,          4,          0,          0, 0x0000000000000004, 0x00001658, 0x00001414,                    0,             ,                     ,   {00000000-0000-0000-0000-000000000000},                                         ,   134329345568891122,         75,         15, "VspDeviceSetQoSConfiguration",     3454, "Set QoS Configuration: Device = FFFFE70BAABB2050, AnsiDeviceName = C:\controlled-inputs\ultra-minimal-wsl\registered-distros\Debian2\ext4.vhdx"
Microsoft-Windows-Hyper-V-StorageVSP ,          0,         1010,          0,         17,          4,          0,          0, 0x0000000000000004, 0x00001658, 0x00001414,                    0,             ,                     ,   {00000000-0000-0000-0000-000000000000},                                         ,   134329345568891573,         75,         15, "VspDeviceSetQoSConfiguration",     3598, "SetQoSPolicyDisk completed: Device = FFFFE70BAABB2050, AnsiDeviceName = C:\controlled-inputs\ultra-minimal-wsl\registered-distros\Debian2\ext4.vhdx, Status = 0x00000000"
SynthStorAttachmentMount,          2,            0,          0,         11,          4,          2,          0, 0x0000000000000010, 0x00001658, 0x00001414,                    0,             ,                     ,   {7d47a6bb-3bd3-0002-03b3-477dd33bdd01},                                         ,   134329345568891729,         75,         15,                0,        0,     5140
SynthStorAttachmentPowerOn,          2,            0,          0,         11,          4,          2,          0, 0x0000000000000010, 0x00001658, 0x00001414,                    0,             ,                     ,   {7d47a6bb-3bd3-0002-02b3-477dd33bdd01},                                         ,   134329345568891789,         75,         15,                0,        0,     5140
SynthStorChangeMedia,          2,            0,          0,         11,          4,          2,          0, 0x0000000000000010, 0x00001658, 0x00001414,                    0,             ,                     ,   {7d47a6bb-3bd3-0002-01b3-477dd33bdd01},                                         ,   134329345568892121,         75,         15,                0,        0,     5140
Microsoft-Windows-Hyper-V-StorageVSP ,          0,         1010,          0,         17,          4,          0,          0, 0x0000000000000004, 0x00000004, 0x00000264,                    0,             ,                     ,   {00000000-0000-0000-0000-000000000000},                                         ,   134329345568896657,       2745,          0, "VspDeviceIssueQoSStatusRequest",     4257, "GetQoSStatusDisk: Device = FFFFE70BAABB2050, AnsiDeviceName = C:\controlled-inputs\ultra-minimal-wsl\registered-distros\Debian2\ext4.vhdx"
Microsoft-Windows-Hyper-V-StorageVSP ,          0,         1010,          0,         17,          4,          0,          0, 0x0000000000000004, 0x00000004, 0x00000264,                    0,             ,                     ,   {00000000-0000-0000-0000-000000000000},                                         ,   134329345568896982,       2745,          0, "VspDeviceQoSStatusRequestCompletion",     4081, "GetQoSStatusDisk completed: Device = FFFFE70BAABB2050, Status = 0x00000000"
Microsoft-Windows-Hyper-V-Compute ,          0,         2009,          0,         17,          4,          0,          0, 0x0000000000000000, 0x000014B4, 0x00001438,                    1,             ,                     ,   {00000000-0000-0000-0000-000000000000},                                         ,   134329345568899786,          0,         15, "8C6B6115-BCA6-4E8A-92CC-41217ABF372D",       15, "0x00000000"
Microsoft-Windows-Hyper-V-Compute ,          0,         2008,          0,         17,          4,          0,          0, 0x0000000000000000, 0x000014B4, 0x00001750,                    0,             ,                     ,   {00000000-0000-0000-0000-000000000000},                                         ,   134329345568902220,         15,          0, "8C6B6115-BCA6-4E8A-92CC-41217ABF372D", "0x00000000",       15, "0x00000000"
Microsoft-Windows-Hyper-V-Compute ,          0,         2008,          0,         17,          4,          0,          0, 0x0000000000000000, 0x000014B4, 0x00001750,                    0,             ,                     ,   {00000000-0000-0000-0000-000000000000},                                         ,   134329345568903667,         15,          0, "8C6B6115-BCA6-4E8A-92CC-41217ABF372D", "0x00000000",       15, "0x00000000"
 SentMessage,          0,            0,          0,         11,          5,          0,          0, 0x0000000000000000, 0x000015D4, 0x0000082C,                    3,             ,                     ,   {00000000-0000-0000-0000-000000000000},                                         ,   134329345568905264,        120,          0, "mini_init", "Header = {MessageType = LxMiniInitMessageLaunchInit MessageSize = 172 TransactionId = 2 TransactionStep = 1 } MountDeviceType = 1 DeviceId = 0 FsTypeOffset = ext4 MountOptionsOffset = discard,errors=remount-ro,data=ordered DistributionNameOffset = Debian2 SharedMemoryRootOffset =  InstallPathOffset = C:\Program Files\WSL UserProfileOffset =  Flags = 0 ConnectPort = 0 ",      172
    GuestLog,          0,            0,          0,         11,          5,          0,          0, 0x0000000000000000, 0x000015D4, 0x00000A38,                    1,             ,                     ,   {00000000-0000-0000-0000-000000000000},                                         ,   134329345569006731,        315,         60, "scsi 0:0:0:0: Direct-Access     Msft     Virtual Disk     1.0  PQ: 0 ANSI: 5 ", {8c6b6115-bca6-4e8a-92cc-41217abf372d}
Microsoft-Windows-Hyper-V-StorageVSP ,          0,         1010,          0,         17,          4,          0,          0, 0x0000000000000004, 0x00000004, 0x00000264,                    1,             ,                     ,   {00000000-0000-0000-0000-000000000000},                                         ,   134329345569113977,       2745,          0, "VspAdapterHandleReportLuns",     2354, "SCSI COMMAND: Report LUNS 0 0"
    GuestLog,          0,            0,          0,         11,          5,          0,          0, 0x0000000000000000, 0x000015D4, 0x00000A38,                    3,             ,                     ,   {00000000-0000-0000-0000-000000000000},                                         ,   134329345569233162,        315,         60, "sd 0:0:0:0: [sda] 2147483648 512-byte logical blocks: (1.10 TB/1.00 TiB) ", {8c6b6115-bca6-4e8a-92cc-41217abf372d}
    GuestLog,          0,            0,          0,         11,          5,          0,          0, 0x0000000000000000, 0x000015D4, 0x00000A38,                    3,             ,                     ,   {00000000-0000-0000-0000-000000000000},                                         ,   134329345569308218,        315,         60, "sd 0:0:0:0: [sda] 4096-byte physical blocks ", {8c6b6115-bca6-4e8a-92cc-41217abf372d}
Microsoft-Windows-Hyper-V-StorageVSP ,          0,         1010,          0,         17,          4,          0,          0, 0x0000000000000004, 0x0000110C, 0x00001758,                    2,             ,                     ,   {00000000-0000-0000-0000-000000000000},                                         ,   134329345569320736,          0,          0, "VspAdapterHandleInquiry",     2203, "SCSI COMMAND: INQUIRY Addr: 0 1 0 cmddt=0 evpd=0 page=0."
    GuestLog,          0,            0,          0,         11,          5,          0,          0, 0x0000000000000000, 0x000015D4, 0x00000A38,                    3,             ,                     ,   {00000000-0000-0000-0000-000000000000},                                         ,   134329345569393527,        315,         60, "sd 0:0:0:0: [sda] Write Protect is off ", {8c6b6115-bca6-4e8a-92cc-41217abf372d}
    GuestLog,          0,            0,          0,         11,          5,          0,          0, 0x0000000000000000, 0x000015D4, 0x00000A38,                    1,             ,                     ,   {00000000-0000-0000-0000-000000000000},                                         ,   134329345569472283,        315,         60, "sd 0:0:0:0: [sda] Mode Sense: 0f 00 00 00 ", {8c6b6115-bca6-4e8a-92cc-41217abf372d}
Microsoft-Windows-Hyper-V-StorageVSP ,          0,         1010,          0,         17,          4,          0,          0, 0x0000000000000004, 0x0000110C, 0x00001758,                    0,             ,                     ,   {00000000-0000-0000-0000-000000000000},                                         ,   134329345569484279,          0,          0, "VspAdapterHandleReportLuns",     2354, "SCSI COMMAND: Report LUNS 0 1"
Microsoft-Windows-Hyper-V-StorageVSP ,          0,         1010,          0,         17,          4,          0,          0, 0x0000000000000004, 0x0000110C, 0x00001758,                    3,             ,                     ,   {00000000-0000-0000-0000-000000000000},                                         ,   134329345569490254,          0,          0, "VspAdapterHandleInquiry",     2203, "SCSI COMMAND: INQUIRY Addr: 1 0 0 cmddt=0 evpd=0 page=0."
    GuestLog,          0,            0,          0,         11,          5,          0,          0, 0x0000000000000000, 0x000015D4, 0x00000A38,                    2,             ,                     ,   {00000000-0000-0000-0000-000000000000},                                         ,   134329345569597258,        315,         60, "sd 0:0:0:0: [sda] Write cache: enabled, read cache: enabled, doesn't support DPO or FUA ", {8c6b6115-bca6-4e8a-92cc-41217abf372d}
Microsoft-Windows-Hyper-V-StorageVSP ,          0,         1010,          0,         17,          4,          0,          0, 0x0000000000000004, 0x0000110C, 0x00001758,                    0,             ,                     ,   {00000000-0000-0000-0000-000000000000},                                         ,   134329345569612227,          0,          0, "VspAdapterHandleReportLuns",     2354, "SCSI COMMAND: Report LUNS 1 0"
Microsoft-Windows-Hyper-V-StorageVSP ,          0,         1010,          0,         17,          4,          0,          0, 0x0000000000000004, 0x0000110C, 0x00001758,                    0,             ,                     ,   {00000000-0000-0000-0000-000000000000},                                         ,   134329345569619265,          0,          0, "VspAdapterHandleInquiry",     2203, "SCSI COMMAND: INQUIRY Addr: 1 1 0 cmddt=0 evpd=0 page=0."
Microsoft-Windows-Hyper-V-StorageVSP ,          0,         1010,          0,         17,          4,          0,          0, 0x0000000000000004, 0x0000110C, 0x00001758,                    0,             ,                     ,   {00000000-0000-0000-0000-000000000000},                                         ,   134329345569626601,          0,          0, "VspAdapterHandleReportLuns",     2354, "SCSI COMMAND: Report LUNS 1 1"
Microsoft-Windows-Hyper-V-StorageVSP ,          0,         1010,          0,         17,          4,          0,          0, 0x0000000000000004, 0x0000110C, 0x00001758,                    0,             ,                     ,   {00000000-0000-0000-0000-000000000000},                                         ,   134329345569631209,          0,          0, "VspAdapterHandleInquiry",     2203, "SCSI COMMAND: INQUIRY Addr: 2 0 0 cmddt=0 evpd=0 page=0."
Microsoft-Windows-Hyper-V-StorageVSP ,          0,         1010,          0,         17,          4,          0,          0, 0x0000000000000004, 0x0000110C, 0x00001758,                    0,             ,                     ,   {00000000-0000-0000-0000-000000000000},                                         ,   134329345569637518,          0,          0, "VspAdapterHandleReportLuns",     2354, "SCSI COMMAND: Report LUNS 2 0"
Microsoft-Windows-Hyper-V-StorageVSP ,          0,         1010,          0,         17,          4,          0,          0, 0x0000000000000004, 0x0000110C, 0x00001758,                    3,             ,                     ,   {00000000-0000-0000-0000-000000000000},                                         ,   134329345569642812,          0,          0, "VspAdapterHandleInquiry",     2203, "SCSI COMMAND: INQUIRY Addr: 2 1 0 cmddt=0 evpd=0 page=0."
Microsoft-Windows-Hyper-V-StorageVSP ,          0,         1010,          0,         17,          4,          0,          0, 0x0000000000000004, 0x0000110C, 0x00001758,                    3,             ,                     ,   {00000000-0000-0000-0000-000000000000},                                         ,   134329345569647922,          0,          0, "VspAdapterHandleReportLuns",     2354, "SCSI COMMAND: Report LUNS 2 1"
Microsoft-Windows-Hyper-V-StorageVSP ,          0,         1010,          0,         17,          4,          0,          0, 0x0000000000000004, 0x0000110C, 0x00001758,                    3,             ,                     ,   {00000000-0000-0000-0000-000000000000},                                         ,   134329345569662154,          0,          0, "VspAdapterHandleInquiry",     2203, "SCSI COMMAND: INQUIRY Addr: 3 0 0 cmddt=0 evpd=0 page=0."
    GuestLog,          0,            0,          0,         11,          5,          0,          0, 0x0000000000000000, 0x000015D4, 0x00000A38,                    3,             ,                     ,   {00000000-0000-0000-0000-000000000000},                                         ,   134329345570014270,        315,         60, "sd 0:0:0:0: [sda] Attached SCSI disk ", {8c6b6115-bca6-4e8a-92cc-41217abf372d}
Microsoft-Windows-Hyper-V-StorageVSP ,          0,         1010,          0,         17,          4,          0,          0, 0x0000000000000004, 0x0000110C, 0x00001758,                    3,             ,                     ,   {00000000-0000-0000-0000-000000000000},                                         ,   134329345570025678,          0,          0, "VspAdapterHandleReportLuns",     2354, "SCSI COMMAND: Report LUNS 3 0"
Microsoft-Windows-Hyper-V-StorageVSP ,          0,         1010,          0,         17,          4,          0,          0, 0x0000000000000004, 0x0000110C, 0x00001758,                    3,             ,                     ,   {00000000-0000-0000-0000-000000000000},                                         ,   134329345570171772,          0,          0, "VspAdapterHandleInquiry",     2203, "SCSI COMMAND: INQUIRY Addr: 3 1 0 cmddt=0 evpd=0 page=0."
Microsoft-Windows-Hyper-V-StorageVSP ,          0,         1010,          0,         17,          4,          0,          0, 0x0000000000000004, 0x00000004, 0x00000264,                    1,             ,                     ,   {00000000-0000-0000-0000-000000000000},                                         ,   134329345570195377,       2745,          0, "VspAdapterHandleReportLuns",     2354, "SCSI COMMAND: Report LUNS 3 1"
Microsoft-Windows-Hyper-V-StorageVSP ,          0,         1010,          0,         17,          4,          0,          0, 0x0000000000000004, 0x0000110C, 0x00001758,                    3,             ,                     ,   {00000000-0000-0000-0000-000000000000},                                         ,   134329345570261554,          0,          0, "VspAdapterHandleInquiry",     2203, "SCSI COMMAND: INQUIRY Addr: 4 0 0 cmddt=0 evpd=0 page=0."
Microsoft-Windows-Hyper-V-StorageVSP ,          0,         1010,          0,         17,          4,          0,          0, 0x0000000000000004, 0x0000110C, 0x00001758,                    3,             ,                     ,   {00000000-0000-0000-0000-000000000000},                                         ,   134329345570285554,          0,          0, "VspAdapterHandleReportLuns",     2354, "SCSI COMMAND: Report LUNS 4 0"
Microsoft-Windows-Hyper-V-StorageVSP ,          0,         1010,          0,         17,          4,          0,          0, 0x0000000000000004, 0x0000110C, 0x00001758,                    3,             ,                     ,   {00000000-0000-0000-0000-000000000000},                                         ,   134329345570304926,          0,          0, "VspAdapterHandleInquiry",     2203, "SCSI COMMAND: INQUIRY Addr: 4 1 0 cmddt=0 evpd=0 page=0."
Microsoft-Windows-Hyper-V-StorageVSP ,          0,         1010,          0,         17,          4,          0,          0, 0x0000000000000004, 0x0000110C, 0x00001758,                    3,             ,                     ,   {00000000-0000-0000-0000-000000000000},                                         ,   134329345570325806,          0,          0, "VspAdapterHandleReportLuns",     2354, "SCSI COMMAND: Report LUNS 4 1"
Microsoft-Windows-Hyper-V-StorageVSP ,          0,         1010,          0,         17,          4,          0,          0, 0x0000000000000004, 0x0000110C, 0x00001758,                    3,             ,                     ,   {00000000-0000-0000-0000-000000000000},                                         ,   134329345570329352,          0,          0, "VspAdapterHandleInquiry",     2203, "SCSI COMMAND: INQUIRY Addr: 5 0 0 cmddt=0 evpd=0 page=0."
Microsoft-Windows-Hyper-V-StorageVSP ,          0,         1010,          0,         17,          4,          0,          0, 0x0000000000000004, 0x0000110C, 0x00001758,                    3,             ,                     ,   {00000000-0000-0000-0000-000000000000},                                         ,   134329345570332618,          0,          0, "VspAdapterHandleReportLuns",     2354, "SCSI COMMAND: Report LUNS 5 0"
Microsoft-Windows-Hyper-V-StorageVSP ,          0,         1010,          0,         17,          4,          0,          0, 0x0000000000000004, 0x0000110C, 0x00001758,                    3,             ,                     ,   {00000000-0000-0000-0000-000000000000},                                         ,   134329345570335791,          0,          0, "VspAdapterHandleInquiry",     2203, "SCSI COMMAND: INQUIRY Addr: 5 1 0 cmddt=0 evpd=0 page=0."
Microsoft-Windows-Hyper-V-StorageVSP ,          0,         1010,          0,         17,          4,          0,          0, 0x0000000000000004, 0x0000110C, 0x00001758,                    3,             ,                     ,   {00000000-0000-0000-0000-000000000000},                                         ,   134329345570345022,          0,          0, "VspAdapterHandleReportLuns",     2354, "SCSI COMMAND: Report LUNS 5 1"
Microsoft-Windows-Hyper-V-StorageVSP ,          0,         1010,          0,         17,          4,          0,          0, 0x0000000000000004, 0x0000110C, 0x00001758,                    0,             ,                     ,   {00000000-0000-0000-0000-000000000000},                                         ,   134329345570538954,          0,          0, "VspAdapterHandleInquiry",     2203, "SCSI COMMAND: INQUIRY Addr: 6 0 0 cmddt=0 evpd=0 page=0."
Microsoft-Windows-Hyper-V-StorageVSP ,          0,         1010,          0,         17,          4,          0,          0, 0x0000000000000004, 0x0000110C, 0x00001758,                    0,             ,                     ,   {00000000-0000-0000-0000-000000000000},                                         ,   134329345570544833,          0,          0, "VspAdapterHandleReportLuns",     2354, "SCSI COMMAND: Report LUNS 6 0"
Microsoft-Windows-Hyper-V-StorageVSP ,          0,         1010,          0,         17,          4,          0,          0, 0x0000000000000004, 0x0000110C, 0x00001758,                    0,             ,                     ,   {00000000-0000-0000-0000-000000000000},                                         ,   134329345570549968,          0,          0, "VspAdapterHandleInquiry",     2203, "SCSI COMMAND: INQUIRY Addr: 6 1 0 cmddt=0 evpd=0 page=0."
Microsoft-Windows-Hyper-V-StorageVSP ,          0,         1010,          0,         17,          4,          0,          0, 0x0000000000000004, 0x0000110C, 0x00001758,                    0,             ,                     ,   {00000000-0000-0000-0000-000000000000},                                         ,   134329345570554849,          0,          0, "VspAdapterHandleReportLuns",     2354, "SCSI COMMAND: Report LUNS 6 1"
Microsoft-Windows-Hyper-V-StorageVSP ,          0,         1010,          0,         17,          4,          0,          0, 0x0000000000000004, 0x0000110C, 0x00001758,                    0,             ,                     ,   {00000000-0000-0000-0000-000000000000},                                         ,   134329345570559242,          0,          0, "VspAdapterHandleInquiry",     2203, "SCSI COMMAND: INQUIRY Addr: 7 0 0 cmddt=0 evpd=0 page=0."
Microsoft-Windows-Hyper-V-StorageVSP ,          0,         1010,          0,         17,          4,          0,          0, 0x0000000000000004, 0x0000110C, 0x00001758,                    0,             ,                     ,   {00000000-0000-0000-0000-000000000000},                                         ,   134329345570562713,          0,          0, "VspAdapterHandleReportLuns",     2354, "SCSI COMMAND: Report LUNS 7 0"
Microsoft-Windows-Hyper-V-StorageVSP ,          0,         1010,          0,         17,          4,          0,          0, 0x0000000000000004, 0x0000110C, 0x00001758,                    0,             ,                     ,   {00000000-0000-0000-0000-000000000000},                                         ,   134329345570566851,          0,          0, "VspAdapterHandleInquiry",     2203, "SCSI COMMAND: INQUIRY Addr: 7 1 0 cmddt=0 evpd=0 page=0."
Microsoft-Windows-Hyper-V-StorageVSP ,          0,         1010,          0,         17,          4,          0,          0, 0x0000000000000004, 0x0000110C, 0x00001758,                    0,             ,                     ,   {00000000-0000-0000-0000-000000000000},                                         ,   134329345570572949,          0,          0, "VspAdapterHandleReportLuns",     2354, "SCSI COMMAND: Report LUNS 7 1"
    GuestLog,          0,            0,          0,         11,          5,          0,          0, 0x0000000000000000, 0x000015D4, 0x00000A38,                    3,             ,                     ,   {00000000-0000-0000-0000-000000000000},                                         ,   134329345576981237,        315,         60, "EXT4-fs (sda): mounted filesystem 14e25d42-5e5d-4fe0-b52b-5f18c50b347d r/w with ordered data mode. Quota mode: disabled. ", {8c6b6115-bca6-4e8a-92cc-41217abf372d}
    GuestLog,          0,            0,          0,         11,          5,          0,          0, 0x0000000000000000, 0x000015D4, 0x00000A38,                    1,             ,                     ,   {00000000-0000-0000-0000-000000000000},                                         ,   134329345577130462,        330,         60, "WSL (1 - ) ERROR: InitializeLogging:1561: open(/dev/hvc1) failed 2 ", {8c6b6115-bca6-4e8a-92cc-41217abf372d}
ReceivedMessage,          0,            0,          0,         11,          5,          0,          0, 0x0000000000000000, 0x000015D4, 0x0000082C,                    1,             ,                     ,   {00000000-0000-0000-0000-000000000000},                                         ,   134329345577358528,        120,          0, "WslCorePort", "Header = {MessageType = LxMiniInitMessageCreateInstanceResult MessageSize = 40 TransactionId = 1 TransactionStep = 0 } Result = 0 FailureStep = 0 Pid = 29 ConnectPort = 0 WarningsOffset = <empty> "
InitializeInstanceBegin,          0,            0,          0,         11,          5,          0,          0, 0x0000000000000000, 0x000015D4, 0x0000082C,                    1,             ,                     ,   {00000000-0000-0000-0000-000000000000},                                         ,   134329345577363882,        120,          0, "Debian2",        2, {9384556e-c162-4432-8603-2f22dc444b40}
 SentMessage,          0,            0,          0,         11,          5,          0,          0, 0x0000000000000000, 0x000015D4, 0x0000082C,                    0,             ,                     ,   {00000000-0000-0000-0000-000000000000},                                         ,   134329345577625220,        120,          0, "WslCorePort", "Header = {MessageType = LxInitMessageInitialize MessageSize = 87 TransactionId = 0 TransactionStep = 1 } HostnameOffset = WSL-LAB DomainnameOffset = localdomain WindowsHostsOffset =  Plan9SocketOffset =  TimezoneOffset =  DrvFsVolumesBitmap = 0 DrvFsDefaultOwner = 0 FeatureFlags = 0 DrvfsMount = 0 ",       87
    GuestLog,          0,            0,          0,         11,          5,          0,          0, 0x0000000000000000, 0x000015D4, 0x00000A38,                    0,             ,                     ,   {00000000-0000-0000-0000-000000000000},                                         ,   134329345579348989,        330,         60, "WSL (1 - init(Debian2)) WARNING: /etc/hosts updating disabled in /etc/wsl.conf ", {8c6b6115-bca6-4e8a-92cc-41217abf372d}
ReceivedMessage,          0,            0,          0,         11,          5,          0,          0, 0x0000000000000000, 0x000015D4, 0x0000082C,                    1,             ,                     ,   {00000000-0000-0000-0000-000000000000},                                         ,   134329345581164532,        120,          0, "WslCorePort", "Header = {MessageType = LxInitMessageInitializeResponse MessageSize = 58 TransactionId = 0 TransactionStep = 2 } Plan9Port = 4294967295 DefaultUid = 1000 InteropPort = 4294967295 SystemdEnabled = 0 PidNamespace = 4026531973 FlavorIndex = debian VersionIndex = 13 "
WslCoreInstanceInitialize,          0,            0,          0,         11,          5,          0,          0, 0x0000000000000000, 0x000015D4, 0x0000082C,                    1,             ,                     ,   {00000000-0000-0000-0000-000000000000},                                         ,   134329345581164979,        120,          0, "Debian2",        2, {9384556e-c162-4432-8603-2f22dc444b40}, {15ef0a9c-31b8-43a8-9ca0-79c721ff94d4},     1000, 0
InitializeInstanceEnd,          0,            0,          0,         11,          5,          0,          0, 0x0000000000000000, 0x000015D4, 0x0000082C,                    1,             ,                     ,   {00000000-0000-0000-0000-000000000000},                                         ,   134329345581165061,        120,          0, "Debian2",        2, {9384556e-c162-4432-8603-2f22dc444b40}
CreateInstanceEnd,          0,            0,          0,         11,          5,          0,          0, 0x0000000000000000, 0x000015D4, 0x0000082C,                    1,             ,                     ,   {00000000-0000-0000-0000-000000000000},                                         ,   134329345581165078,        120,          0, "2.7.12.0",                0, "Debian2",        2, {9384556e-c162-4432-8603-2f22dc444b40}, 1,        0
_SetHttpProxyInfo: Attempting to set proxy info,          0,            0,          0,         11,          5,          0,          0, 0x0000000000000000, 0x000015D4, 0x0000082C,                    0,             ,                     ,   {00000000-0000-0000-0000-000000000000},                                         ,   134329345581171731,        120,          0, DataSize=0
_SetHttpProxyInfo: No HttpProxy settings detected so not configuring env vars.,          0,            0,          0,         11,          5,          0,          0, 0x0000000000000000, 0x000015D4, 0x0000082C,                    0,             ,                     ,   {00000000-0000-0000-0000-000000000000},                                         ,   134329345581171790,        120,          0, DataSize=0
 SentMessage,          0,            0,          0,         11,          5,          0,          0, 0x0000000000000000, 0x000015D4, 0x0000082C,                    0,             ,                     ,   {00000000-0000-0000-0000-000000000000},                                         ,   134329345581178856,        135,          0, "WslCorePort", "Header = {MessageType = LxInitMessageCreateSession MessageSize = 24 TransactionId = 1 TransactionStep = 1 } ConsoleId = 0 ",       24
    GuestLog,          0,            0,          0,         11,          5,          0,          0, 0x0000000000000000, 0x000015D4, 0x00000A38,                    1,             ,                     ,   {00000000-0000-0000-0000-000000000000},                                         ,   134329345581335128,        330,         60, "WSL (1 - init(Debian2)) WARNING: /etc/resolv.conf updating disabled in /etc/wsl.conf ", {8c6b6115-bca6-4e8a-92cc-41217abf372d}
ReceivedMessage,          0,            0,          0,         11,          5,          0,          0, 0x0000000000000000, 0x000015D4, 0x0000082C,                    1,             ,                     ,   {00000000-0000-0000-0000-000000000000},                                         ,   134329345581366096,        135,          0, "WslCorePort", "Header = {MessageType = LxInitMessageCreateSessionResponse MessageSize = 20 TransactionId = 1 TransactionStep = 2 } Port = 2234621927 "
 SentMessage,          0,            0,          0,         11,          5,          0,          0, 0x0000000000000000, 0x000015D4, 0x0000082C,                    3,             ,                     ,   {00000000-0000-0000-0000-000000000000},                                         ,   134329345581416149,        135,          0, "WslCorePort", "Header = {MessageType = LxInitMessageCreateProcessUtilityVm MessageSize = 2324 TransactionId = 0 TransactionStep = 1 } Rows = 30 Columns = 120 ",     2324
ReceivedMessage,          0,            0,          0,         11,          5,          0,          0, 0x0000000000000000, 0x000015D4, 0x0000082C,                    3,             ,                     ,   {00000000-0000-0000-0000-000000000000},                                         ,   134329345581420075,        135,          0, "WslCorePort", "Header = {MessageType = LxMessageResultUint32 MessageSize = 20 TransactionId = 0 TransactionStep = 2 } Result = 2234621928 "
LxssUserSessionCreateInstanceBegin,          0,            0,          0,         11,          5,          0,          0, 0x0000000000000000, 0x000015D4, 0x0000082C,                    2,             ,                     ,   {7d47a6bb-3bd3-0002-40b3-477dd33bdd01},                                         ,   134329345590934497,        150,          0, DataSize=0
LxssUserSessionCreateInstanceEnd,          0,            0,          0,         11,          5,          0,          0, 0x0000000000000000, 0x000015D4, 0x0000082C,                    2,             ,                     ,   {7d47a6bb-3bd3-0002-40b3-477dd33bdd01},                                         ,   134329345590935297,        150,          0, DataSize=0
ReceivedMessage,          0,            0,          0,         11,          5,          0,          0, 0x0000000000000000, 0x000016F0, 0x00000F30,                    0,             ,                     ,   {00000000-0000-0000-0000-000000000000},                                         ,   134329345590983312,        120,         30, "Interop", "MessageType = LxInitMessageExitStatus MessageSize = 20 TransactionId = 1 TransactionStep = 0 "
 SentMessage,          0,            0,          0,         11,          5,          0,          0, 0x0000000000000000, 0x000016F0, 0x00000F30,                    0,             ,                     ,   {00000000-0000-0000-0000-000000000000},                                         ,   134329345590985354,        120,         30, "Interop", "Header = {MessageType = LxInitMessageExitStatus MessageSize = 20 TransactionId = 1 TransactionStep = 0 } ExitCode = 0 ",       20
LxssUserSessionCreateInstanceBegin,          0,            0,          0,         11,          5,          0,          0, 0x0000000000000000, 0x000015D4, 0x000016A0,                    1,             ,                     ,   {7d47a6bb-3bd3-0000-5bb4-477dd33bdd01},                                         ,   134329345593104776,          0,          0, DataSize=0
LxssUserSessionCreateInstanceEnd,          0,            0,          0,         11,          5,          0,          0, 0x0000000000000000, 0x000015D4, 0x000016A0,                    1,             ,                     ,   {7d47a6bb-3bd3-0000-5bb4-477dd33bdd01},                                         ,   134329345593105553,          0,          0, DataSize=0
LxssUserSessionCreateInstanceBegin,          0,            0,          0,         11,          5,          0,          0, 0x0000000000000000, 0x000015D4, 0x000016A0,                    3,             ,                     ,   {7d47a6bb-3bd3-0003-d0b0-477dd33bdd01},                                         ,   134329345593161195,          0,          0, DataSize=0
LxssUserSessionCreateInstanceEnd,          0,            0,          0,         11,          5,          0,          0, 0x0000000000000000, 0x000015D4, 0x000016A0,                    3,             ,                     ,   {7d47a6bb-3bd3-0003-d0b0-477dd33bdd01},                                         ,   134329345593162554,          0,          0, DataSize=0
_SetHttpProxyInfo: Attempting to set proxy info,          0,            0,          0,         11,          5,          0,          0, 0x0000000000000000, 0x000015D4, 0x000016A0,                    1,             ,                     ,   {00000000-0000-0000-0000-000000000000},                                         ,   134329345593221828,          0,          0, DataSize=0
_SetHttpProxyInfo: No HttpProxy settings detected so not configuring env vars.,          0,            0,          0,         11,          5,          0,          0, 0x0000000000000000, 0x000015D4, 0x000016A0,                    1,             ,                     ,   {00000000-0000-0000-0000-000000000000},                                         ,   134329345593221869,          0,          0, DataSize=0
 SentMessage,          0,            0,          0,         11,          5,          0,          0, 0x0000000000000000, 0x000015D4, 0x000016A0,                    1,             ,                     ,   {00000000-0000-0000-0000-000000000000},                                         ,   134329345593225348,          0,          0, "WslCorePort", "Header = {MessageType = LxInitMessageCreateSession MessageSize = 24 TransactionId = 2 TransactionStep = 1 } ConsoleId = 0 ",       24
    GuestLog,          0,            0,          0,         11,          5,          0,          0, 0x0000000000000000, 0x000015D4, 0x00000A38,                    3,             ,                     ,   {00000000-0000-0000-0000-000000000000},                                         ,   134329345593351203,        330,         60, "WSL (1 - init(Debian2)) WARNING: /etc/resolv.conf updating disabled in /etc/wsl.conf ", {8c6b6115-bca6-4e8a-92cc-41217abf372d}
ReceivedMessage,          0,            0,          0,         11,          5,          0,          0, 0x0000000000000000, 0x000015D4, 0x000016A0,                    0,             ,                     ,   {00000000-0000-0000-0000-000000000000},                                         ,   134329345593390672,          0,          0, "WslCorePort", "Header = {MessageType = LxInitMessageCreateSessionResponse MessageSize = 20 TransactionId = 2 TransactionStep = 2 } Port = 2234621929 "
 SentMessage,          0,            0,          0,         11,          5,          0,          0, 0x0000000000000000, 0x000015D4, 0x000016A0,                    2,             ,                     ,   {00000000-0000-0000-0000-000000000000},                                         ,   134329345593432947,          0,          0, "WslCorePort", "Header = {MessageType = LxInitMessageCreateProcessUtilityVm MessageSize = 2440 TransactionId = 0 TransactionStep = 1 } Rows = 30 Columns = 120 ",     2440
ReceivedMessage,          0,            0,          0,         11,          5,          0,          0, 0x0000000000000000, 0x000015D4, 0x000016A0,                    3,             ,                     ,   {00000000-0000-0000-0000-000000000000},                                         ,   134329345593439318,          0,          0, "WslCorePort", "Header = {MessageType = LxMessageResultUint32 MessageSize = 20 TransactionId = 0 TransactionStep = 2 } Result = 2234621930 "
LxssUserSessionCreateInstanceBegin,          0,            0,          0,         11,          5,          0,          0, 0x0000000000000000, 0x000015D4, 0x000016A0,                    3,             ,                     ,   {7d47a6bb-3bd3-0000-60b4-477dd33bdd01},                                         ,   134329345594660124,          0,          0, DataSize=0
LxssUserSessionCreateInstanceEnd,          0,            0,          0,         11,          5,          0,          0, 0x0000000000000000, 0x000015D4, 0x000016A0,                    3,             ,                     ,   {7d47a6bb-3bd3-0000-60b4-477dd33bdd01},                                         ,   134329345594660981,          0,          0, DataSize=0
ReceivedMessage,          0,            0,          0,         11,          5,          0,          0, 0x0000000000000000, 0x00000670, 0x00000B1C,                    0,             ,                     ,   {00000000-0000-0000-0000-000000000000},                                         ,   134329345594736681,         45,         15, "Interop", "MessageType = LxInitMessageExitStatus MessageSize = 20 TransactionId = 1 TransactionStep = 0 "
 SentMessage,          0,            0,          0,         11,          5,          0,          0, 0x0000000000000000, 0x00000670, 0x00000B1C,                    0,             ,                     ,   {00000000-0000-0000-0000-000000000000},                                         ,   134329345594739992,         45,         15, "Interop", "Header = {MessageType = LxInitMessageExitStatus MessageSize = 20 TransactionId = 1 TransactionStep = 0 } ExitCode = 0 ",       20
LxssUserSessionCreateInstanceBegin,          0,            0,          0,         11,          5,          0,          0, 0x0000000000000000, 0x000015D4, 0x0000082C,                    0,             ,                     ,   {7d47a6bb-3bd3-0002-58b3-477dd33bdd01},                                         ,   134329345596510980,        150,          0, DataSize=0
LxssUserSessionCreateInstanceEnd,          0,            0,          0,         11,          5,          0,          0, 0x0000000000000000, 0x000015D4, 0x0000082C,                    0,             ,                     ,   {7d47a6bb-3bd3-0002-58b3-477dd33bdd01},                                         ,   134329345596511741,        150,          0, DataSize=0
LxssUserSessionCreateInstanceBegin,          0,            0,          0,         11,          5,          0,          0, 0x0000000000000000, 0x000015D4, 0x000016A0,                    2,             ,                     ,   {7d47a6bb-3bd3-0002-59b3-477dd33bdd01},                                         ,   134329345596608902,          0,          0, DataSize=0
LxssUserSessionCreateInstanceEnd,          0,            0,          0,         11,          5,          0,          0, 0x0000000000000000, 0x000015D4, 0x000016A0,                    2,             ,                     ,   {7d47a6bb-3bd3-0002-59b3-477dd33bdd01},                                         ,   134329345596609549,          0,          0, DataSize=0
_SetHttpProxyInfo: Attempting to set proxy info,          0,            0,          0,         11,          5,          0,          0, 0x0000000000000000, 0x000015D4, 0x000016A0,                    1,             ,                     ,   {00000000-0000-0000-0000-000000000000},                                         ,   134329345596660222,          0,          0, DataSize=0
_SetHttpProxyInfo: No HttpProxy settings detected so not configuring env vars.,          0,            0,          0,         11,          5,          0,          0, 0x0000000000000000, 0x000015D4, 0x000016A0,                    1,             ,                     ,   {00000000-0000-0000-0000-000000000000},                                         ,   134329345596660264,          0,          0, DataSize=0
 SentMessage,          0,            0,          0,         11,          5,          0,          0, 0x0000000000000000, 0x000015D4, 0x000016A0,                    1,             ,                     ,   {00000000-0000-0000-0000-000000000000},                                         ,   134329345596663843,          0,          0, "WslCorePort", "Header = {MessageType = LxInitMessageCreateSession MessageSize = 24 TransactionId = 3 TransactionStep = 1 } ConsoleId = 0 ",       24
    GuestLog,          0,            0,          0,         11,          5,          0,          0, 0x0000000000000000, 0x000015D4, 0x00000A38,                    1,             ,                     ,   {00000000-0000-0000-0000-000000000000},                                         ,   134329345596805158,        330,         60, "WSL (1 - init(Debian2)) WARNING: /etc/resolv.conf updating disabled in /etc/wsl.conf ", {8c6b6115-bca6-4e8a-92cc-41217abf372d}
ReceivedMessage,          0,            0,          0,         11,          5,          0,          0, 0x0000000000000000, 0x000015D4, 0x000016A0,                    1,             ,                     ,   {00000000-0000-0000-0000-000000000000},                                         ,   134329345596819457,          0,          0, "WslCorePort", "Header = {MessageType = LxInitMessageCreateSessionResponse MessageSize = 20 TransactionId = 3 TransactionStep = 2 } Port = 2234621931 "
 SentMessage,          0,            0,          0,         11,          5,          0,          0, 0x0000000000000000, 0x000015D4, 0x000016A0,                    2,             ,                     ,   {00000000-0000-0000-0000-000000000000},                                         ,   134329345596846168,          0,          0, "WslCorePort", "Header = {MessageType = LxInitMessageCreateProcessUtilityVm MessageSize = 2274 TransactionId = 0 TransactionStep = 1 } Rows = 30 Columns = 120 ",     2274
ReceivedMessage,          0,            0,          0,         11,          5,          0,          0, 0x0000000000000000, 0x000015D4, 0x000016A0,                    3,             ,                     ,   {00000000-0000-0000-0000-000000000000},                                         ,   134329345596849531,          0,          0, "WslCorePort", "Header = {MessageType = LxMessageResultUint32 MessageSize = 20 TransactionId = 0 TransactionStep = 2 } Result = 2234621932 "
LxssUserSessionCreateInstanceBegin,          0,            0,          0,         11,          5,          0,          0, 0x0000000000000000, 0x000015D4, 0x000016A0,                    2,             ,                     ,   {7d47a6bb-3bd3-0000-73b4-477dd33bdd01},                                         ,   134329345598407865,          0,          0, DataSize=0
LxssUserSessionCreateInstanceEnd,          0,            0,          0,         11,          5,          0,          0, 0x0000000000000000, 0x000015D4, 0x000016A0,                    2,             ,                     ,   {7d47a6bb-3bd3-0000-73b4-477dd33bdd01},                                         ,   134329345598409704,          0,          0, DataSize=0
ReceivedMessage,          0,            0,          0,         11,          5,          0,          0, 0x0000000000000000, 0x0000072C, 0x00000DB8,                    3,             ,                     ,   {00000000-0000-0000-0000-000000000000},                                         ,   134329345601614217,         30,         15, "Interop", "MessageType = LxInitMessageExitStatus MessageSize = 20 TransactionId = 1 TransactionStep = 0 "
 SentMessage,          0,            0,          0,         11,          5,          0,          0, 0x0000000000000000, 0x0000072C, 0x00000DB8,                    3,             ,                     ,   {00000000-0000-0000-0000-000000000000},                                         ,   134329345601614984,         30,         15, "Interop", "Header = {MessageType = LxInitMessageExitStatus MessageSize = 20 TransactionId = 1 TransactionStep = 0 } ExitCode = 0 ",       20
LxssUserSessionCreateInstanceBegin,          0,            0,          0,         11,          5,          0,          0, 0x0000000000000000, 0x000015D4, 0x000016A0,                    0,             ,                     ,   {7d47a6bb-3bd3-0002-85b3-477dd33bdd01},                                         ,   134329345603383945,          0,          0, DataSize=0
LxssUserSessionCreateInstanceEnd,          0,            0,          0,         11,          5,          0,          0, 0x0000000000000000, 0x000015D4, 0x000016A0,                    0,             ,                     ,   {7d47a6bb-3bd3-0002-85b3-477dd33bdd01},                                         ,   134329345603384658,          0,          0, DataSize=0
LxssUserSessionCreateInstanceBegin,          0,            0,          0,         11,          5,          0,          0, 0x0000000000000000, 0x000015D4, 0x000016A0,                    0,             ,                     ,   {7d47a6bb-3bd3-0000-82b4-477dd33bdd01},                                         ,   134329345603443168,          0,          0, DataSize=0
LxssUserSessionCreateInstanceEnd,          0,            0,          0,         11,          5,          0,          0, 0x0000000000000000, 0x000015D4, 0x000016A0,                    0,             ,                     ,   {7d47a6bb-3bd3-0000-82b4-477dd33bdd01},                                         ,   134329345603443791,          0,          0, DataSize=0
_SetHttpProxyInfo: Attempting to set proxy info,          0,            0,          0,         11,          5,          0,          0, 0x0000000000000000, 0x000015D4, 0x000016A0,                    2,             ,                     ,   {00000000-0000-0000-0000-000000000000},                                         ,   134329345603499137,          0,          0, DataSize=0
_SetHttpProxyInfo: No HttpProxy settings detected so not configuring env vars.,          0,            0,          0,         11,          5,          0,          0, 0x0000000000000000, 0x000015D4, 0x000016A0,                    2,             ,                     ,   {00000000-0000-0000-0000-000000000000},                                         ,   134329345603499185,          0,          0, DataSize=0
 SentMessage,          0,            0,          0,         11,          5,          0,          0, 0x0000000000000000, 0x000015D4, 0x000016A0,                    2,             ,                     ,   {00000000-0000-0000-0000-000000000000},                                         ,   134329345603502955,          0,          0, "WslCorePort", "Header = {MessageType = LxInitMessageCreateSession MessageSize = 24 TransactionId = 4 TransactionStep = 1 } ConsoleId = 0 ",       24
    GuestLog,          0,            0,          0,         11,          5,          0,          0, 0x0000000000000000, 0x000015D4, 0x00000A38,                    2,             ,                     ,   {00000000-0000-0000-0000-000000000000},                                         ,   134329345603618156,        330,         60, "WSL (1 - init(Debian2)) WARNING: /etc/resolv.conf updating disabled in /etc/wsl.conf ", {8c6b6115-bca6-4e8a-92cc-41217abf372d}
ReceivedMessage,          0,            0,          0,         11,          5,          0,          0, 0x0000000000000000, 0x000015D4, 0x000016A0,                    0,             ,                     ,   {00000000-0000-0000-0000-000000000000},                                         ,   134329345603632181,          0,          0, "WslCorePort", "Header = {MessageType = LxInitMessageCreateSessionResponse MessageSize = 20 TransactionId = 4 TransactionStep = 2 } Port = 2234621933 "
 SentMessage,          0,            0,          0,         11,          5,          0,          0, 0x0000000000000000, 0x000015D4, 0x000016A0,                    2,             ,                     ,   {00000000-0000-0000-0000-000000000000},                                         ,   134329345603679174,          0,          0, "WslCorePort", "Header = {MessageType = LxInitMessageCreateProcessUtilityVm MessageSize = 2477 TransactionId = 0 TransactionStep = 1 } Rows = 30 Columns = 120 ",     2477
ReceivedMessage,          0,            0,          0,         11,          5,          0,          0, 0x0000000000000000, 0x000015D4, 0x000016A0,                    3,             ,                     ,   {00000000-0000-0000-0000-000000000000},                                         ,   134329345603684268,          0,          0, "WslCorePort", "Header = {MessageType = LxMessageResultUint32 MessageSize = 20 TransactionId = 0 TransactionStep = 2 } Result = 2234621934 "
LxssUserSessionCreateInstanceBegin,          0,            0,          0,         11,          5,          0,          0, 0x0000000000000000, 0x000015D4, 0x000016A0,                    3,             ,                     ,   {7d47a6bb-3bd3-0001-bdb6-477dd33bdd01},                                         ,   134329345605063191,          0,          0, DataSize=0
LxssUserSessionCreateInstanceEnd,          0,            0,          0,         11,          5,          0,          0, 0x0000000000000000, 0x000015D4, 0x000016A0,                    3,             ,                     ,   {7d47a6bb-3bd3-0001-bdb6-477dd33bdd01},                                         ,   134329345605064140,          0,          0, DataSize=0
ReceivedMessage,          0,            0,          0,         11,          5,          0,          0, 0x0000000000000000, 0x00001124, 0x00001738,                    3,             ,                     ,   {00000000-0000-0000-0000-000000000000},                                         ,   134329345616055346,         45,         15, "Interop", "MessageType = LxInitMessageExitStatus MessageSize = 20 TransactionId = 1 TransactionStep = 0 "
 SentMessage,          0,            0,          0,         11,          5,          0,          0, 0x0000000000000000, 0x00001124, 0x00001738,                    0,             ,                     ,   {00000000-0000-0000-0000-000000000000},                                         ,   134329345616065423,         45,         15, "Interop", "Header = {MessageType = LxInitMessageExitStatus MessageSize = 20 TransactionId = 1 TransactionStep = 0 } ExitCode = 1 ",       20
LxssUserSessionCreateInstanceBegin,          0,            0,          0,         11,          5,          0,          0, 0x0000000000000000, 0x000015D4, 0x0000082C,                    0,             ,                     ,   {7d47a6bb-3bd3-0002-c6b3-477dd33bdd01},                                         ,   134329345617655621,        150,          0, DataSize=0
LxssUserSessionCreateInstanceEnd,          0,            0,          0,         11,          5,          0,          0, 0x0000000000000000, 0x000015D4, 0x0000082C,                    0,             ,                     ,   {7d47a6bb-3bd3-0002-c6b3-477dd33bdd01},                                         ,   134329345617656327,        150,          0, DataSize=0
 SentMessage,          0,            0,          0,         11,          5,          0,          0, 0x0000000000000000, 0x000015D4, 0x000016A0,                    2,             ,                     ,   {00000000-0000-0000-0000-000000000000},                                         ,   134329345617693843,          0,          0, "WslCorePort", "Header = {MessageType = LxInitMessageTerminateInstance MessageSize = 20 TransactionId = 5 TransactionStep = 1 } Force = 1 ",       20
StopInstance,          0,            0,          0,         11,          5,          0,          0, 0x0000000000000000, 0x000015D4, 0x000016A0,                    2,             ,                     ,   {00000000-0000-0000-0000-000000000000},                                         ,   134329345617705351,          0,          0, "2.7.12.0",                0, "Debian2",        2, {9384556e-c162-4432-8603-2f22dc444b40}, {15ef0a9c-31b8-43a8-9ca0-79c721ff94d4}
TerminateVmStart,          1,            0,          0,         11,          5,          1,          0, 0x0000000000000000, 0x000015D4, 0x000016A0,                    3,             ,                     ,   {7d47a6bb-3bd3-0003-eab1-477dd33bdd01},                                         ,   134329345617713702,          0,          0,                0, {8c6b6115-bca6-4e8a-92cc-41217abf372d}
    GuestLog,          0,            0,          0,         11,          5,          0,          0, 0x0000000000000000, 0x000015D4, 0x00000A38,                    1,             ,                     ,   {00000000-0000-0000-0000-000000000000},                                         ,   134329345617898126,        330,         60, "WSL (1) ERROR: No such file or directory @C:/controlled-package/source/minimal-v8-no-binfmt-mount/src/shared/inc\stringshared.h:563 (ReadFile) ", {8c6b6115-bca6-4e8a-92cc-41217abf372d}
    GuestLog,          0,            0,          0,         11,          5,          0,          0, 0x0000000000000000, 0x000015D4, 0x00000A38,                    0,             ,                     ,   {00000000-0000-0000-0000-000000000000},                                         ,   134329345618553862,        345,         60, "EXT4-fs (sda): unmounting filesystem 14e25d42-5e5d-4fe0-b52b-5f18c50b347d. ", {8c6b6115-bca6-4e8a-92cc-41217abf372d}
    GuestLog,          0,            0,          0,         11,          5,          0,          0, 0x0000000000000000, 0x000015D4, 0x00000A38,                    2,             ,                     ,   {00000000-0000-0000-0000-000000000000},                                         ,   134329345618956791,        345,         60, "sd 0:0:0:0: [sda] Synchronizing SCSI cache ", {8c6b6115-bca6-4e8a-92cc-41217abf372d}
    GuestLog,          0,            0,          0,         11,          5,          0,          0, 0x0000000000000000, 0x000015D4, 0x00000A38,                    1,             ,                     ,   {00000000-0000-0000-0000-000000000000},                                         ,   134329345619080487,        345,         60, "ACPI: PM: Preparing to enter system sleep state S5 ", {8c6b6115-bca6-4e8a-92cc-41217abf372d}
    GuestLog,          0,            0,          0,         11,          5,          0,          0, 0x0000000000000000, 0x000015D4, 0x00000A38,                    0,             ,                     ,   {00000000-0000-0000-0000-000000000000},                                         ,   134329345619120636,        345,         60, "reboot: Power down ", {8c6b6115-bca6-4e8a-92cc-41217abf372d}
GuestStateFileSetState,          1,            0,          0,         11,          4,          1,          0, 0x0000000000001000, 0x00001658, 0x00000714,                    2,             ,                     ,   {7d47a6bb-3bd3-0002-d5b3-477dd33bdd01},                                         ,   134329345619550459,        945,        540,                0,     1812, {00000000-0000-0000-0000-000000000000}, ""
GuestStateFileSetState,          2,            0,          0,         11,          4,          2,          0, 0x0000000000001000, 0x00001658, 0x00000714,                    2,             ,                     ,   {7d47a6bb-3bd3-0002-d5b3-477dd33bdd01},                                         ,   134329345619564755,        945,        540,                0,        0,     1812
GuestStateFileSetState,          1,            0,          0,         11,          4,          1,          0, 0x0000000000001000, 0x00001658, 0x00000714,                    2,             ,                     ,   {7d47a6bb-3bd3-0002-d6b3-477dd33bdd01},                                         ,   134329345619565141,        945,        540,                0,     1812, {00000000-0000-0000-0000-000000000000}, ""
GuestStateFileSetState,          2,            0,          0,         11,          4,          2,          0, 0x0000000000001000, 0x00001658, 0x00000714,                    2,             ,                     ,   {7d47a6bb-3bd3-0002-d6b3-477dd33bdd01},                                         ,   134329345619565385,        945,        540,                0,        0,     1812
SignalGuestStop,          0,            0,          0,         11,          4,          0,          0, 0x0000000000001000, 0x00001658, 0x00000714,                    2,             ,                     ,   {00000000-0000-0000-0000-000000000000},                                         ,   134329345619572148,        945,        540, {8c6b6115-bca6-4e8a-92cc-41217abf372d}, "VmbComPowerServices::InitiatePowerOff", "Shutdown", 1
VmStateChange,          0,            0,          0,         11,          4,          0,          0, 0x0000000000000040, 0x00001658, 0x00001414,                    0,             ,                     ,   {00000000-0000-0000-0000-000000000000},                                         ,   134329345619574013,         75,         15, {8c6b6115-bca6-4e8a-92cc-41217abf372d}, "VmStateRunning", "VmStateStopping", "VmStateReasonGuestShutdown"
VmIndicateStateChange,          0,            0,          0,         11,          4,          0,          0, 0x0000000000000040, 0x00001658, 0x00001414,                    0,             ,                     ,   {00000000-0000-0000-0000-000000000000},                                         ,   134329345619574166,         75,         15, {8c6b6115-bca6-4e8a-92cc-41217abf372d},        0, "VmStateStopping", "VmStateReasonGuestShutdown", "2026-09-03T18:42:41.955547400Z"
StoppingTask,          1,            0,          0,         11,          4,          1,          0, 0x0000000000000010, 0x00001658, 0x00001414,                    0,             ,                     ,   {7d47a6bb-3bd3-0000-a2b4-477dd33bdd01},                                         ,   134329345619574220,         75,         15,                0,     5140, {8c6b6115-bca6-4e8a-92cc-41217abf372d}
VmbOperation,          1,            0,          0,         11,          4,          1,          0, 0x0000000000000020, 0x00001658, 0x00001414,                    0,             ,                     ,   {7d47a6bb-3bd3-0000-a3b4-477dd33bdd01},   {7d47a6bb-3bd3-0000-a2b4-477dd33bdd01},   134329345619574335,         75,         15,                0,     5140, "DisableOptimizations", {8c6b6115-bca6-4e8a-92cc-41217abf372d}
VdevOperation,          1,            0,          0,         11,          5,          1,          0, 0x0000000000000020, 0x00001658, 0x00001414,                    0,             ,                     ,   {7d47a6bb-3bd3-0000-a4b4-477dd33bdd01},   {7d47a6bb-3bd3-0000-a3b4-477dd33bdd01},   134329345619586579,         75,         15,                0,     5140, "Microsoft Guest Runtime State", "917BD8CB-3BB6-4124-9383-B7D21AC07F79", "VDevStartDisableOptimizations", {8c6b6115-bca6-4e8a-92cc-41217abf372d}
VdevOperation,          2,            0,          0,         11,          5,          2,          0, 0x0000000000000020, 0x00001658, 0x00001414,                    0,             ,                     ,   {7d47a6bb-3bd3-0000-a4b4-477dd33bdd01},                                         ,   134329345619586730,         75,         15,                0,        0,     5140
VdevOperation,          1,            0,          0,         11,          5,          1,          0, 0x0000000000000020, 0x00001658, 0x00001414,                    0,             ,                     ,   {7d47a6bb-3bd3-0000-a5b4-477dd33bdd01},   {7d47a6bb-3bd3-0000-a3b4-477dd33bdd01},   134329345619586810,         75,         15,                0,     5140, "Microsoft Emulated IoAPIC", "72682FC4-040A-430A-BE0B-224574B953FE", "VDevStartDisableOptimizations", {8c6b6115-bca6-4e8a-92cc-41217abf372d}
VdevOperation,          2,            0,          0,         11,          5,          2,          0, 0x0000000000000020, 0x00001658, 0x00001414,                    0,             ,                     ,   {7d47a6bb-3bd3-0000-a5b4-477dd33bdd01},                                         ,   134329345619586827,         75,         15,                0,        0,     5140
VdevOperation,          1,            0,          0,         11,          5,          1,          0, 0x0000000000000020, 0x00001658, 0x00001414,                    0,             ,                     ,   {7d47a6bb-3bd3-0000-a6b4-477dd33bdd01},   {7d47a6bb-3bd3-0000-a3b4-477dd33bdd01},   134329345619586855,         75,         15,                0,     5140, "Microsoft Emulated Power Management Device", "DB8B9818-B4BB-4725-B99D-B4612716B6B4", "VDevStartDisableOptimizations", {8c6b6115-bca6-4e8a-92cc-41217abf372d}
VdevOperation,          2,            0,          0,         11,          5,          2,          0, 0x0000000000000020, 0x00001658, 0x00001414,                    0,             ,                     ,   {7d47a6bb-3bd3-0000-a6b4-477dd33bdd01},                                         ,   134329345619586871,         75,         15,                0,        0,     5140
VdevOperation,          1,            0,          0,         11,          5,          1,          0, 0x0000000000000020, 0x00001658, 0x00001414,                    0,             ,                     ,   {7d47a6bb-3bd3-0000-a7b4-477dd33bdd01},   {7d47a6bb-3bd3-0000-a3b4-477dd33bdd01},   134329345619586895,         75,         15,                0,     5140, "Microsoft VmBus", "D41A1872-3740-41CE-A1EE-4522AB82F991", "VDevStartDisableOptimizations", {8c6b6115-bca6-4e8a-92cc-41217abf372d}
VdevOperation,          2,            0,          0,         11,          5,          2,          0, 0x0000000000000020, 0x00001658, 0x00001414,                    0,             ,                     ,   {7d47a6bb-3bd3-0000-a7b4-477dd33bdd01},                                         ,   134329345619586919,         75,         15,                0,        0,     5140
VdevOperation,          1,            0,          0,         11,          5,          1,          0, 0x0000000000000020, 0x00001658, 0x00001414,                    0,             ,                     ,   {7d47a6bb-3bd3-0000-a8b4-477dd33bdd01},   {7d47a6bb-3bd3-0000-a3b4-477dd33bdd01},   134329345619586942,         75,         15,                0,     5140, "Microsoft Flexible IO Device", "C4B741F5-5582-4C98-8F8B-2E082933C396", "VDevStartDisableOptimizations", {8c6b6115-bca6-4e8a-92cc-41217abf372d}
VdevOperation,          2,            0,          0,         11,          5,          2,          0, 0x0000000000000020, 0x00001658, 0x00001414,                    0,             ,                     ,   {7d47a6bb-3bd3-0000-a8b4-477dd33bdd01},                                         ,   134329345619587005,         75,         15,                0,        0,     5140
VdevOperation,          1,            0,          0,         11,          5,          1,          0, 0x0000000000000020, 0x00001658, 0x00001414,                    0,             ,                     ,   {7d47a6bb-3bd3-0000-a9b4-477dd33bdd01},   {7d47a6bb-3bd3-0000-a3b4-477dd33bdd01},   134329345619587028,         75,         15,                0,     5140, "Virtual Battery", "D465D87D-6339-4FF4-93D9-7353E388D889", "VDevStartDisableOptimizations", {8c6b6115-bca6-4e8a-92cc-41217abf372d}
VdevOperation,          2,            0,          0,         11,          5,          2,          0, 0x0000000000000020, 0x00001658, 0x00001414,                    0,             ,                     ,   {7d47a6bb-3bd3-0000-a9b4-477dd33bdd01},                                         ,   134329345619587043,         75,         15,                0,        0,     5140
VdevOperation,          1,            0,          0,         11,          5,          1,          0, 0x0000000000000020, 0x00001658, 0x00001414,                    0,             ,                     ,   {7d47a6bb-3bd3-0000-aab4-477dd33bdd01},   {7d47a6bb-3bd3-0000-a3b4-477dd33bdd01},   134329345619587069,         75,         15,                0,     5140, "Microsoft Virtual BIOS", "AC6B8DC1-3257-4A70-B1B2-A9C9215659AD", "VDevStartDisableOptimizations", {8c6b6115-bca6-4e8a-92cc-41217abf372d}
VdevOperation,          2,            0,          0,         11,          5,          2,          0, 0x0000000000000020, 0x00001658, 0x00001414,                    0,             ,                     ,   {7d47a6bb-3bd3-0000-aab4-477dd33bdd01},                                         ,   134329345619587082,         75,         15,                0,        0,     5140
VdevOperation,          1,            0,          0,         11,          5,          1,          0, 0x0000000000000020, 0x00001658, 0x00001414,                    0,             ,                     ,   {7d47a6bb-3bd3-0000-abb4-477dd33bdd01},   {7d47a6bb-3bd3-0000-a3b4-477dd33bdd01},   134329345619587102,         75,         15,                0,     5140, "Microsoft Emulated Real Time Clock", "E51B7EF6-4A7F-4780-AAAE-D4B291AACD2E", "VDevStartDisableOptimizations", {8c6b6115-bca6-4e8a-92cc-41217abf372d}
VdevOperation,          2,            0,          0,         11,          5,          2,          0, 0x0000000000000020, 0x00001658, 0x00001414,                    0,             ,                     ,   {7d47a6bb-3bd3-0000-abb4-477dd33bdd01},                                         ,   134329345619587117,         75,         15,                0,        0,     5140
VdevOperation,          1,            0,          0,         11,          5,          1,          0, 0x0000000000000020, 0x00001658, 0x00001414,                    0,             ,                     ,   {7d47a6bb-3bd3-0000-acb4-477dd33bdd01},   {7d47a6bb-3bd3-0000-a3b4-477dd33bdd01},   134329345619587143,         75,         15,                0,     5140, "Microsoft Dynamic Memory Controller", "E3C82929-EDB4-475E-85A4-29AAA2A30C2D", "VDevStartDisableOptimizations", {8c6b6115-bca6-4e8a-92cc-41217abf372d}
VdevOperation,          2,            0,          0,         11,          5,          2,          0, 0x0000000000000020, 0x00001658, 0x00001414,                    0,             ,                     ,   {7d47a6bb-3bd3-0000-acb4-477dd33bdd01},                                         ,   134329345619587175,         75,         15,                0,        0,     5140
VdevOperation,          1,            0,          0,         11,          5,          1,          0, 0x0000000000000020, 0x00001658, 0x00001414,                    0,             ,                     ,   {7d47a6bb-3bd3-0000-adb4-477dd33bdd01},   {7d47a6bb-3bd3-0000-a3b4-477dd33bdd01},   134329345619587198,         75,         15,                0,     5140, "Virtual SMB Device", "FEA6E63B-45DA-4E32-8B3D-1873B2CE50E7", "VDevStartDisableOptimizations", {8c6b6115-bca6-4e8a-92cc-41217abf372d}
VdevOperation,          2,            0,          0,         11,          5,          2,          0, 0x0000000000000020, 0x00001658, 0x00001414,                    0,             ,                     ,   {7d47a6bb-3bd3-0000-adb4-477dd33bdd01},                                         ,   134329345619587226,         75,         15,                0,        0,     5140
VdevOperation,          1,            0,          0,         11,          5,          1,          0, 0x0000000000000020, 0x00001658, 0x00001414,                    0,             ,                     ,   {7d47a6bb-3bd3-0000-aeb4-477dd33bdd01},   {7d47a6bb-3bd3-0000-a3b4-477dd33bdd01},   134329345619587246,         75,         15,                0,     5140, "Microsoft Guest Interface Component", "6C09BB55-D683-4DA0-8931-C9BF705F6480", "VDevStartDisableOptimizations", {8c6b6115-bca6-4e8a-92cc-41217abf372d}
VdevOperation,          2,            0,          0,         11,          5,          2,          0, 0x0000000000000020, 0x00001658, 0x00001414,                    0,             ,                     ,   {7d47a6bb-3bd3-0000-aeb4-477dd33bdd01},                                         ,   134329345619587267,         75,         15,                0,        0,     5140
VdevOperation,          1,            0,          0,         11,          5,          1,          0, 0x0000000000000020, 0x00001658, 0x00001414,                    0,             ,                     ,   {7d47a6bb-3bd3-0000-afb4-477dd33bdd01},   {7d47a6bb-3bd3-0000-a3b4-477dd33bdd01},   134329345619587290,         75,         15,                0,     5140, "Microsoft Time Synchronization Component", "2497F4DE-E9FA-4204-80E4-4B75C46419C0", "VDevStartDisableOptimizations", {8c6b6115-bca6-4e8a-92cc-41217abf372d}
VdevOperation,          2,            0,          0,         11,          5,          2,          0, 0x0000000000000020, 0x00001658, 0x00001414,                    0,             ,                     ,   {7d47a6bb-3bd3-0000-afb4-477dd33bdd01},                                         ,   134329345619587305,         75,         15,                0,        0,     5140
VdevOperation,          1,            0,          0,         11,          5,          1,          0, 0x0000000000000020, 0x00001658, 0x00001414,                    0,             ,                     ,   {7d47a6bb-3bd3-0000-b0b4-477dd33bdd01},   {7d47a6bb-3bd3-0000-a3b4-477dd33bdd01},   134329345619587325,         75,         15,                0,     5140, "Synthetic Storage", "FD1D2CBD-CE7C-535C-966B-EB5F811C95F0", "VDevStartDisableOptimizations", {8c6b6115-bca6-4e8a-92cc-41217abf372d}
VdevOperation,          2,            0,          0,         11,          5,          2,          0, 0x0000000000000020, 0x00001658, 0x00001414,                    0,             ,                     ,   {7d47a6bb-3bd3-0000-b0b4-477dd33bdd01},                                         ,   134329345619587348,         75,         15,                0,        0,     5140
VdevOperation,          1,            0,          0,         11,          5,          1,          0, 0x0000000000000020, 0x00001658, 0x00001414,                    0,             ,                     ,   {7d47a6bb-3bd3-0000-b1b4-477dd33bdd01},   {7d47a6bb-3bd3-0000-a3b4-477dd33bdd01},   134329345619587366,         75,         15,                0,     5140, "Microsoft Emulated Serial Controller", "8E3A359F-559A-4B6A-98A9-1690A6100ED7", "VDevStartDisableOptimizations", {8c6b6115-bca6-4e8a-92cc-41217abf372d}
VdevOperation,          2,            0,          0,         11,          5,          2,          0, 0x0000000000000020, 0x00001658, 0x00001414,                    0,             ,                     ,   {7d47a6bb-3bd3-0000-b1b4-477dd33bdd01},                                         ,   134329345619587391,         75,         15,                0,        0,     5140
VdevOperation,          1,            0,          0,         11,          5,          1,          0, 0x0000000000000020, 0x00001658, 0x00001414,                    0,             ,                     ,   {7d47a6bb-3bd3-0000-b2b4-477dd33bdd01},   {7d47a6bb-3bd3-0000-a3b4-477dd33bdd01},   134329345619587412,         75,         15,                0,     5140, "Microsoft Guest Runtime State", "917BD8CB-3BB6-4124-9383-B7D21AC07F79", "VDevFinishDisableOptimizations", {8c6b6115-bca6-4e8a-92cc-41217abf372d}
VdevOperation,          2,            0,          0,         11,          5,          2,          0, 0x0000000000000020, 0x00001658, 0x00001414,                    0,             ,                     ,   {7d47a6bb-3bd3-0000-b2b4-477dd33bdd01},                                         ,   134329345619587850,         75,         15,                0,        0,     5140
VdevOperation,          1,            0,          0,         11,          5,          1,          0, 0x0000000000000020, 0x00001658, 0x00001414,                    0,             ,                     ,   {7d47a6bb-3bd3-0000-b3b4-477dd33bdd01},   {7d47a6bb-3bd3-0000-a3b4-477dd33bdd01},   134329345619587913,         75,         15,                0,     5140, "Microsoft Emulated IoAPIC", "72682FC4-040A-430A-BE0B-224574B953FE", "VDevFinishDisableOptimizations", {8c6b6115-bca6-4e8a-92cc-41217abf372d}
VdevOperation,          2,            0,          0,         11,          5,          2,          0, 0x0000000000000020, 0x00001658, 0x00001414,                    0,             ,                     ,   {7d47a6bb-3bd3-0000-b3b4-477dd33bdd01},                                         ,   134329345619587928,         75,         15,                0,        0,     5140
VdevOperation,          1,            0,          0,         11,          5,          1,          0, 0x0000000000000020, 0x00001658, 0x00001414,                    0,             ,                     ,   {7d47a6bb-3bd3-0000-b4b4-477dd33bdd01},   {7d47a6bb-3bd3-0000-a3b4-477dd33bdd01},   134329345619587947,         75,         15,                0,     5140, "Microsoft Emulated Power Management Device", "DB8B9818-B4BB-4725-B99D-B4612716B6B4", "VDevFinishDisableOptimizations", {8c6b6115-bca6-4e8a-92cc-41217abf372d}
VdevOperation,          2,            0,          0,         11,          5,          2,          0, 0x0000000000000020, 0x00001658, 0x00001414,                    0,             ,                     ,   {7d47a6bb-3bd3-0000-b4b4-477dd33bdd01},                                         ,   134329345619587956,         75,         15,                0,        0,     5140
VdevOperation,          1,            0,          0,         11,          5,          1,          0, 0x0000000000000020, 0x00001658, 0x00001414,                    0,             ,                     ,   {7d47a6bb-3bd3-0000-b5b4-477dd33bdd01},   {7d47a6bb-3bd3-0000-a3b4-477dd33bdd01},   134329345619587973,         75,         15,                0,     5140, "Microsoft VmBus", "D41A1872-3740-41CE-A1EE-4522AB82F991", "VDevFinishDisableOptimizations", {8c6b6115-bca6-4e8a-92cc-41217abf372d}
VdevOperation,          2,            0,          0,         11,          5,          2,          0, 0x0000000000000020, 0x00001658, 0x00001414,                    0,             ,                     ,   {7d47a6bb-3bd3-0000-b5b4-477dd33bdd01},                                         ,   134329345619587983,         75,         15,                0,        0,     5140
VdevOperation,          1,            0,          0,         11,          5,          1,          0, 0x0000000000000020, 0x00001658, 0x00001414,                    0,             ,                     ,   {7d47a6bb-3bd3-0000-b6b4-477dd33bdd01},   {7d47a6bb-3bd3-0000-a3b4-477dd33bdd01},   134329345619588000,         75,         15,                0,     5140, "Microsoft Flexible IO Device", "C4B741F5-5582-4C98-8F8B-2E082933C396", "VDevFinishDisableOptimizations", {8c6b6115-bca6-4e8a-92cc-41217abf372d}
VdevOperation,          2,            0,          0,         11,          5,          2,          0, 0x0000000000000020, 0x00001658, 0x00001414,                    0,             ,                     ,   {7d47a6bb-3bd3-0000-b6b4-477dd33bdd01},                                         ,   134329345619588152,         75,         15,                0,        0,     5140
VdevOperation,          1,            0,          0,         11,          5,          1,          0, 0x0000000000000020, 0x00001658, 0x00001414,                    0,             ,                     ,   {7d47a6bb-3bd3-0000-b8b4-477dd33bdd01},   {7d47a6bb-3bd3-0000-a3b4-477dd33bdd01},   134329345619588171,         75,         15,                0,     5140, "Virtual Battery", "D465D87D-6339-4FF4-93D9-7353E388D889", "VDevFinishDisableOptimizations", {8c6b6115-bca6-4e8a-92cc-41217abf372d}
VdevOperation,          2,            0,          0,         11,          5,          2,          0, 0x0000000000000020, 0x00001658, 0x00001414,                    0,             ,                     ,   {7d47a6bb-3bd3-0000-b8b4-477dd33bdd01},                                         ,   134329345619588180,         75,         15,                0,        0,     5140
VdevOperation,          1,            0,          0,         11,          5,          1,          0, 0x0000000000000020, 0x00001658, 0x00001414,                    0,             ,                     ,   {7d47a6bb-3bd3-0000-b9b4-477dd33bdd01},   {7d47a6bb-3bd3-0000-a3b4-477dd33bdd01},   134329345619588197,         75,         15,                0,     5140, "Microsoft Virtual BIOS", "AC6B8DC1-3257-4A70-B1B2-A9C9215659AD", "VDevFinishDisableOptimizations", {8c6b6115-bca6-4e8a-92cc-41217abf372d}
VdevOperation,          2,            0,          0,         11,          5,          2,          0, 0x0000000000000020, 0x00001658, 0x00001414,                    0,             ,                     ,   {7d47a6bb-3bd3-0000-b9b4-477dd33bdd01},                                         ,   134329345619588206,         75,         15,                0,        0,     5140
VdevOperation,          1,            0,          0,         11,          5,          1,          0, 0x0000000000000020, 0x00001658, 0x00001414,                    0,             ,                     ,   {7d47a6bb-3bd3-0000-bab4-477dd33bdd01},   {7d47a6bb-3bd3-0000-a3b4-477dd33bdd01},   134329345619588222,         75,         15,                0,     5140, "Microsoft Emulated Real Time Clock", "E51B7EF6-4A7F-4780-AAAE-D4B291AACD2E", "VDevFinishDisableOptimizations", {8c6b6115-bca6-4e8a-92cc-41217abf372d}
VdevOperation,          2,            0,          0,         11,          5,          2,          0, 0x0000000000000020, 0x00001658, 0x00001414,                    0,             ,                     ,   {7d47a6bb-3bd3-0000-bab4-477dd33bdd01},                                         ,   134329345619588231,         75,         15,                0,        0,     5140
VdevOperation,          1,            0,          0,         11,          5,          1,          0, 0x0000000000000020, 0x00001658, 0x00001414,                    0,             ,                     ,   {7d47a6bb-3bd3-0000-bbb4-477dd33bdd01},   {7d47a6bb-3bd3-0000-a3b4-477dd33bdd01},   134329345619588248,         75,         15,                0,     5140, "Microsoft Dynamic Memory Controller", "E3C82929-EDB4-475E-85A4-29AAA2A30C2D", "VDevFinishDisableOptimizations", {8c6b6115-bca6-4e8a-92cc-41217abf372d}
VdevOperation,          2,            0,          0,         11,          5,          2,          0, 0x0000000000000020, 0x00001658, 0x00001414,                    0,             ,                     ,   {7d47a6bb-3bd3-0000-bbb4-477dd33bdd01},                                         ,   134329345619588262,         75,         15,                0,        0,     5140
VdevOperation,          1,            0,          0,         11,          5,          1,          0, 0x0000000000000020, 0x00001658, 0x00001414,                    0,             ,                     ,   {7d47a6bb-3bd3-0000-bcb4-477dd33bdd01},   {7d47a6bb-3bd3-0000-a3b4-477dd33bdd01},   134329345619588279,         75,         15,                0,     5140, "Virtual SMB Device", "FEA6E63B-45DA-4E32-8B3D-1873B2CE50E7", "VDevFinishDisableOptimizations", {8c6b6115-bca6-4e8a-92cc-41217abf372d}
VdevOperation,          2,            0,          0,         11,          5,          2,          0, 0x0000000000000020, 0x00001658, 0x00001414,                    0,             ,                     ,   {7d47a6bb-3bd3-0000-bcb4-477dd33bdd01},                                         ,   134329345619588293,         75,         15,                0,        0,     5140
VdevOperation,          1,            0,          0,         11,          5,          1,          0, 0x0000000000000020, 0x00001658, 0x00001414,                    0,             ,                     ,   {7d47a6bb-3bd3-0000-bdb4-477dd33bdd01},   {7d47a6bb-3bd3-0000-a3b4-477dd33bdd01},   134329345619588310,         75,         15,                0,     5140, "Microsoft Guest Interface Component", "6C09BB55-D683-4DA0-8931-C9BF705F6480", "VDevFinishDisableOptimizations", {8c6b6115-bca6-4e8a-92cc-41217abf372d}
VdevOperation,          2,            0,          0,         11,          5,          2,          0, 0x0000000000000020, 0x00001658, 0x00001414,                    0,             ,                     ,   {7d47a6bb-3bd3-0000-bdb4-477dd33bdd01},                                         ,   134329345619588320,         75,         15,                0,        0,     5140
VdevOperation,          1,            0,          0,         11,          5,          1,          0, 0x0000000000000020, 0x00001658, 0x00001414,                    0,             ,                     ,   {7d47a6bb-3bd3-0000-beb4-477dd33bdd01},   {7d47a6bb-3bd3-0000-a3b4-477dd33bdd01},   134329345619588336,         75,         15,                0,     5140, "Microsoft Time Synchronization Component", "2497F4DE-E9FA-4204-80E4-4B75C46419C0", "VDevFinishDisableOptimizations", {8c6b6115-bca6-4e8a-92cc-41217abf372d}
VdevOperation,          2,            0,          0,         11,          5,          2,          0, 0x0000000000000020, 0x00001658, 0x00001414,                    0,             ,                     ,   {7d47a6bb-3bd3-0000-beb4-477dd33bdd01},                                         ,   134329345619588345,         75,         15,                0,        0,     5140
VdevOperation,          1,            0,          0,         11,          5,          1,          0, 0x0000000000000020, 0x00001658, 0x00001414,                    0,             ,                     ,   {7d47a6bb-3bd3-0000-bfb4-477dd33bdd01},   {7d47a6bb-3bd3-0000-a3b4-477dd33bdd01},   134329345619588361,         75,         15,                0,     5140, "Synthetic Storage", "FD1D2CBD-CE7C-535C-966B-EB5F811C95F0", "VDevFinishDisableOptimizations", {8c6b6115-bca6-4e8a-92cc-41217abf372d}
VdevOperation,          2,            0,          0,         11,          5,          2,          0, 0x0000000000000020, 0x00001658, 0x00001414,                    0,             ,                     ,   {7d47a6bb-3bd3-0000-bfb4-477dd33bdd01},                                         ,   134329345619588378,         75,         15,                0,        0,     5140
VdevOperation,          1,            0,          0,         11,          5,          1,          0, 0x0000000000000020, 0x00001658, 0x00001414,                    0,             ,                     ,   {7d47a6bb-3bd3-0000-c0b4-477dd33bdd01},   {7d47a6bb-3bd3-0000-a3b4-477dd33bdd01},   134329345619588395,         75,         15,                0,     5140, "Microsoft Emulated Serial Controller", "8E3A359F-559A-4B6A-98A9-1690A6100ED7", "VDevFinishDisableOptimizations", {8c6b6115-bca6-4e8a-92cc-41217abf372d}
VdevOperation,          2,            0,          0,         11,          5,          2,          0, 0x0000000000000020, 0x00001658, 0x00001414,                    0,             ,                     ,   {7d47a6bb-3bd3-0000-c0b4-477dd33bdd01},                                         ,   134329345619588409,         75,         15,                0,        0,     5140
VmbOperation,          2,            0,          0,         11,          4,          2,          0, 0x0000000000000020, 0x00001658, 0x00001414,                    0,             ,                     ,   {7d47a6bb-3bd3-0000-a3b4-477dd33bdd01},                                         ,   134329345619588431,         75,         15,                0,        0,     5140
StopVirtualProcessors,          1,            0,          0,         11,          4,          1,          0, 0x0000000000000400, 0x00001658, 0x00001414,                    0,             ,                     ,   {7d47a6bb-3bd3-0000-c1b4-477dd33bdd01},                                         ,   134329345619588473,         75,         15,                0,     5140, {8c6b6115-bca6-4e8a-92cc-41217abf372d}
  FreezeTime,          0,            0,          0,         11,          5,          0,          0, 0x0000000000000000, 0x00001658, 0x00001414,                    0,             ,                     ,   {7d47a6bb-3bd3-0000-c1b4-477dd33bdd01},                                         ,   134329345619589647,         75,         15, {8c6b6115-bca6-4e8a-92cc-41217abf372d}
StopVirtualProcessors,          2,            0,          0,         11,          4,          2,          0, 0x0000000000000400, 0x00001658, 0x00001414,                    0,             ,                     ,   {7d47a6bb-3bd3-0000-c1b4-477dd33bdd01},                                         ,   134329345619589672,         75,         15,                0,        0,     5140
    VmbPause,          1,            0,          0,         11,          4,          1,          0, 0x0000000000000020, 0x00001658, 0x00001414,                    0,             ,                     ,   {7d47a6bb-3bd3-0000-c2b4-477dd33bdd01},   {7d47a6bb-3bd3-0000-a2b4-477dd33bdd01},   134329345619589716,         75,         15,                0,     5140, {8c6b6115-bca6-4e8a-92cc-41217abf372d}
VdevOperation,          1,            0,          0,         11,          5,          1,          0, 0x0000000000000020, 0x00001658, 0x00001414,                    0,             ,                     ,   {7d47a6bb-3bd3-0000-c3b4-477dd33bdd01},   {7d47a6bb-3bd3-0000-c2b4-477dd33bdd01},   134329345619589771,         75,         15,                0,     5140, "Microsoft Emulated Serial Controller", "8E3A359F-559A-4B6A-98A9-1690A6100ED7", "VDevPause", {8c6b6115-bca6-4e8a-92cc-41217abf372d}
VdevOperation,          2,            0,          0,         11,          5,          2,          0, 0x0000000000000020, 0x00001658, 0x00001414,                    0,             ,                     ,   {7d47a6bb-3bd3-0000-c3b4-477dd33bdd01},                                         ,   134329345619606076,         75,         15,                0,        0,     5140
VdevOperation,          1,            0,          0,         11,          5,          1,          0, 0x0000000000000020, 0x00001658, 0x00001414,                    0,             ,                     ,   {7d47a6bb-3bd3-0000-c4b4-477dd33bdd01},   {7d47a6bb-3bd3-0000-c2b4-477dd33bdd01},   134329345619606211,         75,         15,                0,     5140, "Synthetic Storage", "FD1D2CBD-CE7C-535C-966B-EB5F811C95F0", "VDevPause", {8c6b6115-bca6-4e8a-92cc-41217abf372d}
SynthStorPause,          1,            0,          0,         11,          4,          1,          0, 0x0000000000000010, 0x00001658, 0x00001414,                    0,             ,                     ,   {7d47a6bb-3bd3-0000-c5b4-477dd33bdd01},                                         ,   134329345619606516,         75,         15,                0,     5140, {8c6b6115-bca6-4e8a-92cc-41217abf372d}, {fd1d2cbd-ce7c-535c-966b-eb5f811c95f0}
StorVspAdapterPause,          1,            0,          0,         11,          4,          1,          0, 0x0000000000000100, 0x00001658, 0x00001414,                    0,             ,                     ,   {7d47a6bb-3bd3-0000-c6b4-477dd33bdd01},                                         ,   134329345619607770,         75,         15, "8C6B6115-BCA6-4E8A-92CC-41217ABF372D", "8C6B6115-BCA6-4E8A-92CC-41217ABF372D", 0xFFFFE70BABEEA620, 0, 0, 0
Microsoft-Windows-Hyper-V-StorageVSP ,          0,         1010,          0,         17,          4,          0,          0, 0x0000000000000004, 0x00001658, 0x00001414,                    0,             ,                     ,   {00000000-0000-0000-0000-000000000000},                                         ,   134329345619607899,         75,         15, "VspAdapterPause",     1237, "Pausing."
Microsoft-Windows-Hyper-V-StorageVSP ,          0,         1010,          0,         17,          4,          0,          0, 0x0000000000000004, 0x00001658, 0x00001414,                    0,             ,                     ,   {00000000-0000-0000-0000-000000000000},                                         ,   134329345619607987,         75,         15, "VspPauseChannelProcessing",     4022, "Pause"
StorVspAdapterPauseChannelProcessing,          1,            0,          0,         11,          4,          1,          0, 0x0000000000000100, 0x00001658, 0x00001414,                    0,             ,                     ,   {7d47a6bb-3bd3-0000-c7b4-477dd33bdd01},   {7d47a6bb-3bd3-0000-c6b4-477dd33bdd01},   134329345619608009,         75,         15, "8C6B6115-BCA6-4E8A-92CC-41217ABF372D", "8C6B6115-BCA6-4E8A-92CC-41217ABF372D", 0xFFFFE70BABEEA620, 0, 0, 0
StorVspAdapterPauseChannelProcessing,          2,            0,          0,         11,          4,          2,          0, 0x0000000000000100, 0x00001658, 0x00001414,                    2,             ,                     ,   {7d47a6bb-3bd3-0000-c7b4-477dd33bdd01},   {7d47a6bb-3bd3-0000-c6b4-477dd33bdd01},   134329345619612468,         75,         15, "8C6B6115-BCA6-4E8A-92CC-41217ABF372D", "8C6B6115-BCA6-4E8A-92CC-41217ABF372D", 0xFFFFE70BABEEA620, STATUS_SUCCESS
StorVspAdapterPause,          2,            0,          0,         11,          4,          2,          0, 0x0000000000000100, 0x00001658, 0x00001414,                    2,             ,                     ,   {7d47a6bb-3bd3-0000-c6b4-477dd33bdd01},                                         ,   134329345619612489,         75,         15, "8C6B6115-BCA6-4E8A-92CC-41217ABF372D", "8C6B6115-BCA6-4E8A-92CC-41217ABF372D", 0xFFFFE70BABEEA620, STATUS_SUCCESS
SynthStorPause,          2,            0,          0,         11,          4,          2,          0, 0x0000000000000010, 0x00001658, 0x00001414,                    2,             ,                     ,   {7d47a6bb-3bd3-0000-c5b4-477dd33bdd01},                                         ,   134329345619612753,         75,         15,                0,        0,     5140
VdevOperation,          2,            0,          0,         11,          5,          2,          0, 0x0000000000000020, 0x00001658, 0x00001414,                    2,             ,                     ,   {7d47a6bb-3bd3-0000-c4b4-477dd33bdd01},                                         ,   134329345619612841,         75,         15,                0,        0,     5140
VdevOperation,          1,            0,          0,         11,          5,          1,          0, 0x0000000000000020, 0x00001658, 0x00001414,                    2,             ,                     ,   {7d47a6bb-3bd3-0002-d7b3-477dd33bdd01},   {7d47a6bb-3bd3-0000-c2b4-477dd33bdd01},   134329345619612996,         75,         15,                0,     5140, "Microsoft Time Synchronization Component", "2497F4DE-E9FA-4204-80E4-4B75C46419C0", "VDevPause", {8c6b6115-bca6-4e8a-92cc-41217abf372d}
VdevOperation,          2,            0,          0,         11,          5,          2,          0, 0x0000000000000020, 0x00001658, 0x00001414,                    2,             ,                     ,   {7d47a6bb-3bd3-0002-d7b3-477dd33bdd01},                                         ,   134329345619613400,         75,         15,                0,        0,     5140
VdevOperation,          1,            0,          0,         11,          5,          1,          0, 0x0000000000000020, 0x00001658, 0x00001414,                    2,             ,                     ,   {7d47a6bb-3bd3-0002-d8b3-477dd33bdd01},   {7d47a6bb-3bd3-0000-c2b4-477dd33bdd01},   134329345619613433,         75,         15,                0,     5140, "Microsoft Guest Interface Component", "6C09BB55-D683-4DA0-8931-C9BF705F6480", "VDevPause", {8c6b6115-bca6-4e8a-92cc-41217abf372d}
VdevOperation,          2,            0,          0,         11,          5,          2,          0, 0x0000000000000020, 0x00001658, 0x00001414,                    2,             ,                     ,   {7d47a6bb-3bd3-0002-d8b3-477dd33bdd01},                                         ,   134329345619613582,         75,         15,                0,        0,     5140
VdevOperation,          1,            0,          0,         11,          5,          1,          0, 0x0000000000000020, 0x00001658, 0x00001414,                    2,             ,                     ,   {7d47a6bb-3bd3-0002-d9b3-477dd33bdd01},   {7d47a6bb-3bd3-0000-c2b4-477dd33bdd01},   134329345619613606,         75,         15,                0,     5140, "Virtual SMB Device", "FEA6E63B-45DA-4E32-8B3D-1873B2CE50E7", "VDevPause", {8c6b6115-bca6-4e8a-92cc-41217abf372d}
VSmbVdevPause,          1,            0,          0,         11,          4,          1,          0, 0x0000000001000000, 0x00001658, 0x00001414,                    2,             ,                     ,   {7d47a6bb-3bd3-0002-dab3-477dd33bdd01},                                         ,   134329345619613837,         75,         15,                0,     5140, {8c6b6115-bca6-4e8a-92cc-41217abf372d}
VSmbVdevPause,          2,            0,          0,         11,          4,          2,          0, 0x0000000001000000, 0x00001658, 0x00001414,                    2,             ,                     ,   {7d47a6bb-3bd3-0002-dab3-477dd33bdd01},                                         ,   134329345619617081,         75,         15,                0,        0,     5140
VdevOperation,          2,            0,          0,         11,          5,          2,          0, 0x0000000000000020, 0x00001658, 0x00001414,                    2,             ,                     ,   {7d47a6bb-3bd3-0002-d9b3-477dd33bdd01},                                         ,   134329345619617135,         75,         15,                0,        0,     5140
VdevOperation,          1,            0,          0,         11,          5,          1,          0, 0x0000000000000020, 0x00001658, 0x00001414,                    2,             ,                     ,   {7d47a6bb-3bd3-0002-dbb3-477dd33bdd01},   {7d47a6bb-3bd3-0000-c2b4-477dd33bdd01},   134329345619617610,         75,         15,                0,     5140, "Microsoft Dynamic Memory Controller", "E3C82929-EDB4-475E-85A4-29AAA2A30C2D", "VDevPause", {8c6b6115-bca6-4e8a-92cc-41217abf372d}
VdevOperation,          2,            0,          0,         11,          5,          2,          0, 0x0000000000000020, 0x00001658, 0x00001414,                    0,             ,                     ,   {7d47a6bb-3bd3-0002-dbb3-477dd33bdd01},                                         ,   134329345619630840,         75,         15,                0,        0,     5140
VdevOperation,          1,            0,          0,         11,          5,          1,          0, 0x0000000000000020, 0x00001658, 0x00001414,                    0,             ,                     ,   {7d47a6bb-3bd3-0000-c8b4-477dd33bdd01},   {7d47a6bb-3bd3-0000-c2b4-477dd33bdd01},   134329345619631004,         75,         15,                0,     5140, "Microsoft Emulated Real Time Clock", "E51B7EF6-4A7F-4780-AAAE-D4B291AACD2E", "VDevPause", {8c6b6115-bca6-4e8a-92cc-41217abf372d}
VdevOperation,          2,            0,          0,         11,          5,          2,          0, 0x0000000000000020, 0x00001658, 0x00001414,                    0,             ,                     ,   {7d47a6bb-3bd3-0000-c8b4-477dd33bdd01},                                         ,   134329345619633758,         75,         15,                0,        0,     5140
VdevOperation,          1,            0,          0,         11,          5,          1,          0, 0x0000000000000020, 0x00001658, 0x00001414,                    0,             ,                     ,   {7d47a6bb-3bd3-0000-c9b4-477dd33bdd01},   {7d47a6bb-3bd3-0000-c2b4-477dd33bdd01},   134329345619633839,         75,         15,                0,     5140, "Microsoft Virtual BIOS", "AC6B8DC1-3257-4A70-B1B2-A9C9215659AD", "VDevPause", {8c6b6115-bca6-4e8a-92cc-41217abf372d}
VdevOperation,          2,            0,          0,         11,          5,          2,          0, 0x0000000000000020, 0x00001658, 0x00001414,                    0,             ,                     ,   {7d47a6bb-3bd3-0000-c9b4-477dd33bdd01},                                         ,   134329345619634127,         75,         15,                0,        0,     5140
VdevOperation,          1,            0,          0,         11,          5,          1,          0, 0x0000000000000020, 0x00001658, 0x00001414,                    0,             ,                     ,   {7d47a6bb-3bd3-0000-cab4-477dd33bdd01},   {7d47a6bb-3bd3-0000-c2b4-477dd33bdd01},   134329345619634159,         75,         15,                0,     5140, "Virtual Battery", "D465D87D-6339-4FF4-93D9-7353E388D889", "VDevPause", {8c6b6115-bca6-4e8a-92cc-41217abf372d}
{bbccf6c1-6cd1-48c4-80ff-839482e37671},         32,            0,          0,          0,          0,         32,          0, 0x0000000000000000, 0x00001658, 0x00001414,                    0,             ,                     ,   {00000000-0000-0000-0000-000000000000},                                         ,   134329345619634454,         75,         15, DataSize=870
Microsoft-Windows-Hyper-V-VID ,     Start ,         5064,          0,          0,          4,          1,       1552, 0x0000000000000040, 0x00001658, 0x00001414,                    0,             ,                     ,   {00000000-0000-0000-0000-000000000000},                                         ,   134329345619634454,         75,         15, 0xFED3F, 0xFED3F, {8c6b6115-bca6-4e8a-92cc-41217abf372d}
{bbccf6c1-6cd1-48c4-80ff-839482e37671},         32,            0,          0,          0,          0,         32,          0, 0x0000000000000000, 0x00001658, 0x00001414,                    0,             ,                     ,   {00000000-0000-0000-0000-000000000000},                                         ,   134329345619634812,         75,         15, DataSize=520
Microsoft-Windows-Hyper-V-VID ,      Stop ,         5065,          0,          0,          4,          2,       1552, 0x0000000000000040, 0x00001658, 0x00001414,                    0,             ,                     ,   {00000000-0000-0000-0000-000000000000},                                         ,   134329345619634812,         75,         15, 0x0
Microsoft-Windows-Hyper-V-VID ,     Start ,         5060,          0,          0,          4,          1,       1550, 0x0000000000000020, 0x00001658, 0x00001414,                    0,             ,                     ,   {00000000-0000-0000-0000-000000000000},                                         ,   134329345619634826,         75,         15, 0, {8c6b6115-bca6-4e8a-92cc-41217abf372d}
Microsoft-Windows-Hyper-V-VID ,      Stop ,         5061,          0,          0,          4,          2,       1550, 0x0000000000000020, 0x00001658, 0x00001414,                    0,             ,                     ,   {00000000-0000-0000-0000-000000000000},                                         ,   134329345619644585,         75,         15, 0x0
VdevOperation,          2,            0,          0,         11,          5,          2,          0, 0x0000000000000020, 0x00001658, 0x00001414,                    0,             ,                     ,   {7d47a6bb-3bd3-0000-cab4-477dd33bdd01},                                         ,   134329345619645396,         75,         15,                0,        0,     5140
VdevOperation,          1,            0,          0,         11,          5,          1,          0, 0x0000000000000020, 0x00001658, 0x00001414,                    0,             ,                     ,   {7d47a6bb-3bd3-0000-cbb4-477dd33bdd01},   {7d47a6bb-3bd3-0000-c2b4-477dd33bdd01},   134329345619645473,         75,         15,                0,     5140, "Microsoft Flexible IO Device", "C4B741F5-5582-4C98-8F8B-2E082933C396", "VDevPause", {8c6b6115-bca6-4e8a-92cc-41217abf372d}
VdevOperation,          2,            0,          0,         11,          5,          2,          0, 0x0000000000000020, 0x00001658, 0x00001414,                    0,             ,                     ,   {7d47a6bb-3bd3-0000-cbb4-477dd33bdd01},                                         ,   134329345619646365,         75,         15,                0,        0,     5140
VdevOperation,          1,            0,          0,         11,          5,          1,          0, 0x0000000000000020, 0x00001658, 0x00001414,                    0,             ,                     ,   {7d47a6bb-3bd3-0000-cdb4-477dd33bdd01},   {7d47a6bb-3bd3-0000-c2b4-477dd33bdd01},   134329345619646399,         75,         15,                0,     5140, "Microsoft VmBus", "D41A1872-3740-41CE-A1EE-4522AB82F991", "VDevPause", {8c6b6115-bca6-4e8a-92cc-41217abf372d}
VdevOperation,          2,            0,          0,         11,          5,          2,          0, 0x0000000000000020, 0x00001658, 0x00001414,                    0,             ,                     ,   {7d47a6bb-3bd3-0000-cdb4-477dd33bdd01},                                         ,   134329345619661534,         75,         15,                0,        0,     5140
VdevOperation,          1,            0,          0,         11,          5,          1,          0, 0x0000000000000020, 0x00001658, 0x00001414,                    0,             ,                     ,   {7d47a6bb-3bd3-0000-ceb4-477dd33bdd01},   {7d47a6bb-3bd3-0000-c2b4-477dd33bdd01},   134329345619661698,         75,         15,                0,     5140, "Microsoft Emulated Power Management Device", "DB8B9818-B4BB-4725-B99D-B4612716B6B4", "VDevPause", {8c6b6115-bca6-4e8a-92cc-41217abf372d}
VdevOperation,          2,            0,          0,         11,          5,          2,          0, 0x0000000000000020, 0x00001658, 0x00001414,                    0,             ,                     ,   {7d47a6bb-3bd3-0000-ceb4-477dd33bdd01},                                         ,   134329345619669975,         75,         15,                0,        0,     5140
VdevOperation,          1,            0,          0,         11,          5,          1,          0, 0x0000000000000020, 0x00001658, 0x00001414,                    0,             ,                     ,   {7d47a6bb-3bd3-0000-cfb4-477dd33bdd01},   {7d47a6bb-3bd3-0000-c2b4-477dd33bdd01},   134329345619670048,         75,         15,                0,     5140, "Microsoft Emulated IoAPIC", "72682FC4-040A-430A-BE0B-224574B953FE", "VDevPause", {8c6b6115-bca6-4e8a-92cc-41217abf372d}
Microsoft-Windows-Hyper-V-VID ,     Start ,         5064,          0,          0,          4,          1,       1552, 0x0000000000000040, 0x00001658, 0x00001414,                    0,             ,                     ,   {00000000-0000-0000-0000-000000000000},                                         ,   134329345619670967,         75,         15, 0xFEC00, 0xFEC00, {8c6b6115-bca6-4e8a-92cc-41217abf372d}
Microsoft-Windows-Hyper-V-VID ,      Stop ,         5065,          0,          0,          4,          2,       1552, 0x0000000000000040, 0x00001658, 0x00001414,                    0,             ,                     ,   {00000000-0000-0000-0000-000000000000},                                         ,   134329345619671363,         75,         15, 0x0
Microsoft-Windows-Hyper-V-VID ,     Start ,         5060,          0,          0,          4,          1,       1550, 0x0000000000000020, 0x00001658, 0x00001414,                    0,             ,                     ,   {00000000-0000-0000-0000-000000000000},                                         ,   134329345619671376,         75,         15, 0, {8c6b6115-bca6-4e8a-92cc-41217abf372d}
Microsoft-Windows-Hyper-V-VID ,      Stop ,         5061,          0,          0,          4,          2,       1550, 0x0000000000000020, 0x00001658, 0x00001414,                    0,             ,                     ,   {00000000-0000-0000-0000-000000000000},                                         ,   134329345619671475,         75,         15, 0x0
VdevOperation,          2,            0,          0,         11,          5,          2,          0, 0x0000000000000020, 0x00001658, 0x00001414,                    0,             ,                     ,   {7d47a6bb-3bd3-0000-cfb4-477dd33bdd01},                                         ,   134329345619672127,         75,         15,                0,        0,     5140
VdevOperation,          1,            0,          0,         11,          5,          1,          0, 0x0000000000000020, 0x00001658, 0x00001414,                    0,             ,                     ,   {7d47a6bb-3bd3-0000-d0b4-477dd33bdd01},   {7d47a6bb-3bd3-0000-c2b4-477dd33bdd01},   134329345619672187,         75,         15,                0,     5140, "Microsoft Guest Runtime State", "917BD8CB-3BB6-4124-9383-B7D21AC07F79", "VDevPause", {8c6b6115-bca6-4e8a-92cc-41217abf372d}
VdevOperation,          2,            0,          0,         11,          5,          2,          0, 0x0000000000000020, 0x00001658, 0x00001414,                    0,             ,                     ,   {7d47a6bb-3bd3-0000-d0b4-477dd33bdd01},                                         ,   134329345619672435,         75,         15,                0,        0,     5140
    VmbPause,          2,            0,          0,         11,          4,          2,          0, 0x0000000000000020, 0x00001658, 0x00001414,                    0,             ,                     ,   {7d47a6bb-3bd3-0000-c2b4-477dd33bdd01},                                         ,   134329345619672464,         75,         15,                0,        0,     5140
 VmbPowerOff,          1,            0,          0,         11,          4,          1,          0, 0x0000000000000020, 0x00001658, 0x00001414,                    0,             ,                     ,   {7d47a6bb-3bd3-0000-d1b4-477dd33bdd01},   {7d47a6bb-3bd3-0000-a2b4-477dd33bdd01},   134329345619672570,         75,         15,                0,     5140, {8c6b6115-bca6-4e8a-92cc-41217abf372d}
VdevOperation,          1,            0,          0,         11,          5,          1,          0, 0x0000000000000020, 0x00001658, 0x00001414,                    0,             ,                     ,   {7d47a6bb-3bd3-0000-d2b4-477dd33bdd01},   {7d47a6bb-3bd3-0000-d1b4-477dd33bdd01},   134329345619672639,         75,         15,                0,     5140, "Microsoft Emulated Serial Controller", "8E3A359F-559A-4B6A-98A9-1690A6100ED7", "VDevPowerOff", {8c6b6115-bca6-4e8a-92cc-41217abf372d}
VdevOperation,          2,            0,          0,         11,          5,          2,          0, 0x0000000000000020, 0x00001658, 0x00001414,                    2,             ,                     ,   {7d47a6bb-3bd3-0000-d2b4-477dd33bdd01},                                         ,   134329345619856495,         75,         15,                0,        0,     5140
VdevOperation,          1,            0,          0,         11,          5,          1,          0, 0x0000000000000020, 0x00001658, 0x00001414,                    2,             ,                     ,   {7d47a6bb-3bd3-0002-dcb3-477dd33bdd01},   {7d47a6bb-3bd3-0000-d1b4-477dd33bdd01},   134329345619856643,         75,         15,                0,     5140, "Synthetic Storage", "FD1D2CBD-CE7C-535C-966B-EB5F811C95F0", "VDevPowerOff", {8c6b6115-bca6-4e8a-92cc-41217abf372d}
SynthStorPowerOff,          1,            0,          0,         11,          4,          1,          0, 0x0000000000000010, 0x00001658, 0x00001414,                    2,             ,                     ,   {7d47a6bb-3bd3-0002-ddb3-477dd33bdd01},                                         ,   134329345619857120,         75,         15,                0,     5140, {8c6b6115-bca6-4e8a-92cc-41217abf372d}, {fd1d2cbd-ce7c-535c-966b-eb5f811c95f0}
SynthStorAttachmentPowerOff,          1,            0,          0,         11,          4,          1,          0, 0x0000000000000010, 0x00001658, 0x00001414,                    2,             ,                     ,   {7d47a6bb-3bd3-0002-deb3-477dd33bdd01},   {7d47a6bb-3bd3-0002-ddb3-477dd33bdd01},   134329345619857165,         75,         15,                0,     5140, {8c6b6115-bca6-4e8a-92cc-41217abf372d},        0,        0, {d57cd455-7b26-5a34-9695-260bd983e579}, "C:\controlled-inputs\ultra-minimal-wsl\registered-distros\Debian2\ext4.vhdx"
SynthStorAttachmentUnmount,          1,            0,          0,         11,          4,          1,          0, 0x0000000000000010, 0x00001658, 0x00001414,                    2,             ,                     ,   {7d47a6bb-3bd3-0002-dfb3-477dd33bdd01},   {7d47a6bb-3bd3-0002-deb3-477dd33bdd01},   134329345619857188,         75,         15,                0,     5140, {8c6b6115-bca6-4e8a-92cc-41217abf372d},        0,        0, {d57cd455-7b26-5a34-9695-260bd983e579}, "C:\controlled-inputs\ultra-minimal-wsl\registered-distros\Debian2\ext4.vhdx"
Microsoft-Windows-Hyper-V-StorageVSP ,          0,         1010,          0,         17,          4,          0,          0, 0x0000000000000004, 0x00001658, 0x00001414,                    2,             ,                     ,   {00000000-0000-0000-0000-000000000000},                                         ,   134329345619857351,         75,         15, "VspDeviceCompleteCanceledNotificationIrp",     5360, "Canceled Notification Irp."
StorVspDeviceCleanup,          1,            0,          0,         11,          4,          1,          0, 0x0000000000000100, 0x00001658, 0x00001414,                    2,             ,                     ,   {7d47a6bb-3bd3-0002-e0b3-477dd33bdd01},                                         ,   134329345619880611,         75,         15, "C:\controlled-inputs\ultra-minimal-wsl\registered-distros\Debian2\ext4.vhdx", 0xFFFFE70BAABB2050, 0, 0, 0, {f916c826-f0f5-4cd9-be68-4fd638cf9a53}, 0
Microsoft-Windows-Hyper-V-StorageVSP ,          0,         1010,          0,         17,          4,          0,          0, 0x0000000000000004, 0x00001658, 0x00001414,                    2,             ,                     ,   {00000000-0000-0000-0000-000000000000},                                         ,   134329345619881020,         75,         15, "VspPauseChannelProcessing",     4022, "Pause"
StorVspAdapterPauseChannelProcessing,          1,            0,          0,         11,          4,          1,          0, 0x0000000000000100, 0x00001658, 0x00001414,                    2,             ,                     ,   {7d47a6bb-3bd3-0002-e1b3-477dd33bdd01},   {7d47a6bb-3bd3-0002-e0b3-477dd33bdd01},   134329345619881115,         75,         15, "8C6B6115-BCA6-4E8A-92CC-41217ABF372D", "8C6B6115-BCA6-4E8A-92CC-41217ABF372D", 0xFFFFE70BABEEA620, 0, 0, 0
StorVspAdapterPauseChannelProcessing,          2,            0,          0,         11,          4,          2,          0, 0x0000000000000100, 0x00001658, 0x00001414,                    2,             ,                     ,   {7d47a6bb-3bd3-0002-e1b3-477dd33bdd01},   {7d47a6bb-3bd3-0002-e0b3-477dd33bdd01},   134329345619881136,         75,         15, "8C6B6115-BCA6-4E8A-92CC-41217ABF372D", "8C6B6115-BCA6-4E8A-92CC-41217ABF372D", 0xFFFFE70BABEEA620, STATUS_SUCCESS
StorVspAdapterDissociateDevice,          1,            0,          0,         11,          4,          1,          0, 0x0000000000000100, 0x00001658, 0x00001414,                    2,             ,                     ,   {7d47a6bb-3bd3-0002-e2b3-477dd33bdd01},                                         ,   134329345619881164,         75,         15, "8C6B6115-BCA6-4E8A-92CC-41217ABF372D", "8C6B6115-BCA6-4E8A-92CC-41217ABF372D", 0xFFFFE70BABEEA620, 0, 0, 0
StorVspAdapterDissociateDevice,          2,            0,          0,         11,          4,          2,          0, 0x0000000000000100, 0x00001658, 0x00001414,                    2,             ,                     ,   {7d47a6bb-3bd3-0002-e2b3-477dd33bdd01},                                         ,   134329345619881219,         75,         15, "8C6B6115-BCA6-4E8A-92CC-41217ABF372D", "8C6B6115-BCA6-4E8A-92CC-41217ABF372D", 0xFFFFE70BABEEA620, STATUS_SUCCESS
Microsoft-Windows-Hyper-V-StorageVSP ,          0,         1010,          0,         17,          4,          0,          0, 0x0000000000000004, 0x00001658, 0x00001414,                    2,             ,                     ,   {00000000-0000-0000-0000-000000000000},                                         ,   134329345619881257,         75,         15, "VspResumeChannelProcessing",     4073, "Resume"
StorVspAdapterResumeChannelProcessing,          1,            0,          0,         11,          4,          1,          0, 0x0000000000000100, 0x00001658, 0x00001414,                    2,             ,                     ,   {7d47a6bb-3bd3-0002-e3b3-477dd33bdd01},                                         ,   134329345619881283,         75,         15, "8C6B6115-BCA6-4E8A-92CC-41217ABF372D", "8C6B6115-BCA6-4E8A-92CC-41217ABF372D", 0xFFFFE70BABEEA620, 0, 0, 0
StorVspAdapterResumeChannelProcessing,          2,            0,          0,         11,          4,          2,          0, 0x0000000000000100, 0x00001658, 0x00001414,                    2,             ,                     ,   {7d47a6bb-3bd3-0002-e3b3-477dd33bdd01},                                         ,   134329345619881301,         75,         15, "8C6B6115-BCA6-4E8A-92CC-41217ABF372D", "8C6B6115-BCA6-4E8A-92CC-41217ABF372D", 0xFFFFE70BABEEA620, STATUS_SUCCESS
StorVspDeviceCleanupWaitForOutstandingIo,          1,            0,          0,         11,          4,          1,          0, 0x0000000000000100, 0x00001658, 0x00001414,                    2,             ,                     ,   {7d47a6bb-3bd3-0002-e4b3-477dd33bdd01},   {7d47a6bb-3bd3-0002-e0b3-477dd33bdd01},   134329345619881319,         75,         15, "C:\controlled-inputs\ultra-minimal-wsl\registered-distros\Debian2\ext4.vhdx", 0xFFFFE70BAABB2050, 255, 255, 255, {f916c826-f0f5-4cd9-be68-4fd638cf9a53}
StorVspDeviceCleanupWaitForOutstandingIo,          2,            0,          0,         11,          4,          2,          0, 0x0000000000000100, 0x00001658, 0x00001414,                    2,             ,                     ,   {7d47a6bb-3bd3-0002-e4b3-477dd33bdd01},   {7d47a6bb-3bd3-0002-e0b3-477dd33bdd01},   134329345619881328,         75,         15, "C:\controlled-inputs\ultra-minimal-wsl\registered-distros\Debian2\ext4.vhdx", 0xFFFFE70BAABB2050, STATUS_SUCCESS
StorVspDeviceCleanupCloseDisk,          1,            0,          0,         11,          4,          1,          0, 0x0000000000000100, 0x00001658, 0x00001414,                    2,             ,                     ,   {7d47a6bb-3bd3-0002-e5b3-477dd33bdd01},   {7d47a6bb-3bd3-0002-e0b3-477dd33bdd01},   134329345619881339,         75,         15, "C:\controlled-inputs\ultra-minimal-wsl\registered-distros\Debian2\ext4.vhdx", 0xFFFFE70BAABB2050, 255, 255, 255, {f916c826-f0f5-4cd9-be68-4fd638cf9a53}
{bbccf6c1-6cd1-48c4-80ff-839482e37671},         32,            0,          0,          0,          0,         32,          0, 0x0000000000000000, 0x00001658, 0x00001414,                    2,             ,                     ,   {00000000-0000-0000-0000-000000000000},                                         ,   134329345619881574,         75,         15, DataSize=720
Microsoft-Windows-VHDMP ,     Start ,           26,          0,         16,          4,          1,       1206, 0x0000000000000001, 0x00001658, 0x00001414,                    2,             ,                     ,   {00000000-0000-0000-0000-000000000000},                                         ,   134329345619881574,         75,         15, 0x0
{bbccf6c1-6cd1-48c4-80ff-839482e37671},         32,            0,          0,          0,          0,         32,          0, 0x0000000000000000, 0x00001658, 0x00001414,                    2,             ,                     ,   {00000000-0000-0000-0000-000000000000},                                         ,   134329345619882112,         75,         15, DataSize=1090
Microsoft-Windows-VHDMP ,      Stop ,           18,          0,         16,          4,          2,       1206, 0x0000000000000001, 0x00001658, 0x00001414,                    2,             ,                     ,   {00000000-0000-0000-0000-000000000000},                                         ,   134329345619882112,         75,         15, "C:\controlled-inputs\ultra-minimal-wsl\registered-distros\Debian2\ext4.vhdx",        0, 0x0
  VhdmpTrace,          0,            0,          0,         11,          2,          0,          0, 0x0000000000080000, 0x00001658, 0x00001414,                    2,             ,                     ,   {00000000-0000-0000-0000-000000000000},                                         ,   134329345619885507,         75,         15, "VhdmpiOpenAutoAttachRegistryKey",     4506, "Return with status 0xC0000034"
{bbccf6c1-6cd1-48c4-80ff-839482e37671},         32,            0,          0,          0,          0,         32,          0, 0x0000000000000000, 0x00001658, 0x00001414,                    2,             ,                     ,   {00000000-0000-0000-0000-000000000000},                                         ,   134329345619886160,         75,         15, DataSize=970
Microsoft-Windows-VHDMP ,      Stop ,           30,          0,         16,          4,          2,       1202, 0x0000000000000001, 0x00001658, 0x00001414,                    2,             ,                     ,   {00000000-0000-0000-0000-000000000000},                                         ,   134329345619886160,         75,         15, 0x0, 0x0
VhdmpFileWrapperFlushBuffers,          1,            0,          0,         11,          4,          1,          0, 0x0000000000010000, 0x00000004, 0x00000080,                    2,             ,                     ,   {7d47a6bb-3bd3-0002-e6b3-477dd33bdd01},   {7d47a6bb-3bd3-0001-1fb4-477dd33bdd01},   134329345619907005,        600,          0, "C:\controlled-inputs\ultra-minimal-wsl\registered-distros\Debian2\ext4.vhdx"
VhdmpFileWrapperFlushBuffers,          2,            0,          0,         11,          4,          2,          0, 0x0000000000010000, 0x00000004, 0x00000080,                    2,             ,                     ,   {7d47a6bb-3bd3-0002-e6b3-477dd33bdd01},   {7d47a6bb-3bd3-0001-1fb4-477dd33bdd01},   134329345619935847,        600,          0, "C:\controlled-inputs\ultra-minimal-wsl\registered-distros\Debian2\ext4.vhdx", STATUS_SUCCESS
{bbccf6c1-6cd1-48c4-80ff-839482e37671},         32,            0,          0,          0,          0,         32,          0, 0x0000000000000000, 0x00001658, 0x00001414,                    3,             ,                     ,   {00000000-0000-0000-0000-000000000000},                                         ,   134329345620051568,         75,         15, DataSize=966
Microsoft-Windows-VHDMP ,     Start ,           27,          0,         16,          4,          1,       1204, 0x0000000000000001, 0x00001658, 0x00001414,                    3,             ,                     ,   {00000000-0000-0000-0000-000000000000},                                         ,   134329345620051568,         75,         15, "C:\controlled-inputs\ultra-minimal-wsl\registered-distros\Debian2\ext4.vhdx",        0
{bbccf6c1-6cd1-48c4-80ff-839482e37671},         32,            0,          0,          0,          0,         32,          0, 0x0000000000000000, 0x00001658, 0x00001414,                    3,             ,                     ,   {00000000-0000-0000-0000-000000000000},                                         ,   134329345620054805,         75,         15, DataSize=918
Microsoft-Windows-VHDMP ,      Stop ,           28,          0,         16,          4,          2,       1204, 0x0000000000000001, 0x00001658, 0x00001414,                    3,             ,                     ,   {00000000-0000-0000-0000-000000000000},                                         ,   134329345620054805,         75,         15, "C:\controlled-inputs\ultra-minimal-wsl\registered-distros\Debian2\ext4.vhdx", 0x0
Microsoft-Windows-VHDMP ,     Start ,           27,          0,         16,          4,          1,       1204, 0x0000000000000001, 0x00001658, 0x00001414,                    0,             ,                     ,   {00000000-0000-0000-0000-000000000000},                                         ,   134329345620067572,         75,         15, "C:\controlled-inputs\ultra-minimal-wsl\registered-distros\Debian2\ext4.vhdx",        0
Microsoft-Windows-VHDMP ,      Stop ,           28,          0,         16,          4,          2,       1204, 0x0000000000000001, 0x00001658, 0x00001414,                    0,             ,                     ,   {00000000-0000-0000-0000-000000000000},                                         ,   134329345620068855,         75,         15, "C:\controlled-inputs\ultra-minimal-wsl\registered-distros\Debian2\ext4.vhdx", 0x0
Microsoft-Windows-VHDMP ,     Start ,           27,          0,         16,          4,          1,       1204, 0x0000000000000001, 0x00001658, 0x00001414,                    0,             ,                     ,   {00000000-0000-0000-0000-000000000000},                                         ,   134329345620068878,         75,         15, "C:\controlled-inputs\ultra-minimal-wsl\registered-distros\Debian2\ext4.vhdx",        0
Microsoft-Windows-VHDMP ,      Stop ,           28,          0,         16,          4,          2,       1204, 0x0000000000000001, 0x00001658, 0x00001414,                    0,             ,                     ,   {00000000-0000-0000-0000-000000000000},                                         ,   134329345620069996,         75,         15, "C:\controlled-inputs\ultra-minimal-wsl\registered-distros\Debian2\ext4.vhdx", 0x0
VhdmpFileWrapper,          2,            0,          0,         11,          4,          2,          0, 0x0000000000010000, 0x00001658, 0x00001414,                    0,             ,                     ,   {7d47a6bb-3bd3-0001-1fb4-477dd33bdd01},                                         ,   134329345620070071,         75,         15, "C:\controlled-inputs\ultra-minimal-wsl\registered-distros\Debian2\ext4.vhdx", STATUS_SUCCESS
{bbccf6c1-6cd1-48c4-80ff-839482e37671},         32,            0,          0,          0,          0,         32,          0, 0x0000000000000000, 0x00001658, 0x00001414,                    0,             ,                     ,   {00000000-0000-0000-0000-000000000000},                                         ,   134329345620070434,         75,         15, DataSize=598
Microsoft-Windows-VHDMP ,          0,           16,          0,         16,          4,          0,          0, 0x0000000000000000, 0x00001658, 0x00001414,                    0,             ,                     ,   {00000000-0000-0000-0000-000000000000},                                         ,   134329345620070434,         75,         15, 0x0
{bbccf6c1-6cd1-48c4-80ff-839482e37671},         32,            0,          0,          0,          0,         32,          0, 0x0000000000000000, 0x00001658, 0x00001414,                    0,             ,                     ,   {00000000-0000-0000-0000-000000000000},                                         ,   134329345620070472,         75,         15, DataSize=928
Microsoft-Windows-VHDMP ,      Stop ,           14,          0,         16,          4,          2,       1202, 0x0000000000000000, 0x00001658, 0x00001414,                    0,             ,                     ,   {00000000-0000-0000-0000-000000000000},                                         ,   134329345620070472,         75,         15, 0x0, 0x0
StorVspDeviceCleanupCloseDisk,          2,            0,          0,         11,          4,          2,          0, 0x0000000000000100, 0x00001658, 0x00001414,                    0,             ,                     ,   {7d47a6bb-3bd3-0002-e5b3-477dd33bdd01},   {7d47a6bb-3bd3-0002-e0b3-477dd33bdd01},   134329345620070593,         75,         15, "C:\controlled-inputs\ultra-minimal-wsl\registered-distros\Debian2\ext4.vhdx", 0xFFFFE70BAABB2050, STATUS_SUCCESS
StorVspDeviceCleanup,          2,            0,          0,         11,          4,          2,          0, 0x0000000000000100, 0x00001658, 0x00001414,                    0,             ,                     ,   {7d47a6bb-3bd3-0002-e0b3-477dd33bdd01},                                         ,   134329345620070668,         75,         15, "C:\controlled-inputs\ultra-minimal-wsl\registered-distros\Debian2\ext4.vhdx", 0xFFFFE70BAABB2050, STATUS_SUCCESS
SynthStorAttachmentUnmount,          2,            0,          0,         11,          4,          2,          0, 0x0000000000000010, 0x00001658, 0x00001414,                    0,             ,                     ,   {7d47a6bb-3bd3-0002-dfb3-477dd33bdd01},                                         ,   134329345620071206,         75,         15,                0,        0,     5140
SynthStorAttachmentPowerOff,          2,            0,          0,         11,          4,          2,          0, 0x0000000000000010, 0x00001658, 0x00001414,                    0,             ,                     ,   {7d47a6bb-3bd3-0002-deb3-477dd33bdd01},                                         ,   134329345620071282,         75,         15,                0,        0,     5140
StorVspAdapterCleanup,          1,            0,          0,         11,          4,          1,          0, 0x0000000000000100, 0x00001658, 0x00001414,                    0,             ,                     ,   {7d47a6bb-3bd3-0000-d3b4-477dd33bdd01},                                         ,   134329345620071427,         75,         15, "8C6B6115-BCA6-4E8A-92CC-41217ABF372D", "8C6B6115-BCA6-4E8A-92CC-41217ABF372D", 0xFFFFE70BABEEA620, 0, 0, 0
Microsoft-Windows-Hyper-V-StorageVSP ,          0,         1010,          0,         17,          4,          0,          0, 0x0000000000000004, 0x00001658, 0x00001414,                    0,             ,                     ,   {00000000-0000-0000-0000-000000000000},                                         ,   134329345620071536,         75,         15, "VspPauseChannelProcessing",     4022, "Pause"
StorVspAdapterPauseChannelProcessing,          1,            0,          0,         11,          4,          1,          0, 0x0000000000000100, 0x00001658, 0x00001414,                    0,             ,                     ,   {7d47a6bb-3bd3-0000-d4b4-477dd33bdd01},   {7d47a6bb-3bd3-0000-d3b4-477dd33bdd01},   134329345620071591,         75,         15, "8C6B6115-BCA6-4E8A-92CC-41217ABF372D", "8C6B6115-BCA6-4E8A-92CC-41217ABF372D", 0xFFFFE70BABEEA620, 0, 0, 0
StorVspAdapterPauseChannelProcessing,          2,            0,          0,         11,          4,          2,          0, 0x0000000000000100, 0x00001658, 0x00001414,                    0,             ,                     ,   {7d47a6bb-3bd3-0000-d4b4-477dd33bdd01},   {7d47a6bb-3bd3-0000-d3b4-477dd33bdd01},   134329345620071612,         75,         15, "8C6B6115-BCA6-4E8A-92CC-41217ABF372D", "8C6B6115-BCA6-4E8A-92CC-41217ABF372D", 0xFFFFE70BABEEA620, STATUS_SUCCESS
Microsoft-Windows-Hyper-V-StorageVSP ,          0,         1010,          0,         17,          4,          0,          0, 0x0000000000000004, 0x00000004, 0x00000264,                    2,             ,                     ,   {00000000-0000-0000-0000-000000000000},                                         ,   134329345620073875,       2880,          0, "VspPvtKmclChannelClosedInternal",      356, "CurrentIrql: 0"
StorVspAdapterCleanup,          2,            0,          0,         11,          4,          2,          0, 0x0000000000000100, 0x00001658, 0x00001414,                    0,             ,                     ,   {7d47a6bb-3bd3-0000-d3b4-477dd33bdd01},                                         ,   134329345620080315,         75,         15, "8C6B6115-BCA6-4E8A-92CC-41217ABF372D", "8C6B6115-BCA6-4E8A-92CC-41217ABF372D", 0xFFFFE70BABEEA620, STATUS_SUCCESS
StorVspAdapterDelete,          1,            0,          0,         11,          4,          1,          0, 0x0000000000000100, 0x00001658, 0x00001414,                    0,             ,                     ,   {7d47a6bb-3bd3-0000-d5b4-477dd33bdd01},                                         ,   134329345620080490,         75,         15, "8C6B6115-BCA6-4E8A-92CC-41217ABF372D", "8C6B6115-BCA6-4E8A-92CC-41217ABF372D", 0xFFFFE70BABEEA620, 0, 0, 0
StorVspAdapterDelete,          2,            0,          0,         11,          4,          2,          0, 0x0000000000000100, 0x00001658, 0x00001414,                    0,             ,                     ,   {7d47a6bb-3bd3-0000-d5b4-477dd33bdd01},                                         ,   134329345620080523,         75,         15, "8C6B6115-BCA6-4E8A-92CC-41217ABF372D", "8C6B6115-BCA6-4E8A-92CC-41217ABF372D", 0xFFFFE70BABEEA620, STATUS_SUCCESS
SynthStorPowerOff,          2,            0,          0,         11,          4,          2,          0, 0x0000000000000010, 0x00001658, 0x00001414,                    0,             ,                     ,   {7d47a6bb-3bd3-0002-ddb3-477dd33bdd01},                                         ,   134329345620091925,         75,         15,                0,        0,     5140
VdevOperation,          2,            0,          0,         11,          5,          2,          0, 0x0000000000000020, 0x00001658, 0x00001414,                    0,             ,                     ,   {7d47a6bb-3bd3-0002-dcb3-477dd33bdd01},                                         ,   134329345620092053,         75,         15,                0,        0,     5140
VdevOperation,          1,            0,          0,         11,          5,          1,          0, 0x0000000000000020, 0x00001658, 0x00001414,                    0,             ,                     ,   {7d47a6bb-3bd3-0000-d6b4-477dd33bdd01},   {7d47a6bb-3bd3-0000-d1b4-477dd33bdd01},   134329345620092230,         75,         15,                0,     5140, "Microsoft Time Synchronization Component", "2497F4DE-E9FA-4204-80E4-4B75C46419C0", "VDevPowerOff", {8c6b6115-bca6-4e8a-92cc-41217abf372d}
VdevOperation,          2,            0,          0,         11,          5,          2,          0, 0x0000000000000020, 0x00001658, 0x00001414,                    1,             ,                     ,   {7d47a6bb-3bd3-0000-d6b4-477dd33bdd01},                                         ,   134329345620101126,         75,         15,                0,        0,     5140
VdevOperation,          1,            0,          0,         11,          5,          1,          0, 0x0000000000000020, 0x00001658, 0x00001414,                    1,             ,                     ,   {7d47a6bb-3bd3-0001-f0b6-477dd33bdd01},   {7d47a6bb-3bd3-0000-d1b4-477dd33bdd01},   134329345620101308,         75,         15,                0,     5140, "Microsoft Guest Interface Component", "6C09BB55-D683-4DA0-8931-C9BF705F6480", "VDevPowerOff", {8c6b6115-bca6-4e8a-92cc-41217abf372d}
VdevOperation,          2,            0,          0,         11,          5,          2,          0, 0x0000000000000020, 0x00001658, 0x00001414,                    1,             ,                     ,   {7d47a6bb-3bd3-0001-f0b6-477dd33bdd01},                                         ,   134329345620101744,         75,         15,                0,        0,     5140
VdevOperation,          1,            0,          0,         11,          5,          1,          0, 0x0000000000000020, 0x00001658, 0x00001414,                    1,             ,                     ,   {7d47a6bb-3bd3-0001-f1b6-477dd33bdd01},   {7d47a6bb-3bd3-0000-d1b4-477dd33bdd01},   134329345620101776,         75,         15,                0,     5140, "Virtual SMB Device", "FEA6E63B-45DA-4E32-8B3D-1873B2CE50E7", "VDevPowerOff", {8c6b6115-bca6-4e8a-92cc-41217abf372d}
VSmbVdevPowerOff,          1,            0,          0,         11,          4,          1,          0, 0x0000000001000000, 0x00001658, 0x00001414,                    1,             ,                     ,   {7d47a6bb-3bd3-0001-f2b6-477dd33bdd01},                                         ,   134329345620102053,         75,         15,                0,     5140, {8c6b6115-bca6-4e8a-92cc-41217abf372d}
  ServerStop,          0,            0,          0,         11,          4,          0,          0, 0x0000000000000000, 0x00001658, 0x00001414,                    0,             ,                     ,   {00000000-0000-0000-0000-000000000000},                                         ,   134329345620179735,         75,         15, DataSize=0
  PostAccept,          0,            0,          0,         11,          5,          0,          0, 0x0000000000000000, 0x00001658, 0x00001794,                    2,             ,                     ,   {00000000-0000-0000-0000-000000000000},                                         ,   134329345620184936,        150,         30, DataSize=0
OperationAborted,          0,            0,          0,         11,          4,          0,          0, 0x0000000000000000, 0x00001658, 0x00001794,                    2,             ,                     ,   {00000000-0000-0000-0000-000000000000},                                         ,   134329345620184951,        150,         30, DataSize=0
VSmbVdevPowerOff,          2,            0,          0,         11,          4,          2,          0, 0x0000000001000000, 0x00001658, 0x00001414,                    0,             ,                     ,   {7d47a6bb-3bd3-0001-f2b6-477dd33bdd01},                                         ,   134329345620207292,         75,         15,                0,        0,     5140
VdevOperation,          2,            0,          0,         11,          5,          2,          0, 0x0000000000000020, 0x00001658, 0x00001414,                    0,             ,                     ,   {7d47a6bb-3bd3-0001-f1b6-477dd33bdd01},                                         ,   134329345620207466,         75,         15,                0,        0,     5140
VdevOperation,          1,            0,          0,         11,          5,          1,          0, 0x0000000000000020, 0x00001658, 0x00001414,                    0,             ,                     ,   {7d47a6bb-3bd3-0000-d7b4-477dd33bdd01},   {7d47a6bb-3bd3-0000-d1b4-477dd33bdd01},   134329345620207686,         75,         15,                0,     5140, "Microsoft Dynamic Memory Controller", "E3C82929-EDB4-475E-85A4-29AAA2A30C2D", "VDevPowerOff", {8c6b6115-bca6-4e8a-92cc-41217abf372d}
VdevOperation,          2,            0,          0,         11,          5,          2,          0, 0x0000000000000020, 0x00001658, 0x00001414,                    0,             ,                     ,   {7d47a6bb-3bd3-0000-d7b4-477dd33bdd01},                                         ,   134329345620208792,         75,         15,                0,        0,     5140
VdevOperation,          1,            0,          0,         11,          5,          1,          0, 0x0000000000000020, 0x00001658, 0x00001414,                    0,             ,                     ,   {7d47a6bb-3bd3-0000-d8b4-477dd33bdd01},   {7d47a6bb-3bd3-0000-d1b4-477dd33bdd01},   134329345620208823,         75,         15,                0,     5140, "Microsoft Emulated Real Time Clock", "E51B7EF6-4A7F-4780-AAAE-D4B291AACD2E", "VDevPowerOff", {8c6b6115-bca6-4e8a-92cc-41217abf372d}
VdevOperation,          2,            0,          0,         11,          5,          2,          0, 0x0000000000000020, 0x00001658, 0x00001414,                    0,             ,                     ,   {7d47a6bb-3bd3-0000-d8b4-477dd33bdd01},                                         ,   134329345620209176,         75,         15,                0,        0,     5140
VdevOperation,          1,            0,          0,         11,          5,          1,          0, 0x0000000000000020, 0x00001658, 0x00001414,                    0,             ,                     ,   {7d47a6bb-3bd3-0000-d9b4-477dd33bdd01},   {7d47a6bb-3bd3-0000-d1b4-477dd33bdd01},   134329345620209210,         75,         15,                0,     5140, "Microsoft Virtual BIOS", "AC6B8DC1-3257-4A70-B1B2-A9C9215659AD", "VDevPowerOff", {8c6b6115-bca6-4e8a-92cc-41217abf372d}
VdevOperation,          2,            0,          0,         11,          5,          2,          0, 0x0000000000000020, 0x00001658, 0x00001414,                    0,             ,                     ,   {7d47a6bb-3bd3-0000-d9b4-477dd33bdd01},                                         ,   134329345620209474,         75,         15,                0,        0,     5140
VdevOperation,          1,            0,          0,         11,          5,          1,          0, 0x0000000000000020, 0x00001658, 0x00001414,                    0,             ,                     ,   {7d47a6bb-3bd3-0000-dab4-477dd33bdd01},   {7d47a6bb-3bd3-0000-d1b4-477dd33bdd01},   134329345620209506,         75,         15,                0,     5140, "Virtual Battery", "D465D87D-6339-4FF4-93D9-7353E388D889", "VDevPowerOff", {8c6b6115-bca6-4e8a-92cc-41217abf372d}
VdevOperation,          2,            0,          0,         11,          5,          2,          0, 0x0000000000000020, 0x00001658, 0x00001414,                    0,             ,                     ,   {7d47a6bb-3bd3-0000-dab4-477dd33bdd01},                                         ,   134329345620209922,         75,         15,                0,        0,     5140
VdevOperation,          1,            0,          0,         11,          5,          1,          0, 0x0000000000000020, 0x00001658, 0x00001414,                    0,             ,                     ,   {7d47a6bb-3bd3-0000-dbb4-477dd33bdd01},   {7d47a6bb-3bd3-0000-d1b4-477dd33bdd01},   134329345620209948,         75,         15,                0,     5140, "Microsoft Flexible IO Device", "C4B741F5-5582-4C98-8F8B-2E082933C396", "VDevPowerOff", {8c6b6115-bca6-4e8a-92cc-41217abf372d}
Microsoft-Windows-Hyper-V-Worker ,          0,        33104,          0,         16,          4,          0,          0, 0x0000000000000000, 0x00001658, 0x00001794,                    2,             ,                     ,   {00000000-0000-0000-0000-000000000000},                                         ,   134329345620237214,        150,         30, "8C6B6115-BCA6-4E8A-92CC-41217ABF372D", "8C6B6115-BCA6-4E8A-92CC-41217ABF372D", "%%0", "0x00000000", "Bus {C4B741F5-5582-4C98-8F8B-2E082933C396} Slot 0",  0x00000000
VdevOperation,          2,            0,          0,         11,          5,          2,          0, 0x0000000000000020, 0x00001658, 0x00001414,                    2,             ,                     ,   {7d47a6bb-3bd3-0000-dbb4-477dd33bdd01},                                         ,   134329345620255584,         75,         15,                0,        0,     5140
VdevOperation,          1,            0,          0,         11,          5,          1,          0, 0x0000000000000020, 0x00001658, 0x00001414,                    2,             ,                     ,   {7d47a6bb-3bd3-0002-e7b3-477dd33bdd01},   {7d47a6bb-3bd3-0000-d1b4-477dd33bdd01},   134329345620255768,         75,         15,                0,     5140, "Microsoft VmBus", "D41A1872-3740-41CE-A1EE-4522AB82F991", "VDevPowerOff", {8c6b6115-bca6-4e8a-92cc-41217abf372d}
VdevOperation,          2,            0,          0,         11,          5,          2,          0, 0x0000000000000020, 0x00001658, 0x00001414,                    0,             ,                     ,   {7d47a6bb-3bd3-0002-e7b3-477dd33bdd01},                                         ,   134329345620274863,         75,         15,                0,        0,     5140
VdevOperation,          1,            0,          0,         11,          5,          1,          0, 0x0000000000000020, 0x00001658, 0x00001414,                    0,             ,                     ,   {7d47a6bb-3bd3-0000-dcb4-477dd33bdd01},   {7d47a6bb-3bd3-0000-d1b4-477dd33bdd01},   134329345620275072,         75,         15,                0,     5140, "Microsoft Emulated Power Management Device", "DB8B9818-B4BB-4725-B99D-B4612716B6B4", "VDevPowerOff", {8c6b6115-bca6-4e8a-92cc-41217abf372d}
VdevOperation,          2,            0,          0,         11,          5,          2,          0, 0x0000000000000020, 0x00001658, 0x00001414,                    0,             ,                     ,   {7d47a6bb-3bd3-0000-dcb4-477dd33bdd01},                                         ,   134329345620275499,         75,         15,                0,        0,     5140
VdevOperation,          1,            0,          0,         11,          5,          1,          0, 0x0000000000000020, 0x00001658, 0x00001414,                    0,             ,                     ,   {7d47a6bb-3bd3-0000-ddb4-477dd33bdd01},   {7d47a6bb-3bd3-0000-d1b4-477dd33bdd01},   134329345620275530,         75,         15,                0,     5140, "Microsoft Emulated IoAPIC", "72682FC4-040A-430A-BE0B-224574B953FE", "VDevPowerOff", {8c6b6115-bca6-4e8a-92cc-41217abf372d}
VdevOperation,          2,            0,          0,         11,          5,          2,          0, 0x0000000000000020, 0x00001658, 0x00001414,                    0,             ,                     ,   {7d47a6bb-3bd3-0000-ddb4-477dd33bdd01},                                         ,   134329345620276079,         75,         15,                0,        0,     5140
VdevOperation,          1,            0,          0,         11,          5,          1,          0, 0x0000000000000020, 0x00001658, 0x00001414,                    0,             ,                     ,   {7d47a6bb-3bd3-0000-deb4-477dd33bdd01},   {7d47a6bb-3bd3-0000-d1b4-477dd33bdd01},   134329345620276104,         75,         15,                0,     5140, "Microsoft Guest Runtime State", "917BD8CB-3BB6-4124-9383-B7D21AC07F79", "VDevPowerOff", {8c6b6115-bca6-4e8a-92cc-41217abf372d}
GuestStateFileClose,          1,            0,          0,         11,          4,          1,          0, 0x0000000000001000, 0x00001658, 0x00001414,                    0,             ,                     ,   {7d47a6bb-3bd3-0000-dfb4-477dd33bdd01},                                         ,   134329345620276369,         75,         15,                0,     5140, {00000000-0000-0000-0000-000000000000}, ""
GuestStateFileClose,          2,            0,          0,         11,          4,          2,          0, 0x0000000000001000, 0x00001658, 0x00001414,                    0,             ,                     ,   {7d47a6bb-3bd3-0000-dfb4-477dd33bdd01},                                         ,   134329345620276439,         75,         15,                0,        0,     5140
VdevOperation,          2,            0,          0,         11,          5,          2,          0, 0x0000000000000020, 0x00001658, 0x00001414,                    0,             ,                     ,   {7d47a6bb-3bd3-0000-deb4-477dd33bdd01},                                         ,   134329345620276531,         75,         15,                0,        0,     5140
 VmbPowerOff,          2,            0,          0,         11,          4,          2,          0, 0x0000000000000020, 0x00001658, 0x00001414,                    0,             ,                     ,   {7d47a6bb-3bd3-0000-d1b4-477dd33bdd01},                                         ,   134329345620276556,         75,         15,                0,        0,     5140
Microsoft-Windows-Hyper-V-Worker ,          0,        18508,          0,         16,          4,          0,          0, 0x0000000000000000, 0x00001658, 0x00001414,                    0,             ,                     ,   {00000000-0000-0000-0000-000000000000},                                         ,   134329345620276842,         75,         15, "8C6B6115-BCA6-4E8A-92CC-41217ABF372D", "8C6B6115-BCA6-4E8A-92CC-41217ABF372D"
StoppingTask,          2,            0,          0,         11,          4,          2,          0, 0x0000000000000010, 0x00001658, 0x00001414,                    0,             ,                     ,   {7d47a6bb-3bd3-0000-a2b4-477dd33bdd01},                                         ,   134329345620276891,         75,         15,                0,        0,     5140
    Teardown,          1,            0,          0,         11,          5,          1,          0, 0x0000000000000010, 0x00001658, 0x00001414,                    0,             ,                     ,   {7d47a6bb-3bd3-0000-e0b4-477dd33bdd01},                                         ,   134329345620277150,         75,         15,                0,     5140, {8c6b6115-bca6-4e8a-92cc-41217abf372d}
  VmTeardown,          1,            0,          0,         11,          4,          1,          0, 0x0000000000000010, 0x00001658, 0x00001414,                    0,             ,                     ,   {7d47a6bb-3bd3-0000-e1b4-477dd33bdd01},                                         ,   134329345620277193,         75,         15,                0,     5140
TeardownTimerWait,          0,            0,          0,         11,          5,          0,          0, 0x0000000000000000, 0x00001658, 0x00001414,                    0,             ,                     ,   {7d47a6bb-3bd3-0000-e1b4-477dd33bdd01},                                         ,   134329345620277213,         75,         15, {8c6b6115-bca6-4e8a-92cc-41217abf372d}
TeardownPartition,          0,            0,          0,         11,          5,          0,          0, 0x0000000000000000, 0x00001658, 0x00001414,                    0,             ,                     ,   {7d47a6bb-3bd3-0000-e1b4-477dd33bdd01},                                         ,   134329345620282428,         75,         15, {8c6b6115-bca6-4e8a-92cc-41217abf372d}
VmbOperation,          1,            0,          0,         11,          4,          1,          0, 0x0000000000000020, 0x00001658, 0x00001414,                    0,             ,                     ,   {7d47a6bb-3bd3-0000-e2b4-477dd33bdd01},   {7d47a6bb-3bd3-0000-e1b4-477dd33bdd01},   134329345620289357,         75,         15,                0,     5140, "FreeReservedResources", {8c6b6115-bca6-4e8a-92cc-41217abf372d}
VdevOperation,          1,            0,          0,         11,          5,          1,          0, 0x0000000000000020, 0x00001658, 0x00001414,                    0,             ,                     ,   {7d47a6bb-3bd3-0000-e3b4-477dd33bdd01},   {7d47a6bb-3bd3-0000-e2b4-477dd33bdd01},   134329345620289454,         75,         15,                0,     5140, "Microsoft Emulated Serial Controller", "8E3A359F-559A-4B6A-98A9-1690A6100ED7", "VDevFreeReservedResources", {8c6b6115-bca6-4e8a-92cc-41217abf372d}
VdevOperation,          2,            0,          0,         11,          5,          2,          0, 0x0000000000000020, 0x00001658, 0x00001414,                    0,             ,                     ,   {7d47a6bb-3bd3-0000-e3b4-477dd33bdd01},                                         ,   134329345620289486,         75,         15,                0,        0,     5140
VdevOperation,          1,            0,          0,         11,          5,          1,          0, 0x0000000000000020, 0x00001658, 0x00001414,                    0,             ,                     ,   {7d47a6bb-3bd3-0000-e4b4-477dd33bdd01},   {7d47a6bb-3bd3-0000-e2b4-477dd33bdd01},   134329345620289519,         75,         15,                0,     5140, "Synthetic Storage", "FD1D2CBD-CE7C-535C-966B-EB5F811C95F0", "VDevFreeReservedResources", {8c6b6115-bca6-4e8a-92cc-41217abf372d}
VdevOperation,          2,            0,          0,         11,          5,          2,          0, 0x0000000000000020, 0x00001658, 0x00001414,                    0,             ,                     ,   {7d47a6bb-3bd3-0000-e4b4-477dd33bdd01},                                         ,   134329345620289553,         75,         15,                0,        0,     5140
VdevOperation,          1,            0,          0,         11,          5,          1,          0, 0x0000000000000020, 0x00001658, 0x00001414,                    0,             ,                     ,   {7d47a6bb-3bd3-0000-e5b4-477dd33bdd01},   {7d47a6bb-3bd3-0000-e2b4-477dd33bdd01},   134329345620289576,         75,         15,                0,     5140, "Microsoft Time Synchronization Component", "2497F4DE-E9FA-4204-80E4-4B75C46419C0", "VDevFreeReservedResources", {8c6b6115-bca6-4e8a-92cc-41217abf372d}
VdevOperation,          2,            0,          0,         11,          5,          2,          0, 0x0000000000000020, 0x00001658, 0x00001414,                    0,             ,                     ,   {7d47a6bb-3bd3-0000-e5b4-477dd33bdd01},                                         ,   134329345620289596,         75,         15,                0,        0,     5140
VdevOperation,          1,            0,          0,         11,          5,          1,          0, 0x0000000000000020, 0x00001658, 0x00001414,                    0,             ,                     ,   {7d47a6bb-3bd3-0000-e6b4-477dd33bdd01},   {7d47a6bb-3bd3-0000-e2b4-477dd33bdd01},   134329345620289618,         75,         15,                0,     5140, "Microsoft Guest Interface Component", "6C09BB55-D683-4DA0-8931-C9BF705F6480", "VDevFreeReservedResources", {8c6b6115-bca6-4e8a-92cc-41217abf372d}
VdevOperation,          2,            0,          0,         11,          5,          2,          0, 0x0000000000000020, 0x00001658, 0x00001414,                    0,             ,                     ,   {7d47a6bb-3bd3-0000-e6b4-477dd33bdd01},                                         ,   134329345620289629,         75,         15,                0,        0,     5140
VdevOperation,          1,            0,          0,         11,          5,          1,          0, 0x0000000000000020, 0x00001658, 0x00001414,                    0,             ,                     ,   {7d47a6bb-3bd3-0000-e7b4-477dd33bdd01},   {7d47a6bb-3bd3-0000-e2b4-477dd33bdd01},   134329345620289652,         75,         15,                0,     5140, "Virtual SMB Device", "FEA6E63B-45DA-4E32-8B3D-1873B2CE50E7", "VDevFreeReservedResources", {8c6b6115-bca6-4e8a-92cc-41217abf372d}
VdevOperation,          2,            0,          0,         11,          5,          2,          0, 0x0000000000000020, 0x00001658, 0x00001414,                    0,             ,                     ,   {7d47a6bb-3bd3-0000-e7b4-477dd33bdd01},                                         ,   134329345620289678,         75,         15,                0,        0,     5140
VdevOperation,          1,            0,          0,         11,          5,          1,          0, 0x0000000000000020, 0x00001658, 0x00001414,                    0,             ,                     ,   {7d47a6bb-3bd3-0000-e8b4-477dd33bdd01},   {7d47a6bb-3bd3-0000-e2b4-477dd33bdd01},   134329345620289700,         75,         15,                0,     5140, "Microsoft Dynamic Memory Controller", "E3C82929-EDB4-475E-85A4-29AAA2A30C2D", "VDevFreeReservedResources", {8c6b6115-bca6-4e8a-92cc-41217abf372d}
VdevOperation,          2,            0,          0,         11,          5,          2,          0, 0x0000000000000020, 0x00001658, 0x00001414,                    0,             ,                     ,   {7d47a6bb-3bd3-0000-e8b4-477dd33bdd01},                                         ,   134329345620289725,         75,         15,                0,        0,     5140
VdevOperation,          1,            0,          0,         11,          5,          1,          0, 0x0000000000000020, 0x00001658, 0x00001414,                    0,             ,                     ,   {7d47a6bb-3bd3-0000-e9b4-477dd33bdd01},   {7d47a6bb-3bd3-0000-e2b4-477dd33bdd01},   134329345620289744,         75,         15,                0,     5140, "Microsoft Emulated Real Time Clock", "E51B7EF6-4A7F-4780-AAAE-D4B291AACD2E", "VDevFreeReservedResources", {8c6b6115-bca6-4e8a-92cc-41217abf372d}
VdevOperation,          2,            0,          0,         11,          5,          2,          0, 0x0000000000000020, 0x00001658, 0x00001414,                    0,             ,                     ,   {7d47a6bb-3bd3-0000-e9b4-477dd33bdd01},                                         ,   134329345620289768,         75,         15,                0,        0,     5140
VdevOperation,          1,            0,          0,         11,          5,          1,          0, 0x0000000000000020, 0x00001658, 0x00001414,                    0,             ,                     ,   {7d47a6bb-3bd3-0000-eab4-477dd33bdd01},   {7d47a6bb-3bd3-0000-e2b4-477dd33bdd01},   134329345620289792,         75,         15,                0,     5140, "Microsoft Virtual BIOS", "AC6B8DC1-3257-4A70-B1B2-A9C9215659AD", "VDevFreeReservedResources", {8c6b6115-bca6-4e8a-92cc-41217abf372d}
VdevOperation,          2,            0,          0,         11,          5,          2,          0, 0x0000000000000020, 0x00001658, 0x00001414,                    0,             ,                     ,   {7d47a6bb-3bd3-0000-eab4-477dd33bdd01},                                         ,   134329345620291027,         75,         15,                0,        0,     5140
VdevOperation,          1,            0,          0,         11,          5,          1,          0, 0x0000000000000020, 0x00001658, 0x00001414,                    0,             ,                     ,   {7d47a6bb-3bd3-0000-ebb4-477dd33bdd01},   {7d47a6bb-3bd3-0000-e2b4-477dd33bdd01},   134329345620291054,         75,         15,                0,     5140, "Virtual Battery", "D465D87D-6339-4FF4-93D9-7353E388D889", "VDevFreeReservedResources", {8c6b6115-bca6-4e8a-92cc-41217abf372d}
VdevOperation,          2,            0,          0,         11,          5,          2,          0, 0x0000000000000020, 0x00001658, 0x00001414,                    0,             ,                     ,   {7d47a6bb-3bd3-0000-ebb4-477dd33bdd01},                                         ,   134329345620291068,         75,         15,                0,        0,     5140
VdevOperation,          1,            0,          0,         11,          5,          1,          0, 0x0000000000000020, 0x00001658, 0x00001414,                    0,             ,                     ,   {7d47a6bb-3bd3-0000-ecb4-477dd33bdd01},   {7d47a6bb-3bd3-0000-e2b4-477dd33bdd01},   134329345620291088,         75,         15,                0,     5140, "Microsoft Flexible IO Device", "C4B741F5-5582-4C98-8F8B-2E082933C396", "VDevFreeReservedResources", {8c6b6115-bca6-4e8a-92cc-41217abf372d}
VdevOperation,          2,            0,          0,         11,          5,          2,          0, 0x0000000000000020, 0x00001658, 0x00001414,                    0,             ,                     ,   {7d47a6bb-3bd3-0000-ecb4-477dd33bdd01},                                         ,   134329345620326914,         75,         15,                0,        0,     5140
VdevOperation,          1,            0,          0,         11,          5,          1,          0, 0x0000000000000020, 0x00001658, 0x00001414,                    0,             ,                     ,   {7d47a6bb-3bd3-0000-efb4-477dd33bdd01},   {7d47a6bb-3bd3-0000-e2b4-477dd33bdd01},   134329345620327074,         75,         15,                0,     5140, "Microsoft VmBus", "D41A1872-3740-41CE-A1EE-4522AB82F991", "VDevFreeReservedResources", {8c6b6115-bca6-4e8a-92cc-41217abf372d}
VdevOperation,          2,            0,          0,         11,          5,          2,          0, 0x0000000000000020, 0x00001658, 0x00001414,                    0,             ,                     ,   {7d47a6bb-3bd3-0000-efb4-477dd33bdd01},                                         ,   134329345620327095,         75,         15,                0,        0,     5140
VdevOperation,          1,            0,          0,         11,          5,          1,          0, 0x0000000000000020, 0x00001658, 0x00001414,                    0,             ,                     ,   {7d47a6bb-3bd3-0000-f0b4-477dd33bdd01},   {7d47a6bb-3bd3-0000-e2b4-477dd33bdd01},   134329345620327123,         75,         15,                0,     5140, "Microsoft Emulated Power Management Device", "DB8B9818-B4BB-4725-B99D-B4612716B6B4", "VDevFreeReservedResources", {8c6b6115-bca6-4e8a-92cc-41217abf372d}
VdevOperation,          2,            0,          0,         11,          5,          2,          0, 0x0000000000000020, 0x00001658, 0x00001414,                    0,             ,                     ,   {7d47a6bb-3bd3-0000-f0b4-477dd33bdd01},                                         ,   134329345620327153,         75,         15,                0,        0,     5140
VdevOperation,          1,            0,          0,         11,          5,          1,          0, 0x0000000000000020, 0x00001658, 0x00001414,                    0,             ,                     ,   {7d47a6bb-3bd3-0000-f1b4-477dd33bdd01},   {7d47a6bb-3bd3-0000-e2b4-477dd33bdd01},   134329345620327175,         75,         15,                0,     5140, "Microsoft Emulated IoAPIC", "72682FC4-040A-430A-BE0B-224574B953FE", "VDevFreeReservedResources", {8c6b6115-bca6-4e8a-92cc-41217abf372d}
VdevOperation,          2,            0,          0,         11,          5,          2,          0, 0x0000000000000020, 0x00001658, 0x00001414,                    0,             ,                     ,   {7d47a6bb-3bd3-0000-f1b4-477dd33bdd01},                                         ,   134329345620327186,         75,         15,                0,        0,     5140
VdevOperation,          1,            0,          0,         11,          5,          1,          0, 0x0000000000000020, 0x00001658, 0x00001414,                    0,             ,                     ,   {7d47a6bb-3bd3-0000-f2b4-477dd33bdd01},   {7d47a6bb-3bd3-0000-e2b4-477dd33bdd01},   134329345620327206,         75,         15,                0,     5140, "Microsoft Guest Runtime State", "917BD8CB-3BB6-4124-9383-B7D21AC07F79", "VDevFreeReservedResources", {8c6b6115-bca6-4e8a-92cc-41217abf372d}
VdevOperation,          2,            0,          0,         11,          5,          2,          0, 0x0000000000000020, 0x00001658, 0x00001414,                    0,             ,                     ,   {7d47a6bb-3bd3-0000-f2b4-477dd33bdd01},                                         ,   134329345620327222,         75,         15,                0,        0,     5140
VmbOperation,          2,            0,          0,         11,          4,          2,          0, 0x0000000000000020, 0x00001658, 0x00001414,                    0,             ,                     ,   {7d47a6bb-3bd3-0000-e2b4-477dd33bdd01},                                         ,   134329345620327243,         75,         15,                0,        0,     5140
 VmbTeardown,          1,            0,          0,         11,          4,          1,          0, 0x0000000000000020, 0x00001658, 0x00001414,                    0,             ,                     ,   {7d47a6bb-3bd3-0000-f3b4-477dd33bdd01},   {7d47a6bb-3bd3-0000-e1b4-477dd33bdd01},   134329345620327296,         75,         15,                0,     5140, {8c6b6115-bca6-4e8a-92cc-41217abf372d}
VdevOperation,          1,            0,          0,         11,          5,          1,          0, 0x0000000000000020, 0x00001658, 0x00001414,                    0,             ,                     ,   {7d47a6bb-3bd3-0000-f4b4-477dd33bdd01},   {7d47a6bb-3bd3-0000-f3b4-477dd33bdd01},   134329345620327354,         75,         15,                0,     5140, "Microsoft Emulated Serial Controller", "8E3A359F-559A-4B6A-98A9-1690A6100ED7", "VDevTeardown", {8c6b6115-bca6-4e8a-92cc-41217abf372d}
VdevOperation,          2,            0,          0,         11,          5,          2,          0, 0x0000000000000020, 0x00001658, 0x00001414,                    0,             ,                     ,   {7d47a6bb-3bd3-0000-f4b4-477dd33bdd01},                                         ,   134329345620327430,         75,         15,                0,        0,     5140
VdevOperation,          1,            0,          0,         11,          5,          1,          0, 0x0000000000000020, 0x00001658, 0x00001414,                    0,             ,                     ,   {7d47a6bb-3bd3-0000-f5b4-477dd33bdd01},   {7d47a6bb-3bd3-0000-f3b4-477dd33bdd01},   134329345620327751,         75,         15,                0,     5140, "Synthetic Storage", "FD1D2CBD-CE7C-535C-966B-EB5F811C95F0", "VDevTeardown", {8c6b6115-bca6-4e8a-92cc-41217abf372d}
VdevOperation,          2,            0,          0,         11,          5,          2,          0, 0x0000000000000020, 0x00001658, 0x00001414,                    0,             ,                     ,   {7d47a6bb-3bd3-0000-f5b4-477dd33bdd01},                                         ,   134329345620328572,         75,         15,                0,        0,     5140
VdevOperation,          1,            0,          0,         11,          5,          1,          0, 0x0000000000000020, 0x00001658, 0x00001414,                    0,             ,                     ,   {7d47a6bb-3bd3-0000-f6b4-477dd33bdd01},   {7d47a6bb-3bd3-0000-f3b4-477dd33bdd01},   134329345620329571,         75,         15,                0,     5140, "Microsoft Time Synchronization Component", "2497F4DE-E9FA-4204-80E4-4B75C46419C0", "VDevTeardown", {8c6b6115-bca6-4e8a-92cc-41217abf372d}
VdevOperation,          2,            0,          0,         11,          5,          2,          0, 0x0000000000000020, 0x00001658, 0x00001414,                    0,             ,                     ,   {7d47a6bb-3bd3-0000-f6b4-477dd33bdd01},                                         ,   134329345620330433,         75,         15,                0,        0,     5140
VdevOperation,          1,            0,          0,         11,          5,          1,          0, 0x0000000000000020, 0x00001658, 0x00001414,                    0,             ,                     ,   {7d47a6bb-3bd3-0000-f7b4-477dd33bdd01},   {7d47a6bb-3bd3-0000-f3b4-477dd33bdd01},   134329345620330524,         75,         15,                0,     5140, "Microsoft Guest Interface Component", "6C09BB55-D683-4DA0-8931-C9BF705F6480", "VDevTeardown", {8c6b6115-bca6-4e8a-92cc-41217abf372d}
VdevOperation,          2,            0,          0,         11,          5,          2,          0, 0x0000000000000020, 0x00001658, 0x00001414,                    0,             ,                     ,   {7d47a6bb-3bd3-0000-f7b4-477dd33bdd01},                                         ,   134329345620330543,         75,         15,                0,        0,     5140
VdevOperation,          1,            0,          0,         11,          5,          1,          0, 0x0000000000000020, 0x00001658, 0x00001414,                    0,             ,                     ,   {7d47a6bb-3bd3-0000-f8b4-477dd33bdd01},   {7d47a6bb-3bd3-0000-f3b4-477dd33bdd01},   134329345620330735,         75,         15,                0,     5140, "Virtual SMB Device", "FEA6E63B-45DA-4E32-8B3D-1873B2CE50E7", "VDevTeardown", {8c6b6115-bca6-4e8a-92cc-41217abf372d}
Microsoft-Windows-Hyper-V-StorageVSP ,          0,         1010,          0,         17,          4,          0,          0, 0x0000000000000004, 0x00001658, 0x00001414,                    0,             ,                     ,   {00000000-0000-0000-0000-000000000000},                                         ,   134329345620331180,         75,         15, "VspVsmbFileCleanup",     3096, "VspVsmbFileCleanup enter ... SmbObject FFFFE70BA5DE39D0"
Microsoft-Windows-Hyper-V-StorageVSP ,          0,         1010,          0,         17,          4,          0,          0, 0x0000000000000004, 0x00001658, 0x00001414,                    0,             ,                     ,   {00000000-0000-0000-0000-000000000000},                                         ,   134329345620331292,         75,         15, "VspVsmbFileDelete",     3129, "VspVsmbFileDelete enter ... SmbObject FFFFE70BA5DE39D0"
Microsoft-Windows-Hyper-V-StorageVSP ,          0,         1010,          0,         17,          4,          0,          0, 0x0000000000000004, 0x00001658, 0x00001414,                    0,             ,                     ,   {00000000-0000-0000-0000-000000000000},                                         ,   134329345620332604,         75,         15, "VspVsmbFileCleanup",     3096, "VspVsmbFileCleanup enter ... SmbObject FFFFE70BA5DE27D0"
Microsoft-Windows-Hyper-V-StorageVSP ,          0,         1010,          0,         17,          4,          0,          0, 0x0000000000000004, 0x00001658, 0x00001414,                    0,             ,                     ,   {00000000-0000-0000-0000-000000000000},                                         ,   134329345620332663,         75,         15, "VspVsmbFileDelete",     3129, "VspVsmbFileDelete enter ... SmbObject FFFFE70BA5DE27D0"
Microsoft-Windows-Hyper-V-StorageVSP ,          0,         1010,          0,         17,          4,          0,          0, 0x0000000000000004, 0x00001658, 0x00001414,                    0,             ,                     ,   {00000000-0000-0000-0000-000000000000},                                         ,   134329345620332951,         75,         15, "VspVsmbFileCleanup",     3096, "VspVsmbFileCleanup enter ... SmbObject FFFFE70BA5DE3550"
Microsoft-Windows-Hyper-V-StorageVSP ,          0,         1010,          0,         17,          4,          0,          0, 0x0000000000000004, 0x00001658, 0x00001414,                    0,             ,                     ,   {00000000-0000-0000-0000-000000000000},                                         ,   134329345620332989,         75,         15, "VspVsmbFileDelete",     3129, "VspVsmbFileDelete enter ... SmbObject FFFFE70BA5DE3550"
VdevOperation,          2,            0,          0,         11,          5,          2,          0, 0x0000000000000020, 0x00001658, 0x00001414,                    0,             ,                     ,   {7d47a6bb-3bd3-0000-f8b4-477dd33bdd01},                                         ,   134329345620363963,         75,         15,                0,        0,     5140
VdevOperation,          1,            0,          0,         11,          5,          1,          0, 0x0000000000000020, 0x00001658, 0x00001414,                    0,             ,                     ,   {7d47a6bb-3bd3-0000-f9b4-477dd33bdd01},   {7d47a6bb-3bd3-0000-f3b4-477dd33bdd01},   134329345620365012,         75,         15,                0,     5140, "Microsoft Dynamic Memory Controller", "E3C82929-EDB4-475E-85A4-29AAA2A30C2D", "VDevTeardown", {8c6b6115-bca6-4e8a-92cc-41217abf372d}
VdevOperation,          2,            0,          0,         11,          5,          2,          0, 0x0000000000000020, 0x00001658, 0x00001414,                    0,             ,                     ,   {7d47a6bb-3bd3-0000-f9b4-477dd33bdd01},                                         ,   134329345620365467,         75,         15,                0,        0,     5140
VdevOperation,          1,            0,          0,         11,          5,          1,          0, 0x0000000000000020, 0x00001658, 0x00001414,                    0,             ,                     ,   {7d47a6bb-3bd3-0000-fab4-477dd33bdd01},   {7d47a6bb-3bd3-0000-f3b4-477dd33bdd01},   134329345620366143,         75,         15,                0,     5140, "Microsoft Emulated Real Time Clock", "E51B7EF6-4A7F-4780-AAAE-D4B291AACD2E", "VDevTeardown", {8c6b6115-bca6-4e8a-92cc-41217abf372d}
VdevOperation,          2,            0,          0,         11,          5,          2,          0, 0x0000000000000020, 0x00001658, 0x00001414,                    0,             ,                     ,   {7d47a6bb-3bd3-0000-fab4-477dd33bdd01},                                         ,   134329345620366363,         75,         15,                0,        0,     5140
VdevOperation,          1,            0,          0,         11,          5,          1,          0, 0x0000000000000020, 0x00001658, 0x00001414,                    0,             ,                     ,   {7d47a6bb-3bd3-0000-fbb4-477dd33bdd01},   {7d47a6bb-3bd3-0000-f3b4-477dd33bdd01},   134329345620366634,         75,         15,                0,     5140, "Microsoft Virtual BIOS", "AC6B8DC1-3257-4A70-B1B2-A9C9215659AD", "VDevTeardown", {8c6b6115-bca6-4e8a-92cc-41217abf372d}
VdevOperation,          2,            0,          0,         11,          5,          2,          0, 0x0000000000000020, 0x00001658, 0x00001414,                    0,             ,                     ,   {7d47a6bb-3bd3-0000-fbb4-477dd33bdd01},                                         ,   134329345620366762,         75,         15,                0,        0,     5140
VdevOperation,          1,            0,          0,         11,          5,          1,          0, 0x0000000000000020, 0x00001658, 0x00001414,                    2,             ,                     ,   {7d47a6bb-3bd3-0002-e8b3-477dd33bdd01},   {7d47a6bb-3bd3-0000-f3b4-477dd33bdd01},   134329345620386537,         75,         15,                0,     5140, "Virtual Battery", "D465D87D-6339-4FF4-93D9-7353E388D889", "VDevTeardown", {8c6b6115-bca6-4e8a-92cc-41217abf372d}
VdevOperation,          2,            0,          0,         11,          5,          2,          0, 0x0000000000000020, 0x00001658, 0x00001414,                    2,             ,                     ,   {7d47a6bb-3bd3-0002-e8b3-477dd33bdd01},                                         ,   134329345620386621,         75,         15,                0,        0,     5140
VdevOperation,          1,            0,          0,         11,          5,          1,          0, 0x0000000000000020, 0x00001658, 0x00001414,                    2,             ,                     ,   {7d47a6bb-3bd3-0002-e9b3-477dd33bdd01},   {7d47a6bb-3bd3-0000-f3b4-477dd33bdd01},   134329345620386709,         75,         15,                0,     5140, "Microsoft Flexible IO Device", "C4B741F5-5582-4C98-8F8B-2E082933C396", "VDevTeardown", {8c6b6115-bca6-4e8a-92cc-41217abf372d}
VdevOperation,          2,            0,          0,         11,          5,          2,          0, 0x0000000000000020, 0x00001658, 0x00001414,                    2,             ,                     ,   {7d47a6bb-3bd3-0002-e9b3-477dd33bdd01},                                         ,   134329345620413518,         75,         15,                0,        0,     5140
VdevOperation,          1,            0,          0,         11,          5,          1,          0, 0x0000000000000020, 0x00001658, 0x00001414,                    2,             ,                     ,   {7d47a6bb-3bd3-0002-eab3-477dd33bdd01},   {7d47a6bb-3bd3-0000-f3b4-477dd33bdd01},   134329345620414372,         75,         15,                0,     5140, "Microsoft VmBus", "D41A1872-3740-41CE-A1EE-4522AB82F991", "VDevTeardown", {8c6b6115-bca6-4e8a-92cc-41217abf372d}
VdevOperation,          2,            0,          0,         11,          5,          2,          0, 0x0000000000000020, 0x00001658, 0x00001414,                    2,             ,                     ,   {7d47a6bb-3bd3-0002-eab3-477dd33bdd01},                                         ,   134329345620414813,         75,         15,                0,        0,     5140
VdevOperation,          1,            0,          0,         11,          5,          1,          0, 0x0000000000000020, 0x00001658, 0x00001414,                    2,             ,                     ,   {7d47a6bb-3bd3-0002-ebb3-477dd33bdd01},   {7d47a6bb-3bd3-0000-f3b4-477dd33bdd01},   134329345620414939,         75,         15,                0,     5140, "Microsoft Emulated Power Management Device", "DB8B9818-B4BB-4725-B99D-B4612716B6B4", "VDevTeardown", {8c6b6115-bca6-4e8a-92cc-41217abf372d}
VdevOperation,          2,            0,          0,         11,          5,          2,          0, 0x0000000000000020, 0x00001658, 0x00001414,                    2,             ,                     ,   {7d47a6bb-3bd3-0002-ebb3-477dd33bdd01},                                         ,   134329345620415002,         75,         15,                0,        0,     5140
VdevOperation,          1,            0,          0,         11,          5,          1,          0, 0x0000000000000020, 0x00001658, 0x00001414,                    2,             ,                     ,   {7d47a6bb-3bd3-0002-ecb3-477dd33bdd01},   {7d47a6bb-3bd3-0000-f3b4-477dd33bdd01},   134329345620416033,         75,         15,                0,     5140, "Microsoft Emulated IoAPIC", "72682FC4-040A-430A-BE0B-224574B953FE", "VDevTeardown", {8c6b6115-bca6-4e8a-92cc-41217abf372d}
VdevOperation,          2,            0,          0,         11,          5,          2,          0, 0x0000000000000020, 0x00001658, 0x00001414,                    2,             ,                     ,   {7d47a6bb-3bd3-0002-ecb3-477dd33bdd01},                                         ,   134329345620416055,         75,         15,                0,        0,     5140
VdevOperation,          1,            0,          0,         11,          5,          1,          0, 0x0000000000000020, 0x00001658, 0x00001414,                    2,             ,                     ,   {7d47a6bb-3bd3-0002-edb3-477dd33bdd01},   {7d47a6bb-3bd3-0000-f3b4-477dd33bdd01},   134329345620431967,         75,         15,                0,     5140, "Microsoft Guest Runtime State", "917BD8CB-3BB6-4124-9383-B7D21AC07F79", "VDevTeardown", {8c6b6115-bca6-4e8a-92cc-41217abf372d}
VdevOperation,          2,            0,          0,         11,          5,          2,          0, 0x0000000000000020, 0x00001658, 0x00001414,                    2,             ,                     ,   {7d47a6bb-3bd3-0002-edb3-477dd33bdd01},                                         ,   134329345620432038,         75,         15,                0,        0,     5140
 VmbTeardown,          2,            0,          0,         11,          4,          2,          0, 0x0000000000000020, 0x00001658, 0x00001414,                    2,             ,                     ,   {7d47a6bb-3bd3-0000-f3b4-477dd33bdd01},                                         ,   134329345620433825,         75,         15,                0,        0,     5140
TeardownMotherboard,          0,            0,          0,         11,          5,          0,          0, 0x0000000000000000, 0x00001658, 0x00001414,                    2,             ,                     ,   {7d47a6bb-3bd3-0000-e1b4-477dd33bdd01},                                         ,   134329345620436678,         75,         15, {8c6b6115-bca6-4e8a-92cc-41217abf372d}
TeardownMigrationManager,          0,            0,          0,         11,          5,          0,          0, 0x0000000000000000, 0x00001658, 0x00001414,                    2,             ,                     ,   {7d47a6bb-3bd3-0000-e1b4-477dd33bdd01},                                         ,   134329345620441825,         75,         15, {8c6b6115-bca6-4e8a-92cc-41217abf372d}
TeardownInternalInterceptHandler,          0,            0,          0,         11,          5,          0,          0, 0x0000000000000000, 0x00001658, 0x00001414,                    2,             ,                     ,   {7d47a6bb-3bd3-0000-e1b4-477dd33bdd01},                                         ,   134329345620443574,         75,         15, {8c6b6115-bca6-4e8a-92cc-41217abf372d}
MemoryManagerTeardown,          1,            0,          0,         11,          5,          1,          0, 0x0000000000000080, 0x00001658, 0x00001414,                    2,             ,                     ,   {7d47a6bb-3bd3-0002-eeb3-477dd33bdd01},                                         ,   134329345620443634,         75,         15,                0,     5140, {8c6b6115-bca6-4e8a-92cc-41217abf372d}
TeardownRamGpaRanges,          1,            0,          0,         11,          5,          1,          0, 0x0000000000000080, 0x00001658, 0x00001414,                    2,             ,                     ,   {7d47a6bb-3bd3-0002-efb3-477dd33bdd01},                                         ,   134329345620457151,         75,         15,                0,     5140, {8c6b6115-bca6-4e8a-92cc-41217abf372d},                1, 1
Microsoft-Windows-Hyper-V-VID ,     Start ,         5064,          0,          0,          4,          1,       1552, 0x0000000000000040, 0x00001658, 0x00001414,                    2,             ,                     ,   {00000000-0000-0000-0000-000000000000},                                         ,   134329345621342271,         75,        105, 0x0, 0x7FDFF, {8c6b6115-bca6-4e8a-92cc-41217abf372d}
Microsoft-Windows-Hyper-V-VID ,      Stop ,         5065,          0,          0,          4,          2,       1552, 0x0000000000000040, 0x00001658, 0x00001414,                    2,             ,                     ,   {00000000-0000-0000-0000-000000000000},                                         ,   134329345621453547,         75,        105, 0x0
Microsoft-Windows-Hyper-V-VID ,     Start ,         5060,          0,          0,          4,          1,       1550, 0x0000000000000020, 0x00001658, 0x00001414,                    2,             ,                     ,   {00000000-0000-0000-0000-000000000000},                                         ,   134329345621453578,         75,        105, 0, {8c6b6115-bca6-4e8a-92cc-41217abf372d}
Microsoft-Windows-Hyper-V-VID ,      Stop ,         5061,          0,          0,          4,          2,       1550, 0x0000000000000020, 0x00001658, 0x00001414,                    2,             ,                     ,   {00000000-0000-0000-0000-000000000000},                                         ,   134329345621477765,         75,        105, 0x0
TeardownRamGpaRanges,          2,            0,          0,         11,          5,          2,          0, 0x0000000000000080, 0x00001658, 0x00001414,                    2,             ,                     ,   {7d47a6bb-3bd3-0002-efb3-477dd33bdd01},                                         ,   134329345621480674,         75,        105,                0,        0,     5140
 MbContainer,          0,            0,          0,         11,          5,          0,          0, 0x0000000000000000, 0x00001658, 0x00001414,                    0,             ,                     ,   {7d47a6bb-3bd3-0002-eeb3-477dd33bdd01},                                         ,   134329345622181136,         75,        105, {8c6b6115-bca6-4e8a-92cc-41217abf372d}
MemoryManagerTeardown,          2,            0,          0,         11,          5,          2,          0, 0x0000000000000080, 0x00001658, 0x00001414,                    0,             ,                     ,   {7d47a6bb-3bd3-0002-eeb3-477dd33bdd01},                                         ,   134329345622182592,         75,        105,                0,        0,     5140
TeardownProcessorManager,          0,            0,          0,         11,          5,          0,          0, 0x0000000000000000, 0x00001658, 0x00001414,                    0,             ,                     ,   {7d47a6bb-3bd3-0000-e1b4-477dd33bdd01},                                         ,   134329345622182758,         75,        105, {8c6b6115-bca6-4e8a-92cc-41217abf372d}
VidPartitionTeardown,          1,            0,          0,         11,          5,          1,          0, 0x0000000000000800, 0x00001658, 0x00001414,                    0,             ,                     ,   {7d47a6bb-3bd3-0000-fcb4-477dd33bdd01},                                         ,   134329345622182812,         75,        105,                0,     5140, {8c6b6115-bca6-4e8a-92cc-41217abf372d}
 VndTeardown,          0,            0,          0,         11,          5,          0,          0, 0x0000000000000000, 0x00001658, 0x00001414,                    0,             ,                     ,   {7d47a6bb-3bd3-0000-fcb4-477dd33bdd01},                                         ,   134329345622934614,         75,        105, {8c6b6115-bca6-4e8a-92cc-41217abf372d}
Microsoft-Windows-Hyper-V-VID ,     Start ,         5060,          0,          0,          4,          1,       1550, 0x0000000000000020, 0x00001658, 0x00001414,                    1,             ,                     ,   {00000000-0000-0000-0000-000000000000},                                         ,   134329345622968972,         75,        105, 0, {8c6b6115-bca6-4e8a-92cc-41217abf372d}
Microsoft-Windows-Hyper-V-VID ,      Stop ,         5061,          0,          0,          4,          2,       1550, 0x0000000000000020, 0x00001658, 0x00001414,                    1,             ,                     ,   {00000000-0000-0000-0000-000000000000},                                         ,   134329345623102657,         90,        105, 0x0
VidDeletePartition,          0,            0,          0,         11,          5,          0,          0, 0x0000000000000000, 0x00001658, 0x00001414,                    0,             ,                     ,   {7d47a6bb-3bd3-0000-fcb4-477dd33bdd01},                                         ,   134329345623110606,         90,        105, {8c6b6115-bca6-4e8a-92cc-41217abf372d}
VidPartitionTeardown,          2,            0,          0,         11,          5,          2,          0, 0x0000000000000800, 0x00001658, 0x00001414,                    0,             ,                     ,   {7d47a6bb-3bd3-0000-fcb4-477dd33bdd01},                                         ,   134329345623110741,         90,        105,                0,        0,     5140
TeardownSavedStateFileManager,          0,            0,          0,         11,          5,          0,          0, 0x0000000000000000, 0x00001658, 0x00001414,                    1,             ,                     ,   {7d47a6bb-3bd3-0000-e1b4-477dd33bdd01},                                         ,   134329345623128819,         90,        105, {8c6b6115-bca6-4e8a-92cc-41217abf372d}
TeardownMetricManager,          0,            0,          0,         11,          5,          0,          0, 0x0000000000000000, 0x00001658, 0x00001414,                    1,             ,                     ,   {7d47a6bb-3bd3-0000-e1b4-477dd33bdd01},                                         ,   134329345623128866,         90,        105, {8c6b6115-bca6-4e8a-92cc-41217abf372d}
TeardownNumaManager,          0,            0,          0,         11,          5,          0,          0, 0x0000000000000000, 0x00001658, 0x00001414,                    1,             ,                     ,   {7d47a6bb-3bd3-0000-e1b4-477dd33bdd01},                                         ,   134329345623128990,         90,        105, {8c6b6115-bca6-4e8a-92cc-41217abf372d}
TeardownSecurityManager,          0,            0,          0,         11,          5,          0,          0, 0x0000000000000000, 0x00001658, 0x00001414,                    1,             ,                     ,   {7d47a6bb-3bd3-0000-e1b4-477dd33bdd01},                                         ,   134329345623129159,         90,        105, {8c6b6115-bca6-4e8a-92cc-41217abf372d}
TeardownRdpAndMonitorDevice,          0,            0,          0,         11,          5,          0,          0, 0x0000000000000000, 0x00001658, 0x00001414,                    1,             ,                     ,   {7d47a6bb-3bd3-0000-e1b4-477dd33bdd01},                                         ,   134329345623129169,         90,        105, {8c6b6115-bca6-4e8a-92cc-41217abf372d}
TeardownAsyncTimerlist,          0,            0,          0,         11,          5,          0,          0, 0x0000000000000000, 0x00001658, 0x00001414,                    1,             ,                     ,   {7d47a6bb-3bd3-0000-e1b4-477dd33bdd01},                                         ,   134329345623129180,         90,        105, {8c6b6115-bca6-4e8a-92cc-41217abf372d}
TeardownWorkerConfig,          0,            0,          0,         11,          5,          0,          0, 0x0000000000000000, 0x00001658, 0x00001414,                    0,             ,                     ,   {7d47a6bb-3bd3-0000-e1b4-477dd33bdd01},                                         ,   134329345623145881,         90,        105, {8c6b6115-bca6-4e8a-92cc-41217abf372d}
  VmTeardown,          2,            0,          0,         11,          4,          2,          0, 0x0000000000000010, 0x00001658, 0x00001414,                    0,             ,                     ,   {7d47a6bb-3bd3-0000-e1b4-477dd33bdd01},                                         ,   134329345623145916,         90,        105,                0,        0,     5140
  WorkerExit,          0,            0,          0,         11,          5,          0,          0, 0x0000000000000000, 0x00001658, 0x00001414,                    0,             ,                     ,   {7d47a6bb-3bd3-0000-e0b4-477dd33bdd01},                                         ,   134329345623145953,         90,        105, "Stopped", "PowerOff", "GuestOS", {8c6b6115-bca6-4e8a-92cc-41217abf372d}
IndicateEventSink,          0,            0,          0,         11,          5,          0,          0, 0x0000000000001000, 0x00001658, 0x00001414,                    1,             ,                     ,   {00000000-0000-0000-0000-000000000000},                                         ,   134329345623181948,         90,        105, {8c6b6115-bca6-4e8a-92cc-41217abf372d}, "IVmNotificationEvents::OnNotification",        0
UnregisterFromGlobalObjectTable,          0,            0,          0,         11,          5,          0,          0, 0x0000000000000000, 0x00001658, 0x00001414,                    1,             ,                     ,   {7d47a6bb-3bd3-0000-e0b4-477dd33bdd01},                                         ,   134329345623182208,         90,        105, {8c6b6115-bca6-4e8a-92cc-41217abf372d}
    Teardown,          2,            0,          0,         11,          5,          2,          0, 0x0000000000000010, 0x00001658, 0x00001414,                    1,             ,                     ,   {7d47a6bb-3bd3-0000-e0b4-477dd33bdd01},                                         ,   134329345623182917,         90,        105,                0,        0,     5140
Microsoft-Windows-Hyper-V-Compute ,          0,         2009,          0,         17,          4,          0,          0, 0x0000000000000000, 0x000014B4, 0x00001750,                    1,             ,                     ,   {00000000-0000-0000-0000-000000000000},                                         ,   134329345623790408,         15,          0, "8C6B6115-BCA6-4E8A-92CC-41217ABF372D",        1, "0x00000000"
Microsoft-Windows-Hyper-V-Compute ,          0,         2008,          0,         17,          4,          0,          0, 0x0000000000000000, 0x000014B4, 0x00001438,                    1,             ,                     ,   {00000000-0000-0000-0000-000000000000},                                         ,   134329345623804899,          0,         15, "8C6B6115-BCA6-4E8A-92CC-41217ABF372D", "0x00000000",        1, "0x00000000"
Microsoft-Windows-Hyper-V-Compute ,          0,         2008,          0,         17,          4,          0,          0, 0x0000000000000000, 0x000014B4, 0x0000058C,                    1,             ,                     ,   {00000000-0000-0000-0000-000000000000},                                         ,   134329345623806920,          0,          0, "8C6B6115-BCA6-4E8A-92CC-41217ABF372D", "0x00000000",        1, "0x00000000"
 TerminateVm,          0,            0,          0,         11,          5,          0,          0, 0x0000000000000000, 0x000015D4, 0x000016A0,                    0,             ,                     ,   {7d47a6bb-3bd3-0003-eab1-477dd33bdd01},                                         ,   134329345623849424,          0,          0,                0, "2.7.12.0", {8c6b6115-bca6-4e8a-92cc-41217abf372d}, 0, 0, 1, "{"Status":0,"ExitType":"GracefulExit","Attribution":[{"SystemExit":{"Detail":"Shutdown","Initiator":"GuestOS"}},{"WorkerExit":{"Type":"Stopped","Detail":"PowerOff","Initiator":"GuestOS"}}]}"
  ServerStop,          0,            0,          0,         11,          4,          0,          0, 0x0000000000000000, 0x00001504, 0x00001684,                    0,             ,                     ,   {00000000-0000-0000-0000-000000000000},                                         ,   134329345623851456,         15,          0, DataSize=0
  PostAccept,          0,            0,          0,         11,          5,          0,          0, 0x0000000000000000, 0x00001504, 0x00001788,                    1,             ,                     ,   {00000000-0000-0000-0000-000000000000},                                         ,   134329345623855527,          0,          0, DataSize=0
OperationAborted,          0,            0,          0,         11,          4,          0,          0, 0x0000000000000000, 0x00001504, 0x00001788,                    1,             ,                     ,   {00000000-0000-0000-0000-000000000000},                                         ,   134329345623855542,          0,          0, DataSize=0
TerminateVmStop,          0,            0,          0,         11,          5,          0,          0, 0x0000000000000000, 0x000015D4, 0x000016A0,                    0,             ,                     ,   {00000000-0000-0000-0000-000000000000},                                         ,   134329345623918957,          0,          0, DataSize=0
ActivityStoppedAutomatically,          2,            0,          0,         11,          5,          2,          0, 0x0000000000000000, 0x000015D4, 0x000016A0,                    0,             ,                     ,   {7d47a6bb-3bd3-0003-eab1-477dd33bdd01},                                         ,   134329345623918984,          0,          0, DataSize=0
    PerfInfo,       Mark,            0,          0,          0,          0,         34,          0, 0x0000000000000000, 0x00001568, 0x00001564,                    0,             ,                     ,   {00000000-0000-0000-0000-000000000000},                                         ,   134329345627320543,        135,         75, "Wpr_Initiated_Rundown"
  EventTrace, PartitionInfoExtensionV2,            0,          2,          0,          0,         80,          0, 0x0000000000000000, 0x00001568, 0x00001564,                    0,             ,                     ,   {00000000-0000-0000-0000-000000000000},                                         ,   134329345628685469,        150,         75,      0,      0,        0,                0, "", "",  0x00000000000000000000000000000000000000000000000000000000
    PerfInfo,       Mark,            0,          0,          0,          0,         34,          0, 0x0000000000000000, 0x00001568, 0x00001564,                    0,             ,                     ,   {00000000-0000-0000-0000-000000000000},                                         ,   134329345628729839,        150,         75, "General"
    PerfInfo,       Mark,            0,          0,          0,          0,         34,          0, 0x0000000000000000, 0x00001568, 0x00001564,                    0,             ,                     ,   {00000000-0000-0000-0000-000000000000},                                         ,   134329345628729879,        150,         75, "No description provided"
    PerfInfo,       Mark,            0,          0,          0,          0,         34,          0, 0x0000000000000000, 0x00001568, 0x00001564,                    0,             ,                     ,   {00000000-0000-0000-0000-000000000000},                                         ,   134329345628729894,        150,         75, "WSL"
{9b79ee91-b5fd-41c0-a243-4248e266e9d0},         36,            0,          0,          0,          0,         36,          0, 0x0000000000000000, 0x00000000, 0x00000000,                    0,             ,                     ,   {00000000-0000-0000-0000-000000000000},                                         ,   134329345628729894,          0,          0, DataSize=1352
{9b79ee91-b5fd-41c0-a243-4248e266e9d0},         36,            0,          0,          0,          0,         36,          0, 0x0000000000000000, 0x00000000, 0x00000000,                    0,             ,                     ,   {00000000-0000-0000-0000-000000000000},                                         ,   134329345628729894,          0,          0, DataSize=1352
{9b79ee91-b5fd-41c0-a243-4248e266e9d0},         36,            0,          0,          0,          0,         36,          0, 0x0000000000000000, 0x00000000, 0x00000000,                    0,             ,                     ,   {00000000-0000-0000-0000-000000000000},                                         ,   134329345628729894,          0,          0, DataSize=1352
{9b79ee91-b5fd-41c0-a243-4248e266e9d0},         36,            0,          0,          0,          0,         36,          0, 0x0000000000000000, 0x00000000, 0x00000000,                    0,             ,                     ,   {00000000-0000-0000-0000-000000000000},                                         ,   134329345628729894,          0,          0, DataSize=1352
{9b79ee91-b5fd-41c0-a243-4248e266e9d0},         36,            0,          0,          0,          0,         36,          0, 0x0000000000000000, 0x00000000, 0x00000000,                    0,             ,                     ,   {00000000-0000-0000-0000-000000000000},                                         ,   134329345628729894,          0,          0, DataSize=1352
{9b79ee91-b5fd-41c0-a243-4248e266e9d0},         36,            0,          0,          0,          0,         36,          0, 0x0000000000000000, 0x00000000, 0x00000000,                    0,             ,                     ,   {00000000-0000-0000-0000-000000000000},                                         ,   134329345628729894,          0,          0, DataSize=1352
{9b79ee91-b5fd-41c0-a243-4248e266e9d0},         36,            0,          0,          0,          0,         36,          0, 0x0000000000000000, 0x00000000, 0x00000000,                    0,             ,                     ,   {00000000-0000-0000-0000-000000000000},                                         ,   134329345628729894,          0,          0, DataSize=1352
{9b79ee91-b5fd-41c0-a243-4248e266e9d0},         36,            0,          0,          0,          0,         36,          0, 0x0000000000000000, 0x00000000, 0x00000000,                    0,             ,                     ,   {00000000-0000-0000-0000-000000000000},                                         ,   134329345628729894,          0,          0, DataSize=1352
{9b79ee91-b5fd-41c0-a243-4248e266e9d0},         36,            0,          0,          0,          0,         36,          0, 0x0000000000000000, 0x00000000, 0x00000000,                    0,             ,                     ,   {00000000-0000-0000-0000-000000000000},                                         ,   134329345628729894,          0,          0, DataSize=1352
{9b79ee91-b5fd-41c0-a243-4248e266e9d0},         36,            0,          0,          0,          0,         36,          0, 0x0000000000000000, 0x00000000, 0x00000000,                    0,             ,                     ,   {00000000-0000-0000-0000-000000000000},                                         ,   134329345628729894,          0,          0, DataSize=1352
{9b79ee91-b5fd-41c0-a243-4248e266e9d0},         36,            0,          0,          0,          0,         36,          0, 0x0000000000000000, 0x00000000, 0x00000000,                    0,             ,                     ,   {00000000-0000-0000-0000-000000000000},                                         ,   134329345628729894,          0,          0, DataSize=1352
{9b79ee91-b5fd-41c0-a243-4248e266e9d0},         36,            0,          0,          0,          0,         36,          0, 0x0000000000000000, 0x00000000, 0x00000000,                    0,             ,                     ,   {00000000-0000-0000-0000-000000000000},                                         ,   134329345628729894,          0,          0, DataSize=1352
{9b79ee91-b5fd-41c0-a243-4248e266e9d0},         36,            0,          0,          0,          0,         36,          0, 0x0000000000000000, 0x00000000, 0x00000000,                    0,             ,                     ,   {00000000-0000-0000-0000-000000000000},                                         ,   134329345628729894,          0,          0, DataSize=1352
{9b79ee91-b5fd-41c0-a243-4248e266e9d0},         32,            0,          0,          0,          0,         32,          0, 0x0000000000000000, 0x00000000, 0x00000000,                    0,             ,                     ,   {00000000-0000-0000-0000-000000000000},                                         ,   134329345628729894,          0,          0, DataSize=124
{9b79ee91-b5fd-41c0-a243-4248e266e9d0},         37,            0,          0,          0,          0,         37,          0, 0x0000000000000000, 0x00000000, 0x00000000,                    0,             ,                     ,   {00000000-0000-0000-0000-000000000000},                                         ,   134329345628729894,          0,          0, DataSize=16
